{"partyfacts_id":1,"batchcomplete":"","query":{"normalized":[{"from":"League_of_Communists_of_Bosnia_and_Herzegovina","to":"League of Communists of Bosnia and Herzegovina"}],"pages":{"27317377":{"pageid":27317377,"ns":0,"title":"League of Communists of Bosnia and Herzegovina","langlinks":[{"lang":"ar","url":"https://ar.wikipedia.org/wiki/%D8%A7%D9%84%D8%AD%D8%B2%D8%A8_%D8%A7%D9%84%D8%B4%D9%8A%D9%88%D8%B9%D9%8A_%D9%81%D9%8A_%D8%A7%D9%84%D8%A8%D9%88%D8%B3%D9%86%D8%A9_%D9%88%D8%A7%D9%84%D9%87%D8%B1%D8%B3%D9%83","*":"\u0627\u0644\u062d\u0632\u0628 \u0627\u0644\u0634\u064a\u0648\u0639\u064a \u0641\u064a \u0627\u0644\u0628\u0648\u0633\u0646\u0629 \u0648\u0627\u0644\u0647\u0631\u0633\u0643"},{"lang":"bs","url":"https://bs.wikipedia.org/wiki/Savez_komunista_Bosne_i_Hercegovine","*":"Savez komunista Bosne i Hercegovine"},{"lang":"cs","url":"https://cs.wikipedia.org/wiki/Svaz_komunist%C5%AF_Bosny_a_Hercegoviny","*":"Svaz komunist\u016f Bosny a Hercegoviny"},{"lang":"de","url":"https://de.wikipedia.org/wiki/Bund_der_Kommunisten_von_Bosnien_und_Herzegowina","*":"Bund der Kommunisten von Bosnien und Herzegowina"},{"lang":"es","url":"https://es.wikipedia.org/wiki/Liga_de_los_Comunistas_de_Bosnia_y_Herzegovina","*":"Liga de los Comunistas de Bosnia y Herzegovina"},{"lang":"fr","url":"https://fr.wikipedia.org/wiki/Ligue_des_communistes_de_Bosnie-Herz%C3%A9govine","*":"Ligue des communistes de Bosnie-Herz\u00e9govine"},{"lang":"hr","url":"https://hr.wikipedia.org/wiki/Savez_komunista_Bosne_i_Hercegovine","*":"Savez komunista Bosne i Hercegovine"},{"lang":"it","url":"https://it.wikipedia.org/wiki/Lega_dei_Comunisti_della_Bosnia_ed_Erzegovina","*":"Lega dei Comunisti della Bosnia ed Erzegovina"},{"lang":"nl","url":"https://nl.wikipedia.org/wiki/Communistenbond_van_Bosni%C3%AB_en_Herzegovina","*":"Communistenbond van Bosni\u00eb en Herzegovina"},{"lang":"pl","url":"https://pl.wikipedia.org/wiki/Zwi%C4%85zek_Komunist%C3%B3w_Bo%C5%9Bni_i_Hercegowiny","*":"Zwi\u0105zek Komunist\u00f3w Bo\u015bni i Hercegowiny"},{"lang":"ru","url":"https://ru.wikipedia.org/wiki/%D0%9A%D0%BE%D0%BC%D0%BC%D1%83%D0%BD%D0%B8%D1%81%D1%82%D0%B8%D1%87%D0%B5%D1%81%D0%BA%D0%B0%D1%8F_%D0%BF%D0%B0%D1%80%D1%82%D0%B8%D1%8F_%D0%91%D0%BE%D1%81%D0%BD%D0%B8%D0%B8_%D0%B8_%D0%93%D0%B5%D1%80%D1%86%D0%B5%D0%B3%D0%BE%D0%B2%D0%B8%D0%BD%D1%8B","*":"\u041a\u043e\u043c\u043c\u0443\u043d\u0438\u0441\u0442\u0438\u0447\u0435\u0441\u043a\u0430\u044f \u043f\u0430\u0440\u0442\u0438\u044f \u0411\u043e\u0441\u043d\u0438\u0438 \u0438 \u0413\u0435\u0440\u0446\u0435\u0433\u043e\u0432\u0438\u043d\u044b"},{"lang":"sh","url":"https://sh.wikipedia.org/wiki/Savez_komunista_Bosne_i_Hercegovine","*":"Savez komunista Bosne i Hercegovine"},{"lang":"sr","url":"https://sr.wikipedia.org/wiki/%D0%A1%D0%B0%D0%B2%D0%B5%D0%B7_%D0%BA%D0%BE%D0%BC%D1%83%D0%BD%D0%B8%D1%81%D1%82%D0%B0_%D0%91%D0%BE%D1%81%D0%BD%D0%B5_%D0%B8_%D0%A5%D0%B5%D1%80%D1%86%D0%B5%D0%B3%D0%BE%D0%B2%D0%B8%D0%BD%D0%B5","*":"\u0421\u0430\u0432\u0435\u0437 \u043a\u043e\u043c\u0443\u043d\u0438\u0441\u0442\u0430 \u0411\u043e\u0441\u043d\u0435 \u0438 \u0425\u0435\u0440\u0446\u0435\u0433\u043e\u0432\u0438\u043d\u0435"},{"lang":"tr","url":"https://tr.wikipedia.org/wiki/Bosna-Hersek_Kom%C3%BCnistler_Birli%C4%9Fi","*":"Bosna-Hersek Kom\u00fcnistler Birli\u011fi"},{"lang":"uk","url":"https://uk.wikipedia.org/wiki/%D0%9A%D0%BE%D0%BC%D1%83%D0%BD%D1%96%D1%81%D1%82%D0%B8%D1%87%D0%BD%D0%B0_%D0%BF%D0%B0%D1%80%D1%82%D1%96%D1%8F_%D0%91%D0%BE%D1%81%D0%BD%D1%96%D1%97_%D1%96_%D0%93%D0%B5%D1%80%D1%86%D0%B5%D0%B3%D0%BE%D0%B2%D0%B8%D0%BD%D0%B8","*":"\u041a\u043e\u043c\u0443\u043d\u0456\u0441\u0442\u0438\u0447\u043d\u0430 \u043f\u0430\u0440\u0442\u0456\u044f \u0411\u043e\u0441\u043d\u0456\u0457 \u0456 \u0413\u0435\u0440\u0446\u0435\u0433\u043e\u0432\u0438\u043d\u0438"},{"lang":"zh","url":"https://zh.wikipedia.org/wiki/%E6%B3%A2%E6%96%AF%E5%B0%BC%E4%BA%9A%E5%92%8C%E9%BB%91%E5%A1%9E%E5%93%A5%E7%BB%B4%E9%82%A3%E5%85%B1%E4%BA%A7%E4%B8%BB%E4%B9%89%E8%80%85%E8%81%94%E7%9B%9F","*":"\u6ce2\u65af\u5c3c\u4e9a\u548c\u9ed1\u585e\u54e5\u7ef4\u90a3\u5171\u4ea7\u4e3b\u4e49\u8005\u8054\u76df"}]}}}}