{"partyfacts_id":1002,"batchcomplete":"","query":{"normalized":[{"from":"Plaid_Cymru","to":"Plaid Cymru"}],"pages":{"53343":{"pageid":53343,"ns":0,"title":"Plaid Cymru","langlinks":[{"lang":"af","url":"https://af.wikipedia.org/wiki/Plaid_Cymru","*":"Plaid Cymru"},{"lang":"az","url":"https://az.wikipedia.org/wiki/Pleyd_Kamri","*":"Pleyd Kamri"},{"lang":"bar","url":"https://bar.wikipedia.org/wiki/Plaid_Cymru","*":"Plaid Cymru"},{"lang":"be","url":"https://be.wikipedia.org/wiki/%D0%9F%D0%B0%D1%80%D1%82%D1%8B%D1%8F_%D0%A3%D1%8D%D0%BB%D1%8C%D1%81%D0%B0","*":"\u041f\u0430\u0440\u0442\u044b\u044f \u0423\u044d\u043b\u044c\u0441\u0430"},{"lang":"br","url":"https://br.wikipedia.org/wiki/Plaid_Cymru","*":"Plaid Cymru"},{"lang":"ca","url":"https://ca.wikipedia.org/wiki/Plaid_Cymru","*":"Plaid Cymru"},{"lang":"cs","url":"https://cs.wikipedia.org/wiki/Plaid_Cymru","*":"Plaid Cymru"},{"lang":"cy","url":"https://cy.wikipedia.org/wiki/Plaid_Cymru","*":"Plaid Cymru"},{"lang":"da","url":"https://da.wikipedia.org/wiki/Plaid_Cymru","*":"Plaid Cymru"},{"lang":"de","url":"https://de.wikipedia.org/wiki/Plaid_Cymru","*":"Plaid Cymru"},{"lang":"el","url":"https://el.wikipedia.org/wiki/%CE%A0%CE%BB%CE%AC%CE%B9%CE%BD%CF%84_%CE%9A%CE%AC%CE%BC%CF%81%CF%85","*":"\u03a0\u03bb\u03ac\u03b9\u03bd\u03c4 \u039a\u03ac\u03bc\u03c1\u03c5"},{"lang":"eo","url":"https://eo.wikipedia.org/wiki/Partio_de_Kimrujo","*":"Partio de Kimrujo"},{"lang":"es","url":"https://es.wikipedia.org/wiki/Plaid_Cymru","*":"Plaid Cymru"},{"lang":"et","url":"https://et.wikipedia.org/wiki/Plaid_Cymru","*":"Plaid Cymru"},{"lang":"eu","url":"https://eu.wikipedia.org/wiki/Plaid_Cymru","*":"Plaid Cymru"},{"lang":"fa","url":"https://fa.wikipedia.org/wiki/%D9%BE%D9%84%D8%A7%DB%8C%D8%AF_%DA%A9%D8%A7%D9%85%D8%B1%DB%8C","*":"\u067e\u0644\u0627\u06cc\u062f \u06a9\u0627\u0645\u0631\u06cc"},{"lang":"fi","url":"https://fi.wikipedia.org/wiki/Plaid_Cymru","*":"Plaid Cymru"},{"lang":"fr","url":"https://fr.wikipedia.org/wiki/Plaid_Cymru","*":"Plaid Cymru"},{"lang":"ga","url":"https://ga.wikipedia.org/wiki/Plaid_Cymru","*":"Plaid Cymru"},{"lang":"gl","url":"https://gl.wikipedia.org/wiki/Plaid_Cymru","*":"Plaid Cymru"},{"lang":"he","url":"https://he.wikipedia.org/wiki/%D7%A4%D7%9C%D7%99%D7%99%D7%93_%D7%A7%D7%9E%D7%A8%D7%99","*":"\u05e4\u05dc\u05d9\u05d9\u05d3 \u05e7\u05de\u05e8\u05d9"},{"lang":"hu","url":"https://hu.wikipedia.org/wiki/Plaid_Cymru","*":"Plaid Cymru"},{"lang":"io","url":"https://io.wikipedia.org/wiki/Plaid_Cymru","*":"Plaid Cymru"},{"lang":"is","url":"https://is.wikipedia.org/wiki/Plaid_Cymru","*":"Plaid Cymru"},{"lang":"it","url":"https://it.wikipedia.org/wiki/Plaid_Cymru","*":"Plaid Cymru"},{"lang":"ja","url":"https://ja.wikipedia.org/wiki/%E3%83%97%E3%83%A9%E3%82%A4%E3%83%89%E3%83%BB%E3%82%AB%E3%83%A0%E3%83%AA","*":"\u30d7\u30e9\u30a4\u30c9\u30fb\u30ab\u30e0\u30ea"},{"lang":"ko","url":"https://ko.wikipedia.org/wiki/%ED%94%8C%EB%9D%BC%EC%9D%B4%EB%93%9C_%EC%BB%B4%EB%A6%AC","*":"\ud50c\ub77c\uc774\ub4dc \ucef4\ub9ac"},{"lang":"kv","url":"https://kv.wikipedia.org/wiki/%D0%9A%D3%A7%D0%BC%D1%80%D0%B8_%D1%8E%D1%82%D1%8B%D1%80","*":"\u041a\u04e7\u043c\u0440\u0438 \u044e\u0442\u044b\u0440"},{"lang":"kw","url":"https://kw.wikipedia.org/wiki/Plaid_Cymru","*":"Plaid Cymru"},{"lang":"lmo","url":"https://lmo.wikipedia.org/wiki/Plaid_Cymru","*":"Plaid Cymru"},{"lang":"ms","url":"https://ms.wikipedia.org/wiki/Plaid_Cymru","*":"Plaid Cymru"},{"lang":"nl","url":"https://nl.wikipedia.org/wiki/Plaid_Cymru","*":"Plaid Cymru"},{"lang":"nb","url":"https://no.wikipedia.org/wiki/Plaid_Cymru","*":"Plaid Cymru"},{"lang":"oc","url":"https://oc.wikipedia.org/wiki/Plaid_Cymru","*":"Plaid Cymru"},{"lang":"pl","url":"https://pl.wikipedia.org/wiki/Plaid_Cymru","*":"Plaid Cymru"},{"lang":"pt","url":"https://pt.wikipedia.org/wiki/Plaid_Cymru","*":"Plaid Cymru"},{"lang":"ro","url":"https://ro.wikipedia.org/wiki/Plaid_Cymru","*":"Plaid Cymru"},{"lang":"ru","url":"https://ru.wikipedia.org/wiki/%D0%9F%D0%B0%D1%80%D1%82%D0%B8%D1%8F_%D0%A3%D1%8D%D0%BB%D1%8C%D1%81%D0%B0","*":"\u041f\u0430\u0440\u0442\u0438\u044f \u0423\u044d\u043b\u044c\u0441\u0430"},{"lang":"sco","url":"https://sco.wikipedia.org/wiki/Plaid_Cymru","*":"Plaid Cymru"},{"lang":"simple","url":"https://simple.wikipedia.org/wiki/Plaid_Cymru","*":"Plaid Cymru"},{"lang":"sk","url":"https://sk.wikipedia.org/wiki/Plaid_Cymru","*":"Plaid Cymru"},{"lang":"sv","url":"https://sv.wikipedia.org/wiki/Plaid_Cymru","*":"Plaid Cymru"},{"lang":"th","url":"https://th.wikipedia.org/wiki/%E0%B9%84%E0%B8%9E%E0%B8%A5%E0%B8%94%E0%B9%8C%E0%B8%84%E0%B8%B1%E0%B8%A1%E0%B8%A3%E0%B8%B5","*":"\u0e44\u0e1e\u0e25\u0e14\u0e4c\u0e04\u0e31\u0e21\u0e23\u0e35"},{"lang":"tr","url":"https://tr.wikipedia.org/wiki/Plaid_Cymru","*":"Plaid Cymru"},{"lang":"uk","url":"https://uk.wikipedia.org/wiki/%D0%9F%D0%BB%D0%B0%D0%B9%D0%B4_%D0%9A%D0%B5%D0%BC%D1%80%D0%B8","*":"\u041f\u043b\u0430\u0439\u0434 \u041a\u0435\u043c\u0440\u0438"},{"lang":"vec","url":"https://vec.wikipedia.org/wiki/Plaid_Cymru","*":"Plaid Cymru"},{"lang":"wa","url":"https://wa.wikipedia.org/wiki/Plaid_Cymru","*":"Plaid Cymru"},{"lang":"zh","url":"https://zh.wikipedia.org/wiki/%E5%A8%81%E7%88%BE%E6%96%AF%E9%BB%A8","*":"\u5a01\u723e\u65af\u9ee8"}]}}}}