{"partyfacts_id":1004,"batchcomplete":"","query":{"normalized":[{"from":"Conservative_Party_of_Canada","to":"Conservative Party of Canada"}],"pages":{"308647":{"pageid":308647,"ns":0,"title":"Conservative Party of Canada","langlinks":[{"lang":"ar","url":"https://ar.wikipedia.org/wiki/%D8%AD%D8%B2%D8%A8_%D8%A7%D9%84%D9%85%D8%AD%D8%A7%D9%81%D8%B8%D9%8A%D9%86_%D8%A7%D9%84%D9%83%D9%86%D8%AF%D9%8A","*":"\u062d\u0632\u0628 \u0627\u0644\u0645\u062d\u0627\u0641\u0638\u064a\u0646 \u0627\u0644\u0643\u0646\u062f\u064a"},{"lang":"arz","url":"https://arz.wikipedia.org/wiki/%D8%AD%D8%B2%D8%A8_%D9%83%D9%86%D8%AF%D8%A7_%D8%A7%D9%84%D9%85%D8%AD%D8%A7%D9%81%D8%B8","*":"\u062d\u0632\u0628 \u0643\u0646\u062f\u0627 \u0627\u0644\u0645\u062d\u0627\u0641\u0638"},{"lang":"bg","url":"https://bg.wikipedia.org/wiki/%D0%9A%D0%BE%D0%BD%D1%81%D0%B5%D1%80%D0%B2%D0%B0%D1%82%D0%B8%D0%B2%D0%BD%D0%B0_%D0%BF%D0%B0%D1%80%D1%82%D0%B8%D1%8F_%D0%BD%D0%B0_%D0%9A%D0%B0%D0%BD%D0%B0%D0%B4%D0%B0","*":"\u041a\u043e\u043d\u0441\u0435\u0440\u0432\u0430\u0442\u0438\u0432\u043d\u0430 \u043f\u0430\u0440\u0442\u0438\u044f \u043d\u0430 \u041a\u0430\u043d\u0430\u0434\u0430"},{"lang":"ca","url":"https://ca.wikipedia.org/wiki/Partit_Conservador_del_Canad%C3%A0","*":"Partit Conservador del Canad\u00e0"},{"lang":"cs","url":"https://cs.wikipedia.org/wiki/Konzervativn%C3%AD_strana_Kanady","*":"Konzervativn\u00ed strana Kanady"},{"lang":"cy","url":"https://cy.wikipedia.org/wiki/Plaid_Geidwadol_Canada","*":"Plaid Geidwadol Canada"},{"lang":"de","url":"https://de.wikipedia.org/wiki/Konservative_Partei_Kanadas","*":"Konservative Partei Kanadas"},{"lang":"el","url":"https://el.wikipedia.org/wiki/%CE%A3%CF%85%CE%BD%CF%84%CE%B7%CF%81%CE%B7%CF%84%CE%B9%CE%BA%CF%8C_%CE%9A%CF%8C%CE%BC%CE%BC%CE%B1_%CF%84%CE%BF%CF%85_%CE%9A%CE%B1%CE%BD%CE%B1%CE%B4%CE%AC","*":"\u03a3\u03c5\u03bd\u03c4\u03b7\u03c1\u03b7\u03c4\u03b9\u03ba\u03cc \u039a\u03cc\u03bc\u03bc\u03b1 \u03c4\u03bf\u03c5 \u039a\u03b1\u03bd\u03b1\u03b4\u03ac"},{"lang":"eo","url":"https://eo.wikipedia.org/wiki/Konservativa_Partio_(Kanado)","*":"Konservativa Partio (Kanado)"},{"lang":"es","url":"https://es.wikipedia.org/wiki/Partido_Conservador_de_Canad%C3%A1","*":"Partido Conservador de Canad\u00e1"},{"lang":"fa","url":"https://fa.wikipedia.org/wiki/%D8%AD%D8%B2%D8%A8_%D9%85%D8%AD%D8%A7%D9%81%D8%B8%D9%87%E2%80%8C%DA%A9%D8%A7%D8%B1_%DA%A9%D8%A7%D9%86%D8%A7%D8%AF%D8%A7","*":"\u062d\u0632\u0628 \u0645\u062d\u0627\u0641\u0638\u0647\u200c\u06a9\u0627\u0631 \u06a9\u0627\u0646\u0627\u062f\u0627"},{"lang":"fi","url":"https://fi.wikipedia.org/wiki/Kanadan_konservatiivipuolue","*":"Kanadan konservatiivipuolue"},{"lang":"fr","url":"https://fr.wikipedia.org/wiki/Parti_conservateur_du_Canada","*":"Parti conservateur du Canada"},{"lang":"he","url":"https://he.wikipedia.org/wiki/%D7%94%D7%9E%D7%A4%D7%9C%D7%92%D7%94_%D7%94%D7%A9%D7%9E%D7%A8%D7%A0%D7%99%D7%AA_%D7%A9%D7%9C_%D7%A7%D7%A0%D7%93%D7%94","*":"\u05d4\u05de\u05e4\u05dc\u05d2\u05d4 \u05d4\u05e9\u05de\u05e8\u05e0\u05d9\u05ea \u05e9\u05dc \u05e7\u05e0\u05d3\u05d4"},{"lang":"hr","url":"https://hr.wikipedia.org/wiki/Konzervativna_stranka_(Kanada)","*":"Konzervativna stranka (Kanada)"},{"lang":"id","url":"https://id.wikipedia.org/wiki/Partai_Konservatif_Kanada","*":"Partai Konservatif Kanada"},{"lang":"it","url":"https://it.wikipedia.org/wiki/Partito_Conservatore_del_Canada","*":"Partito Conservatore del Canada"},{"lang":"ja","url":"https://ja.wikipedia.org/wiki/%E3%82%AB%E3%83%8A%E3%83%80%E4%BF%9D%E5%AE%88%E5%85%9A","*":"\u30ab\u30ca\u30c0\u4fdd\u5b88\u515a"},{"lang":"ko","url":"https://ko.wikipedia.org/wiki/%EC%BA%90%EB%82%98%EB%8B%A4_%EB%B3%B4%EC%88%98%EB%8B%B9","*":"\uce90\ub098\ub2e4 \ubcf4\uc218\ub2f9"},{"lang":"la","url":"https://la.wikipedia.org/wiki/Factio_Conservativa_Canadae","*":"Factio Conservativa Canadae"},{"lang":"ms","url":"https://ms.wikipedia.org/wiki/Parti_Konservatif_Kanada","*":"Parti Konservatif Kanada"},{"lang":"nl","url":"https://nl.wikipedia.org/wiki/Conservative_Party_of_Canada","*":"Conservative Party of Canada"},{"lang":"nb","url":"https://no.wikipedia.org/wiki/Canadas_konservative_parti","*":"Canadas konservative parti"},{"lang":"pl","url":"https://pl.wikipedia.org/wiki/Konserwatywna_Partia_Kanady","*":"Konserwatywna Partia Kanady"},{"lang":"pt","url":"https://pt.wikipedia.org/wiki/Partido_Conservador_do_Canad%C3%A1","*":"Partido Conservador do Canad\u00e1"},{"lang":"ru","url":"https://ru.wikipedia.org/wiki/%D0%9A%D0%BE%D0%BD%D1%81%D0%B5%D1%80%D0%B2%D0%B0%D1%82%D0%B8%D0%B2%D0%BD%D0%B0%D1%8F_%D0%BF%D0%B0%D1%80%D1%82%D0%B8%D1%8F_%D0%9A%D0%B0%D0%BD%D0%B0%D0%B4%D1%8B","*":"\u041a\u043e\u043d\u0441\u0435\u0440\u0432\u0430\u0442\u0438\u0432\u043d\u0430\u044f \u043f\u0430\u0440\u0442\u0438\u044f \u041a\u0430\u043d\u0430\u0434\u044b"},{"lang":"sh","url":"https://sh.wikipedia.org/wiki/Konzervativna_stranka_(Kanada)","*":"Konzervativna stranka (Kanada)"},{"lang":"simple","url":"https://simple.wikipedia.org/wiki/Conservative_Party_of_Canada","*":"Conservative Party of Canada"},{"lang":"sr","url":"https://sr.wikipedia.org/wiki/%D0%9A%D0%BE%D0%BD%D0%B7%D0%B5%D1%80%D0%B2%D0%B0%D1%82%D0%B8%D0%B2%D0%BD%D0%B0_%D0%BF%D0%B0%D1%80%D1%82%D0%B8%D1%98%D0%B0_%D0%9A%D0%B0%D0%BD%D0%B0%D0%B4%D0%B5","*":"\u041a\u043e\u043d\u0437\u0435\u0440\u0432\u0430\u0442\u0438\u0432\u043d\u0430 \u043f\u0430\u0440\u0442\u0438\u0458\u0430 \u041a\u0430\u043d\u0430\u0434\u0435"},{"lang":"sv","url":"https://sv.wikipedia.org/wiki/Kanadas_konservativa_parti","*":"Kanadas konservativa parti"},{"lang":"ta","url":"https://ta.wikipedia.org/wiki/%E0%AE%95%E0%AE%A9%E0%AE%9F%E0%AE%BE_%E0%AE%AA%E0%AE%B4%E0%AE%AE%E0%AF%88%E0%AE%B5%E0%AE%BE%E0%AE%A4%E0%AE%95%E0%AF%8D_%E0%AE%95%E0%AE%9F%E0%AF%8D%E0%AE%9A%E0%AE%BF","*":"\u0b95\u0ba9\u0b9f\u0bbe \u0baa\u0bb4\u0bae\u0bc8\u0bb5\u0bbe\u0ba4\u0b95\u0bcd \u0b95\u0b9f\u0bcd\u0b9a\u0bbf"},{"lang":"th","url":"https://th.wikipedia.org/wiki/%E0%B8%9E%E0%B8%A3%E0%B8%A3%E0%B8%84%E0%B8%AD%E0%B8%99%E0%B8%B8%E0%B8%A3%E0%B8%B1%E0%B8%81%E0%B8%A9%E0%B8%99%E0%B8%B4%E0%B8%A2%E0%B8%A1%E0%B9%81%E0%B8%AB%E0%B9%88%E0%B8%87%E0%B9%81%E0%B8%84%E0%B8%99%E0%B8%B2%E0%B8%94%E0%B8%B2","*":"\u0e1e\u0e23\u0e23\u0e04\u0e2d\u0e19\u0e38\u0e23\u0e31\u0e01\u0e29\u0e19\u0e34\u0e22\u0e21\u0e41\u0e2b\u0e48\u0e07\u0e41\u0e04\u0e19\u0e32\u0e14\u0e32"},{"lang":"tr","url":"https://tr.wikipedia.org/wiki/Kanada_Muhafazak%C3%A2r_Partisi","*":"Kanada Muhafazak\u00e2r Partisi"},{"lang":"uk","url":"https://uk.wikipedia.org/wiki/%D0%9A%D0%BE%D0%BD%D1%81%D0%B5%D1%80%D0%B2%D0%B0%D1%82%D0%B8%D0%B2%D0%BD%D0%B0_%D0%BF%D0%B0%D1%80%D1%82%D1%96%D1%8F_%D0%9A%D0%B0%D0%BD%D0%B0%D0%B4%D0%B8","*":"\u041a\u043e\u043d\u0441\u0435\u0440\u0432\u0430\u0442\u0438\u0432\u043d\u0430 \u043f\u0430\u0440\u0442\u0456\u044f \u041a\u0430\u043d\u0430\u0434\u0438"},{"lang":"uz","url":"https://uz.wikipedia.org/wiki/Kanada_Konservativ_Partiyasi","*":"Kanada Konservativ Partiyasi"},{"lang":"vi","url":"https://vi.wikipedia.org/wiki/%C4%90%E1%BA%A3ng_B%E1%BA%A3o_th%E1%BB%A7_Canada","*":"\u0110\u1ea3ng B\u1ea3o th\u1ee7 Canada"},{"lang":"wuu","url":"https://wuu.wikipedia.org/wiki/%E5%8A%A0%E6%8B%BF%E5%A4%A7%E4%BF%9D%E5%AE%88%E5%85%9A","*":"\u52a0\u62ff\u5927\u4fdd\u5b88\u515a"},{"lang":"zh","url":"https://zh.wikipedia.org/wiki/%E5%8A%A0%E6%8B%BF%E5%A4%A7%E4%BF%9D%E5%AE%88%E9%BB%A8","*":"\u52a0\u62ff\u5927\u4fdd\u5b88\u9ee8"},{"lang":"zh-min-nan","url":"https://zh-min-nan.wikipedia.org/wiki/Canada_P%C3%B3-si%C3%BA_T%C3%B3ng","*":"Canada P\u00f3-si\u00fa T\u00f3ng"}]}}}}