{"partyfacts_id":1009,"batchcomplete":"","query":{"normalized":[{"from":"Democratic_Labour_Party_(Brazil)","to":"Democratic Labour Party (Brazil)"}],"pages":{"957640":{"pageid":957640,"ns":0,"title":"Democratic Labour Party (Brazil)","langlinks":[{"lang":"ar","url":"https://ar.wikipedia.org/wiki/%D8%AD%D8%B2%D8%A8_%D8%A7%D9%84%D8%B9%D9%85%D9%84_%D8%A7%D9%84%D8%AF%D9%8A%D9%85%D9%82%D8%B1%D8%A7%D8%B7%D9%8A_(%D8%A7%D9%84%D8%A8%D8%B1%D8%A7%D8%B2%D9%8A%D9%84)","*":"\u062d\u0632\u0628 \u0627\u0644\u0639\u0645\u0644 \u0627\u0644\u062f\u064a\u0645\u0642\u0631\u0627\u0637\u064a (\u0627\u0644\u0628\u0631\u0627\u0632\u064a\u0644)"},{"lang":"arz","url":"https://arz.wikipedia.org/wiki/%D8%AD%D8%B2%D8%A8_%D8%A7%D9%84%D8%B9%D9%85%D9%84_%D8%A7%D9%84%D8%AF%D9%8A%D9%85%D9%82%D8%B1%D8%A7%D8%B7%D9%89","*":"\u062d\u0632\u0628 \u0627\u0644\u0639\u0645\u0644 \u0627\u0644\u062f\u064a\u0645\u0642\u0631\u0627\u0637\u0649"},{"lang":"be","url":"https://be.wikipedia.org/wiki/%D0%94%D1%8D%D0%BC%D0%B0%D0%BA%D1%80%D0%B0%D1%82%D1%8B%D1%87%D0%BD%D0%B0%D1%8F_%D1%80%D0%B0%D0%B1%D0%BE%D1%87%D0%B0%D1%8F_%D0%BF%D0%B0%D1%80%D1%82%D1%8B%D1%8F_(%D0%91%D1%80%D0%B0%D0%B7%D1%96%D0%BB%D1%96%D1%8F)","*":"\u0414\u044d\u043c\u0430\u043a\u0440\u0430\u0442\u044b\u0447\u043d\u0430\u044f \u0440\u0430\u0431\u043e\u0447\u0430\u044f \u043f\u0430\u0440\u0442\u044b\u044f (\u0411\u0440\u0430\u0437\u0456\u043b\u0456\u044f)"},{"lang":"ca","url":"https://ca.wikipedia.org/wiki/Partit_Democr%C3%A0tic_Laborista_(Brasil)","*":"Partit Democr\u00e0tic Laborista (Brasil)"},{"lang":"de","url":"https://de.wikipedia.org/wiki/Partido_Democr%C3%A1tico_Trabalhista","*":"Partido Democr\u00e1tico Trabalhista"},{"lang":"el","url":"https://el.wikipedia.org/wiki/%CE%94%CE%B7%CE%BC%CE%BF%CE%BA%CF%81%CE%B1%CF%84%CE%B9%CE%BA%CF%8C_%CE%95%CF%81%CE%B3%CE%B1%CF%84%CE%B9%CE%BA%CF%8C_%CE%9A%CF%8C%CE%BC%CE%BC%CE%B1_(%CE%92%CF%81%CE%B1%CE%B6%CE%B9%CE%BB%CE%AF%CE%B1)","*":"\u0394\u03b7\u03bc\u03bf\u03ba\u03c1\u03b1\u03c4\u03b9\u03ba\u03cc \u0395\u03c1\u03b3\u03b1\u03c4\u03b9\u03ba\u03cc \u039a\u03cc\u03bc\u03bc\u03b1 (\u0392\u03c1\u03b1\u03b6\u03b9\u03bb\u03af\u03b1)"},{"lang":"eo","url":"https://eo.wikipedia.org/wiki/Demokrata_Laborista_Partio","*":"Demokrata Laborista Partio"},{"lang":"es","url":"https://es.wikipedia.org/wiki/Partido_Democr%C3%A1tico_Laborista_(Brasil)","*":"Partido Democr\u00e1tico Laborista (Brasil)"},{"lang":"fr","url":"https://fr.wikipedia.org/wiki/Parti_d%C3%A9mocratique_travailliste","*":"Parti d\u00e9mocratique travailliste"},{"lang":"he","url":"https://he.wikipedia.org/wiki/%D7%9E%D7%A4%D7%9C%D7%92%D7%AA_%D7%94%D7%A2%D7%91%D7%95%D7%93%D7%94_%D7%94%D7%93%D7%9E%D7%95%D7%A7%D7%A8%D7%98%D7%99%D7%AA_(%D7%91%D7%A8%D7%96%D7%99%D7%9C)","*":"\u05de\u05e4\u05dc\u05d2\u05ea \u05d4\u05e2\u05d1\u05d5\u05d3\u05d4 \u05d4\u05d3\u05de\u05d5\u05e7\u05e8\u05d8\u05d9\u05ea (\u05d1\u05e8\u05d6\u05d9\u05dc)"},{"lang":"it","url":"https://it.wikipedia.org/wiki/Partito_Democratico_Laburista","*":"Partito Democratico Laburista"},{"lang":"ja","url":"https://ja.wikipedia.org/wiki/%E6%B0%91%E4%B8%BB%E5%8A%B4%E5%83%8D%E5%85%9A_(%E3%83%96%E3%83%A9%E3%82%B8%E3%83%AB)","*":"\u6c11\u4e3b\u52b4\u50cd\u515a (\u30d6\u30e9\u30b8\u30eb)"},{"lang":"lt","url":"https://lt.wikipedia.org/wiki/Brazilijos_demokratin%C4%97_darbinink%C5%B3_partija","*":"Brazilijos demokratin\u0117 darbinink\u0173 partija"},{"lang":"nl","url":"https://nl.wikipedia.org/wiki/Partido_Democr%C3%A1tico_Trabalhista","*":"Partido Democr\u00e1tico Trabalhista"},{"lang":"nb","url":"https://no.wikipedia.org/wiki/Partido_Democr%C3%A1tico_Trabalhista","*":"Partido Democr\u00e1tico Trabalhista"},{"lang":"pl","url":"https://pl.wikipedia.org/wiki/Demokratyczna_Partia_Pracy_(Brazylia)","*":"Demokratyczna Partia Pracy (Brazylia)"},{"lang":"pt","url":"https://pt.wikipedia.org/wiki/Partido_Democr%C3%A1tico_Trabalhista","*":"Partido Democr\u00e1tico Trabalhista"},{"lang":"ru","url":"https://ru.wikipedia.org/wiki/%D0%94%D0%B5%D0%BC%D0%BE%D0%BA%D1%80%D0%B0%D1%82%D0%B8%D1%87%D0%B5%D1%81%D0%BA%D0%B0%D1%8F_%D1%80%D0%B0%D0%B1%D0%BE%D1%87%D0%B0%D1%8F_%D0%BF%D0%B0%D1%80%D1%82%D0%B8%D1%8F_(%D0%91%D1%80%D0%B0%D0%B7%D0%B8%D0%BB%D0%B8%D1%8F)","*":"\u0414\u0435\u043c\u043e\u043a\u0440\u0430\u0442\u0438\u0447\u0435\u0441\u043a\u0430\u044f \u0440\u0430\u0431\u043e\u0447\u0430\u044f \u043f\u0430\u0440\u0442\u0438\u044f (\u0411\u0440\u0430\u0437\u0438\u043b\u0438\u044f)"},{"lang":"scn","url":"https://scn.wikipedia.org/wiki/Partitu_Dimucr%C3%A0ticu_Labburista_(Brasili)","*":"Partitu Dimucr\u00e0ticu Labburista (Brasili)"},{"lang":"zh","url":"https://zh.wikipedia.org/wiki/%E6%B0%91%E4%B8%BB%E5%B7%A5%E5%85%9A_(%E5%B7%B4%E8%A5%BF)","*":"\u6c11\u4e3b\u5de5\u515a (\u5df4\u897f)"}]}}}}