{"partyfacts_id":101,"batchcomplete":"","query":{"normalized":[{"from":"Progress_Party_(Norway)","to":"Progress Party (Norway)"}],"pages":{"161672":{"pageid":161672,"ns":0,"title":"Progress Party (Norway)","langlinks":[{"lang":"ar","url":"https://ar.wikipedia.org/wiki/%D8%AD%D8%B2%D8%A8_%D8%A7%D9%84%D8%AA%D9%82%D8%AF%D9%85_(%D8%A7%D9%84%D9%86%D8%B1%D9%88%D9%8A%D8%AC)","*":"\u062d\u0632\u0628 \u0627\u0644\u062a\u0642\u062f\u0645 (\u0627\u0644\u0646\u0631\u0648\u064a\u062c)"},{"lang":"arz","url":"https://arz.wikipedia.org/wiki/%D8%AD%D8%B2%D8%A8_%D8%A7%D9%84%D8%AA%D9%82%D8%AF%D9%85_%D8%A7%D9%84%D9%86%D8%B1%D9%88%D9%8A%D8%AC%D9%89","*":"\u062d\u0632\u0628 \u0627\u0644\u062a\u0642\u062f\u0645 \u0627\u0644\u0646\u0631\u0648\u064a\u062c\u0649"},{"lang":"bg","url":"https://bg.wikipedia.org/wiki/%D0%9F%D0%B0%D1%80%D1%82%D0%B8%D1%8F_%D0%BD%D0%B0_%D0%BF%D1%80%D0%BE%D0%B3%D1%80%D0%B5%D1%81%D0%B0","*":"\u041f\u0430\u0440\u0442\u0438\u044f \u043d\u0430 \u043f\u0440\u043e\u0433\u0440\u0435\u0441\u0430"},{"lang":"ca","url":"https://ca.wikipedia.org/wiki/Partit_del_Progr%C3%A9s_(Noruega)","*":"Partit del Progr\u00e9s (Noruega)"},{"lang":"cs","url":"https://cs.wikipedia.org/wiki/Pokrokov%C3%A1_strana_(Norsko)","*":"Pokrokov\u00e1 strana (Norsko)"},{"lang":"da","url":"https://da.wikipedia.org/wiki/Fremskrittspartiet","*":"Fremskrittspartiet"},{"lang":"de","url":"https://de.wikipedia.org/wiki/Fremskrittspartiet","*":"Fremskrittspartiet"},{"lang":"el","url":"https://el.wikipedia.org/wiki/%CE%9A%CF%8C%CE%BC%CE%BC%CE%B1_%CE%A0%CF%81%CE%BF%CF%8C%CE%B4%CE%BF%CF%85_(%CE%9D%CE%BF%CF%81%CE%B2%CE%B7%CE%B3%CE%AF%CE%B1)","*":"\u039a\u03cc\u03bc\u03bc\u03b1 \u03a0\u03c1\u03bf\u03cc\u03b4\u03bf\u03c5 (\u039d\u03bf\u03c1\u03b2\u03b7\u03b3\u03af\u03b1)"},{"lang":"es","url":"https://es.wikipedia.org/wiki/Partido_del_Progreso_(Noruega)","*":"Partido del Progreso (Noruega)"},{"lang":"et","url":"https://et.wikipedia.org/wiki/Progressipartei","*":"Progressipartei"},{"lang":"eu","url":"https://eu.wikipedia.org/wiki/Alderdi_Progresista_(Norvegia)","*":"Alderdi Progresista (Norvegia)"},{"lang":"fi","url":"https://fi.wikipedia.org/wiki/Edistyspuolue_(Norja)","*":"Edistyspuolue (Norja)"},{"lang":"fo","url":"https://fo.wikipedia.org/wiki/Frambur%C3%B0sflokkurin_(FrP)","*":"Frambur\u00f0sflokkurin (FrP)"},{"lang":"fr","url":"https://fr.wikipedia.org/wiki/Parti_du_progr%C3%A8s_(Norv%C3%A8ge)","*":"Parti du progr\u00e8s (Norv\u00e8ge)"},{"lang":"he","url":"https://he.wikipedia.org/wiki/%D7%9E%D7%A4%D7%9C%D7%92%D7%AA_%D7%94%D7%A7%D7%99%D7%93%D7%9E%D7%94_(%D7%A0%D7%95%D7%A8%D7%95%D7%95%D7%92%D7%99%D7%94)","*":"\u05de\u05e4\u05dc\u05d2\u05ea \u05d4\u05e7\u05d9\u05d3\u05de\u05d4 (\u05e0\u05d5\u05e8\u05d5\u05d5\u05d2\u05d9\u05d4)"},{"lang":"hu","url":"https://hu.wikipedia.org/wiki/Halad%C3%A1s_P%C3%A1rt_(Norv%C3%A9gia)","*":"Halad\u00e1s P\u00e1rt (Norv\u00e9gia)"},{"lang":"it","url":"https://it.wikipedia.org/wiki/Partito_del_Progresso_(Norvegia)","*":"Partito del Progresso (Norvegia)"},{"lang":"ja","url":"https://ja.wikipedia.org/wiki/%E9%80%B2%E6%AD%A9%E5%85%9A_(%E3%83%8E%E3%83%AB%E3%82%A6%E3%82%A7%E3%83%BC)","*":"\u9032\u6b69\u515a (\u30ce\u30eb\u30a6\u30a7\u30fc)"},{"lang":"ko","url":"https://ko.wikipedia.org/wiki/%EC%A7%84%EB%B3%B4%EB%8B%B9_(%EB%85%B8%EB%A5%B4%EC%9B%A8%EC%9D%B4)","*":"\uc9c4\ubcf4\ub2f9 (\ub178\ub974\uc6e8\uc774)"},{"lang":"la","url":"https://la.wikipedia.org/wiki/Factio_progressus_(Norvegia)","*":"Factio progressus (Norvegia)"},{"lang":"nds","url":"https://nds.wikipedia.org/wiki/Fremskrittspartiet","*":"Fremskrittspartiet"},{"lang":"nl","url":"https://nl.wikipedia.org/wiki/Fremskrittspartiet","*":"Fremskrittspartiet"},{"lang":"nn","url":"https://nn.wikipedia.org/wiki/Framstegspartiet","*":"Framstegspartiet"},{"lang":"nb","url":"https://no.wikipedia.org/wiki/Fremskrittspartiet","*":"Fremskrittspartiet"},{"lang":"pl","url":"https://pl.wikipedia.org/wiki/Partia_Post%C4%99pu_(Norwegia)","*":"Partia Post\u0119pu (Norwegia)"},{"lang":"pms","url":"https://pms.wikipedia.org/wiki/Part%C3%AC_d%C3%ABl_progress","*":"Part\u00ec d\u00ebl progress"},{"lang":"pt","url":"https://pt.wikipedia.org/wiki/Partido_do_Progresso_(Noruega)","*":"Partido do Progresso (Noruega)"},{"lang":"ru","url":"https://ru.wikipedia.org/wiki/%D0%9F%D0%B0%D1%80%D1%82%D0%B8%D1%8F_%D0%BF%D1%80%D0%BE%D0%B3%D1%80%D0%B5%D1%81%D1%81%D0%B0_(%D0%9D%D0%BE%D1%80%D0%B2%D0%B5%D0%B3%D0%B8%D1%8F)","*":"\u041f\u0430\u0440\u0442\u0438\u044f \u043f\u0440\u043e\u0433\u0440\u0435\u0441\u0441\u0430 (\u041d\u043e\u0440\u0432\u0435\u0433\u0438\u044f)"},{"lang":"se","url":"https://se.wikipedia.org/wiki/Ovdd%C3%A1dusbellodat","*":"Ovdd\u00e1dusbellodat"},{"lang":"sr","url":"https://sr.wikipedia.org/wiki/%D0%9D%D0%BE%D1%80%D0%B2%D0%B5%D1%88%D0%BA%D0%B0_%D0%BF%D0%B0%D1%80%D1%82%D0%B8%D1%98%D0%B0_%D0%BD%D0%B0%D0%BF%D1%80%D0%B5%D1%82%D0%BA%D0%B0","*":"\u041d\u043e\u0440\u0432\u0435\u0448\u043a\u0430 \u043f\u0430\u0440\u0442\u0438\u0458\u0430 \u043d\u0430\u043f\u0440\u0435\u0442\u043a\u0430"},{"lang":"sv","url":"https://sv.wikipedia.org/wiki/Fremskrittspartiet","*":"Fremskrittspartiet"},{"lang":"uk","url":"https://uk.wikipedia.org/wiki/%D0%9F%D0%B0%D1%80%D1%82%D1%96%D1%8F_%D0%BF%D1%80%D0%BE%D0%B3%D1%80%D0%B5%D1%81%D1%83_(%D0%9D%D0%BE%D1%80%D0%B2%D0%B5%D0%B3%D1%96%D1%8F)","*":"\u041f\u0430\u0440\u0442\u0456\u044f \u043f\u0440\u043e\u0433\u0440\u0435\u0441\u0443 (\u041d\u043e\u0440\u0432\u0435\u0433\u0456\u044f)"},{"lang":"zh","url":"https://zh.wikipedia.org/wiki/%E9%80%B2%E6%AD%A5%E9%BB%A8_(%E6%8C%AA%E5%A8%81)","*":"\u9032\u6b65\u9ee8 (\u632a\u5a01)"}]}}}}