{"partyfacts_id":1013,"batchcomplete":"","query":{"normalized":[{"from":"ELAM_(Cyprus)","to":"ELAM (Cyprus)"}],"pages":{"31470503":{"pageid":31470503,"ns":0,"title":"ELAM (Cyprus)","langlinks":[{"lang":"bg","url":"https://bg.wikipedia.org/wiki/%D0%9D%D0%B0%D1%86%D0%B8%D0%BE%D0%BD%D0%B0%D0%BB%D0%B5%D0%BD_%D0%BD%D0%B0%D1%80%D0%BE%D0%B4%D0%B5%D0%BD_%D1%84%D1%80%D0%BE%D0%BD%D1%82","*":"\u041d\u0430\u0446\u0438\u043e\u043d\u0430\u043b\u0435\u043d \u043d\u0430\u0440\u043e\u0434\u0435\u043d \u0444\u0440\u043e\u043d\u0442"},{"lang":"de","url":"https://de.wikipedia.org/wiki/Ethniko_Laiko_Metopo","*":"Ethniko Laiko Metopo"},{"lang":"el","url":"https://el.wikipedia.org/wiki/%CE%95%CE%B8%CE%BD%CE%B9%CE%BA%CF%8C_%CE%9B%CE%B1%CF%8A%CE%BA%CF%8C_%CE%9C%CE%AD%CF%84%CF%89%CF%80%CE%BF","*":"\u0395\u03b8\u03bd\u03b9\u03ba\u03cc \u039b\u03b1\u03ca\u03ba\u03cc \u039c\u03ad\u03c4\u03c9\u03c0\u03bf"},{"lang":"es","url":"https://es.wikipedia.org/wiki/Frente_Nacional_Popular","*":"Frente Nacional Popular"},{"lang":"fr","url":"https://fr.wikipedia.org/wiki/Front_populaire_national","*":"Front populaire national"},{"lang":"he","url":"https://he.wikipedia.org/wiki/%D7%94%D7%97%D7%96%D7%99%D7%AA_%D7%94%D7%A2%D7%9E%D7%9E%D7%99%D7%AA_%D7%94%D7%9C%D7%90%D7%95%D7%9E%D7%99%D7%AA","*":"\u05d4\u05d7\u05d6\u05d9\u05ea \u05d4\u05e2\u05de\u05de\u05d9\u05ea \u05d4\u05dc\u05d0\u05d5\u05de\u05d9\u05ea"},{"lang":"it","url":"https://it.wikipedia.org/wiki/Fronte_Popolare_Nazionale","*":"Fronte Popolare Nazionale"},{"lang":"ru","url":"https://ru.wikipedia.org/wiki/%D0%9D%D0%B0%D1%86%D0%B8%D0%BE%D0%BD%D0%B0%D0%BB%D1%8C%D0%BD%D1%8B%D0%B9_%D0%BD%D0%B0%D1%80%D0%BE%D0%B4%D0%BD%D1%8B%D0%B9_%D1%84%D1%80%D0%BE%D0%BD%D1%82_(%D0%9A%D0%B8%D0%BF%D1%80)","*":"\u041d\u0430\u0446\u0438\u043e\u043d\u0430\u043b\u044c\u043d\u044b\u0439 \u043d\u0430\u0440\u043e\u0434\u043d\u044b\u0439 \u0444\u0440\u043e\u043d\u0442 (\u041a\u0438\u043f\u0440)"},{"lang":"tg","url":"https://tg.wikipedia.org/wiki/%D0%A4%D1%80%D0%BE%D0%BD%D1%82%D0%B8_%D0%9C%D0%B8%D0%BB%D0%BB%D0%B8%D0%B8_%D0%A5%D0%B0%D0%BB%D2%9B%D3%A3_(%D0%9A%D0%B8%D0%BF%D1%80)","*":"\u0424\u0440\u043e\u043d\u0442\u0438 \u041c\u0438\u043b\u043b\u0438\u0438 \u0425\u0430\u043b\u049b\u04e3 (\u041a\u0438\u043f\u0440)"}]}}}}