{"partyfacts_id":1024,"batchcomplete":"","query":{"normalized":[{"from":"Clann_na_Talmhan","to":"Clann na Talmhan"}],"pages":{"1101439":{"pageid":1101439,"ns":0,"title":"Clann na Talmhan","langlinks":[{"lang":"ca","url":"https://ca.wikipedia.org/wiki/Clann_na_Talmhan","*":"Clann na Talmhan"},{"lang":"de","url":"https://de.wikipedia.org/wiki/Clann_na_Talmhan","*":"Clann na Talmhan"},{"lang":"es","url":"https://es.wikipedia.org/wiki/Clann_na_Talmhan","*":"Clann na Talmhan"},{"lang":"fr","url":"https://fr.wikipedia.org/wiki/Clann_na_Talmhan","*":"Clann na Talmhan"},{"lang":"ga","url":"https://ga.wikipedia.org/wiki/Clann_na_Talmhan","*":"Clann na Talmhan"},{"lang":"nb","url":"https://no.wikipedia.org/wiki/Clann_na_Talmhan","*":"Clann na Talmhan"}]}}}}