{"partyfacts_id":1028,"batchcomplete":"","query":{"normalized":[{"from":"Movement_for_Social_Democracy","to":"Movement for Social Democracy"}],"pages":{"413325":{"pageid":413325,"ns":0,"title":"Movement for Social Democracy","langlinks":[{"lang":"ar","url":"https://ar.wikipedia.org/wiki/%D8%AD%D8%B1%D9%83%D8%A9_%D8%A7%D9%84%D8%AF%D9%8A%D9%85%D9%82%D8%B1%D8%A7%D8%B7%D9%8A%D9%8A%D9%86_%D8%A7%D9%84%D8%A7%D8%AC%D8%AA%D9%85%D8%A7%D8%B9%D9%8A%D8%A9","*":"\u062d\u0631\u0643\u0629 \u0627\u0644\u062f\u064a\u0645\u0642\u0631\u0627\u0637\u064a\u064a\u0646 \u0627\u0644\u0627\u062c\u062a\u0645\u0627\u0639\u064a\u0629"},{"lang":"bg","url":"https://bg.wikipedia.org/wiki/%D0%94%D0%B2%D0%B8%D0%B6%D0%B5%D0%BD%D0%B8%D0%B5_%D0%B7%D0%B0_%D1%81%D0%BE%D1%86%D0%B8%D0%B0%D0%BB%D0%B4%D0%B5%D0%BC%D0%BE%D0%BA%D1%80%D0%B0%D1%86%D0%B8%D1%8F","*":"\u0414\u0432\u0438\u0436\u0435\u043d\u0438\u0435 \u0437\u0430 \u0441\u043e\u0446\u0438\u0430\u043b\u0434\u0435\u043c\u043e\u043a\u0440\u0430\u0446\u0438\u044f"},{"lang":"bn","url":"https://bn.wikipedia.org/wiki/%E0%A6%B8%E0%A6%BE%E0%A6%AE%E0%A6%BE%E0%A6%9C%E0%A6%BF%E0%A6%95_%E0%A6%97%E0%A6%A3%E0%A6%A4%E0%A6%A8%E0%A7%8D%E0%A6%A4%E0%A7%8D%E0%A6%B0_%E0%A6%86%E0%A6%A8%E0%A7%8D%E0%A6%A6%E0%A7%8B%E0%A6%B2%E0%A6%A8_-_%E0%A6%8F%E0%A6%A6%E0%A7%87%E0%A6%95","*":"\u09b8\u09be\u09ae\u09be\u099c\u09bf\u0995 \u0997\u09a3\u09a4\u09a8\u09cd\u09a4\u09cd\u09b0 \u0986\u09a8\u09cd\u09a6\u09cb\u09b2\u09a8 - \u098f\u09a6\u09c7\u0995"},{"lang":"ca","url":"https://ca.wikipedia.org/wiki/Moviment_per_la_Socialdemocr%C3%A0cia","*":"Moviment per la Socialdemocr\u00e0cia"},{"lang":"de","url":"https://de.wikipedia.org/wiki/Kinima_Sosialdimokraton","*":"Kinima Sosialdimokraton"},{"lang":"el","url":"https://el.wikipedia.org/wiki/%CE%9A%CE%AF%CE%BD%CE%B7%CE%BC%CE%B1_%CE%A3%CE%BF%CF%83%CE%B9%CE%B1%CE%BB%CE%B4%CE%B7%CE%BC%CE%BF%CE%BA%CF%81%CE%B1%CF%84%CF%8E%CE%BD-%CE%95.%CE%94.%CE%95.%CE%9A.","*":"\u039a\u03af\u03bd\u03b7\u03bc\u03b1 \u03a3\u03bf\u03c3\u03b9\u03b1\u03bb\u03b4\u03b7\u03bc\u03bf\u03ba\u03c1\u03b1\u03c4\u03ce\u03bd-\u0395.\u0394.\u0395.\u039a."},{"lang":"es","url":"https://es.wikipedia.org/wiki/Movimiento_por_la_Socialdemocracia","*":"Movimiento por la Socialdemocracia"},{"lang":"fa","url":"https://fa.wikipedia.org/wiki/%D8%AC%D9%86%D8%A8%D8%B4_%D8%B3%D9%88%D8%B3%DB%8C%D8%A7%D9%84_%D8%AF%D9%85%D9%88%DA%A9%D8%B1%D8%A7%D8%B3%DB%8C","*":"\u062c\u0646\u0628\u0634 \u0633\u0648\u0633\u06cc\u0627\u0644 \u062f\u0645\u0648\u06a9\u0631\u0627\u0633\u06cc"},{"lang":"fr","url":"https://fr.wikipedia.org/wiki/Mouvement_pour_la_d%C3%A9mocratie_sociale_(Chypre)","*":"Mouvement pour la d\u00e9mocratie sociale (Chypre)"},{"lang":"he","url":"https://he.wikipedia.org/wiki/%D7%94%D7%AA%D7%A0%D7%95%D7%A2%D7%94_%D7%9C%D7%A1%D7%95%D7%A6%D7%99%D7%90%D7%9C-%D7%93%D7%9E%D7%95%D7%A7%D7%A8%D7%98%D7%99%D7%94","*":"\u05d4\u05ea\u05e0\u05d5\u05e2\u05d4 \u05dc\u05e1\u05d5\u05e6\u05d9\u05d0\u05dc-\u05d3\u05de\u05d5\u05e7\u05e8\u05d8\u05d9\u05d4"},{"lang":"hi","url":"https://hi.wikipedia.org/wiki/%E0%A4%8F%E0%A4%A6%E0%A5%87%E0%A4%95","*":"\u090f\u0926\u0947\u0915"},{"lang":"it","url":"https://it.wikipedia.org/wiki/Movimento_dei_Socialdemocratici_-_EDEK","*":"Movimento dei Socialdemocratici - EDEK"},{"lang":"lt","url":"https://lt.wikipedia.org/wiki/Kipro_socialdemokrat%C5%B3_jud%C4%97jimas","*":"Kipro socialdemokrat\u0173 jud\u0117jimas"},{"lang":"nl","url":"https://nl.wikipedia.org/wiki/Kinima_Sosialdimokraton","*":"Kinima Sosialdimokraton"},{"lang":"pl","url":"https://pl.wikipedia.org/wiki/Ruch_na_rzecz_Socjaldemokracji","*":"Ruch na rzecz Socjaldemokracji"},{"lang":"pms","url":"https://pms.wikipedia.org/wiki/EDEK","*":"EDEK"},{"lang":"pt","url":"https://pt.wikipedia.org/wiki/Movimento_pela_Social-Democracia","*":"Movimento pela Social-Democracia"},{"lang":"ru","url":"https://ru.wikipedia.org/wiki/%D0%94%D0%B2%D0%B8%D0%B6%D0%B5%D0%BD%D0%B8%D0%B5_%D0%B7%D0%B0_%D1%81%D0%BE%D1%86%D0%B8%D0%B0%D0%BB-%D0%B4%D0%B5%D0%BC%D0%BE%D0%BA%D1%80%D0%B0%D1%82%D0%B8%D1%8E","*":"\u0414\u0432\u0438\u0436\u0435\u043d\u0438\u0435 \u0437\u0430 \u0441\u043e\u0446\u0438\u0430\u043b-\u0434\u0435\u043c\u043e\u043a\u0440\u0430\u0442\u0438\u044e"},{"lang":"sv","url":"https://sv.wikipedia.org/wiki/K%C3%ADnima_Sosialdimokrat%C3%B3n","*":"K\u00ednima Sosialdimokrat\u00f3n"},{"lang":"ta","url":"https://ta.wikipedia.org/wiki/%E0%AE%9A%E0%AE%AE%E0%AF%82%E0%AE%95_%E0%AE%9C%E0%AE%A9%E0%AE%A8%E0%AE%BE%E0%AE%AF%E0%AE%95%E0%AE%A4%E0%AF%8D%E0%AE%A4%E0%AF%81%E0%AE%95%E0%AF%8D%E0%AE%95%E0%AE%BE%E0%AE%A9_%E0%AE%87%E0%AE%AF%E0%AE%95%E0%AF%8D%E0%AE%95%E0%AE%AE%E0%AF%8D","*":"\u0b9a\u0bae\u0bc2\u0b95 \u0b9c\u0ba9\u0ba8\u0bbe\u0baf\u0b95\u0ba4\u0bcd\u0ba4\u0bc1\u0b95\u0bcd\u0b95\u0bbe\u0ba9 \u0b87\u0baf\u0b95\u0bcd\u0b95\u0bae\u0bcd"},{"lang":"tl","url":"https://tl.wikipedia.org/wiki/EDEK","*":"EDEK"},{"lang":"zh","url":"https://zh.wikipedia.org/wiki/%E7%A4%BE%E6%9C%83%E6%B0%91%E4%B8%BB%E9%81%8B%E5%8B%95","*":"\u793e\u6703\u6c11\u4e3b\u904b\u52d5"}]}}}}