{"partyfacts_id":1030,"batchcomplete":"","query":{"normalized":[{"from":"Party_of_Democratic_Socialism_(Greece)","to":"Party of Democratic Socialism (Greece)"}],"pages":{"37759054":{"pageid":37759054,"ns":0,"title":"Party of Democratic Socialism (Greece)","langlinks":[{"lang":"el","url":"https://el.wikipedia.org/wiki/%CE%9A%CF%8C%CE%BC%CE%BC%CE%B1_%CE%94%CE%B7%CE%BC%CE%BF%CE%BA%CF%81%CE%B1%CF%84%CE%B9%CE%BA%CE%BF%CF%8D_%CE%A3%CE%BF%CF%83%CE%B9%CE%B1%CE%BB%CE%B9%CF%83%CE%BC%CE%BF%CF%8D","*":"\u039a\u03cc\u03bc\u03bc\u03b1 \u0394\u03b7\u03bc\u03bf\u03ba\u03c1\u03b1\u03c4\u03b9\u03ba\u03bf\u03cd \u03a3\u03bf\u03c3\u03b9\u03b1\u03bb\u03b9\u03c3\u03bc\u03bf\u03cd"},{"lang":"it","url":"https://it.wikipedia.org/wiki/Partito_del_Socialismo_Democratico_(Grecia)","*":"Partito del Socialismo Democratico (Grecia)"}]}}}}