{"partyfacts_id":1035,"batchcomplete":"","query":{"normalized":[{"from":"National_Advancement_Party","to":"National Advancement Party"}],"pages":{"435278":{"pageid":435278,"ns":0,"title":"National Advancement Party","langlinks":[{"lang":"ar","url":"https://ar.wikipedia.org/wiki/%D8%A7%D9%84%D8%AD%D8%B2%D8%A8_%D8%A7%D9%84%D8%AA%D9%82%D8%AF%D9%85%D9%8A_%D8%A7%D9%84%D9%88%D8%B7%D9%86%D9%8A","*":"\u0627\u0644\u062d\u0632\u0628 \u0627\u0644\u062a\u0642\u062f\u0645\u064a \u0627\u0644\u0648\u0637\u0646\u064a"},{"lang":"es","url":"https://es.wikipedia.org/wiki/Partido_de_Avanzada_Nacional","*":"Partido de Avanzada Nacional"},{"lang":"fr","url":"https://fr.wikipedia.org/wiki/Parti_de_l%27avance_nationale","*":"Parti de l'avance nationale"},{"lang":"it","url":"https://it.wikipedia.org/wiki/Partito_dell%27Avanzata_Nazionale","*":"Partito dell'Avanzata Nazionale"},{"lang":"nl","url":"https://nl.wikipedia.org/wiki/Nationale_Vooruitgangspartij","*":"Nationale Vooruitgangspartij"},{"lang":"ru","url":"https://ru.wikipedia.org/wiki/%D0%9F%D0%B0%D1%80%D1%82%D0%B8%D1%8F_%D0%BD%D0%B0%D1%86%D0%B8%D0%BE%D0%BD%D0%B0%D0%BB%D1%8C%D0%BD%D0%BE%D0%B3%D0%BE_%D0%B0%D0%B2%D0%B0%D0%BD%D0%B3%D0%B0%D1%80%D0%B4%D0%B0_(%D0%93%D0%B2%D0%B0%D1%82%D0%B5%D0%BC%D0%B0%D0%BB%D0%B0)","*":"\u041f\u0430\u0440\u0442\u0438\u044f \u043d\u0430\u0446\u0438\u043e\u043d\u0430\u043b\u044c\u043d\u043e\u0433\u043e \u0430\u0432\u0430\u043d\u0433\u0430\u0440\u0434\u0430 (\u0413\u0432\u0430\u0442\u0435\u043c\u0430\u043b\u0430)"}]}}}}