{"partyfacts_id":1038,"batchcomplete":"","query":{"normalized":[{"from":"Democratic_Alliance_(South_Africa)","to":"Democratic Alliance (South Africa)"}],"pages":{"403102":{"pageid":403102,"ns":0,"title":"Democratic Alliance (South Africa)","langlinks":[{"lang":"af","url":"https://af.wikipedia.org/wiki/Demokratiese_Alliansie","*":"Demokratiese Alliansie"},{"lang":"ar","url":"https://ar.wikipedia.org/wiki/%D8%A7%D9%84%D8%AA%D8%AD%D8%A7%D9%84%D9%81_%D8%A7%D9%84%D8%AF%D9%8A%D9%85%D9%82%D8%B1%D8%A7%D8%B7%D9%8A_(%D8%AC%D9%86%D9%88%D8%A8_%D8%A3%D9%81%D8%B1%D9%8A%D9%82%D9%8A%D8%A7)","*":"\u0627\u0644\u062a\u062d\u0627\u0644\u0641 \u0627\u0644\u062f\u064a\u0645\u0642\u0631\u0627\u0637\u064a (\u062c\u0646\u0648\u0628 \u0623\u0641\u0631\u064a\u0642\u064a\u0627)"},{"lang":"cs","url":"https://cs.wikipedia.org/wiki/Demokratick%C3%A1_aliance","*":"Demokratick\u00e1 aliance"},{"lang":"de","url":"https://de.wikipedia.org/wiki/Democratic_Alliance","*":"Democratic Alliance"},{"lang":"es","url":"https://es.wikipedia.org/wiki/Alianza_Democr%C3%A1tica_(Sud%C3%A1frica)","*":"Alianza Democr\u00e1tica (Sud\u00e1frica)"},{"lang":"fi","url":"https://fi.wikipedia.org/wiki/Demokraattinen_allianssi","*":"Demokraattinen allianssi"},{"lang":"fr","url":"https://fr.wikipedia.org/wiki/Alliance_d%C3%A9mocratique_(Afrique_du_Sud)","*":"Alliance d\u00e9mocratique (Afrique du Sud)"},{"lang":"gl","url":"https://gl.wikipedia.org/wiki/Alianza_Democr%C3%A1tica_(Sur%C3%A1frica)","*":"Alianza Democr\u00e1tica (Sur\u00e1frica)"},{"lang":"he","url":"https://he.wikipedia.org/wiki/%D7%94%D7%91%D7%A8%D7%99%D7%AA_%D7%94%D7%93%D7%9E%D7%95%D7%A7%D7%A8%D7%98%D7%99%D7%AA_(%D7%93%D7%A8%D7%95%D7%9D_%D7%90%D7%A4%D7%A8%D7%99%D7%A7%D7%94)","*":"\u05d4\u05d1\u05e8\u05d9\u05ea \u05d4\u05d3\u05de\u05d5\u05e7\u05e8\u05d8\u05d9\u05ea (\u05d3\u05e8\u05d5\u05dd \u05d0\u05e4\u05e8\u05d9\u05e7\u05d4)"},{"lang":"it","url":"https://it.wikipedia.org/wiki/Alleanza_Democratica_(Sudafrica)","*":"Alleanza Democratica (Sudafrica)"},{"lang":"ja","url":"https://ja.wikipedia.org/wiki/%E6%B0%91%E4%B8%BB%E5%90%8C%E7%9B%9F","*":"\u6c11\u4e3b\u540c\u76df"},{"lang":"ko","url":"https://ko.wikipedia.org/wiki/%EB%AF%BC%EC%A3%BC%EB%8F%99%EB%A7%B9_(%EB%82%A8%EC%95%84%ED%94%84%EB%A6%AC%EC%B9%B4_%EA%B3%B5%ED%99%94%EA%B5%AD)","*":"\ubbfc\uc8fc\ub3d9\ub9f9 (\ub0a8\uc544\ud504\ub9ac\uce74 \uacf5\ud654\uad6d)"},{"lang":"lad","url":"https://lad.wikipedia.org/wiki/Aliansa_Demokratika","*":"Aliansa Demokratika"},{"lang":"ms","url":"https://ms.wikipedia.org/wiki/Perikatan_Demokratik_(Afrika_Selatan)","*":"Perikatan Demokratik (Afrika Selatan)"},{"lang":"nl","url":"https://nl.wikipedia.org/wiki/Democratische_Alliantie_(Zuid-Afrika)","*":"Democratische Alliantie (Zuid-Afrika)"},{"lang":"nb","url":"https://no.wikipedia.org/wiki/Democratic_Alliance","*":"Democratic Alliance"},{"lang":"nov","url":"https://nov.wikipedia.org/wiki/Demokrati_Alianse","*":"Demokrati Alianse"},{"lang":"pl","url":"https://pl.wikipedia.org/wiki/Alians_Demokratyczny","*":"Alians Demokratyczny"},{"lang":"pt","url":"https://pt.wikipedia.org/wiki/Alian%C3%A7a_Democr%C3%A1tica_(%C3%81frica_do_Sul)","*":"Alian\u00e7a Democr\u00e1tica (\u00c1frica do Sul)"},{"lang":"ru","url":"https://ru.wikipedia.org/wiki/%D0%94%D0%B5%D0%BC%D0%BE%D0%BA%D1%80%D0%B0%D1%82%D0%B8%D1%87%D0%B5%D1%81%D0%BA%D0%B8%D0%B9_%D0%B0%D0%BB%D1%8C%D1%8F%D0%BD%D1%81_(%D0%AE%D0%90%D0%A0)","*":"\u0414\u0435\u043c\u043e\u043a\u0440\u0430\u0442\u0438\u0447\u0435\u0441\u043a\u0438\u0439 \u0430\u043b\u044c\u044f\u043d\u0441 (\u042e\u0410\u0420)"},{"lang":"simple","url":"https://simple.wikipedia.org/wiki/Democratic_Alliance","*":"Democratic Alliance"},{"lang":"sv","url":"https://sv.wikipedia.org/wiki/Democratic_Alliance","*":"Democratic Alliance"},{"lang":"uk","url":"https://uk.wikipedia.org/wiki/%D0%94%D0%B5%D0%BC%D0%BE%D0%BA%D1%80%D0%B0%D1%82%D0%B8%D1%87%D0%BD%D0%B8%D0%B9_%D0%B0%D0%BB%D1%8C%D1%8F%D0%BD%D1%81_(%D0%9F%D0%90%D0%A0)","*":"\u0414\u0435\u043c\u043e\u043a\u0440\u0430\u0442\u0438\u0447\u043d\u0438\u0439 \u0430\u043b\u044c\u044f\u043d\u0441 (\u041f\u0410\u0420)"},{"lang":"zh","url":"https://zh.wikipedia.org/wiki/%E6%B0%91%E4%B8%BB%E8%81%94%E7%9B%9F_(%E5%8D%97%E9%9D%9E)","*":"\u6c11\u4e3b\u8054\u76df (\u5357\u975e)"},{"lang":"zu","url":"https://zu.wikipedia.org/wiki/Democratic_Alliance","*":"Democratic Alliance"}]}}}}