{"partyfacts_id":1041,"batchcomplete":"","query":{"normalized":[{"from":"Communist_Party_of_Czechoslovakia","to":"Communist Party of Czechoslovakia"}],"pages":{"422214":{"pageid":422214,"ns":0,"title":"Communist Party of Czechoslovakia","langlinks":[{"lang":"als","url":"https://als.wikipedia.org/wiki/Kommunistische_Partei_der_Tschechoslowakei","*":"Kommunistische Partei der Tschechoslowakei"},{"lang":"ar","url":"https://ar.wikipedia.org/wiki/%D8%A7%D9%84%D8%AD%D8%B2%D8%A8_%D8%A7%D9%84%D8%B4%D9%8A%D9%88%D8%B9%D9%8A_%D8%A7%D9%84%D8%AA%D8%B4%D9%8A%D9%83%D9%88%D8%B3%D9%84%D9%88%D9%81%D8%A7%D9%83%D9%8A","*":"\u0627\u0644\u062d\u0632\u0628 \u0627\u0644\u0634\u064a\u0648\u0639\u064a \u0627\u0644\u062a\u0634\u064a\u0643\u0648\u0633\u0644\u0648\u0641\u0627\u0643\u064a"},{"lang":"be","url":"https://be.wikipedia.org/wiki/%D0%9A%D0%B0%D0%BC%D1%83%D0%BD%D1%96%D1%81%D1%82%D1%8B%D1%87%D0%BD%D0%B0%D1%8F_%D0%BF%D0%B0%D1%80%D1%82%D1%8B%D1%8F_%D0%A7%D1%8D%D1%85%D0%B0%D1%81%D0%BB%D0%B0%D0%B2%D0%B0%D0%BA%D1%96%D1%96","*":"\u041a\u0430\u043c\u0443\u043d\u0456\u0441\u0442\u044b\u0447\u043d\u0430\u044f \u043f\u0430\u0440\u0442\u044b\u044f \u0427\u044d\u0445\u0430\u0441\u043b\u0430\u0432\u0430\u043a\u0456\u0456"},{"lang":"ca","url":"https://ca.wikipedia.org/wiki/Partit_Comunista_de_Txecoslov%C3%A0quia","*":"Partit Comunista de Txecoslov\u00e0quia"},{"lang":"cs","url":"https://cs.wikipedia.org/wiki/Komunistick%C3%A1_strana_%C4%8Ceskoslovenska","*":"Komunistick\u00e1 strana \u010ceskoslovenska"},{"lang":"da","url":"https://da.wikipedia.org/wiki/Det_tjekkoslovakiske_kommunistparti","*":"Det tjekkoslovakiske kommunistparti"},{"lang":"de","url":"https://de.wikipedia.org/wiki/Komunistick%C3%A1_strana_%C4%8Ceskoslovenska","*":"Komunistick\u00e1 strana \u010ceskoslovenska"},{"lang":"eo","url":"https://eo.wikipedia.org/wiki/Komunista_Partio_de_%C4%88e%C4%A5oslovakio","*":"Komunista Partio de \u0108e\u0125oslovakio"},{"lang":"es","url":"https://es.wikipedia.org/wiki/Partido_Comunista_de_Checoslovaquia","*":"Partido Comunista de Checoslovaquia"},{"lang":"fa","url":"https://fa.wikipedia.org/wiki/%D8%AD%D8%B2%D8%A8_%DA%A9%D9%85%D9%88%D9%86%DB%8C%D8%B3%D8%AA_%DA%86%DA%A9%D8%B3%D9%84%D9%88%D8%A7%DA%A9%DB%8C","*":"\u062d\u0632\u0628 \u06a9\u0645\u0648\u0646\u06cc\u0633\u062a \u0686\u06a9\u0633\u0644\u0648\u0627\u06a9\u06cc"},{"lang":"fi","url":"https://fi.wikipedia.org/wiki/T%C5%A1ekkoslovakian_kommunistinen_puolue","*":"T\u0161ekkoslovakian kommunistinen puolue"},{"lang":"fr","url":"https://fr.wikipedia.org/wiki/Parti_communiste_tch%C3%A9coslovaque","*":"Parti communiste tch\u00e9coslovaque"},{"lang":"gl","url":"https://gl.wikipedia.org/wiki/Komunistick%C3%A1_strana_%C4%8Ceskoslovenska","*":"Komunistick\u00e1 strana \u010ceskoslovenska"},{"lang":"he","url":"https://he.wikipedia.org/wiki/%D7%94%D7%9E%D7%A4%D7%9C%D7%92%D7%94_%D7%94%D7%A7%D7%95%D7%9E%D7%95%D7%A0%D7%99%D7%A1%D7%98%D7%99%D7%AA_%D7%A9%D7%9C_%D7%A6%27%D7%9B%D7%95%D7%A1%D7%9C%D7%95%D7%91%D7%A7%D7%99%D7%94","*":"\u05d4\u05de\u05e4\u05dc\u05d2\u05d4 \u05d4\u05e7\u05d5\u05de\u05d5\u05e0\u05d9\u05e1\u05d8\u05d9\u05ea \u05e9\u05dc \u05e6'\u05db\u05d5\u05e1\u05dc\u05d5\u05d1\u05e7\u05d9\u05d4"},{"lang":"hu","url":"https://hu.wikipedia.org/wiki/Csehszlov%C3%A1kia_Kommunista_P%C3%A1rtja","*":"Csehszlov\u00e1kia Kommunista P\u00e1rtja"},{"lang":"id","url":"https://id.wikipedia.org/wiki/Partai_Komunis_Cekoslowakia","*":"Partai Komunis Cekoslowakia"},{"lang":"is","url":"https://is.wikipedia.org/wiki/Komm%C3%BAnistaflokkur_T%C3%A9kk%C3%B3sl%C3%B3vak%C3%ADu","*":"Komm\u00fanistaflokkur T\u00e9kk\u00f3sl\u00f3vak\u00edu"},{"lang":"it","url":"https://it.wikipedia.org/wiki/Partito_Comunista_di_Cecoslovacchia","*":"Partito Comunista di Cecoslovacchia"},{"lang":"ja","url":"https://ja.wikipedia.org/wiki/%E3%83%81%E3%82%A7%E3%82%B3%E3%82%B9%E3%83%AD%E3%83%90%E3%82%AD%E3%82%A2%E5%85%B1%E7%94%A3%E5%85%9A","*":"\u30c1\u30a7\u30b3\u30b9\u30ed\u30d0\u30ad\u30a2\u5171\u7523\u515a"},{"lang":"kk","url":"https://kk.wikipedia.org/wiki/%D0%A7%D0%B5%D1%85%D0%BE%D1%81%D0%BB%D0%BE%D0%B2%D0%B0%D0%BA%D0%B8%D1%8F_%D0%BA%D0%BE%D0%BC%D0%BC%D1%83%D0%BD%D0%B8%D1%81%D1%82%D1%96%D0%BA_%D0%BF%D0%B0%D1%80%D1%82%D0%B8%D1%8F%D1%81%D1%8B","*":"\u0427\u0435\u0445\u043e\u0441\u043b\u043e\u0432\u0430\u043a\u0438\u044f \u043a\u043e\u043c\u043c\u0443\u043d\u0438\u0441\u0442\u0456\u043a \u043f\u0430\u0440\u0442\u0438\u044f\u0441\u044b"},{"lang":"ko","url":"https://ko.wikipedia.org/wiki/%EC%B2%B4%EC%BD%94%EC%8A%AC%EB%A1%9C%EB%B0%94%ED%82%A4%EC%95%84_%EA%B3%B5%EC%82%B0%EB%8B%B9","*":"\uccb4\ucf54\uc2ac\ub85c\ubc14\ud0a4\uc544 \uacf5\uc0b0\ub2f9"},{"lang":"nl","url":"https://nl.wikipedia.org/wiki/Communistische_Partij_van_Tsjecho-Slowakije","*":"Communistische Partij van Tsjecho-Slowakije"},{"lang":"nn","url":"https://nn.wikipedia.org/wiki/Det_tsjekkoslovakiske_kommunistpartiet","*":"Det tsjekkoslovakiske kommunistpartiet"},{"lang":"nb","url":"https://no.wikipedia.org/wiki/Tsjekkoslovakias_kommunistparti","*":"Tsjekkoslovakias kommunistparti"},{"lang":"pl","url":"https://pl.wikipedia.org/wiki/Komunistyczna_Partia_Czechos%C5%82owacji","*":"Komunistyczna Partia Czechos\u0142owacji"},{"lang":"pt","url":"https://pt.wikipedia.org/wiki/Partido_Comunista_da_Checoslov%C3%A1quia","*":"Partido Comunista da Checoslov\u00e1quia"},{"lang":"ro","url":"https://ro.wikipedia.org/wiki/Partidul_Comunist_din_Cehoslovacia","*":"Partidul Comunist din Cehoslovacia"},{"lang":"ru","url":"https://ru.wikipedia.org/wiki/%D0%9A%D0%BE%D0%BC%D0%BC%D1%83%D0%BD%D0%B8%D1%81%D1%82%D0%B8%D1%87%D0%B5%D1%81%D0%BA%D0%B0%D1%8F_%D0%BF%D0%B0%D1%80%D1%82%D0%B8%D1%8F_%D0%A7%D0%B5%D1%85%D0%BE%D1%81%D0%BB%D0%BE%D0%B2%D0%B0%D0%BA%D0%B8%D0%B8","*":"\u041a\u043e\u043c\u043c\u0443\u043d\u0438\u0441\u0442\u0438\u0447\u0435\u0441\u043a\u0430\u044f \u043f\u0430\u0440\u0442\u0438\u044f \u0427\u0435\u0445\u043e\u0441\u043b\u043e\u0432\u0430\u043a\u0438\u0438"},{"lang":"rue","url":"https://rue.wikipedia.org/wiki/%D0%9A%D0%BE%D0%BC%D1%83%D0%BD%D0%B8%D1%81%D1%82%D0%B8%D1%87%D0%BD%D0%B0_%D0%BF%D0%B0%D1%80%D1%82%D0%B8%D1%8F_%D0%A7%D0%B5%D1%85%D0%BE%D1%81%D0%BB%D0%BE%D0%B2%D0%B0%D0%BA%D0%B8%D0%B8","*":"\u041a\u043e\u043c\u0443\u043d\u0438\u0441\u0442\u0438\u0447\u043d\u0430 \u043f\u0430\u0440\u0442\u0438\u044f \u0427\u0435\u0445\u043e\u0441\u043b\u043e\u0432\u0430\u043a\u0438\u0438"},{"lang":"sh","url":"https://sh.wikipedia.org/wiki/Komunisti%C4%8Dka_partija_%C4%8Cehoslova%C4%8Dke","*":"Komunisti\u010dka partija \u010cehoslova\u010dke"},{"lang":"sk","url":"https://sk.wikipedia.org/wiki/Komunistick%C3%A1_strana_%C4%8Cesko-Slovenska","*":"Komunistick\u00e1 strana \u010cesko-Slovenska"},{"lang":"sr","url":"https://sr.wikipedia.org/wiki/%D0%9A%D0%BE%D0%BC%D1%83%D0%BD%D0%B8%D1%81%D1%82%D0%B8%D1%87%D0%BA%D0%B0_%D0%BF%D0%B0%D1%80%D1%82%D0%B8%D1%98%D0%B0_%D0%A7%D0%B5%D1%85%D0%BE%D1%81%D0%BB%D0%BE%D0%B2%D0%B0%D1%87%D0%BA%D0%B5","*":"\u041a\u043e\u043c\u0443\u043d\u0438\u0441\u0442\u0438\u0447\u043a\u0430 \u043f\u0430\u0440\u0442\u0438\u0458\u0430 \u0427\u0435\u0445\u043e\u0441\u043b\u043e\u0432\u0430\u0447\u043a\u0435"},{"lang":"sv","url":"https://sv.wikipedia.org/wiki/Tjeckoslovakiens_kommunistiska_parti","*":"Tjeckoslovakiens kommunistiska parti"},{"lang":"th","url":"https://th.wikipedia.org/wiki/%E0%B8%9E%E0%B8%A3%E0%B8%A3%E0%B8%84%E0%B8%84%E0%B8%AD%E0%B8%A1%E0%B8%A1%E0%B8%B4%E0%B8%A7%E0%B8%99%E0%B8%B4%E0%B8%AA%E0%B8%95%E0%B9%8C%E0%B9%80%E0%B8%8A%E0%B9%82%E0%B8%81%E0%B8%AA%E0%B9%82%E0%B8%A5%E0%B8%A7%E0%B8%B2%E0%B9%80%E0%B8%81%E0%B8%B5%E0%B8%A2","*":"\u0e1e\u0e23\u0e23\u0e04\u0e04\u0e2d\u0e21\u0e21\u0e34\u0e27\u0e19\u0e34\u0e2a\u0e15\u0e4c\u0e40\u0e0a\u0e42\u0e01\u0e2a\u0e42\u0e25\u0e27\u0e32\u0e40\u0e01\u0e35\u0e22"},{"lang":"tr","url":"https://tr.wikipedia.org/wiki/%C3%87ekoslovakya_Kom%C3%BCnist_Partisi","*":"\u00c7ekoslovakya Kom\u00fcnist Partisi"},{"lang":"uk","url":"https://uk.wikipedia.org/wiki/%D0%9A%D0%BE%D0%BC%D1%83%D0%BD%D1%96%D1%81%D1%82%D0%B8%D1%87%D0%BD%D0%B0_%D0%BF%D0%B0%D1%80%D1%82%D1%96%D1%8F_%D0%A7%D0%B5%D1%85%D0%BE%D1%81%D0%BB%D0%BE%D0%B2%D0%B0%D1%87%D1%87%D0%B8%D0%BD%D0%B8","*":"\u041a\u043e\u043c\u0443\u043d\u0456\u0441\u0442\u0438\u0447\u043d\u0430 \u043f\u0430\u0440\u0442\u0456\u044f \u0427\u0435\u0445\u043e\u0441\u043b\u043e\u0432\u0430\u0447\u0447\u0438\u043d\u0438"},{"lang":"vi","url":"https://vi.wikipedia.org/wiki/%C4%90%E1%BA%A3ng_C%E1%BB%99ng_s%E1%BA%A3n_Ti%E1%BB%87p_Kh%E1%BA%AFc","*":"\u0110\u1ea3ng C\u1ed9ng s\u1ea3n Ti\u1ec7p Kh\u1eafc"},{"lang":"zh","url":"https://zh.wikipedia.org/wiki/%E6%8D%B7%E5%85%8B%E6%96%AF%E6%B4%9B%E4%BC%90%E5%85%8B%E5%85%B1%E7%94%A2%E9%BB%A8","*":"\u6377\u514b\u65af\u6d1b\u4f10\u514b\u5171\u7522\u9ee8"}]}}}}