{"partyfacts_id":1043,"batchcomplete":"","query":{"normalized":[{"from":"Latvian_Way","to":"Latvian Way"}],"pages":{"425573":{"pageid":425573,"ns":0,"title":"Latvian Way","langlinks":[{"lang":"ca","url":"https://ca.wikipedia.org/wiki/Via_Letona","*":"Via Letona"},{"lang":"de","url":"https://de.wikipedia.org/wiki/Latvijas_Ce%C4%BC%C5%A1","*":"Latvijas Ce\u013c\u0161"},{"lang":"eo","url":"https://eo.wikipedia.org/wiki/Latvia_Vojo","*":"Latvia Vojo"},{"lang":"es","url":"https://es.wikipedia.org/wiki/V%C3%ADa_Letona","*":"V\u00eda Letona"},{"lang":"fi","url":"https://fi.wikipedia.org/wiki/Latvian_tie","*":"Latvian tie"},{"lang":"fr","url":"https://fr.wikipedia.org/wiki/Voie_lettonne","*":"Voie lettonne"},{"lang":"it","url":"https://it.wikipedia.org/wiki/Via_Lettone","*":"Via Lettone"},{"lang":"lt","url":"https://lt.wikipedia.org/wiki/Latvijos_kelias","*":"Latvijos kelias"},{"lang":"lv","url":"https://lv.wikipedia.org/wiki/Latvijas_Ce%C4%BC%C5%A1","*":"Latvijas Ce\u013c\u0161"},{"lang":"nb","url":"https://no.wikipedia.org/wiki/Latvijas_Ce%C4%BC%C5%A1","*":"Latvijas Ce\u013c\u0161"},{"lang":"pl","url":"https://pl.wikipedia.org/wiki/%C5%81otewska_Droga","*":"\u0141otewska Droga"},{"lang":"ru","url":"https://ru.wikipedia.org/wiki/%D0%9B%D0%B0%D1%82%D0%B2%D0%B8%D0%B9%D1%81%D0%BA%D0%B8%D0%B9_%D0%BF%D1%83%D1%82%D1%8C","*":"\u041b\u0430\u0442\u0432\u0438\u0439\u0441\u043a\u0438\u0439 \u043f\u0443\u0442\u044c"},{"lang":"sv","url":"https://sv.wikipedia.org/wiki/Lettiska_v%C3%A4gen","*":"Lettiska v\u00e4gen"},{"lang":"zh","url":"https://zh.wikipedia.org/wiki/%E6%8B%89%E8%84%B1%E7%BB%B4%E4%BA%9A%E9%81%93%E8%B7%AF","*":"\u62c9\u8131\u7ef4\u4e9a\u9053\u8def"}]}}}}