{"partyfacts_id":1049,"batchcomplete":"","query":{"normalized":[{"from":"New_Zealand_Labour_Party","to":"New Zealand Labour Party"}],"pages":{"153190":{"pageid":153190,"ns":0,"title":"New Zealand Labour Party","langlinks":[{"lang":"ang","url":"https://ang.wikipedia.org/wiki/N%C4%ABwes_S%C7%A3landes_Weorces_St%C4%93orm%C7%A3lh%C4%93ap","*":"N\u012bwes S\u01e3landes Weorces St\u0113orm\u01e3lh\u0113ap"},{"lang":"ar","url":"https://ar.wikipedia.org/wiki/%D8%AD%D8%B2%D8%A8_%D8%A7%D9%84%D8%B9%D9%85%D8%A7%D9%84_%D8%A7%D9%84%D9%86%D9%8A%D9%88%D8%B2%D9%8A%D9%84%D9%86%D8%AF%D9%8A","*":"\u062d\u0632\u0628 \u0627\u0644\u0639\u0645\u0627\u0644 \u0627\u0644\u0646\u064a\u0648\u0632\u064a\u0644\u0646\u062f\u064a"},{"lang":"arz","url":"https://arz.wikipedia.org/wiki/%D8%AD%D8%B2%D8%A8_%D8%A7%D9%84%D8%B9%D9%85%D8%A7%D9%84_%D8%A7%D9%84%D9%86%D9%8A%D9%88%D8%B2%D9%8A%D9%84%D8%A7%D9%86%D8%AF%D9%89","*":"\u062d\u0632\u0628 \u0627\u0644\u0639\u0645\u0627\u0644 \u0627\u0644\u0646\u064a\u0648\u0632\u064a\u0644\u0627\u0646\u062f\u0649"},{"lang":"bg","url":"https://bg.wikipedia.org/wiki/%D0%9D%D0%BE%D0%B2%D0%BE%D0%B7%D0%B5%D0%BB%D0%B0%D0%BD%D0%B4%D1%81%D0%BA%D0%B0_%D0%BB%D0%B5%D0%B9%D0%B1%D1%8A%D1%80%D0%B8%D1%81%D1%82%D0%BA%D0%B0_%D0%BF%D0%B0%D1%80%D1%82%D0%B8%D1%8F","*":"\u041d\u043e\u0432\u043e\u0437\u0435\u043b\u0430\u043d\u0434\u0441\u043a\u0430 \u043b\u0435\u0439\u0431\u044a\u0440\u0438\u0441\u0442\u043a\u0430 \u043f\u0430\u0440\u0442\u0438\u044f"},{"lang":"ca","url":"https://ca.wikipedia.org/wiki/Partit_Laborista_de_Nova_Zelanda","*":"Partit Laborista de Nova Zelanda"},{"lang":"ckb","url":"https://ckb.wikipedia.org/wiki/%D9%BE%D8%A7%D8%B1%D8%AA%DB%8C_%DA%A9%D8%B1%DB%8E%DA%A9%D8%A7%D8%B1%D8%A7%D9%86_(%D9%86%DB%8C%D9%88%D8%B2%DB%8C%D9%84%D8%A7%D9%86%D8%AF)","*":"\u067e\u0627\u0631\u062a\u06cc \u06a9\u0631\u06ce\u06a9\u0627\u0631\u0627\u0646 (\u0646\u06cc\u0648\u0632\u06cc\u0644\u0627\u0646\u062f)"},{"lang":"cs","url":"https://cs.wikipedia.org/wiki/Novoz%C3%A9landsk%C3%A1_strana_pr%C3%A1ce","*":"Novoz\u00e9landsk\u00e1 strana pr\u00e1ce"},{"lang":"da","url":"https://da.wikipedia.org/wiki/New_Zealand_Labour_Party","*":"New Zealand Labour Party"},{"lang":"de","url":"https://de.wikipedia.org/wiki/New_Zealand_Labour_Party","*":"New Zealand Labour Party"},{"lang":"el","url":"https://el.wikipedia.org/wiki/%CE%95%CF%81%CE%B3%CE%B1%CF%84%CE%B9%CE%BA%CF%8C_%CE%9A%CF%8C%CE%BC%CE%BC%CE%B1_%CF%84%CE%B7%CF%82_%CE%9D%CE%AD%CE%B1%CF%82_%CE%96%CE%B7%CE%BB%CE%B1%CE%BD%CE%B4%CE%AF%CE%B1%CF%82","*":"\u0395\u03c1\u03b3\u03b1\u03c4\u03b9\u03ba\u03cc \u039a\u03cc\u03bc\u03bc\u03b1 \u03c4\u03b7\u03c2 \u039d\u03ad\u03b1\u03c2 \u0396\u03b7\u03bb\u03b1\u03bd\u03b4\u03af\u03b1\u03c2"},{"lang":"es","url":"https://es.wikipedia.org/wiki/Partido_Laborista_de_Nueva_Zelanda","*":"Partido Laborista de Nueva Zelanda"},{"lang":"fa","url":"https://fa.wikipedia.org/wiki/%D8%AD%D8%B2%D8%A8_%DA%A9%D8%A7%D8%B1%DA%AF%D8%B1_%D9%86%DB%8C%D9%88%D8%B2%DB%8C%D9%84%D9%86%D8%AF","*":"\u062d\u0632\u0628 \u06a9\u0627\u0631\u06af\u0631 \u0646\u06cc\u0648\u0632\u06cc\u0644\u0646\u062f"},{"lang":"fi","url":"https://fi.wikipedia.org/wiki/Uuden-Seelannin_ty%C3%B6v%C3%A4enpuolue","*":"Uuden-Seelannin ty\u00f6v\u00e4enpuolue"},{"lang":"fr","url":"https://fr.wikipedia.org/wiki/Parti_travailliste_de_Nouvelle-Z%C3%A9lande","*":"Parti travailliste de Nouvelle-Z\u00e9lande"},{"lang":"he","url":"https://he.wikipedia.org/wiki/%D7%9E%D7%A4%D7%9C%D7%92%D7%AA_%D7%94%D7%9C%D7%99%D7%99%D7%91%D7%95%D7%A8_%D7%A9%D7%9C_%D7%A0%D7%99%D7%95_%D7%96%D7%99%D7%9C%D7%A0%D7%93","*":"\u05de\u05e4\u05dc\u05d2\u05ea \u05d4\u05dc\u05d9\u05d9\u05d1\u05d5\u05e8 \u05e9\u05dc \u05e0\u05d9\u05d5 \u05d6\u05d9\u05dc\u05e0\u05d3"},{"lang":"hu","url":"https://hu.wikipedia.org/wiki/%C3%9Aj-z%C3%A9landi_Munk%C3%A1sp%C3%A1rt","*":"\u00daj-z\u00e9landi Munk\u00e1sp\u00e1rt"},{"lang":"id","url":"https://id.wikipedia.org/wiki/Partai_Buruh_Selandia_Baru","*":"Partai Buruh Selandia Baru"},{"lang":"it","url":"https://it.wikipedia.org/wiki/Partito_Laburista_della_Nuova_Zelanda","*":"Partito Laburista della Nuova Zelanda"},{"lang":"ja","url":"https://ja.wikipedia.org/wiki/%E3%83%8B%E3%83%A5%E3%83%BC%E3%82%B8%E3%83%BC%E3%83%A9%E3%83%B3%E3%83%89%E5%8A%B4%E5%83%8D%E5%85%9A","*":"\u30cb\u30e5\u30fc\u30b8\u30fc\u30e9\u30f3\u30c9\u52b4\u50cd\u515a"},{"lang":"ko","url":"https://ko.wikipedia.org/wiki/%EB%89%B4%EC%A7%88%EB%9E%9C%EB%93%9C_%EB%85%B8%EB%8F%99%EB%8B%B9","*":"\ub274\uc9c8\ub79c\ub4dc \ub178\ub3d9\ub2f9"},{"lang":"lt","url":"https://lt.wikipedia.org/wiki/Naujosios_Zelandijos_darbinink%C5%B3_partija","*":"Naujosios Zelandijos darbinink\u0173 partija"},{"lang":"mi","url":"https://mi.wikipedia.org/wiki/R%C5%8Dp%C5%AB_Reipa_o_Aotearoa","*":"R\u014dp\u016b Reipa o Aotearoa"},{"lang":"ms","url":"https://ms.wikipedia.org/wiki/Parti_Buruh_New_Zealand","*":"Parti Buruh New Zealand"},{"lang":"nl","url":"https://nl.wikipedia.org/wiki/New_Zealand_Labour_Party","*":"New Zealand Labour Party"},{"lang":"pa","url":"https://pa.wikipedia.org/wiki/%E0%A8%A8%E0%A8%BF%E0%A8%8A%E0%A8%9C%E0%A8%BC%E0%A9%80%E0%A8%B2%E0%A9%88%E0%A8%82%E0%A8%A1_%E0%A8%B2%E0%A9%87%E0%A8%AC%E0%A8%B0_%E0%A8%AA%E0%A8%BE%E0%A8%B0%E0%A8%9F%E0%A9%80","*":"\u0a28\u0a3f\u0a0a\u0a1c\u0a3c\u0a40\u0a32\u0a48\u0a02\u0a21 \u0a32\u0a47\u0a2c\u0a30 \u0a2a\u0a3e\u0a30\u0a1f\u0a40"},{"lang":"pl","url":"https://pl.wikipedia.org/wiki/Partia_Pracy_(Nowa_Zelandia)","*":"Partia Pracy (Nowa Zelandia)"},{"lang":"pt","url":"https://pt.wikipedia.org/wiki/Partido_Trabalhista_(Nova_Zel%C3%A2ndia)","*":"Partido Trabalhista (Nova Zel\u00e2ndia)"},{"lang":"ru","url":"https://ru.wikipedia.org/wiki/%D0%9B%D0%B5%D0%B9%D0%B1%D0%BE%D1%80%D0%B8%D1%81%D1%82%D1%81%D0%BA%D0%B0%D1%8F_%D0%BF%D0%B0%D1%80%D1%82%D0%B8%D1%8F_%D0%9D%D0%BE%D0%B2%D0%BE%D0%B9_%D0%97%D0%B5%D0%BB%D0%B0%D0%BD%D0%B4%D0%B8%D0%B8","*":"\u041b\u0435\u0439\u0431\u043e\u0440\u0438\u0441\u0442\u0441\u043a\u0430\u044f \u043f\u0430\u0440\u0442\u0438\u044f \u041d\u043e\u0432\u043e\u0439 \u0417\u0435\u043b\u0430\u043d\u0434\u0438\u0438"},{"lang":"sh","url":"https://sh.wikipedia.org/wiki/Laburisti%C4%8Dka_stranka_Novog_Zelanda","*":"Laburisti\u010dka stranka Novog Zelanda"},{"lang":"simple","url":"https://simple.wikipedia.org/wiki/New_Zealand_Labour_Party","*":"New Zealand Labour Party"},{"lang":"sr","url":"https://sr.wikipedia.org/wiki/%D0%9B%D0%B0%D0%B1%D1%83%D1%80%D0%B8%D1%81%D1%82%D0%B8%D1%87%D0%BA%D0%B0_%D1%81%D1%82%D1%80%D0%B0%D0%BD%D0%BA%D0%B0_%D0%9D%D0%BE%D0%B2%D0%BE%D0%B3_%D0%97%D0%B5%D0%BB%D0%B0%D0%BD%D0%B4%D0%B0","*":"\u041b\u0430\u0431\u0443\u0440\u0438\u0441\u0442\u0438\u0447\u043a\u0430 \u0441\u0442\u0440\u0430\u043d\u043a\u0430 \u041d\u043e\u0432\u043e\u0433 \u0417\u0435\u043b\u0430\u043d\u0434\u0430"},{"lang":"sv","url":"https://sv.wikipedia.org/wiki/New_Zealand_Labour_Party","*":"New Zealand Labour Party"},{"lang":"tr","url":"https://tr.wikipedia.org/wiki/Yeni_Zelanda_%C4%B0%C5%9F%C3%A7i_Partisi","*":"Yeni Zelanda \u0130\u015f\u00e7i Partisi"},{"lang":"uk","url":"https://uk.wikipedia.org/wiki/%D0%9B%D0%B5%D0%B9%D0%B1%D0%BE%D1%80%D0%B8%D1%81%D1%82%D1%81%D1%8C%D0%BA%D0%B0_%D0%BF%D0%B0%D1%80%D1%82%D1%96%D1%8F_%D0%9D%D0%BE%D0%B2%D0%BE%D1%97_%D0%97%D0%B5%D0%BB%D0%B0%D0%BD%D0%B4%D1%96%D1%97","*":"\u041b\u0435\u0439\u0431\u043e\u0440\u0438\u0441\u0442\u0441\u044c\u043a\u0430 \u043f\u0430\u0440\u0442\u0456\u044f \u041d\u043e\u0432\u043e\u0457 \u0417\u0435\u043b\u0430\u043d\u0434\u0456\u0457"},{"lang":"ur","url":"https://ur.wikipedia.org/wiki/%D9%86%DB%8C%D9%88%D8%B2%DB%8C_%D9%84%DB%8C%D9%86%DA%88_%D9%84%DB%8C%D8%A8%D8%B1_%D9%BE%D8%A7%D8%B1%D9%B9%DB%8C","*":"\u0646\u06cc\u0648\u0632\u06cc \u0644\u06cc\u0646\u0688 \u0644\u06cc\u0628\u0631 \u067e\u0627\u0631\u0679\u06cc"},{"lang":"zh","url":"https://zh.wikipedia.org/wiki/%E6%96%B0%E8%A5%BF%E5%85%B0%E5%B7%A5%E5%85%9A","*":"\u65b0\u897f\u5170\u5de5\u515a"}]}}}}