{"partyfacts_id":1055,"batchcomplete":"","query":{"normalized":[{"from":"Fianna_F\u00e1il","to":"Fianna F\u00e1il"}],"pages":{"11536":{"pageid":11536,"ns":0,"title":"Fianna F\u00e1il","langlinks":[{"lang":"ar","url":"https://ar.wikipedia.org/wiki/%D9%81%D9%8A%D8%A7%D9%86%D8%A7_%D9%81%D8%A7%D9%8A%D9%84","*":"\u0641\u064a\u0627\u0646\u0627 \u0641\u0627\u064a\u0644"},{"lang":"arz","url":"https://arz.wikipedia.org/wiki/%D9%81%D9%8A%D8%A7%D9%86%D8%A7_%D9%81%D8%A7%D9%8A%D9%84","*":"\u0641\u064a\u0627\u0646\u0627 \u0641\u0627\u064a\u0644"},{"lang":"bg","url":"https://bg.wikipedia.org/wiki/%D0%A4%D0%B8%D0%B0%D0%BD%D0%B0_%D0%A4%D0%B0%D0%B9%D0%BB","*":"\u0424\u0438\u0430\u043d\u0430 \u0424\u0430\u0439\u043b"},{"lang":"br","url":"https://br.wikipedia.org/wiki/Fianna_F%C3%A1il","*":"Fianna F\u00e1il"},{"lang":"ca","url":"https://ca.wikipedia.org/wiki/Fianna_F%C3%A1il","*":"Fianna F\u00e1il"},{"lang":"cs","url":"https://cs.wikipedia.org/wiki/Fianna_F%C3%A1il","*":"Fianna F\u00e1il"},{"lang":"cy","url":"https://cy.wikipedia.org/wiki/Fianna_F%C3%A1il","*":"Fianna F\u00e1il"},{"lang":"da","url":"https://da.wikipedia.org/wiki/Fianna_F%C3%A1il","*":"Fianna F\u00e1il"},{"lang":"de","url":"https://de.wikipedia.org/wiki/Fianna_F%C3%A1il","*":"Fianna F\u00e1il"},{"lang":"el","url":"https://el.wikipedia.org/wiki/%CE%A6%CE%AF%CE%B1%CE%BD%CE%B1_%CE%A6%CE%B1%CE%BB","*":"\u03a6\u03af\u03b1\u03bd\u03b1 \u03a6\u03b1\u03bb"},{"lang":"eo","url":"https://eo.wikipedia.org/wiki/Soldatoj_de_Irlando","*":"Soldatoj de Irlando"},{"lang":"es","url":"https://es.wikipedia.org/wiki/Fianna_F%C3%A1il","*":"Fianna F\u00e1il"},{"lang":"et","url":"https://et.wikipedia.org/wiki/Fianna_F%C3%A1il","*":"Fianna F\u00e1il"},{"lang":"eu","url":"https://eu.wikipedia.org/wiki/Fianna_F%C3%A1il","*":"Fianna F\u00e1il"},{"lang":"fi","url":"https://fi.wikipedia.org/wiki/Fianna_F%C3%A1il","*":"Fianna F\u00e1il"},{"lang":"fr","url":"https://fr.wikipedia.org/wiki/Fianna_F%C3%A1il","*":"Fianna F\u00e1il"},{"lang":"ga","url":"https://ga.wikipedia.org/wiki/Fianna_F%C3%A1il","*":"Fianna F\u00e1il"},{"lang":"gd","url":"https://gd.wikipedia.org/wiki/Fianna_F%C3%A1il","*":"Fianna F\u00e1il"},{"lang":"gl","url":"https://gl.wikipedia.org/wiki/Fianna_F%C3%A1il","*":"Fianna F\u00e1il"},{"lang":"gv","url":"https://gv.wikipedia.org/wiki/Fianna_F%C3%A1il","*":"Fianna F\u00e1il"},{"lang":"he","url":"https://he.wikipedia.org/wiki/%D7%A4%D7%99%D7%90%D7%A0%D7%94_%D7%A4%D7%95%D7%9C","*":"\u05e4\u05d9\u05d0\u05e0\u05d4 \u05e4\u05d5\u05dc"},{"lang":"hr","url":"https://hr.wikipedia.org/wiki/Fianna_F%C3%A1il","*":"Fianna F\u00e1il"},{"lang":"id","url":"https://id.wikipedia.org/wiki/Fianna_F%C3%A1il","*":"Fianna F\u00e1il"},{"lang":"is","url":"https://is.wikipedia.org/wiki/Fianna_F%C3%A1il","*":"Fianna F\u00e1il"},{"lang":"it","url":"https://it.wikipedia.org/wiki/Fianna_F%C3%A1il","*":"Fianna F\u00e1il"},{"lang":"ja","url":"https://ja.wikipedia.org/wiki/%E5%85%B1%E5%92%8C%E5%85%9A_(%E3%82%A2%E3%82%A4%E3%83%AB%E3%83%A9%E3%83%B3%E3%83%89)","*":"\u5171\u548c\u515a (\u30a2\u30a4\u30eb\u30e9\u30f3\u30c9)"},{"lang":"ko","url":"https://ko.wikipedia.org/wiki/%ED%94%BC%EC%96%B4%EB%84%88_%ED%8C%94","*":"\ud53c\uc5b4\ub108 \ud314"},{"lang":"ms","url":"https://ms.wikipedia.org/wiki/Fianna_F%C3%A1il","*":"Fianna F\u00e1il"},{"lang":"nl","url":"https://nl.wikipedia.org/wiki/Fianna_F%C3%A1il","*":"Fianna F\u00e1il"},{"lang":"nb","url":"https://no.wikipedia.org/wiki/Fianna_F%C3%A1il","*":"Fianna F\u00e1il"},{"lang":"pl","url":"https://pl.wikipedia.org/wiki/Fianna_F%C3%A1il","*":"Fianna F\u00e1il"},{"lang":"pt","url":"https://pt.wikipedia.org/wiki/Fianna_F%C3%A1il","*":"Fianna F\u00e1il"},{"lang":"ro","url":"https://ro.wikipedia.org/wiki/Fianna_F%C3%A1il","*":"Fianna F\u00e1il"},{"lang":"ru","url":"https://ru.wikipedia.org/wiki/%D0%A4%D0%B8%D0%B0%D0%BD%D0%BD%D0%B0_%D0%A4%D0%B0%D0%B9%D0%BB","*":"\u0424\u0438\u0430\u043d\u043d\u0430 \u0424\u0430\u0439\u043b"},{"lang":"scn","url":"https://scn.wikipedia.org/wiki/Fianna_F%C3%A1il","*":"Fianna F\u00e1il"},{"lang":"sco","url":"https://sco.wikipedia.org/wiki/Fianna_F%C3%A1il","*":"Fianna F\u00e1il"},{"lang":"sh","url":"https://sh.wikipedia.org/wiki/Fianna_F%C3%A1il","*":"Fianna F\u00e1il"},{"lang":"simple","url":"https://simple.wikipedia.org/wiki/Fianna_F%C3%A1il","*":"Fianna F\u00e1il"},{"lang":"sk","url":"https://sk.wikipedia.org/wiki/Fianna_F%C3%A1il","*":"Fianna F\u00e1il"},{"lang":"sr","url":"https://sr.wikipedia.org/wiki/%D0%A4%D0%B8%D1%98%D0%B0%D0%BD%D0%B0_%D0%A4%D0%BE%D0%BB","*":"\u0424\u0438\u0458\u0430\u043d\u0430 \u0424\u043e\u043b"},{"lang":"sv","url":"https://sv.wikipedia.org/wiki/Fianna_F%C3%A1il","*":"Fianna F\u00e1il"},{"lang":"tg","url":"https://tg.wikipedia.org/wiki/%D0%A4%D0%B8%D0%B0%D0%BD%D0%BD%D0%B0_%D0%A4%D0%B0%D0%B9%D0%BB","*":"\u0424\u0438\u0430\u043d\u043d\u0430 \u0424\u0430\u0439\u043b"},{"lang":"tr","url":"https://tr.wikipedia.org/wiki/Fianna_F%C3%A1il","*":"Fianna F\u00e1il"},{"lang":"uk","url":"https://uk.wikipedia.org/wiki/%D0%A4%D1%96%D0%B0%D0%BD%D0%BD%D0%B0_%D0%A4%D0%B0%D0%B9%D0%BB","*":"\u0424\u0456\u0430\u043d\u043d\u0430 \u0424\u0430\u0439\u043b"},{"lang":"ur","url":"https://ur.wikipedia.org/wiki/%D9%81%DB%8C%D8%A6%DB%8C%D9%86%D8%A7_%D9%81%D8%A7%D8%A6%D9%84","*":"\u0641\u06cc\u0626\u06cc\u0646\u0627 \u0641\u0627\u0626\u0644"},{"lang":"zh","url":"https://zh.wikipedia.org/wiki/%E5%85%B1%E5%92%8C%E9%BB%A8_(%E6%84%9B%E7%88%BE%E8%98%AD)","*":"\u5171\u548c\u9ee8 (\u611b\u723e\u862d)"}]}}}}