{"partyfacts_id":1058,"batchcomplete":"","query":{"normalized":[{"from":"Western_Australian_Party","to":"Western Australian Party"}],"pages":{"18442052":{"pageid":18442052,"ns":0,"title":"Western Australian Party","langlinks":[{"lang":"fr","url":"https://fr.wikipedia.org/wiki/Parti_d%27Australie-Occidentale","*":"Parti d'Australie-Occidentale"},{"lang":"pl","url":"https://pl.wikipedia.org/wiki/Western_Australian_Party","*":"Western Australian Party"},{"lang":"simple","url":"https://simple.wikipedia.org/wiki/Western_Australian_Party","*":"Western Australian Party"}]}}}}