{"partyfacts_id":1062,"batchcomplete":"","query":{"normalized":[{"from":"\u00c5land_Coalition","to":"\u00c5land Coalition"}],"pages":{"40802279":{"pageid":40802279,"ns":0,"title":"\u00c5land Coalition","langlinks":[{"lang":"es","url":"https://es.wikipedia.org/wiki/Coalici%C3%B3n_%C3%85land","*":"Coalici\u00f3n \u00c5land"},{"lang":"et","url":"https://et.wikipedia.org/wiki/%C3%85landi_koalitsioon","*":"\u00c5landi koalitsioon"},{"lang":"fi","url":"https://fi.wikipedia.org/wiki/%C3%85l%C3%A4ndsk_Samling","*":"\u00c5l\u00e4ndsk Samling"},{"lang":"fr","url":"https://fr.wikipedia.org/wiki/Coalition_%C3%A5landaise","*":"Coalition \u00e5landaise"},{"lang":"ja","url":"https://ja.wikipedia.org/wiki/%E3%82%AA%E3%83%BC%E3%83%A9%E3%83%B3%E3%83%89%E9%80%A3%E5%90%88","*":"\u30aa\u30fc\u30e9\u30f3\u30c9\u9023\u5408"},{"lang":"zh","url":"https://zh.wikipedia.org/wiki/%E5%A5%A5%E5%85%B0%E8%81%94%E7%9B%9F","*":"\u5965\u5170\u8054\u76df"}]}}}}