{"partyfacts_id":1063,"batchcomplete":"","query":{"normalized":[{"from":"Lithuanian_Christian_Democrats","to":"Lithuanian Christian Democrats"}],"pages":{"1906017":{"pageid":1906017,"ns":0,"title":"Lithuanian Christian Democrats","langlinks":[{"lang":"ca","url":"https://ca.wikipedia.org/wiki/Democristians_Lituans","*":"Democristians Lituans"},{"lang":"de","url":"https://de.wikipedia.org/wiki/Lietuvos_krik%C5%A1%C4%8Dionys_demokratai","*":"Lietuvos krik\u0161\u010dionys demokratai"},{"lang":"fi","url":"https://fi.wikipedia.org/wiki/Liettuan_kristillisdemokraatit","*":"Liettuan kristillisdemokraatit"},{"lang":"fr","url":"https://fr.wikipedia.org/wiki/Chr%C3%A9tiens-d%C3%A9mocrates_lituaniens","*":"Chr\u00e9tiens-d\u00e9mocrates lituaniens"},{"lang":"it","url":"https://it.wikipedia.org/wiki/Democratici_Cristiani_di_Lituania","*":"Democratici Cristiani di Lituania"},{"lang":"ja","url":"https://ja.wikipedia.org/wiki/%E3%83%AA%E3%83%88%E3%82%A2%E3%83%8B%E3%82%A2%E3%83%BB%E3%82%AD%E3%83%AA%E3%82%B9%E3%83%88%E6%95%99%E6%B0%91%E4%B8%BB%E5%85%9A","*":"\u30ea\u30c8\u30a2\u30cb\u30a2\u30fb\u30ad\u30ea\u30b9\u30c8\u6559\u6c11\u4e3b\u515a"},{"lang":"lt","url":"https://lt.wikipedia.org/wiki/Lietuvos_krik%C5%A1%C4%8Dionys_demokratai","*":"Lietuvos krik\u0161\u010dionys demokratai"},{"lang":"pl","url":"https://pl.wikipedia.org/wiki/Litewscy_Chrze%C5%9Bcija%C5%84scy_Demokraci","*":"Litewscy Chrze\u015bcija\u0144scy Demokraci"},{"lang":"pt","url":"https://pt.wikipedia.org/wiki/Democratas_Crist%C3%A3os_Lituanos","*":"Democratas Crist\u00e3os Lituanos"},{"lang":"ru","url":"https://ru.wikipedia.org/wiki/%D0%9B%D0%B8%D1%82%D0%BE%D0%B2%D1%81%D0%BA%D0%B8%D0%B5_%D1%85%D1%80%D0%B8%D1%81%D1%82%D0%B8%D0%B0%D0%BD%D1%81%D0%BA%D0%B8%D0%B5_%D0%B4%D0%B5%D0%BC%D0%BE%D0%BA%D1%80%D0%B0%D1%82%D1%8B","*":"\u041b\u0438\u0442\u043e\u0432\u0441\u043a\u0438\u0435 \u0445\u0440\u0438\u0441\u0442\u0438\u0430\u043d\u0441\u043a\u0438\u0435 \u0434\u0435\u043c\u043e\u043a\u0440\u0430\u0442\u044b"},{"lang":"sv","url":"https://sv.wikipedia.org/wiki/Litauiska_kristdemokrater","*":"Litauiska kristdemokrater"}]}}}}