{"partyfacts_id":1067,"batchcomplete":"","query":{"normalized":[{"from":"Welfare_Party","to":"Welfare Party"}],"pages":{"806337":{"pageid":806337,"ns":0,"title":"Welfare Party","langlinks":[{"lang":"ar","url":"https://ar.wikipedia.org/wiki/%D8%AD%D8%B2%D8%A8_%D8%A7%D9%84%D8%B1%D9%81%D8%A7%D9%87","*":"\u062d\u0632\u0628 \u0627\u0644\u0631\u0641\u0627\u0647"},{"lang":"az","url":"https://az.wikipedia.org/wiki/Rifah_Partiyas%C4%B1_(T%C3%BCrkiy%C9%99)","*":"Rifah Partiyas\u0131 (T\u00fcrkiy\u0259)"},{"lang":"bg","url":"https://bg.wikipedia.org/wiki/%D0%9F%D0%B0%D1%80%D1%82%D0%B8%D1%8F_%D0%BD%D0%B0_%D0%B1%D0%BB%D0%B0%D0%B3%D0%BE%D0%B4%D0%B5%D0%BD%D1%81%D1%82%D0%B2%D0%B8%D0%B5%D1%82%D0%BE","*":"\u041f\u0430\u0440\u0442\u0438\u044f \u043d\u0430 \u0431\u043b\u0430\u0433\u043e\u0434\u0435\u043d\u0441\u0442\u0432\u0438\u0435\u0442\u043e"},{"lang":"ca","url":"https://ca.wikipedia.org/wiki/Refah_Partisi","*":"Refah Partisi"},{"lang":"de","url":"https://de.wikipedia.org/wiki/Refah_Partisi","*":"Refah Partisi"},{"lang":"es","url":"https://es.wikipedia.org/wiki/Refah_Partisi","*":"Refah Partisi"},{"lang":"fr","url":"https://fr.wikipedia.org/wiki/Parti_du_bien-%C3%AAtre","*":"Parti du bien-\u00eatre"},{"lang":"id","url":"https://id.wikipedia.org/wiki/Partai_Refah","*":"Partai Refah"},{"lang":"it","url":"https://it.wikipedia.org/wiki/Partito_del_Benessere","*":"Partito del Benessere"},{"lang":"ja","url":"https://ja.wikipedia.org/wiki/%E7%A6%8F%E7%A5%89%E5%85%9A_(%E3%83%88%E3%83%AB%E3%82%B3)","*":"\u798f\u7949\u515a (\u30c8\u30eb\u30b3)"},{"lang":"nl","url":"https://nl.wikipedia.org/wiki/Welvaartspartij_(Turkije)","*":"Welvaartspartij (Turkije)"},{"lang":"ru","url":"https://ru.wikipedia.org/wiki/%D0%9F%D0%B0%D1%80%D1%82%D0%B8%D1%8F_%D0%B1%D0%BB%D0%B0%D0%B3%D0%BE%D0%B4%D0%B5%D0%BD%D1%81%D1%82%D0%B2%D0%B8%D1%8F","*":"\u041f\u0430\u0440\u0442\u0438\u044f \u0431\u043b\u0430\u0433\u043e\u0434\u0435\u043d\u0441\u0442\u0432\u0438\u044f"},{"lang":"tr","url":"https://tr.wikipedia.org/wiki/Refah_Partisi","*":"Refah Partisi"},{"lang":"zh","url":"https://zh.wikipedia.org/wiki/%E7%A6%8F%E5%88%A9%E9%BB%A8","*":"\u798f\u5229\u9ee8"}]}}}}