{"partyfacts_id":1072,"batchcomplete":"","query":{"normalized":[{"from":"Centre_Party_(Norway)","to":"Centre Party (Norway)"}],"pages":{"325477":{"pageid":325477,"ns":0,"title":"Centre Party (Norway)","langlinks":[{"lang":"ar","url":"https://ar.wikipedia.org/wiki/%D8%AD%D8%B2%D8%A8_%D8%A7%D9%84%D9%88%D8%B3%D8%B7_(%D8%A7%D9%84%D9%86%D8%B1%D9%88%D9%8A%D8%AC)","*":"\u062d\u0632\u0628 \u0627\u0644\u0648\u0633\u0637 (\u0627\u0644\u0646\u0631\u0648\u064a\u062c)"},{"lang":"bg","url":"https://bg.wikipedia.org/wiki/%D0%9F%D0%B0%D1%80%D1%82%D0%B8%D1%8F_%D0%BD%D0%B0_%D1%86%D0%B5%D0%BD%D1%82%D1%8A%D1%80%D0%B0_(%D0%9D%D0%BE%D1%80%D0%B2%D0%B5%D0%B3%D0%B8%D1%8F)","*":"\u041f\u0430\u0440\u0442\u0438\u044f \u043d\u0430 \u0446\u0435\u043d\u0442\u044a\u0440\u0430 (\u041d\u043e\u0440\u0432\u0435\u0433\u0438\u044f)"},{"lang":"ca","url":"https://ca.wikipedia.org/wiki/Partit_de_Centre_(Noruega)","*":"Partit de Centre (Noruega)"},{"lang":"cs","url":"https://cs.wikipedia.org/wiki/Strana_st%C5%99edu_(Norsko)","*":"Strana st\u0159edu (Norsko)"},{"lang":"da","url":"https://da.wikipedia.org/wiki/Senterpartiet","*":"Senterpartiet"},{"lang":"de","url":"https://de.wikipedia.org/wiki/Senterpartiet","*":"Senterpartiet"},{"lang":"el","url":"https://el.wikipedia.org/wiki/%CE%9A%CF%8C%CE%BC%CE%BC%CE%B1_%CE%9A%CE%AD%CE%BD%CF%84%CF%81%CE%BF%CF%85_(%CE%9D%CE%BF%CF%81%CE%B2%CE%B7%CE%B3%CE%AF%CE%B1)","*":"\u039a\u03cc\u03bc\u03bc\u03b1 \u039a\u03ad\u03bd\u03c4\u03c1\u03bf\u03c5 (\u039d\u03bf\u03c1\u03b2\u03b7\u03b3\u03af\u03b1)"},{"lang":"eo","url":"https://eo.wikipedia.org/wiki/Centra_Partio_(Norvegio)","*":"Centra Partio (Norvegio)"},{"lang":"es","url":"https://es.wikipedia.org/wiki/Partido_de_Centro_(Noruega)","*":"Partido de Centro (Noruega)"},{"lang":"et","url":"https://et.wikipedia.org/wiki/Keskpartei_(Norra)","*":"Keskpartei (Norra)"},{"lang":"eu","url":"https://eu.wikipedia.org/wiki/Zentroko_Alderdia_(Norvegia)","*":"Zentroko Alderdia (Norvegia)"},{"lang":"fi","url":"https://fi.wikipedia.org/wiki/Keskustapuolue_(Norja)","*":"Keskustapuolue (Norja)"},{"lang":"fr","url":"https://fr.wikipedia.org/wiki/Parti_du_centre_(Norv%C3%A8ge)","*":"Parti du centre (Norv\u00e8ge)"},{"lang":"he","url":"https://he.wikipedia.org/wiki/%D7%9E%D7%A4%D7%9C%D7%92%D7%AA_%D7%94%D7%9E%D7%A8%D7%9B%D7%96_(%D7%A0%D7%95%D7%A8%D7%95%D7%95%D7%92%D7%99%D7%94)","*":"\u05de\u05e4\u05dc\u05d2\u05ea \u05d4\u05de\u05e8\u05db\u05d6 (\u05e0\u05d5\u05e8\u05d5\u05d5\u05d2\u05d9\u05d4)"},{"lang":"it","url":"https://it.wikipedia.org/wiki/Partito_di_Centro_(Norvegia)","*":"Partito di Centro (Norvegia)"},{"lang":"ja","url":"https://ja.wikipedia.org/wiki/%E4%B8%AD%E5%A4%AE%E5%85%9A_(%E3%83%8E%E3%83%AB%E3%82%A6%E3%82%A7%E3%83%BC)","*":"\u4e2d\u592e\u515a (\u30ce\u30eb\u30a6\u30a7\u30fc)"},{"lang":"ko","url":"https://ko.wikipedia.org/wiki/%EC%A4%91%EC%95%99%EB%8B%B9_(%EB%85%B8%EB%A5%B4%EC%9B%A8%EC%9D%B4)","*":"\uc911\uc559\ub2f9 (\ub178\ub974\uc6e8\uc774)"},{"lang":"la","url":"https://la.wikipedia.org/wiki/Factio_centralis_(Norvegia)","*":"Factio centralis (Norvegia)"},{"lang":"nds","url":"https://nds.wikipedia.org/wiki/Senterpartiet","*":"Senterpartiet"},{"lang":"nl","url":"https://nl.wikipedia.org/wiki/Senterpartiet","*":"Senterpartiet"},{"lang":"nn","url":"https://nn.wikipedia.org/wiki/Senterpartiet","*":"Senterpartiet"},{"lang":"nb","url":"https://no.wikipedia.org/wiki/Senterpartiet","*":"Senterpartiet"},{"lang":"pl","url":"https://pl.wikipedia.org/wiki/Senterpartiet","*":"Senterpartiet"},{"lang":"pt","url":"https://pt.wikipedia.org/wiki/Partido_do_Centro_(Noruega)","*":"Partido do Centro (Noruega)"},{"lang":"ru","url":"https://ru.wikipedia.org/wiki/%D0%9F%D0%B0%D1%80%D1%82%D0%B8%D1%8F_%D0%A6%D0%B5%D0%BD%D1%82%D1%80%D0%B0_(%D0%9D%D0%BE%D1%80%D0%B2%D0%B5%D0%B3%D0%B8%D1%8F)","*":"\u041f\u0430\u0440\u0442\u0438\u044f \u0426\u0435\u043d\u0442\u0440\u0430 (\u041d\u043e\u0440\u0432\u0435\u0433\u0438\u044f)"},{"lang":"se","url":"https://se.wikipedia.org/wiki/Guovdd%C3%A1%C5%A1bellodat","*":"Guovdd\u00e1\u0161bellodat"},{"lang":"sv","url":"https://sv.wikipedia.org/wiki/Senterpartiet","*":"Senterpartiet"},{"lang":"uk","url":"https://uk.wikipedia.org/wiki/%D0%A6%D0%B5%D0%BD%D1%82%D1%80%D0%B8%D1%81%D1%82%D1%81%D1%8C%D0%BA%D0%B0_%D0%BF%D0%B0%D1%80%D1%82%D1%96%D1%8F_(%D0%9D%D0%BE%D1%80%D0%B2%D0%B5%D0%B3%D1%96%D1%8F)","*":"\u0426\u0435\u043d\u0442\u0440\u0438\u0441\u0442\u0441\u044c\u043a\u0430 \u043f\u0430\u0440\u0442\u0456\u044f (\u041d\u043e\u0440\u0432\u0435\u0433\u0456\u044f)"},{"lang":"zh","url":"https://zh.wikipedia.org/wiki/%E4%B8%AD%E9%97%B4%E5%85%9A_(%E6%8C%AA%E5%A8%81)","*":"\u4e2d\u95f4\u515a (\u632a\u5a01)"}]}}}}