{"partyfacts_id":1076,"batchcomplete":"","query":{"normalized":[{"from":"Progressive_Party_of_Working_People","to":"Progressive Party of Working People"}],"pages":{"356678":{"pageid":356678,"ns":0,"title":"Progressive Party of Working People","langlinks":[{"lang":"ar","url":"https://ar.wikipedia.org/wiki/%D8%A7%D9%84%D8%AD%D8%B2%D8%A8_%D8%A7%D9%84%D8%AA%D9%82%D8%AF%D9%85%D9%8A_%D9%84%D9%84%D8%B4%D8%B9%D8%A8_%D8%A7%D9%84%D8%B9%D8%A7%D9%85%D9%84","*":"\u0627\u0644\u062d\u0632\u0628 \u0627\u0644\u062a\u0642\u062f\u0645\u064a \u0644\u0644\u0634\u0639\u0628 \u0627\u0644\u0639\u0627\u0645\u0644"},{"lang":"ast","url":"https://ast.wikipedia.org/wiki/Part%C3%ADu_Progresista_del_Pueblu_Obreru","*":"Part\u00edu Progresista del Pueblu Obreru"},{"lang":"bg","url":"https://bg.wikipedia.org/wiki/%D0%9F%D1%80%D0%BE%D0%B3%D1%80%D0%B5%D1%81%D0%B8%D0%B2%D0%BD%D0%B0_%D0%BF%D0%B0%D1%80%D1%82%D0%B8%D1%8F_%D0%BD%D0%B0_%D1%80%D0%B0%D0%B1%D0%BE%D1%82%D0%B5%D1%89%D0%B8%D1%82%D0%B5_%D1%85%D0%BE%D1%80%D0%B0","*":"\u041f\u0440\u043e\u0433\u0440\u0435\u0441\u0438\u0432\u043d\u0430 \u043f\u0430\u0440\u0442\u0438\u044f \u043d\u0430 \u0440\u0430\u0431\u043e\u0442\u0435\u0449\u0438\u0442\u0435 \u0445\u043e\u0440\u0430"},{"lang":"bn","url":"https://bn.wikipedia.org/wiki/%E0%A6%B6%E0%A7%8D%E0%A6%B0%E0%A6%AE%E0%A6%9C%E0%A7%80%E0%A6%AC%E0%A6%BF_%E0%A6%89%E0%A6%A8%E0%A7%8D%E0%A6%A8%E0%A6%AF%E0%A6%BC%E0%A6%A8_%E0%A6%A6%E0%A6%B2_(%E0%A6%B8%E0%A6%BE%E0%A6%87%E0%A6%AA%E0%A7%8D%E0%A6%B0%E0%A6%BE%E0%A6%B8)","*":"\u09b6\u09cd\u09b0\u09ae\u099c\u09c0\u09ac\u09bf \u0989\u09a8\u09cd\u09a8\u09af\u09bc\u09a8 \u09a6\u09b2 (\u09b8\u09be\u0987\u09aa\u09cd\u09b0\u09be\u09b8)"},{"lang":"ca","url":"https://ca.wikipedia.org/wiki/Partit_Progressista_del_Poble_Treballador","*":"Partit Progressista del Poble Treballador"},{"lang":"cs","url":"https://cs.wikipedia.org/wiki/Pokrokov%C3%A1_strana_pracuj%C3%ADc%C3%ADho_lidu","*":"Pokrokov\u00e1 strana pracuj\u00edc\u00edho lidu"},{"lang":"cy","url":"https://cy.wikipedia.org/wiki/Plaid_Flaengar_y_Gweithwyr","*":"Plaid Flaengar y Gweithwyr"},{"lang":"da","url":"https://da.wikipedia.org/wiki/Det_progressive_arbejderparti","*":"Det progressive arbejderparti"},{"lang":"de","url":"https://de.wikipedia.org/wiki/Anorthotiko_Komma_Ergazomenou_Laou","*":"Anorthotiko Komma Ergazomenou Laou"},{"lang":"el","url":"https://el.wikipedia.org/wiki/%CE%91%CE%BD%CE%BF%CF%81%CE%B8%CF%89%CF%84%CE%B9%CE%BA%CF%8C_%CE%9A%CF%8C%CE%BC%CE%BC%CE%B1_%CE%95%CF%81%CE%B3%CE%B1%CE%B6%CF%8C%CE%BC%CE%B5%CE%BD%CE%BF%CF%85_%CE%9B%CE%B1%CE%BF%CF%8D","*":"\u0391\u03bd\u03bf\u03c1\u03b8\u03c9\u03c4\u03b9\u03ba\u03cc \u039a\u03cc\u03bc\u03bc\u03b1 \u0395\u03c1\u03b3\u03b1\u03b6\u03cc\u03bc\u03b5\u03bd\u03bf\u03c5 \u039b\u03b1\u03bf\u03cd"},{"lang":"eo","url":"https://eo.wikipedia.org/wiki/Progresa_Partio_de_la_Laboranta_Popolo","*":"Progresa Partio de la Laboranta Popolo"},{"lang":"es","url":"https://es.wikipedia.org/wiki/Partido_Progresista_del_Pueblo_Obrero","*":"Partido Progresista del Pueblo Obrero"},{"lang":"et","url":"https://et.wikipedia.org/wiki/T%C3%B6%C3%B6rahva_Progressiivne_Partei","*":"T\u00f6\u00f6rahva Progressiivne Partei"},{"lang":"fa","url":"https://fa.wikipedia.org/wiki/%D8%AD%D8%B2%D8%A8_%D9%85%D8%AA%D8%B1%D9%82%DB%8C_%D8%AE%D9%84%D9%82_%DA%A9%D8%A7%D8%B1%DA%AF%D8%B1","*":"\u062d\u0632\u0628 \u0645\u062a\u0631\u0642\u06cc \u062e\u0644\u0642 \u06a9\u0627\u0631\u06af\u0631"},{"lang":"fi","url":"https://fi.wikipedia.org/wiki/AKEL","*":"AKEL"},{"lang":"fr","url":"https://fr.wikipedia.org/wiki/Parti_progressiste_des_travailleurs","*":"Parti progressiste des travailleurs"},{"lang":"he","url":"https://he.wikipedia.org/wiki/%D7%94%D7%9E%D7%A4%D7%9C%D7%92%D7%94_%D7%94%D7%A4%D7%A8%D7%95%D7%92%D7%A8%D7%A1%D7%99%D7%91%D7%99%D7%AA_%D7%A9%D7%9C_%D7%94%D7%A2%D7%9D_%D7%94%D7%A2%D7%95%D7%91%D7%93","*":"\u05d4\u05de\u05e4\u05dc\u05d2\u05d4 \u05d4\u05e4\u05e8\u05d5\u05d2\u05e8\u05e1\u05d9\u05d1\u05d9\u05ea \u05e9\u05dc \u05d4\u05e2\u05dd \u05d4\u05e2\u05d5\u05d1\u05d3"},{"lang":"hi","url":"https://hi.wikipedia.org/wiki/%E0%A4%AE%E0%A4%9C%E0%A4%A6%E0%A5%82%E0%A4%B0_%E0%A4%9C%E0%A4%A8%E0%A4%A4%E0%A4%BE_%E0%A4%95%E0%A5%80_%E0%A4%AA%E0%A5%8D%E0%A4%B0%E0%A4%97%E0%A4%A4%E0%A4%BF%E0%A4%B6%E0%A5%80%E0%A4%B2_%E0%A4%AA%E0%A4%BE%E0%A4%B0%E0%A5%8D%E0%A4%9F%E0%A5%80","*":"\u092e\u091c\u0926\u0942\u0930 \u091c\u0928\u0924\u093e \u0915\u0940 \u092a\u094d\u0930\u0917\u0924\u093f\u0936\u0940\u0932 \u092a\u093e\u0930\u094d\u091f\u0940"},{"lang":"hu","url":"https://hu.wikipedia.org/wiki/Progressz%C3%ADv_Munk%C3%A1sp%C3%A1rt","*":"Progressz\u00edv Munk\u00e1sp\u00e1rt"},{"lang":"hy","url":"https://hy.wikipedia.org/wiki/%D4%BF%D5%AB%D5%BA%D6%80%D5%B8%D5%BD%D5%AB_%D5%A1%D5%B7%D5%AD%D5%A1%D5%BF%D5%A1%D5%BE%D5%B8%D6%80_%D5%AA%D5%B8%D5%B2%D5%B8%D5%BE%D6%80%D5%A4%D5%AB_%D5%A1%D5%BC%D5%A1%D5%BB%D5%A1%D5%A4%D5%AB%D5%B4%D5%A1%D5%AF%D5%A1%D5%B6_%D5%AF%D5%B8%D6%82%D5%BD%D5%A1%D5%AF%D6%81%D5%B8%D6%82%D5%A9%D5%B5%D5%B8%D6%82%D5%B6","*":"\u053f\u056b\u057a\u0580\u0578\u057d\u056b \u0561\u0577\u056d\u0561\u057f\u0561\u057e\u0578\u0580 \u056a\u0578\u0572\u0578\u057e\u0580\u0564\u056b \u0561\u057c\u0561\u057b\u0561\u0564\u056b\u0574\u0561\u056f\u0561\u0576 \u056f\u0578\u0582\u057d\u0561\u056f\u0581\u0578\u0582\u0569\u0575\u0578\u0582\u0576"},{"lang":"id","url":"https://id.wikipedia.org/wiki/Partai_Buruh_Progresif_(Siprus)","*":"Partai Buruh Progresif (Siprus)"},{"lang":"it","url":"https://it.wikipedia.org/wiki/Partito_Progressista_dei_Lavoratori","*":"Partito Progressista dei Lavoratori"},{"lang":"ja","url":"https://ja.wikipedia.org/wiki/%E5%8A%B4%E5%83%8D%E4%BA%BA%E6%B0%91%E9%80%B2%E6%AD%A9%E5%85%9A","*":"\u52b4\u50cd\u4eba\u6c11\u9032\u6b69\u515a"},{"lang":"ko","url":"https://ko.wikipedia.org/wiki/%EB%85%B8%EB%8F%99%EC%9D%B8%EB%AF%BC%EC%A7%84%EB%B3%B4%EB%8B%B9","*":"\ub178\ub3d9\uc778\ubbfc\uc9c4\ubcf4\ub2f9"},{"lang":"nl","url":"https://nl.wikipedia.org/wiki/Progressieve_Partij_van_de_Arbeiders","*":"Progressieve Partij van de Arbeiders"},{"lang":"pl","url":"https://pl.wikipedia.org/wiki/Post%C4%99powa_Partia_Ludzi_Pracy","*":"Post\u0119powa Partia Ludzi Pracy"},{"lang":"pms","url":"https://pms.wikipedia.org/wiki/AKEL","*":"AKEL"},{"lang":"pt","url":"https://pt.wikipedia.org/wiki/Partido_Progressista_do_Povo_Trabalhador","*":"Partido Progressista do Povo Trabalhador"},{"lang":"ru","url":"https://ru.wikipedia.org/wiki/%D0%9F%D1%80%D0%BE%D0%B3%D1%80%D0%B5%D1%81%D1%81%D0%B8%D0%B2%D0%BD%D0%B0%D1%8F_%D0%BF%D0%B0%D1%80%D1%82%D0%B8%D1%8F_%D1%82%D1%80%D1%83%D0%B4%D0%BE%D0%B2%D0%BE%D0%B3%D0%BE_%D0%BD%D0%B0%D1%80%D0%BE%D0%B4%D0%B0_%D0%9A%D0%B8%D0%BF%D1%80%D0%B0","*":"\u041f\u0440\u043e\u0433\u0440\u0435\u0441\u0441\u0438\u0432\u043d\u0430\u044f \u043f\u0430\u0440\u0442\u0438\u044f \u0442\u0440\u0443\u0434\u043e\u0432\u043e\u0433\u043e \u043d\u0430\u0440\u043e\u0434\u0430 \u041a\u0438\u043f\u0440\u0430"},{"lang":"sh","url":"https://sh.wikipedia.org/wiki/Napredna_stranka_radnog_naroda","*":"Napredna stranka radnog naroda"},{"lang":"sr","url":"https://sr.wikipedia.org/wiki/%D0%9D%D0%B0%D0%BF%D1%80%D0%B5%D0%B4%D0%BD%D0%B0_%D0%BF%D0%B0%D1%80%D1%82%D0%B8%D1%98%D0%B0_%D1%80%D0%B0%D0%B4%D0%BD%D0%BE%D0%B3_%D0%BD%D0%B0%D1%80%D0%BE%D0%B4%D0%B0","*":"\u041d\u0430\u043f\u0440\u0435\u0434\u043d\u0430 \u043f\u0430\u0440\u0442\u0438\u0458\u0430 \u0440\u0430\u0434\u043d\u043e\u0433 \u043d\u0430\u0440\u043e\u0434\u0430"},{"lang":"sv","url":"https://sv.wikipedia.org/wiki/Arbetande_folkets_progressiva_parti","*":"Arbetande folkets progressiva parti"},{"lang":"ta","url":"https://ta.wikipedia.org/wiki/%E0%AE%89%E0%AE%B4%E0%AF%88%E0%AE%95%E0%AF%8D%E0%AE%95%E0%AF%81%E0%AE%AE%E0%AF%8D_%E0%AE%AE%E0%AE%95%E0%AF%8D%E0%AE%95%E0%AE%B3%E0%AE%BF%E0%AE%A9%E0%AF%8D_%E0%AE%AE%E0%AF%81%E0%AE%B1%E0%AF%8D%E0%AE%AA%E0%AF%8B%E0%AE%95%E0%AF%8D%E0%AE%95%E0%AF%81_%E0%AE%95%E0%AE%9F%E0%AF%8D%E0%AE%9A%E0%AE%BF","*":"\u0b89\u0bb4\u0bc8\u0b95\u0bcd\u0b95\u0bc1\u0bae\u0bcd \u0bae\u0b95\u0bcd\u0b95\u0bb3\u0bbf\u0ba9\u0bcd \u0bae\u0bc1\u0bb1\u0bcd\u0baa\u0bcb\u0b95\u0bcd\u0b95\u0bc1 \u0b95\u0b9f\u0bcd\u0b9a\u0bbf"},{"lang":"tl","url":"https://tl.wikipedia.org/wiki/AKEL","*":"AKEL"},{"lang":"tr","url":"https://tr.wikipedia.org/wiki/AKEL","*":"AKEL"},{"lang":"uk","url":"https://uk.wikipedia.org/wiki/%D0%9F%D1%80%D0%BE%D0%B3%D1%80%D0%B5%D1%81%D0%B8%D0%B2%D0%BD%D0%B0_%D0%BF%D0%B0%D1%80%D1%82%D1%96%D1%8F_%D1%82%D1%80%D1%83%D0%B4%D0%BE%D0%B2%D0%BE%D0%B3%D0%BE_%D0%BD%D0%B0%D1%80%D0%BE%D0%B4%D1%83_%D0%9A%D1%96%D0%BF%D1%80%D1%83","*":"\u041f\u0440\u043e\u0433\u0440\u0435\u0441\u0438\u0432\u043d\u0430 \u043f\u0430\u0440\u0442\u0456\u044f \u0442\u0440\u0443\u0434\u043e\u0432\u043e\u0433\u043e \u043d\u0430\u0440\u043e\u0434\u0443 \u041a\u0456\u043f\u0440\u0443"},{"lang":"ur","url":"https://ur.wikipedia.org/wiki/%D9%BE%D8%B1%D9%88%DA%AF%D8%B1%DB%8C%D8%B3%D9%88_%D9%BE%D8%A7%D8%B1%D9%B9%DB%8C_%D8%A2%D9%81_%D9%88%D8%B1%DA%A9%D9%86%DA%AF_%D9%BE%DB%8C%D9%BE%D9%84","*":"\u067e\u0631\u0648\u06af\u0631\u06cc\u0633\u0648 \u067e\u0627\u0631\u0679\u06cc \u0622\u0641 \u0648\u0631\u06a9\u0646\u06af \u067e\u06cc\u067e\u0644"},{"lang":"vi","url":"https://vi.wikipedia.org/wiki/%C4%90%E1%BA%A3ng_Ti%E1%BA%BFn_b%E1%BB%99_Nh%C3%A2n_d%C3%A2n_lao_%C4%91%E1%BB%99ng","*":"\u0110\u1ea3ng Ti\u1ebfn b\u1ed9 Nh\u00e2n d\u00e2n lao \u0111\u1ed9ng"},{"lang":"zh","url":"https://zh.wikipedia.org/wiki/%E5%8A%B3%E5%8A%A8%E4%BA%BA%E6%B0%91%E8%BF%9B%E6%AD%A5%E5%85%9A","*":"\u52b3\u52a8\u4eba\u6c11\u8fdb\u6b65\u515a"}]}}}}