{"partyfacts_id":1079,"batchcomplete":"","query":{"normalized":[{"from":"Communist_Party_of_Norway","to":"Communist Party of Norway"}],"pages":{"2037826":{"pageid":2037826,"ns":0,"title":"Communist Party of Norway","langlinks":[{"lang":"ca","url":"https://ca.wikipedia.org/wiki/Partit_Comunista_de_Noruega","*":"Partit Comunista de Noruega"},{"lang":"da","url":"https://da.wikipedia.org/wiki/Norges_Kommunistiske_Parti","*":"Norges Kommunistiske Parti"},{"lang":"de","url":"https://de.wikipedia.org/wiki/Norges_Kommunistiske_Parti","*":"Norges Kommunistiske Parti"},{"lang":"el","url":"https://el.wikipedia.org/wiki/%CE%9A%CE%BF%CE%BC%CE%BC%CE%BF%CF%85%CE%BD%CE%B9%CF%83%CF%84%CE%B9%CE%BA%CF%8C_%CE%9A%CF%8C%CE%BC%CE%BC%CE%B1_%CE%9D%CE%BF%CF%81%CE%B2%CE%B7%CE%B3%CE%AF%CE%B1%CF%82","*":"\u039a\u03bf\u03bc\u03bc\u03bf\u03c5\u03bd\u03b9\u03c3\u03c4\u03b9\u03ba\u03cc \u039a\u03cc\u03bc\u03bc\u03b1 \u039d\u03bf\u03c1\u03b2\u03b7\u03b3\u03af\u03b1\u03c2"},{"lang":"es","url":"https://es.wikipedia.org/wiki/Partido_Comunista_de_Noruega","*":"Partido Comunista de Noruega"},{"lang":"et","url":"https://et.wikipedia.org/wiki/Norra_Kommunistlik_Partei","*":"Norra Kommunistlik Partei"},{"lang":"fr","url":"https://fr.wikipedia.org/wiki/Parti_communiste_norv%C3%A9gien","*":"Parti communiste norv\u00e9gien"},{"lang":"it","url":"https://it.wikipedia.org/wiki/Partito_Comunista_di_Norvegia","*":"Partito Comunista di Norvegia"},{"lang":"ky","url":"https://ky.wikipedia.org/wiki/%D0%9D%D0%BE%D1%80%D0%B2%D0%B5%D0%B3%D0%B8%D1%8F_%D0%BA%D0%BE%D0%BC%D0%BC%D1%83%D0%BD%D0%B8%D1%81%D1%82%D1%82%D0%B8%D0%BA_%D0%BF%D0%B0%D1%80%D1%82%D0%B8%D1%8F%D1%81%D1%8B","*":"\u041d\u043e\u0440\u0432\u0435\u0433\u0438\u044f \u043a\u043e\u043c\u043c\u0443\u043d\u0438\u0441\u0442\u0442\u0438\u043a \u043f\u0430\u0440\u0442\u0438\u044f\u0441\u044b"},{"lang":"nn","url":"https://nn.wikipedia.org/wiki/Norges_Kommunistiske_Parti","*":"Norges Kommunistiske Parti"},{"lang":"nb","url":"https://no.wikipedia.org/wiki/Norges_Kommunistiske_Parti","*":"Norges Kommunistiske Parti"},{"lang":"pl","url":"https://pl.wikipedia.org/wiki/Norweska_Partia_Komunistyczna","*":"Norweska Partia Komunistyczna"},{"lang":"ru","url":"https://ru.wikipedia.org/wiki/%D0%9A%D0%BE%D0%BC%D0%BC%D1%83%D0%BD%D0%B8%D1%81%D1%82%D0%B8%D1%87%D0%B5%D1%81%D0%BA%D0%B0%D1%8F_%D0%BF%D0%B0%D1%80%D1%82%D0%B8%D1%8F_%D0%9D%D0%BE%D1%80%D0%B2%D0%B5%D0%B3%D0%B8%D0%B8","*":"\u041a\u043e\u043c\u043c\u0443\u043d\u0438\u0441\u0442\u0438\u0447\u0435\u0441\u043a\u0430\u044f \u043f\u0430\u0440\u0442\u0438\u044f \u041d\u043e\u0440\u0432\u0435\u0433\u0438\u0438"},{"lang":"sv","url":"https://sv.wikipedia.org/wiki/Norges_Kommunistiska_Parti","*":"Norges Kommunistiska Parti"},{"lang":"uk","url":"https://uk.wikipedia.org/wiki/%D0%9A%D0%BE%D0%BC%D1%83%D0%BD%D1%96%D1%81%D1%82%D0%B8%D1%87%D0%BD%D0%B0_%D0%BF%D0%B0%D1%80%D1%82%D1%96%D1%8F_%D0%9D%D0%BE%D1%80%D0%B2%D0%B5%D0%B3%D1%96%D1%97","*":"\u041a\u043e\u043c\u0443\u043d\u0456\u0441\u0442\u0438\u0447\u043d\u0430 \u043f\u0430\u0440\u0442\u0456\u044f \u041d\u043e\u0440\u0432\u0435\u0433\u0456\u0457"},{"lang":"zh","url":"https://zh.wikipedia.org/wiki/%E6%8C%AA%E5%A8%81%E5%85%B1%E4%BA%A7%E5%85%9A","*":"\u632a\u5a01\u5171\u4ea7\u515a"}]}}}}