{"partyfacts_id":1085,"batchcomplete":"","query":{"normalized":[{"from":"List_of_political_parties_in_Romania","to":"List of political parties in Romania"}],"pages":{"392903":{"pageid":392903,"ns":0,"title":"List of political parties in Romania","langlinks":[{"lang":"ar","url":"https://ar.wikipedia.org/wiki/%D9%82%D8%A7%D8%A6%D9%85%D8%A9_%D8%A7%D9%84%D8%A3%D8%AD%D8%B2%D8%A7%D8%A8_%D8%A7%D9%84%D8%B3%D9%8A%D8%A7%D8%B3%D9%8A%D8%A9_%D9%81%D9%8A_%D8%B1%D9%88%D9%85%D8%A7%D9%86%D9%8A%D8%A7","*":"\u0642\u0627\u0626\u0645\u0629 \u0627\u0644\u0623\u062d\u0632\u0627\u0628 \u0627\u0644\u0633\u064a\u0627\u0633\u064a\u0629 \u0641\u064a \u0631\u0648\u0645\u0627\u0646\u064a\u0627"},{"lang":"ast","url":"https://ast.wikipedia.org/wiki/Llista_de_part%C3%ADos_pol%C3%ADticos_de_Ruman%C3%ADa","*":"Llista de part\u00edos pol\u00edticos de Ruman\u00eda"},{"lang":"bg","url":"https://bg.wikipedia.org/wiki/%D0%A1%D0%BF%D0%B8%D1%81%D1%8A%D0%BA_%D0%BD%D0%B0_%D0%BF%D0%BE%D0%BB%D0%B8%D1%82%D0%B8%D1%87%D0%B5%D1%81%D0%BA%D0%B8%D1%82%D0%B5_%D0%BF%D0%B0%D1%80%D1%82%D0%B8%D0%B8_%D0%B2_%D0%A0%D1%83%D0%BC%D1%8A%D0%BD%D0%B8%D1%8F","*":"\u0421\u043f\u0438\u0441\u044a\u043a \u043d\u0430 \u043f\u043e\u043b\u0438\u0442\u0438\u0447\u0435\u0441\u043a\u0438\u0442\u0435 \u043f\u0430\u0440\u0442\u0438\u0438 \u0432 \u0420\u0443\u043c\u044a\u043d\u0438\u044f"},{"lang":"cs","url":"https://cs.wikipedia.org/wiki/Politick%C3%A9_strany_v_Rumunsku","*":"Politick\u00e9 strany v Rumunsku"},{"lang":"da","url":"https://da.wikipedia.org/wiki/Politiske_partier_i_Rum%C3%A6nien","*":"Politiske partier i Rum\u00e6nien"},{"lang":"fi","url":"https://fi.wikipedia.org/wiki/Luettelo_Romanian_puolueista","*":"Luettelo Romanian puolueista"},{"lang":"fr","url":"https://fr.wikipedia.org/wiki/Partis_politiques_de_Roumanie","*":"Partis politiques de Roumanie"},{"lang":"hu","url":"https://hu.wikipedia.org/wiki/Rom%C3%A1niai_politikai_szervezetek_list%C3%A1ja","*":"Rom\u00e1niai politikai szervezetek list\u00e1ja"},{"lang":"it","url":"https://it.wikipedia.org/wiki/Partiti_politici_in_Romania","*":"Partiti politici in Romania"},{"lang":"ko","url":"https://ko.wikipedia.org/wiki/%EB%A3%A8%EB%A7%88%EB%8B%88%EC%95%84%EC%9D%98_%EC%A0%95%EB%8B%B9","*":"\ub8e8\ub9c8\ub2c8\uc544\uc758 \uc815\ub2f9"},{"lang":"nl","url":"https://nl.wikipedia.org/wiki/Politieke_partijen_in_Roemeni%C3%AB","*":"Politieke partijen in Roemeni\u00eb"},{"lang":"nb","url":"https://no.wikipedia.org/wiki/Liste_over_politiske_partier_i_Romania","*":"Liste over politiske partier i Romania"},{"lang":"ro","url":"https://ro.wikipedia.org/wiki/List%C4%83_de_partide_politice_din_Rom%C3%A2nia","*":"List\u0103 de partide politice din Rom\u00e2nia"},{"lang":"sv","url":"https://sv.wikipedia.org/wiki/Lista_%C3%B6ver_politiska_partier_i_Rum%C3%A4nien","*":"Lista \u00f6ver politiska partier i Rum\u00e4nien"},{"lang":"zh","url":"https://zh.wikipedia.org/wiki/%E7%BD%97%E9%A9%AC%E5%B0%BC%E4%BA%9A%E6%94%BF%E5%85%9A%E5%88%97%E8%A1%A8","*":"\u7f57\u9a6c\u5c3c\u4e9a\u653f\u515a\u5217\u8868"}]}}}}