{"partyfacts_id":1089,"batchcomplete":"","query":{"pages":{"158006":{"pageid":158006,"ns":0,"title":"Dixiecrat","langlinks":[{"lang":"de","url":"https://de.wikipedia.org/wiki/Dixiecrat","*":"Dixiecrat"},{"lang":"eml","url":"https://eml.wikipedia.org/wiki/Dixiecrat","*":"Dixiecrat"},{"lang":"es","url":"https://es.wikipedia.org/wiki/Dixiecrat","*":"Dixiecrat"},{"lang":"fi","url":"https://fi.wikipedia.org/wiki/Dixiecrat","*":"Dixiecrat"},{"lang":"fr","url":"https://fr.wikipedia.org/wiki/Dixiecrat","*":"Dixiecrat"},{"lang":"id","url":"https://id.wikipedia.org/wiki/Dixiecrat","*":"Dixiecrat"},{"lang":"it","url":"https://it.wikipedia.org/wiki/Dixiecrat","*":"Dixiecrat"},{"lang":"ja","url":"https://ja.wikipedia.org/wiki/%E5%B7%9E%E6%A8%A9%E6%B0%91%E4%B8%BB%E5%85%9A","*":"\u5dde\u6a29\u6c11\u4e3b\u515a"},{"lang":"ko","url":"https://ko.wikipedia.org/wiki/%EC%A3%BC%EA%B6%8C%EB%AF%BC%EC%A3%BC%EB%8B%B9","*":"\uc8fc\uad8c\ubbfc\uc8fc\ub2f9"},{"lang":"nb","url":"https://no.wikipedia.org/wiki/Dixiekratene","*":"Dixiekratene"},{"lang":"pl","url":"https://pl.wikipedia.org/wiki/Dixiecrat","*":"Dixiecrat"},{"lang":"pt","url":"https://pt.wikipedia.org/wiki/Dixiecrat","*":"Dixiecrat"},{"lang":"ru","url":"https://ru.wikipedia.org/wiki/%D0%94%D0%B8%D0%BA%D1%81%D0%B8%D0%BA%D1%80%D0%B0%D1%82%D1%8B","*":"\u0414\u0438\u043a\u0441\u0438\u043a\u0440\u0430\u0442\u044b"},{"lang":"simple","url":"https://simple.wikipedia.org/wiki/Dixiecrat","*":"Dixiecrat"},{"lang":"sv","url":"https://sv.wikipedia.org/wiki/Dixiekraterna","*":"Dixiekraterna"},{"lang":"uk","url":"https://uk.wikipedia.org/wiki/%D0%94%D1%96%D0%BA%D1%81%D1%96%D0%BA%D1%80%D0%B0%D1%82%D0%B8","*":"\u0414\u0456\u043a\u0441\u0456\u043a\u0440\u0430\u0442\u0438"},{"lang":"ur","url":"https://ur.wikipedia.org/wiki/%DA%88%DB%8C%DA%A9%D8%B3%DB%8C%DA%A9%D8%B1%DB%8C%D9%B9","*":"\u0688\u06cc\u06a9\u0633\u06cc\u06a9\u0631\u06cc\u0679"},{"lang":"zh","url":"https://zh.wikipedia.org/wiki/%E7%8B%84%E5%85%8B%E8%A5%BF%E9%BB%A8","*":"\u72c4\u514b\u897f\u9ee8"}]}}}}