{"partyfacts_id":109,"batchcomplete":"","query":{"pages":{"603648":{"pageid":603648,"ns":0,"title":"Mapai","langlinks":[{"lang":"ar","url":"https://ar.wikipedia.org/wiki/%D9%85%D8%A7%D8%A8%D8%A7%D9%8A","*":"\u0645\u0627\u0628\u0627\u064a"},{"lang":"az","url":"https://az.wikipedia.org/wiki/Mapay","*":"Mapay"},{"lang":"bg","url":"https://bg.wikipedia.org/wiki/%D0%9C%D0%B0%D0%BF%D0%B0%D0%B8","*":"\u041c\u0430\u043f\u0430\u0438"},{"lang":"ca","url":"https://ca.wikipedia.org/wiki/Mapai","*":"Mapai"},{"lang":"cs","url":"https://cs.wikipedia.org/wiki/Mapaj","*":"Mapaj"},{"lang":"da","url":"https://da.wikipedia.org/wiki/Mapai","*":"Mapai"},{"lang":"de","url":"https://de.wikipedia.org/wiki/Mapai","*":"Mapai"},{"lang":"es","url":"https://es.wikipedia.org/wiki/Mapai_(partido_pol%C3%ADtico)","*":"Mapai (partido pol\u00edtico)"},{"lang":"fa","url":"https://fa.wikipedia.org/wiki/%D9%85%D8%A7%D9%BE%D8%A7%DB%8C","*":"\u0645\u0627\u067e\u0627\u06cc"},{"lang":"fr","url":"https://fr.wikipedia.org/wiki/Mapa%C3%AF","*":"Mapa\u00ef"},{"lang":"he","url":"https://he.wikipedia.org/wiki/%D7%9E%D7%A4%D7%90%22%D7%99","*":"\u05de\u05e4\u05d0\"\u05d9"},{"lang":"id","url":"https://id.wikipedia.org/wiki/Mapai","*":"Mapai"},{"lang":"it","url":"https://it.wikipedia.org/wiki/Mapai","*":"Mapai"},{"lang":"ja","url":"https://ja.wikipedia.org/wiki/%E3%83%9E%E3%83%91%E3%82%A4","*":"\u30de\u30d1\u30a4"},{"lang":"jv","url":"https://jv.wikipedia.org/wiki/Mapai","*":"Mapai"},{"lang":"ms","url":"https://ms.wikipedia.org/wiki/Mapai","*":"Mapai"},{"lang":"nb","url":"https://no.wikipedia.org/wiki/Mapai","*":"Mapai"},{"lang":"pl","url":"https://pl.wikipedia.org/wiki/Mapai","*":"Mapai"},{"lang":"pt","url":"https://pt.wikipedia.org/wiki/Mapai","*":"Mapai"},{"lang":"ru","url":"https://ru.wikipedia.org/wiki/%D0%9C%D0%90%D0%9F%D0%90%D0%99","*":"\u041c\u0410\u041f\u0410\u0419"},{"lang":"simple","url":"https://simple.wikipedia.org/wiki/Mapai","*":"Mapai"},{"lang":"sk","url":"https://sk.wikipedia.org/wiki/Mapaj","*":"Mapaj"},{"lang":"sv","url":"https://sv.wikipedia.org/wiki/Mapai","*":"Mapai"},{"lang":"uk","url":"https://uk.wikipedia.org/wiki/%D0%9C%D0%B0%D0%BF%D0%B0%D0%B9","*":"\u041c\u0430\u043f\u0430\u0439"},{"lang":"yi","url":"https://yi.wikipedia.org/wiki/%D7%9E%D7%A4%D7%90%22%D7%99","*":"\u05de\u05e4\u05d0\"\u05d9"},{"lang":"zh","url":"https://zh.wikipedia.org/wiki/%E4%BB%A5%E8%89%B2%E5%88%97%E5%9C%B0%E5%B7%A5%E4%BA%BA%E5%85%9A","*":"\u4ee5\u8272\u5217\u5730\u5de5\u4eba\u515a"}]}}}}