{"partyfacts_id":11,"batchcomplete":"","query":{"normalized":[{"from":"Christian_Democratic_Party_(El_Salvador)","to":"Christian Democratic Party (El Salvador)"}],"pages":{"2251630":{"pageid":2251630,"ns":0,"title":"Christian Democratic Party (El Salvador)","langlinks":[{"lang":"ca","url":"https://ca.wikipedia.org/wiki/Partit_Dem%C3%B2crata_Cristi%C3%A0_(El_Salvador)","*":"Partit Dem\u00f2crata Cristi\u00e0 (El Salvador)"},{"lang":"de","url":"https://de.wikipedia.org/wiki/Partido_Dem%C3%B3crata_Cristiano_(El_Salvador)","*":"Partido Dem\u00f3crata Cristiano (El Salvador)"},{"lang":"es","url":"https://es.wikipedia.org/wiki/Partido_Dem%C3%B3crata_Cristiano_(El_Salvador)","*":"Partido Dem\u00f3crata Cristiano (El Salvador)"},{"lang":"fr","url":"https://fr.wikipedia.org/wiki/Parti_d%C3%A9mocrate-chr%C3%A9tien_du_Salvador","*":"Parti d\u00e9mocrate-chr\u00e9tien du Salvador"},{"lang":"it","url":"https://it.wikipedia.org/wiki/Partito_Democratico_Cristiano_(El_Salvador)","*":"Partito Democratico Cristiano (El Salvador)"},{"lang":"nl","url":"https://nl.wikipedia.org/wiki/Christendemocratische_Partij_(El_Salvador)","*":"Christendemocratische Partij (El Salvador)"},{"lang":"pl","url":"https://pl.wikipedia.org/wiki/Partia_Chrze%C5%9Bcija%C5%84sko-Demokratyczna_(Salwador)","*":"Partia Chrze\u015bcija\u0144sko-Demokratyczna (Salwador)"},{"lang":"pt","url":"https://pt.wikipedia.org/wiki/Partido_Democrata-Crist%C3%A3o_(El_Salvador)","*":"Partido Democrata-Crist\u00e3o (El Salvador)"},{"lang":"ru","url":"https://ru.wikipedia.org/wiki/%D0%A5%D1%80%D0%B8%D1%81%D1%82%D0%B8%D0%B0%D0%BD%D1%81%D0%BA%D0%BE-%D0%B4%D0%B5%D0%BC%D0%BE%D0%BA%D1%80%D0%B0%D1%82%D0%B8%D1%87%D0%B5%D1%81%D0%BA%D0%B0%D1%8F_%D0%BF%D0%B0%D1%80%D1%82%D0%B8%D1%8F_(%D0%A1%D0%B0%D0%BB%D1%8C%D0%B2%D0%B0%D0%B4%D0%BE%D1%80)","*":"\u0425\u0440\u0438\u0441\u0442\u0438\u0430\u043d\u0441\u043a\u043e-\u0434\u0435\u043c\u043e\u043a\u0440\u0430\u0442\u0438\u0447\u0435\u0441\u043a\u0430\u044f \u043f\u0430\u0440\u0442\u0438\u044f (\u0421\u0430\u043b\u044c\u0432\u0430\u0434\u043e\u0440)"}]}}}}