{"partyfacts_id":110,"batchcomplete":"","query":{"normalized":[{"from":"People's_Union_of_Estonia","to":"People's Union of Estonia"}],"pages":{"379562":{"pageid":379562,"ns":0,"title":"People's Union of Estonia","langlinks":[{"lang":"bg","url":"https://bg.wikipedia.org/wiki/%D0%9D%D0%B0%D1%80%D0%BE%D0%B4%D0%B5%D0%BD_%D1%81%D1%8A%D1%8E%D0%B7_%D0%BD%D0%B0_%D0%95%D1%81%D1%82%D0%BE%D0%BD%D0%B8%D1%8F","*":"\u041d\u0430\u0440\u043e\u0434\u0435\u043d \u0441\u044a\u044e\u0437 \u043d\u0430 \u0415\u0441\u0442\u043e\u043d\u0438\u044f"},{"lang":"ca","url":"https://ca.wikipedia.org/wiki/Uni%C3%B3_del_Poble_Estoni%C3%A0","*":"Uni\u00f3 del Poble Estoni\u00e0"},{"lang":"de","url":"https://de.wikipedia.org/wiki/Rahvaliit","*":"Rahvaliit"},{"lang":"eo","url":"https://eo.wikipedia.org/wiki/Popola_Unio_de_Estonio","*":"Popola Unio de Estonio"},{"lang":"es","url":"https://es.wikipedia.org/wiki/Uni%C3%B3n_Popular_de_Estonia","*":"Uni\u00f3n Popular de Estonia"},{"lang":"et","url":"https://et.wikipedia.org/wiki/Eestimaa_Rahvaliit","*":"Eestimaa Rahvaliit"},{"lang":"fi","url":"https://fi.wikipedia.org/wiki/Viron_Kansanliitto","*":"Viron Kansanliitto"},{"lang":"fr","url":"https://fr.wikipedia.org/wiki/Union_populaire_estonienne","*":"Union populaire estonienne"},{"lang":"it","url":"https://it.wikipedia.org/wiki/Unione_Popolare_Estone","*":"Unione Popolare Estone"},{"lang":"lv","url":"https://lv.wikipedia.org/wiki/Igaunijas_Tautas_savien%C4%ABba","*":"Igaunijas Tautas savien\u012bba"},{"lang":"nl","url":"https://nl.wikipedia.org/wiki/Volksunie_van_Estland","*":"Volksunie van Estland"},{"lang":"nb","url":"https://no.wikipedia.org/wiki/Den_estiske_folkeunionen","*":"Den estiske folkeunionen"},{"lang":"pl","url":"https://pl.wikipedia.org/wiki/Esto%C5%84ski_Zwi%C4%85zek_Ludowy","*":"Esto\u0144ski Zwi\u0105zek Ludowy"},{"lang":"ro","url":"https://ro.wikipedia.org/wiki/Uniunea_Poporului_Eston","*":"Uniunea Poporului Eston"},{"lang":"ru","url":"https://ru.wikipedia.org/wiki/%D0%9D%D0%B0%D1%80%D0%BE%D0%B4%D0%BD%D1%8B%D0%B9_%D1%81%D0%BE%D1%8E%D0%B7_%D0%AD%D1%81%D1%82%D0%BE%D0%BD%D0%B8%D0%B8","*":"\u041d\u0430\u0440\u043e\u0434\u043d\u044b\u0439 \u0441\u043e\u044e\u0437 \u042d\u0441\u0442\u043e\u043d\u0438\u0438"},{"lang":"sv","url":"https://sv.wikipedia.org/wiki/Estlands_folkunion","*":"Estlands folkunion"},{"lang":"uk","url":"https://uk.wikipedia.org/wiki/%D0%9D%D0%B0%D1%80%D0%BE%D0%B4%D0%BD%D0%B8%D0%B9_%D1%81%D0%BE%D1%8E%D0%B7_%D0%95%D1%81%D1%82%D0%BE%D0%BD%D1%96%D1%97","*":"\u041d\u0430\u0440\u043e\u0434\u043d\u0438\u0439 \u0441\u043e\u044e\u0437 \u0415\u0441\u0442\u043e\u043d\u0456\u0457"},{"lang":"zh","url":"https://zh.wikipedia.org/wiki/%E6%84%9B%E6%B2%99%E5%B0%BC%E4%BA%9E%E4%BA%BA%E6%B0%91%E8%81%AF%E7%9B%9F","*":"\u611b\u6c99\u5c3c\u4e9e\u4eba\u6c11\u806f\u76df"}]}}}}