{"partyfacts_id":1102,"batchcomplete":"","query":{"normalized":[{"from":"Christian_Historical_Union","to":"Christian Historical Union"}],"pages":{"1058673":{"pageid":1058673,"ns":0,"title":"Christian Historical Union","langlinks":[{"lang":"ca","url":"https://ca.wikipedia.org/wiki/Uni%C3%B3_Cristiana_Hist%C3%B2rica","*":"Uni\u00f3 Cristiana Hist\u00f2rica"},{"lang":"cs","url":"https://cs.wikipedia.org/wiki/K%C5%99es%C5%A5ansk%C3%A1_historick%C3%A1_unie","*":"K\u0159es\u0165ansk\u00e1 historick\u00e1 unie"},{"lang":"de","url":"https://de.wikipedia.org/wiki/Christelijk-Historische_Unie","*":"Christelijk-Historische Unie"},{"lang":"fr","url":"https://fr.wikipedia.org/wiki/Union_chr%C3%A9tienne_historique","*":"Union chr\u00e9tienne historique"},{"lang":"fy","url":"https://fy.wikipedia.org/wiki/Kristlik-Histoaryske_Uny","*":"Kristlik-Histoaryske Uny"},{"lang":"it","url":"https://it.wikipedia.org/wiki/Unione_Cristiana-Storica","*":"Unione Cristiana-Storica"},{"lang":"ko","url":"https://ko.wikipedia.org/wiki/%EA%B8%B0%EB%8F%85%EA%B5%90%EC%97%AD%EC%82%AC%EC%97%B0%ED%95%A9","*":"\uae30\ub3c5\uad50\uc5ed\uc0ac\uc5f0\ud569"},{"lang":"nl","url":"https://nl.wikipedia.org/wiki/Christelijk-Historische_Unie","*":"Christelijk-Historische Unie"},{"lang":"nb","url":"https://no.wikipedia.org/wiki/Christelijk-Historische_Unie","*":"Christelijk-Historische Unie"},{"lang":"sv","url":"https://sv.wikipedia.org/wiki/Kristliga_Historiska_Unionen","*":"Kristliga Historiska Unionen"},{"lang":"ta","url":"https://ta.wikipedia.org/wiki/%E0%AE%95%E0%AE%BF%E0%AE%B1%E0%AE%BF%E0%AE%B8%E0%AF%8D%E0%AE%A4%E0%AE%B5_%E0%AE%B5%E0%AE%B0%E0%AE%B2%E0%AE%BE%E0%AE%B1%E0%AF%8D%E0%AE%B1%E0%AF%81_%E0%AE%92%E0%AE%A9%E0%AF%8D%E0%AE%B1%E0%AE%BF%E0%AE%AF%E0%AE%AE%E0%AF%8D","*":"\u0b95\u0bbf\u0bb1\u0bbf\u0bb8\u0bcd\u0ba4\u0bb5 \u0bb5\u0bb0\u0bb2\u0bbe\u0bb1\u0bcd\u0bb1\u0bc1 \u0b92\u0ba9\u0bcd\u0bb1\u0bbf\u0baf\u0bae\u0bcd"},{"lang":"th","url":"https://th.wikipedia.org/wiki/%E0%B8%AA%E0%B8%AB%E0%B8%A0%E0%B8%B2%E0%B8%9E%E0%B8%9B%E0%B8%A3%E0%B8%B0%E0%B8%A7%E0%B8%B1%E0%B8%95%E0%B8%B4%E0%B8%A8%E0%B8%B2%E0%B8%AA%E0%B8%95%E0%B8%A3%E0%B9%8C%E0%B8%84%E0%B8%A3%E0%B8%B4%E0%B8%AA%E0%B9%80%E0%B8%95%E0%B8%B5%E0%B8%A2%E0%B8%99","*":"\u0e2a\u0e2b\u0e20\u0e32\u0e1e\u0e1b\u0e23\u0e30\u0e27\u0e31\u0e15\u0e34\u0e28\u0e32\u0e2a\u0e15\u0e23\u0e4c\u0e04\u0e23\u0e34\u0e2a\u0e40\u0e15\u0e35\u0e22\u0e19"},{"lang":"zea","url":"https://zea.wikipedia.org/wiki/Christelek-Historische_Unie","*":"Christelek-Historische Unie"}]}}}}