{"partyfacts_id":1109,"batchcomplete":"","query":{"normalized":[{"from":"Japan_Renewal_Party","to":"Japan Renewal Party"}],"pages":{"1557651":{"pageid":1557651,"ns":0,"title":"Japan Renewal Party","langlinks":[{"lang":"ar","url":"https://ar.wikipedia.org/wiki/%D8%AD%D8%B2%D8%A8_%D8%A7%D9%84%D8%AA%D8%AC%D8%AF%D8%AF_%D8%A7%D9%84%D9%8A%D8%A7%D8%A8%D8%A7%D9%86%D9%8A","*":"\u062d\u0632\u0628 \u0627\u0644\u062a\u062c\u062f\u062f \u0627\u0644\u064a\u0627\u0628\u0627\u0646\u064a"},{"lang":"de","url":"https://de.wikipedia.org/wiki/Erneuerungspartei","*":"Erneuerungspartei"},{"lang":"es","url":"https://es.wikipedia.org/wiki/Partido_de_la_Renovaci%C3%B3n","*":"Partido de la Renovaci\u00f3n"},{"lang":"fr","url":"https://fr.wikipedia.org/wiki/Shinseit%C5%8D","*":"Shinseit\u014d"},{"lang":"ja","url":"https://ja.wikipedia.org/wiki/%E6%96%B0%E7%94%9F%E5%85%9A","*":"\u65b0\u751f\u515a"},{"lang":"ko","url":"https://ko.wikipedia.org/wiki/%EC%8B%A0%EC%83%9D%EB%8B%B9","*":"\uc2e0\uc0dd\ub2f9"},{"lang":"zh","url":"https://zh.wikipedia.org/wiki/%E6%96%B0%E7%94%9F%E9%BB%A8","*":"\u65b0\u751f\u9ee8"}]}}}}