{"partyfacts_id":1112,"batchcomplete":"","query":{"pages":{"16903":{"pageid":16903,"ns":0,"title":"Kuomintang","langlinks":[{"lang":"af","url":"https://af.wikipedia.org/wiki/Kuomintang","*":"Kuomintang"},{"lang":"ar","url":"https://ar.wikipedia.org/wiki/%D8%A7%D9%84%D9%83%D9%88%D9%85%D9%8A%D9%86%D8%AA%D8%A7%D9%86%D8%BA","*":"\u0627\u0644\u0643\u0648\u0645\u064a\u0646\u062a\u0627\u0646\u063a"},{"lang":"arz","url":"https://arz.wikipedia.org/wiki/%D8%A7%D9%84%D9%83%D9%88%D9%85%D9%8A%D9%86%D8%AA%D8%A7%D9%86%D8%AC","*":"\u0627\u0644\u0643\u0648\u0645\u064a\u0646\u062a\u0627\u0646\u062c"},{"lang":"ast","url":"https://ast.wikipedia.org/wiki/Kuomintang","*":"Kuomintang"},{"lang":"az","url":"https://az.wikipedia.org/wiki/Homindan","*":"Homindan"},{"lang":"be","url":"https://be.wikipedia.org/wiki/%D0%93%D0%B0%D0%BC%D1%96%D0%BD%D1%8C%D0%B4%D0%B0%D0%BD","*":"\u0413\u0430\u043c\u0456\u043d\u044c\u0434\u0430\u043d"},{"lang":"bg","url":"https://bg.wikipedia.org/wiki/%D0%93%D0%BE%D0%BC%D0%B8%D0%BD%D0%B4%D0%B0%D0%BD","*":"\u0413\u043e\u043c\u0438\u043d\u0434\u0430\u043d"},{"lang":"br","url":"https://br.wikipedia.org/wiki/Kuomintang","*":"Kuomintang"},{"lang":"bs","url":"https://bs.wikipedia.org/wiki/Kuomintang","*":"Kuomintang"},{"lang":"bxr","url":"https://bxr.wikipedia.org/wiki/%D0%93%D0%BE%D0%BC%D0%B8%D0%BD%D1%8C%D0%B4%D0%B0%D0%BD","*":"\u0413\u043e\u043c\u0438\u043d\u044c\u0434\u0430\u043d"},{"lang":"ca","url":"https://ca.wikipedia.org/wiki/Guomindang","*":"Guomindang"},{"lang":"cdo","url":"https://cdo.wikipedia.org/wiki/D%E1%B9%B3%CC%86ng-gu%C3%B3k_Gu%C3%B3k-m%C3%ACng-d%C5%8Dng","*":"D\u1e73\u0306ng-gu\u00f3k Gu\u00f3k-m\u00ecng-d\u014dng"},{"lang":"cs","url":"https://cs.wikipedia.org/wiki/Kuomintang","*":"Kuomintang"},{"lang":"da","url":"https://da.wikipedia.org/wiki/Kuomintang","*":"Kuomintang"},{"lang":"de","url":"https://de.wikipedia.org/wiki/Kuomintang","*":"Kuomintang"},{"lang":"el","url":"https://el.wikipedia.org/wiki/%CE%9A%CE%BF%CF%85%CE%BF%CE%BC%CE%B9%CE%BD%CF%84%CE%AC%CE%BD%CE%B3%CE%BA","*":"\u039a\u03bf\u03c5\u03bf\u03bc\u03b9\u03bd\u03c4\u03ac\u03bd\u03b3\u03ba"},{"lang":"eo","url":"https://eo.wikipedia.org/wiki/Kuomintango","*":"Kuomintango"},{"lang":"es","url":"https://es.wikipedia.org/wiki/Kuomintang","*":"Kuomintang"},{"lang":"et","url":"https://et.wikipedia.org/wiki/Guomindang","*":"Guomindang"},{"lang":"eu","url":"https://eu.wikipedia.org/wiki/Kuomintang","*":"Kuomintang"},{"lang":"fa","url":"https://fa.wikipedia.org/wiki/%DA%A9%D9%88%D9%85%DB%8C%D9%86%D8%AA%D8%A7%D9%86%DA%AF","*":"\u06a9\u0648\u0645\u06cc\u0646\u062a\u0627\u0646\u06af"},{"lang":"fi","url":"https://fi.wikipedia.org/wiki/Kuomintang","*":"Kuomintang"},{"lang":"fr","url":"https://fr.wikipedia.org/wiki/Kuomintang","*":"Kuomintang"},{"lang":"gan","url":"https://gan.wikipedia.org/wiki/%E4%B8%AD%E5%9C%8B%E5%9C%8B%E6%B0%91%E9%BB%A8","*":"\u4e2d\u570b\u570b\u6c11\u9ee8"},{"lang":"hak","url":"https://hak.wikipedia.org/wiki/Ch%C3%BBng-koet_Koet-m%C3%ACn_T%C3%B3ng","*":"Ch\u00fbng-koet Koet-m\u00ecn T\u00f3ng"},{"lang":"he","url":"https://he.wikipedia.org/wiki/%D7%A7%D7%95%D7%95%D7%9E%D7%99%D7%A0%D7%98%D7%A0%D7%92","*":"\u05e7\u05d5\u05d5\u05de\u05d9\u05e0\u05d8\u05e0\u05d2"},{"lang":"hi","url":"https://hi.wikipedia.org/wiki/%E0%A4%97%E0%A5%81%E0%A4%93%E0%A4%AE%E0%A4%BF%E0%A4%82%E0%A4%A6%E0%A4%BE%E0%A4%82%E0%A4%97","*":"\u0917\u0941\u0913\u092e\u093f\u0902\u0926\u093e\u0902\u0917"},{"lang":"hr","url":"https://hr.wikipedia.org/wiki/Kuomintang","*":"Kuomintang"},{"lang":"hu","url":"https://hu.wikipedia.org/wiki/Kuomintang","*":"Kuomintang"},{"lang":"hy","url":"https://hy.wikipedia.org/wiki/%D4%B3%D5%B8%D5%B4%D5%AB%D5%B6%D5%A4%D5%A1%D5%B6","*":"\u0533\u0578\u0574\u056b\u0576\u0564\u0561\u0576"},{"lang":"id","url":"https://id.wikipedia.org/wiki/Kuomintang","*":"Kuomintang"},{"lang":"is","url":"https://is.wikipedia.org/wiki/Kuomintang","*":"Kuomintang"},{"lang":"it","url":"https://it.wikipedia.org/wiki/Kuomintang","*":"Kuomintang"},{"lang":"ja","url":"https://ja.wikipedia.org/wiki/%E4%B8%AD%E5%9B%BD%E5%9B%BD%E6%B0%91%E5%85%9A","*":"\u4e2d\u56fd\u56fd\u6c11\u515a"},{"lang":"jv","url":"https://jv.wikipedia.org/wiki/Kuomintang","*":"Kuomintang"},{"lang":"kk","url":"https://kk.wikipedia.org/wiki/%D0%93%D0%BE%D0%BC%D0%B8%D0%BD%D1%8C%D0%B4%D0%B0%D0%BD","*":"\u0413\u043e\u043c\u0438\u043d\u044c\u0434\u0430\u043d"},{"lang":"ko","url":"https://ko.wikipedia.org/wiki/%EC%A4%91%EA%B5%AD_%EA%B5%AD%EB%AF%BC%EB%8B%B9","*":"\uc911\uad6d \uad6d\ubbfc\ub2f9"},{"lang":"ky","url":"https://ky.wikipedia.org/wiki/%D0%93%D0%BE%D0%BC%D0%B8%D0%BD%D1%8C%D0%B4%D0%B0%D0%BD","*":"\u0413\u043e\u043c\u0438\u043d\u044c\u0434\u0430\u043d"},{"lang":"la","url":"https://la.wikipedia.org/wiki/Kuomintang","*":"Kuomintang"},{"lang":"lad","url":"https://lad.wikipedia.org/wiki/Kuomintang","*":"Kuomintang"},{"lang":"lt","url":"https://lt.wikipedia.org/wiki/Gomindanas","*":"Gomindanas"},{"lang":"lv","url":"https://lv.wikipedia.org/wiki/Gomi%C5%86dan","*":"Gomi\u0146dan"},{"lang":"ml","url":"https://ml.wikipedia.org/wiki/%E0%B4%95%E0%B5%81%E0%B4%AE%E0%B4%BF%E0%B4%82%E0%B4%97%E0%B5%8D%E0%B4%A4%E0%B4%BE%E0%B4%99%E0%B5%8D","*":"\u0d15\u0d41\u0d2e\u0d3f\u0d02\u0d17\u0d4d\u0d24\u0d3e\u0d19\u0d4d"},{"lang":"mn","url":"https://mn.wikipedia.org/wiki/%D0%93%D0%BE%D0%BC%D0%B8%D0%BD%D0%B4%D0%B0%D0%BD","*":"\u0413\u043e\u043c\u0438\u043d\u0434\u0430\u043d"},{"lang":"ms","url":"https://ms.wikipedia.org/wiki/Kuomintang","*":"Kuomintang"},{"lang":"my","url":"https://my.wikipedia.org/wiki/%E1%80%80%E1%80%BD%E1%80%94%E1%80%BA%E1%80%99%E1%80%84%E1%80%BA%E1%80%90%E1%80%94%E1%80%BA%E1%80%95%E1%80%AB%E1%80%90%E1%80%AE","*":"\u1000\u103d\u1014\u103a\u1019\u1004\u103a\u1010\u1014\u103a\u1015\u102b\u1010\u102e"},{"lang":"nl","url":"https://nl.wikipedia.org/wiki/Kwomintang","*":"Kwomintang"},{"lang":"nn","url":"https://nn.wikipedia.org/wiki/Kuomintang","*":"Kuomintang"},{"lang":"nb","url":"https://no.wikipedia.org/wiki/Kuomintang","*":"Kuomintang"},{"lang":"pam","url":"https://pam.wikipedia.org/wiki/Kuomintang","*":"Kuomintang"},{"lang":"pl","url":"https://pl.wikipedia.org/wiki/Kuomintang","*":"Kuomintang"},{"lang":"pnb","url":"https://pnb.wikipedia.org/wiki/%DA%A9%D9%88%D9%85%D9%86%D8%AA%D8%A7%D9%86%DA%AF","*":"\u06a9\u0648\u0645\u0646\u062a\u0627\u0646\u06af"},{"lang":"pt","url":"https://pt.wikipedia.org/wiki/Kuomintang","*":"Kuomintang"},{"lang":"ro","url":"https://ro.wikipedia.org/wiki/Kuomintang","*":"Kuomintang"},{"lang":"ru","url":"https://ru.wikipedia.org/wiki/%D0%93%D0%BE%D0%BC%D0%B8%D0%BD%D1%8C%D0%B4%D0%B0%D0%BD","*":"\u0413\u043e\u043c\u0438\u043d\u044c\u0434\u0430\u043d"},{"lang":"sco","url":"https://sco.wikipedia.org/wiki/Kuomintang","*":"Kuomintang"},{"lang":"sh","url":"https://sh.wikipedia.org/wiki/Kuomintang","*":"Kuomintang"},{"lang":"simple","url":"https://simple.wikipedia.org/wiki/Kuomintang","*":"Kuomintang"},{"lang":"sk","url":"https://sk.wikipedia.org/wiki/Kuomintang","*":"Kuomintang"},{"lang":"sl","url":"https://sl.wikipedia.org/wiki/Kuomintang","*":"Kuomintang"},{"lang":"sr","url":"https://sr.wikipedia.org/wiki/%D0%9A%D1%83%D0%BE%D0%BC%D0%B8%D0%BD%D1%82%D0%B0%D0%BD%D0%B3","*":"\u041a\u0443\u043e\u043c\u0438\u043d\u0442\u0430\u043d\u0433"},{"lang":"sv","url":"https://sv.wikipedia.org/wiki/Kuomintang","*":"Kuomintang"},{"lang":"sw","url":"https://sw.wikipedia.org/wiki/Kuomintang","*":"Kuomintang"},{"lang":"ta","url":"https://ta.wikipedia.org/wiki/%E0%AE%95%E0%AF%81%E0%AE%B5%E0%AF%8B%E0%AE%AE%E0%AE%BF%E0%AE%A9%E0%AF%8D%E0%AE%9F%E0%AE%BE%E0%AE%99%E0%AF%8D","*":"\u0b95\u0bc1\u0bb5\u0bcb\u0bae\u0bbf\u0ba9\u0bcd\u0b9f\u0bbe\u0b99\u0bcd"},{"lang":"tg","url":"https://tg.wikipedia.org/wiki/%D0%93%D0%BE%D0%BC%D0%B8%D0%BD%D0%B4%D0%B0%D0%BD","*":"\u0413\u043e\u043c\u0438\u043d\u0434\u0430\u043d"},{"lang":"th","url":"https://th.wikipedia.org/wiki/%E0%B8%81%E0%B9%8A%E0%B8%81%E0%B8%A1%E0%B8%B4%E0%B8%99%E0%B8%95%E0%B8%B1%E0%B9%8B%E0%B8%87","*":"\u0e01\u0e4a\u0e01\u0e21\u0e34\u0e19\u0e15\u0e31\u0e4b\u0e07"},{"lang":"tl","url":"https://tl.wikipedia.org/wiki/Kuomintang","*":"Kuomintang"},{"lang":"tr","url":"https://tr.wikipedia.org/wiki/Kuomintang","*":"Kuomintang"},{"lang":"ug","url":"https://ug.wikipedia.org/wiki/%D8%AC%DB%87%DA%AD%DA%AF%D9%88_%DA%AF%D9%88%D9%85%D9%89%D9%86%D8%AF%D8%A7%DA%AD_%D9%BE%D8%A7%D8%B1%D8%AA%D9%89%D9%8A%D9%89%D8%B3%D9%89","*":"\u062c\u06c7\u06ad\u06af\u0648 \u06af\u0648\u0645\u0649\u0646\u062f\u0627\u06ad \u067e\u0627\u0631\u062a\u0649\u064a\u0649\u0633\u0649"},{"lang":"uk","url":"https://uk.wikipedia.org/wiki/%D0%93%D0%BE%D0%BC%D1%96%D0%BD%D0%B4%D0%B0%D0%BD","*":"\u0413\u043e\u043c\u0456\u043d\u0434\u0430\u043d"},{"lang":"ur","url":"https://ur.wikipedia.org/wiki/%DA%A9%D9%88%D9%85%D9%86%D8%AA%D8%A7%D9%86%DA%AF","*":"\u06a9\u0648\u0645\u0646\u062a\u0627\u0646\u06af"},{"lang":"vi","url":"https://vi.wikipedia.org/wiki/Trung_Qu%E1%BB%91c_Qu%E1%BB%91c_d%C3%A2n_%C4%90%E1%BA%A3ng","*":"Trung Qu\u1ed1c Qu\u1ed1c d\u00e2n \u0110\u1ea3ng"},{"lang":"war","url":"https://war.wikipedia.org/wiki/Kuomintang","*":"Kuomintang"},{"lang":"wuu","url":"https://wuu.wikipedia.org/wiki/%E4%B8%AD%E5%9C%8B%E5%9C%8B%E6%B0%91%E9%BB%A8","*":"\u4e2d\u570b\u570b\u6c11\u9ee8"},{"lang":"za","url":"https://za.wikipedia.org/wiki/Cunghgoz_Gozminzdangj","*":"Cunghgoz Gozminzdangj"},{"lang":"zh","url":"https://zh.wikipedia.org/wiki/%E4%B8%AD%E5%9C%8B%E5%9C%8B%E6%B0%91%E9%BB%A8","*":"\u4e2d\u570b\u570b\u6c11\u9ee8"},{"lang":"zh-classical","url":"https://zh-classical.wikipedia.org/wiki/%E4%B8%AD%E5%9C%8B%E5%9C%8B%E6%B0%91%E9%BB%A8","*":"\u4e2d\u570b\u570b\u6c11\u9ee8"},{"lang":"zh-min-nan","url":"https://zh-min-nan.wikipedia.org/wiki/Tiong-kok_Kok-b%C3%AEn_T%C3%B3ng","*":"Tiong-kok Kok-b\u00een T\u00f3ng"},{"lang":"zh-yue","url":"https://zh-yue.wikipedia.org/wiki/%E4%B8%AD%E5%9C%8B%E5%9C%8B%E6%B0%91%E9%BB%A8","*":"\u4e2d\u570b\u570b\u6c11\u9ee8"}]}}}}