{"partyfacts_id":1122,"batchcomplete":"","query":{"normalized":[{"from":"Christian_Social_Party_(Switzerland)","to":"Christian Social Party (Switzerland)"}],"pages":{"1247406":{"pageid":1247406,"ns":0,"title":"Christian Social Party (Switzerland)","langlinks":[{"lang":"ca","url":"https://ca.wikipedia.org/wiki/Partit_Socialcristi%C3%A0_(Su%C3%AFssa)","*":"Partit Socialcristi\u00e0 (Su\u00efssa)"},{"lang":"de","url":"https://de.wikipedia.org/wiki/Christlich-soziale_Partei_(Schweiz)","*":"Christlich-soziale Partei (Schweiz)"},{"lang":"fr","url":"https://fr.wikipedia.org/wiki/Centre_gauche_-_PCS","*":"Centre gauche - PCS"},{"lang":"it","url":"https://it.wikipedia.org/wiki/Partito_Cristiano_Sociale_(Svizzera)","*":"Partito Cristiano Sociale (Svizzera)"},{"lang":"ja","url":"https://ja.wikipedia.org/wiki/%E3%82%AD%E3%83%AA%E3%82%B9%E3%83%88%E6%95%99%E7%A4%BE%E4%BC%9A%E5%85%9A_(%E3%82%B9%E3%82%A4%E3%82%B9)","*":"\u30ad\u30ea\u30b9\u30c8\u6559\u793e\u4f1a\u515a (\u30b9\u30a4\u30b9)"},{"lang":"ko","url":"https://ko.wikipedia.org/wiki/%EA%B8%B0%EB%8F%85%EA%B5%90%EC%82%AC%ED%9A%8C%EB%8B%B9_(%EC%8A%A4%EC%9C%84%EC%8A%A4)","*":"\uae30\ub3c5\uad50\uc0ac\ud68c\ub2f9 (\uc2a4\uc704\uc2a4)"},{"lang":"la","url":"https://la.wikipedia.org/wiki/Factio_Christiana_socialis_(Helvetia)","*":"Factio Christiana socialis (Helvetia)"},{"lang":"nl","url":"https://nl.wikipedia.org/wiki/Christelijk_Sociale_Partij_van_Zwitserland","*":"Christelijk Sociale Partij van Zwitserland"},{"lang":"pl","url":"https://pl.wikipedia.org/wiki/Partia_Chrze%C5%9Bcija%C5%84sko-Socjalna","*":"Partia Chrze\u015bcija\u0144sko-Socjalna"},{"lang":"sv","url":"https://sv.wikipedia.org/wiki/Kristligt-sociala_partiet_(Schweiz)","*":"Kristligt-sociala partiet (Schweiz)"},{"lang":"zh","url":"https://zh.wikipedia.org/wiki/%E5%9F%BA%E7%9D%A3%E6%95%99%E7%A4%BE%E4%BC%9A%E5%85%9A_(%E7%91%9E%E5%A3%AB)","*":"\u57fa\u7763\u6559\u793e\u4f1a\u515a (\u745e\u58eb)"}]}}}}