{"partyfacts_id":1123,"batchcomplete":"","query":{"normalized":[{"from":"Evangelical_People's_Party_of_Switzerland","to":"Evangelical People's Party of Switzerland"}],"pages":{"369052":{"pageid":369052,"ns":0,"title":"Evangelical People's Party of Switzerland","langlinks":[{"lang":"als","url":"https://als.wikipedia.org/wiki/Evangelische_Volkspartei","*":"Evangelische Volkspartei"},{"lang":"ca","url":"https://ca.wikipedia.org/wiki/Partit_Evang%C3%A8lic_Su%C3%ADs","*":"Partit Evang\u00e8lic Su\u00eds"},{"lang":"de","url":"https://de.wikipedia.org/wiki/Evangelische_Volkspartei","*":"Evangelische Volkspartei"},{"lang":"es","url":"https://es.wikipedia.org/wiki/Partido_Popular_Evang%C3%A9lico_(Suiza)","*":"Partido Popular Evang\u00e9lico (Suiza)"},{"lang":"eu","url":"https://eu.wikipedia.org/wiki/Herri_Alderdi_Ebanjelikoa_(Suitza)","*":"Herri Alderdi Ebanjelikoa (Suitza)"},{"lang":"fi","url":"https://fi.wikipedia.org/wiki/Sveitsin_evankelinen_kansanpuolue","*":"Sveitsin evankelinen kansanpuolue"},{"lang":"fr","url":"https://fr.wikipedia.org/wiki/Parti_%C3%A9vang%C3%A9lique_suisse","*":"Parti \u00e9vang\u00e9lique suisse"},{"lang":"it","url":"https://it.wikipedia.org/wiki/Partito_Evangelico_Svizzero","*":"Partito Evangelico Svizzero"},{"lang":"ko","url":"https://ko.wikipedia.org/wiki/%EC%8A%A4%EC%9C%84%EC%8A%A4_%EB%B3%B5%EC%9D%8C%EC%9D%B8%EB%AF%BC%EB%8B%B9","*":"\uc2a4\uc704\uc2a4 \ubcf5\uc74c\uc778\ubbfc\ub2f9"},{"lang":"la","url":"https://la.wikipedia.org/wiki/Factio_evangelica_Helvetica","*":"Factio evangelica Helvetica"},{"lang":"nl","url":"https://nl.wikipedia.org/wiki/Evangelische_Volkspartij_(Zwitserland)","*":"Evangelische Volkspartij (Zwitserland)"},{"lang":"pl","url":"https://pl.wikipedia.org/wiki/Ewangelicka_Partia_Ludowa","*":"Ewangelicka Partia Ludowa"},{"lang":"pt","url":"https://pt.wikipedia.org/wiki/Partido_Evang%C3%A9lico_Su%C3%AD%C3%A7o","*":"Partido Evang\u00e9lico Su\u00ed\u00e7o"},{"lang":"ru","url":"https://ru.wikipedia.org/wiki/%D0%95%D0%B2%D0%B0%D0%BD%D0%B3%D0%B5%D0%BB%D0%B8%D1%87%D0%B5%D1%81%D0%BA%D0%B0%D1%8F_%D0%BD%D0%B0%D1%80%D0%BE%D0%B4%D0%BD%D0%B0%D1%8F_%D0%BF%D0%B0%D1%80%D1%82%D0%B8%D1%8F_%D0%A8%D0%B2%D0%B5%D0%B9%D1%86%D0%B0%D1%80%D0%B8%D0%B8","*":"\u0415\u0432\u0430\u043d\u0433\u0435\u043b\u0438\u0447\u0435\u0441\u043a\u0430\u044f \u043d\u0430\u0440\u043e\u0434\u043d\u0430\u044f \u043f\u0430\u0440\u0442\u0438\u044f \u0428\u0432\u0435\u0439\u0446\u0430\u0440\u0438\u0438"},{"lang":"sv","url":"https://sv.wikipedia.org/wiki/Schweiz_evangeliska_folkparti","*":"Schweiz evangeliska folkparti"}]}}}}