{"partyfacts_id":1135,"batchcomplete":"","query":{"normalized":[{"from":"Communist_Party_of_Germany","to":"Communist Party of Germany"}],"pages":{"265557":{"pageid":265557,"ns":0,"title":"Communist Party of Germany","langlinks":[{"lang":"ar","url":"https://ar.wikipedia.org/wiki/%D8%A7%D9%84%D8%AD%D8%B2%D8%A8_%D8%A7%D9%84%D8%B4%D9%8A%D9%88%D8%B9%D9%8A_%D9%81%D9%8A_%D8%A3%D9%84%D9%85%D8%A7%D9%86%D9%8A%D8%A7","*":"\u0627\u0644\u062d\u0632\u0628 \u0627\u0644\u0634\u064a\u0648\u0639\u064a \u0641\u064a \u0623\u0644\u0645\u0627\u0646\u064a\u0627"},{"lang":"ast","url":"https://ast.wikipedia.org/wiki/Part%C3%ADu_Comunista_d%27Alema%C3%B1a","*":"Part\u00edu Comunista d'Alema\u00f1a"},{"lang":"az","url":"https://az.wikipedia.org/wiki/Almaniya_Kommunist_Partiyas%C4%B1","*":"Almaniya Kommunist Partiyas\u0131"},{"lang":"ba","url":"https://ba.wikipedia.org/wiki/%D0%93%D0%B5%D1%80%D0%BC%D0%B0%D0%BD%D0%B8%D1%8F_%D0%BA%D0%BE%D0%BC%D0%BC%D1%83%D0%BD%D0%B8%D1%81%D1%82%D0%B0%D1%80_%D0%BF%D0%B0%D1%80%D1%82%D0%B8%D1%8F%D2%BB%D1%8B","*":"\u0413\u0435\u0440\u043c\u0430\u043d\u0438\u044f \u043a\u043e\u043c\u043c\u0443\u043d\u0438\u0441\u0442\u0430\u0440 \u043f\u0430\u0440\u0442\u0438\u044f\u04bb\u044b"},{"lang":"be","url":"https://be.wikipedia.org/wiki/%D0%9A%D0%B0%D0%BC%D1%83%D0%BD%D1%96%D1%81%D1%82%D1%8B%D1%87%D0%BD%D0%B0%D1%8F_%D0%BF%D0%B0%D1%80%D1%82%D1%8B%D1%8F_%D0%93%D0%B5%D1%80%D0%BC%D0%B0%D0%BD%D1%96%D1%96","*":"\u041a\u0430\u043c\u0443\u043d\u0456\u0441\u0442\u044b\u0447\u043d\u0430\u044f \u043f\u0430\u0440\u0442\u044b\u044f \u0413\u0435\u0440\u043c\u0430\u043d\u0456\u0456"},{"lang":"be-x-old","url":"https://be-tarask.wikipedia.org/wiki/%D0%9A%D0%B0%D0%BC%D1%83%D0%BD%D1%96%D1%81%D1%82%D1%8B%D1%87%D0%BD%D0%B0%D1%8F_%D0%BF%D0%B0%D1%80%D1%82%D1%8B%D1%8F_%D0%9D%D1%8F%D0%BC%D0%B5%D1%87%D1%87%D1%8B%D0%BD%D1%8B","*":"\u041a\u0430\u043c\u0443\u043d\u0456\u0441\u0442\u044b\u0447\u043d\u0430\u044f \u043f\u0430\u0440\u0442\u044b\u044f \u041d\u044f\u043c\u0435\u0447\u0447\u044b\u043d\u044b"},{"lang":"bg","url":"https://bg.wikipedia.org/wiki/%D0%9A%D0%BE%D0%BC%D1%83%D0%BD%D0%B8%D1%81%D1%82%D0%B8%D1%87%D0%B5%D1%81%D0%BA%D0%B0_%D0%BF%D0%B0%D1%80%D1%82%D0%B8%D1%8F_%D0%BD%D0%B0_%D0%93%D0%B5%D1%80%D0%BC%D0%B0%D0%BD%D0%B8%D1%8F","*":"\u041a\u043e\u043c\u0443\u043d\u0438\u0441\u0442\u0438\u0447\u0435\u0441\u043a\u0430 \u043f\u0430\u0440\u0442\u0438\u044f \u043d\u0430 \u0413\u0435\u0440\u043c\u0430\u043d\u0438\u044f"},{"lang":"br","url":"https://br.wikipedia.org/wiki/Strollad_Komunour_Alamagn","*":"Strollad Komunour Alamagn"},{"lang":"ca","url":"https://ca.wikipedia.org/wiki/Partit_Comunista_d%27Alemanya","*":"Partit Comunista d'Alemanya"},{"lang":"cs","url":"https://cs.wikipedia.org/wiki/Komunistick%C3%A1_strana_N%C4%9Bmecka","*":"Komunistick\u00e1 strana N\u011bmecka"},{"lang":"da","url":"https://da.wikipedia.org/wiki/Kommunistische_Partei_Deutschlands","*":"Kommunistische Partei Deutschlands"},{"lang":"de","url":"https://de.wikipedia.org/wiki/Kommunistische_Partei_Deutschlands","*":"Kommunistische Partei Deutschlands"},{"lang":"eo","url":"https://eo.wikipedia.org/wiki/Komunista_Partio_de_Germanio","*":"Komunista Partio de Germanio"},{"lang":"es","url":"https://es.wikipedia.org/wiki/Partido_Comunista_de_Alemania","*":"Partido Comunista de Alemania"},{"lang":"fa","url":"https://fa.wikipedia.org/wiki/%D8%AD%D8%B2%D8%A8_%DA%A9%D9%85%D9%88%D9%86%DB%8C%D8%B3%D8%AA_%D8%A2%D9%84%D9%85%D8%A7%D9%86_(%DB%B1%DB%B9%DB%B1%DB%B8)","*":"\u062d\u0632\u0628 \u06a9\u0645\u0648\u0646\u06cc\u0633\u062a \u0622\u0644\u0645\u0627\u0646 (\u06f1\u06f9\u06f1\u06f8)"},{"lang":"fi","url":"https://fi.wikipedia.org/wiki/Saksan_kommunistinen_puolue","*":"Saksan kommunistinen puolue"},{"lang":"fr","url":"https://fr.wikipedia.org/wiki/Parti_communiste_d%27Allemagne","*":"Parti communiste d'Allemagne"},{"lang":"gl","url":"https://gl.wikipedia.org/wiki/Partido_Comunista_de_Alema%C3%B1a","*":"Partido Comunista de Alema\u00f1a"},{"lang":"he","url":"https://he.wikipedia.org/wiki/%D7%94%D7%9E%D7%A4%D7%9C%D7%92%D7%94_%D7%94%D7%A7%D7%95%D7%9E%D7%95%D7%A0%D7%99%D7%A1%D7%98%D7%99%D7%AA_%D7%A9%D7%9C_%D7%92%D7%A8%D7%9E%D7%A0%D7%99%D7%94","*":"\u05d4\u05de\u05e4\u05dc\u05d2\u05d4 \u05d4\u05e7\u05d5\u05de\u05d5\u05e0\u05d9\u05e1\u05d8\u05d9\u05ea \u05e9\u05dc \u05d2\u05e8\u05de\u05e0\u05d9\u05d4"},{"lang":"hu","url":"https://hu.wikipedia.org/wiki/N%C3%A9metorsz%C3%A1g_Kommunista_P%C3%A1rtja","*":"N\u00e9metorsz\u00e1g Kommunista P\u00e1rtja"},{"lang":"hy","url":"https://hy.wikipedia.org/wiki/%D4%B3%D5%A5%D6%80%D5%B4%D5%A1%D5%B6%D5%AB%D5%A1%D5%B5%D5%AB_%D5%A1%D5%BC%D5%A1%D5%BB%D5%AB%D5%B6_%D5%AF%D5%B8%D5%B4%D5%B8%D6%82%D5%B6%D5%AB%D5%BD%D5%BF%D5%A1%D5%AF%D5%A1%D5%B6_%D5%AF%D5%B8%D6%82%D5%BD%D5%A1%D5%AF%D6%81%D5%B8%D6%82%D5%A9%D5%B5%D5%B8%D6%82%D5%B6","*":"\u0533\u0565\u0580\u0574\u0561\u0576\u056b\u0561\u0575\u056b \u0561\u057c\u0561\u057b\u056b\u0576 \u056f\u0578\u0574\u0578\u0582\u0576\u056b\u057d\u057f\u0561\u056f\u0561\u0576 \u056f\u0578\u0582\u057d\u0561\u056f\u0581\u0578\u0582\u0569\u0575\u0578\u0582\u0576"},{"lang":"id","url":"https://id.wikipedia.org/wiki/Partai_Komunis_Jerman","*":"Partai Komunis Jerman"},{"lang":"it","url":"https://it.wikipedia.org/wiki/Partito_Comunista_di_Germania","*":"Partito Comunista di Germania"},{"lang":"ja","url":"https://ja.wikipedia.org/wiki/%E3%83%89%E3%82%A4%E3%83%84%E5%85%B1%E7%94%A3%E5%85%9A","*":"\u30c9\u30a4\u30c4\u5171\u7523\u515a"},{"lang":"ka","url":"https://ka.wikipedia.org/wiki/%E1%83%92%E1%83%94%E1%83%A0%E1%83%9B%E1%83%90%E1%83%9C%E1%83%98%E1%83%98%E1%83%A1_%E1%83%99%E1%83%9D%E1%83%9B%E1%83%A3%E1%83%9C%E1%83%98%E1%83%A1%E1%83%A2%E1%83%A3%E1%83%A0%E1%83%98_%E1%83%9E%E1%83%90%E1%83%A0%E1%83%A2%E1%83%98%E1%83%90","*":"\u10d2\u10d4\u10e0\u10db\u10d0\u10dc\u10d8\u10d8\u10e1 \u10d9\u10dd\u10db\u10e3\u10dc\u10d8\u10e1\u10e2\u10e3\u10e0\u10d8 \u10de\u10d0\u10e0\u10e2\u10d8\u10d0"},{"lang":"ko","url":"https://ko.wikipedia.org/wiki/%EB%8F%85%EC%9D%BC_%EA%B3%B5%EC%82%B0%EB%8B%B9_(1919%EB%85%84)","*":"\ub3c5\uc77c \uacf5\uc0b0\ub2f9 (1919\ub144)"},{"lang":"ky","url":"https://ky.wikipedia.org/wiki/%D0%93%D0%B5%D1%80%D0%BC%D0%B0%D0%BD%D0%B8%D1%8F_%D0%BA%D0%BE%D0%BC%D0%BC%D1%83%D0%BD%D0%B8%D1%81%D1%82%D0%B8%D0%BA_%D0%BF%D0%B0%D1%80%D1%82%D0%B8%D1%8F%D1%81%D1%8B","*":"\u0413\u0435\u0440\u043c\u0430\u043d\u0438\u044f \u043a\u043e\u043c\u043c\u0443\u043d\u0438\u0441\u0442\u0438\u043a \u043f\u0430\u0440\u0442\u0438\u044f\u0441\u044b"},{"lang":"la","url":"https://la.wikipedia.org/wiki/Factio_communistica_Germanica","*":"Factio communistica Germanica"},{"lang":"mk","url":"https://mk.wikipedia.org/wiki/%D0%9A%D0%BE%D0%BC%D1%83%D0%BD%D0%B8%D1%81%D1%82%D0%B8%D1%87%D0%BA%D0%B0_%D0%BF%D0%B0%D1%80%D1%82%D0%B8%D1%98%D0%B0_%D0%BD%D0%B0_%D0%93%D0%B5%D1%80%D0%BC%D0%B0%D0%BD%D0%B8%D1%98%D0%B0","*":"\u041a\u043e\u043c\u0443\u043d\u0438\u0441\u0442\u0438\u0447\u043a\u0430 \u043f\u0430\u0440\u0442\u0438\u0458\u0430 \u043d\u0430 \u0413\u0435\u0440\u043c\u0430\u043d\u0438\u0458\u0430"},{"lang":"ms","url":"https://ms.wikipedia.org/wiki/Parti_Komunis_Jerman","*":"Parti Komunis Jerman"},{"lang":"nl","url":"https://nl.wikipedia.org/wiki/Kommunistische_Partei_Deutschlands","*":"Kommunistische Partei Deutschlands"},{"lang":"nn","url":"https://nn.wikipedia.org/wiki/Kommunistische_Partei_Deutschlands","*":"Kommunistische Partei Deutschlands"},{"lang":"nb","url":"https://no.wikipedia.org/wiki/Kommunistische_Partei_Deutschlands","*":"Kommunistische Partei Deutschlands"},{"lang":"pl","url":"https://pl.wikipedia.org/wiki/Komunistyczna_Partia_Niemiec","*":"Komunistyczna Partia Niemiec"},{"lang":"pt","url":"https://pt.wikipedia.org/wiki/Partido_Comunista_da_Alemanha","*":"Partido Comunista da Alemanha"},{"lang":"ru","url":"https://ru.wikipedia.org/wiki/%D0%9A%D0%BE%D0%BC%D0%BC%D1%83%D0%BD%D0%B8%D1%81%D1%82%D0%B8%D1%87%D0%B5%D1%81%D0%BA%D0%B0%D1%8F_%D0%BF%D0%B0%D1%80%D1%82%D0%B8%D1%8F_%D0%93%D0%B5%D1%80%D0%BC%D0%B0%D0%BD%D0%B8%D0%B8","*":"\u041a\u043e\u043c\u043c\u0443\u043d\u0438\u0441\u0442\u0438\u0447\u0435\u0441\u043a\u0430\u044f \u043f\u0430\u0440\u0442\u0438\u044f \u0413\u0435\u0440\u043c\u0430\u043d\u0438\u0438"},{"lang":"sh","url":"https://sh.wikipedia.org/wiki/Komunisti%C4%8Dka_partija_Njema%C4%8Dke","*":"Komunisti\u010dka partija Njema\u010dke"},{"lang":"sr","url":"https://sr.wikipedia.org/wiki/%D0%9A%D0%BE%D0%BC%D1%83%D0%BD%D0%B8%D1%81%D1%82%D0%B8%D1%87%D0%BA%D0%B0_%D0%BF%D0%B0%D1%80%D1%82%D0%B8%D1%98%D0%B0_%D0%9D%D0%B5%D0%BC%D0%B0%D1%87%D0%BA%D0%B5","*":"\u041a\u043e\u043c\u0443\u043d\u0438\u0441\u0442\u0438\u0447\u043a\u0430 \u043f\u0430\u0440\u0442\u0438\u0458\u0430 \u041d\u0435\u043c\u0430\u0447\u043a\u0435"},{"lang":"sv","url":"https://sv.wikipedia.org/wiki/Tysklands_kommunistiska_parti","*":"Tysklands kommunistiska parti"},{"lang":"th","url":"https://th.wikipedia.org/wiki/%E0%B8%9E%E0%B8%A3%E0%B8%A3%E0%B8%84%E0%B8%84%E0%B8%AD%E0%B8%A1%E0%B8%A1%E0%B8%B4%E0%B8%A7%E0%B8%99%E0%B8%B4%E0%B8%AA%E0%B8%95%E0%B9%8C%E0%B9%80%E0%B8%A2%E0%B8%AD%E0%B8%A3%E0%B8%A1%E0%B8%99%E0%B8%B5","*":"\u0e1e\u0e23\u0e23\u0e04\u0e04\u0e2d\u0e21\u0e21\u0e34\u0e27\u0e19\u0e34\u0e2a\u0e15\u0e4c\u0e40\u0e22\u0e2d\u0e23\u0e21\u0e19\u0e35"},{"lang":"tr","url":"https://tr.wikipedia.org/wiki/Almanya_Kom%C3%BCnist_Partisi","*":"Almanya Kom\u00fcnist Partisi"},{"lang":"uk","url":"https://uk.wikipedia.org/wiki/%D0%9A%D0%BE%D0%BC%D1%83%D0%BD%D1%96%D1%81%D1%82%D0%B8%D1%87%D0%BD%D0%B0_%D0%BF%D0%B0%D1%80%D1%82%D1%96%D1%8F_%D0%9D%D1%96%D0%BC%D0%B5%D1%87%D1%87%D0%B8%D0%BD%D0%B8","*":"\u041a\u043e\u043c\u0443\u043d\u0456\u0441\u0442\u0438\u0447\u043d\u0430 \u043f\u0430\u0440\u0442\u0456\u044f \u041d\u0456\u043c\u0435\u0447\u0447\u0438\u043d\u0438"},{"lang":"vi","url":"https://vi.wikipedia.org/wiki/%C4%90%E1%BA%A3ng_C%E1%BB%99ng_s%E1%BA%A3n_%C4%90%E1%BB%A9c_(1918%E2%80%931956)","*":"\u0110\u1ea3ng C\u1ed9ng s\u1ea3n \u0110\u1ee9c (1918\u20131956)"},{"lang":"zh","url":"https://zh.wikipedia.org/wiki/%E5%BE%B7%E5%9B%BD%E5%85%B1%E4%BA%A7%E5%85%9A","*":"\u5fb7\u56fd\u5171\u4ea7\u515a"}]}}}}