{"partyfacts_id":1154,"batchcomplete":"","query":{"normalized":[{"from":"National_Republican_Convention","to":"National Republican Convention"}],"pages":{"9693260":{"pageid":9693260,"ns":0,"title":"National Republican Convention","langlinks":[{"lang":"ca","url":"https://ca.wikipedia.org/wiki/Convenci%C3%B3_Republicana_Nacional","*":"Convenci\u00f3 Republicana Nacional"},{"lang":"simple","url":"https://simple.wikipedia.org/wiki/National_Republican_Convention","*":"National Republican Convention"}]}}}}