{"partyfacts_id":1157,"batchcomplete":"","query":{"normalized":[{"from":"Christian_Democratic_Appeal","to":"Christian Democratic Appeal"}],"pages":{"64992":{"pageid":64992,"ns":0,"title":"Christian Democratic Appeal","langlinks":[{"lang":"af","url":"https://af.wikipedia.org/wiki/Christen-Demokratiese_App%C3%A8l","*":"Christen-Demokratiese App\u00e8l"},{"lang":"an","url":"https://an.wikipedia.org/wiki/Christen_Democratisch_App%C3%A8l","*":"Christen Democratisch App\u00e8l"},{"lang":"ar","url":"https://ar.wikipedia.org/wiki/%D8%AD%D8%B2%D8%A8_%D8%A7%D9%84%D9%86%D8%AF%D8%A7%D8%A1_%D8%A7%D9%84%D8%AF%D9%8A%D9%85%D9%82%D8%B1%D8%A7%D8%B7%D9%8A_%D8%A7%D9%84%D9%85%D8%B3%D9%8A%D8%AD%D9%8A","*":"\u062d\u0632\u0628 \u0627\u0644\u0646\u062f\u0627\u0621 \u0627\u0644\u062f\u064a\u0645\u0642\u0631\u0627\u0637\u064a \u0627\u0644\u0645\u0633\u064a\u062d\u064a"},{"lang":"be","url":"https://be.wikipedia.org/wiki/%D0%A5%D1%80%D1%8B%D1%81%D1%86%D1%96%D1%8F%D0%BD%D1%81%D0%BA%D0%B0-%D0%B4%D1%8D%D0%BC%D0%B0%D0%BA%D1%80%D0%B0%D1%82%D1%8B%D1%87%D0%BD%D1%8B_%D0%B7%D0%B0%D0%BA%D0%BB%D1%96%D0%BA","*":"\u0425\u0440\u044b\u0441\u0446\u0456\u044f\u043d\u0441\u043a\u0430-\u0434\u044d\u043c\u0430\u043a\u0440\u0430\u0442\u044b\u0447\u043d\u044b \u0437\u0430\u043a\u043b\u0456\u043a"},{"lang":"ca","url":"https://ca.wikipedia.org/wiki/Crida_Dem%C3%B2crata_Cristiana","*":"Crida Dem\u00f2crata Cristiana"},{"lang":"cs","url":"https://cs.wikipedia.org/wiki/K%C5%99es%C5%A5anskodemokratick%C3%A1_v%C3%BDzva","*":"K\u0159es\u0165anskodemokratick\u00e1 v\u00fdzva"},{"lang":"da","url":"https://da.wikipedia.org/wiki/Christen-Democratisch_App%C3%A8l","*":"Christen-Democratisch App\u00e8l"},{"lang":"de","url":"https://de.wikipedia.org/wiki/Christen-Democratisch_App%C3%A8l","*":"Christen-Democratisch App\u00e8l"},{"lang":"el","url":"https://el.wikipedia.org/wiki/%CE%A7%CF%81%CE%B9%CF%83%CF%84%CE%B9%CE%B1%CE%BD%CE%BF%CE%B4%CE%B7%CE%BC%CE%BF%CE%BA%CF%81%CE%B1%CF%84%CE%B9%CE%BA%CE%AE_%CE%88%CE%BA%CE%BA%CE%BB%CE%B7%CF%83%CE%B7","*":"\u03a7\u03c1\u03b9\u03c3\u03c4\u03b9\u03b1\u03bd\u03bf\u03b4\u03b7\u03bc\u03bf\u03ba\u03c1\u03b1\u03c4\u03b9\u03ba\u03ae \u0388\u03ba\u03ba\u03bb\u03b7\u03c3\u03b7"},{"lang":"eo","url":"https://eo.wikipedia.org/wiki/Kristandemokrata_Apelo","*":"Kristandemokrata Apelo"},{"lang":"es","url":"https://es.wikipedia.org/wiki/Llamada_Dem%C3%B3crata_Cristiana","*":"Llamada Dem\u00f3crata Cristiana"},{"lang":"fa","url":"https://fa.wikipedia.org/wiki/%D8%AD%D8%B2%D8%A8_%D8%AF%D9%85%D9%88%DA%A9%D8%B1%D8%A7%D8%AA_%D9%85%D8%B3%DB%8C%D8%AD%DB%8C_%D9%87%D9%84%D9%86%D8%AF","*":"\u062d\u0632\u0628 \u062f\u0645\u0648\u06a9\u0631\u0627\u062a \u0645\u0633\u06cc\u062d\u06cc \u0647\u0644\u0646\u062f"},{"lang":"fi","url":"https://fi.wikipedia.org/wiki/Kristillisdemokraattinen_puolue_(Alankomaat)","*":"Kristillisdemokraattinen puolue (Alankomaat)"},{"lang":"fr","url":"https://fr.wikipedia.org/wiki/Appel_chr%C3%A9tien-d%C3%A9mocrate","*":"Appel chr\u00e9tien-d\u00e9mocrate"},{"lang":"fy","url":"https://fy.wikipedia.org/wiki/Kristen_Demokratysk_App%C3%A8l","*":"Kristen Demokratysk App\u00e8l"},{"lang":"gl","url":"https://gl.wikipedia.org/wiki/Chamada_Dem%C3%B3crata_Cristi%C3%A1","*":"Chamada Dem\u00f3crata Cristi\u00e1"},{"lang":"hu","url":"https://hu.wikipedia.org/wiki/Kereszt%C3%A9nydemokrata_T%C3%B6m%C3%B6r%C3%BCl%C3%A9s","*":"Kereszt\u00e9nydemokrata T\u00f6m\u00f6r\u00fcl\u00e9s"},{"lang":"id","url":"https://id.wikipedia.org/wiki/Seruan_Demokrat_Kristen","*":"Seruan Demokrat Kristen"},{"lang":"it","url":"https://it.wikipedia.org/wiki/Appello_Cristiano_Democratico","*":"Appello Cristiano Democratico"},{"lang":"ja","url":"https://ja.wikipedia.org/wiki/%E3%82%AD%E3%83%AA%E3%82%B9%E3%83%88%E6%95%99%E6%B0%91%E4%B8%BB%E3%82%A2%E3%83%94%E3%83%BC%E3%83%AB","*":"\u30ad\u30ea\u30b9\u30c8\u6559\u6c11\u4e3b\u30a2\u30d4\u30fc\u30eb"},{"lang":"ko","url":"https://ko.wikipedia.org/wiki/%EA%B8%B0%EB%8F%85%EA%B5%90%EB%AF%BC%EC%A3%BC%EB%8B%B9_%EC%95%84%ED%8E%A0","*":"\uae30\ub3c5\uad50\ubbfc\uc8fc\ub2f9 \uc544\ud3a0"},{"lang":"ku","url":"https://ku.wikipedia.org/wiki/CDA","*":"CDA"},{"lang":"li","url":"https://li.wikipedia.org/wiki/Christen-Democratisch_App%C3%A8l","*":"Christen-Democratisch App\u00e8l"},{"lang":"nds-nl","url":"https://nds-nl.wikipedia.org/wiki/Christen-Democratisch_App%C3%A8l","*":"Christen-Democratisch App\u00e8l"},{"lang":"nl","url":"https://nl.wikipedia.org/wiki/Christen-Democratisch_App%C3%A8l","*":"Christen-Democratisch App\u00e8l"},{"lang":"nb","url":"https://no.wikipedia.org/wiki/Christen-Democratisch_App%C3%A8l","*":"Christen-Democratisch App\u00e8l"},{"lang":"pl","url":"https://pl.wikipedia.org/wiki/Apel_Chrze%C5%9Bcija%C5%84sko-Demokratyczny","*":"Apel Chrze\u015bcija\u0144sko-Demokratyczny"},{"lang":"pt","url":"https://pt.wikipedia.org/wiki/Apelo_Democrata-Crist%C3%A3o","*":"Apelo Democrata-Crist\u00e3o"},{"lang":"ro","url":"https://ro.wikipedia.org/wiki/Christen-Democratisch_App%C3%A8l","*":"Christen-Democratisch App\u00e8l"},{"lang":"ru","url":"https://ru.wikipedia.org/wiki/%D0%A5%D1%80%D0%B8%D1%81%D1%82%D0%B8%D0%B0%D0%BD%D1%81%D0%BA%D0%BE-%D0%B4%D0%B5%D0%BC%D0%BE%D0%BA%D1%80%D0%B0%D1%82%D0%B8%D1%87%D0%B5%D1%81%D0%BA%D0%B8%D0%B9_%D0%BF%D1%80%D0%B8%D0%B7%D1%8B%D0%B2","*":"\u0425\u0440\u0438\u0441\u0442\u0438\u0430\u043d\u0441\u043a\u043e-\u0434\u0435\u043c\u043e\u043a\u0440\u0430\u0442\u0438\u0447\u0435\u0441\u043a\u0438\u0439 \u043f\u0440\u0438\u0437\u044b\u0432"},{"lang":"sh","url":"https://sh.wikipedia.org/wiki/Kr%C5%A1%C4%87ansko-demokratski_apel","*":"Kr\u0161\u0107ansko-demokratski apel"},{"lang":"simple","url":"https://simple.wikipedia.org/wiki/Christian_Democratic_Appeal","*":"Christian Democratic Appeal"},{"lang":"sv","url":"https://sv.wikipedia.org/wiki/Kristdemokratisk_appell","*":"Kristdemokratisk appell"},{"lang":"ta","url":"https://ta.wikipedia.org/wiki/%E0%AE%95%E0%AE%BF%E0%AE%B1%E0%AE%BF%E0%AE%B8%E0%AF%8D%E0%AE%A4%E0%AE%B5_%E0%AE%9C%E0%AE%A9%E0%AE%A8%E0%AE%BE%E0%AE%AF%E0%AE%95_%E0%AE%AE%E0%AF%87%E0%AE%B2%E0%AF%8D%E0%AE%AE%E0%AF%81%E0%AE%B1%E0%AF%88%E0%AE%AF%E0%AF%80%E0%AE%9F%E0%AF%81%E0%AE%95%E0%AF%8D_%E0%AE%95%E0%AE%9F%E0%AF%8D%E0%AE%9A%E0%AE%BF","*":"\u0b95\u0bbf\u0bb1\u0bbf\u0bb8\u0bcd\u0ba4\u0bb5 \u0b9c\u0ba9\u0ba8\u0bbe\u0baf\u0b95 \u0bae\u0bc7\u0bb2\u0bcd\u0bae\u0bc1\u0bb1\u0bc8\u0baf\u0bc0\u0b9f\u0bc1\u0b95\u0bcd \u0b95\u0b9f\u0bcd\u0b9a\u0bbf"},{"lang":"th","url":"https://th.wikipedia.org/wiki/%E0%B8%9E%E0%B8%A3%E0%B8%A3%E0%B8%84%E0%B9%80%E0%B8%A3%E0%B8%B5%E0%B8%A2%E0%B8%81%E0%B8%A3%E0%B9%89%E0%B8%AD%E0%B8%87%E0%B8%9B%E0%B8%A3%E0%B8%B0%E0%B8%8A%E0%B8%B2%E0%B8%98%E0%B8%B4%E0%B8%9B%E0%B9%84%E0%B8%95%E0%B8%A2%E0%B8%84%E0%B8%A3%E0%B8%B4%E0%B8%AA%E0%B9%80%E0%B8%95%E0%B8%B5%E0%B8%A2%E0%B8%99","*":"\u0e1e\u0e23\u0e23\u0e04\u0e40\u0e23\u0e35\u0e22\u0e01\u0e23\u0e49\u0e2d\u0e07\u0e1b\u0e23\u0e30\u0e0a\u0e32\u0e18\u0e34\u0e1b\u0e44\u0e15\u0e22\u0e04\u0e23\u0e34\u0e2a\u0e40\u0e15\u0e35\u0e22\u0e19"},{"lang":"uk","url":"https://uk.wikipedia.org/wiki/%D0%A5%D1%80%D0%B8%D1%81%D1%82%D0%B8%D1%8F%D0%BD%D1%81%D1%8C%D0%BA%D0%BE-%D0%B4%D0%B5%D0%BC%D0%BE%D0%BA%D1%80%D0%B0%D1%82%D0%B8%D1%87%D0%BD%D0%B8%D0%B9_%D0%B7%D0%B0%D0%BA%D0%BB%D0%B8%D0%BA","*":"\u0425\u0440\u0438\u0441\u0442\u0438\u044f\u043d\u0441\u044c\u043a\u043e-\u0434\u0435\u043c\u043e\u043a\u0440\u0430\u0442\u0438\u0447\u043d\u0438\u0439 \u0437\u0430\u043a\u043b\u0438\u043a"},{"lang":"vi","url":"https://vi.wikipedia.org/wiki/%C4%90%E1%BA%A3ng_D%C3%A2n_ch%E1%BB%A7_Kit%C3%B4_gi%C3%A1o_(H%C3%A0_Lan)","*":"\u0110\u1ea3ng D\u00e2n ch\u1ee7 Kit\u00f4 gi\u00e1o (H\u00e0 Lan)"},{"lang":"zea","url":"https://zea.wikipedia.org/wiki/Chrissen-Democraotisch_App%C3%A8l","*":"Chrissen-Democraotisch App\u00e8l"},{"lang":"zh","url":"https://zh.wikipedia.org/wiki/%E5%9F%BA%E7%9D%A3%E6%95%99%E6%B0%91%E4%B8%BB%E9%BB%A8_(%E8%8D%B7%E8%98%AD)","*":"\u57fa\u7763\u6559\u6c11\u4e3b\u9ee8 (\u8377\u862d)"}]}}}}