{"partyfacts_id":1158,"batchcomplete":"","query":{"normalized":[{"from":"German_Forum_Party","to":"German Forum Party"}],"pages":{"435632":{"pageid":435632,"ns":0,"title":"German Forum Party","langlinks":[{"lang":"de","url":"https://de.wikipedia.org/wiki/Deutsche_Forumpartei","*":"Deutsche Forumpartei"},{"lang":"es","url":"https://es.wikipedia.org/wiki/Partido_Foro_Alem%C3%A1n","*":"Partido Foro Alem\u00e1n"},{"lang":"fr","url":"https://fr.wikipedia.org/wiki/Parti_allemand_du_forum","*":"Parti allemand du forum"},{"lang":"it","url":"https://it.wikipedia.org/wiki/Partito_del_Forum_Tedesco","*":"Partito del Forum Tedesco"},{"lang":"ja","url":"https://ja.wikipedia.org/wiki/%E3%83%89%E3%82%A4%E3%83%84%E3%83%BB%E3%83%95%E3%82%A9%E3%83%BC%E3%83%A9%E3%83%A0%E5%85%9A","*":"\u30c9\u30a4\u30c4\u30fb\u30d5\u30a9\u30fc\u30e9\u30e0\u515a"}]}}}}