{"partyfacts_id":1159,"batchcomplete":"","query":{"normalized":[{"from":"Democratic_People's_Union","to":"Democratic People's Union"}],"pages":{"2002195":{"pageid":2002195,"ns":0,"title":"Democratic People's Union","langlinks":[{"lang":"ca","url":"https://ca.wikipedia.org/wiki/Comunitat_Democr%C3%A0tica_Popular","*":"Comunitat Democr\u00e0tica Popular"},{"lang":"he","url":"https://he.wikipedia.org/wiki/%D7%94%D7%A7%D7%94%D7%99%D7%9C%D7%94_%D7%94%D7%A2%D7%9E%D7%9E%D7%99%D7%AA_%D7%94%D7%93%D7%9E%D7%95%D7%A7%D7%A8%D7%98%D7%99%D7%AA","*":"\u05d4\u05e7\u05d4\u05d9\u05dc\u05d4 \u05d4\u05e2\u05de\u05de\u05d9\u05ea \u05d4\u05d3\u05de\u05d5\u05e7\u05e8\u05d8\u05d9\u05ea"},{"lang":"hr","url":"https://hr.wikipedia.org/wiki/Demokratska_narodna_zajednica_Bosne_i_Hercegovine","*":"Demokratska narodna zajednica Bosne i Hercegovine"},{"lang":"it","url":"https://it.wikipedia.org/wiki/Comunit%C3%A0_Popolare_Democratica","*":"Comunit\u00e0 Popolare Democratica"},{"lang":"sh","url":"https://sh.wikipedia.org/wiki/Demokratska_narodna_zajednica","*":"Demokratska narodna zajednica"}]}}}}