{"partyfacts_id":116,"batchcomplete":"","query":{"normalized":[{"from":"Communist_Party_of_Great_Britain","to":"Communist Party of Great Britain"}],"pages":{"40362480":{"pageid":40362480,"ns":0,"title":"Communist Party of Great Britain","langlinks":[{"lang":"ast","url":"https://ast.wikipedia.org/wiki/Part%C3%ADu_Comunista_de_Gran_Breta%C3%B1a","*":"Part\u00edu Comunista de Gran Breta\u00f1a"},{"lang":"ca","url":"https://ca.wikipedia.org/wiki/Partit_Comunista_de_la_Gran_Bretanya","*":"Partit Comunista de la Gran Bretanya"},{"lang":"cy","url":"https://cy.wikipedia.org/wiki/Plaid_Gomiwnyddol_Prydain_Fawr","*":"Plaid Gomiwnyddol Prydain Fawr"},{"lang":"da","url":"https://da.wikipedia.org/wiki/Communist_Party_of_Great_Britain","*":"Communist Party of Great Britain"},{"lang":"de","url":"https://de.wikipedia.org/wiki/Communist_Party_of_Great_Britain","*":"Communist Party of Great Britain"},{"lang":"eo","url":"https://eo.wikipedia.org/wiki/Komunisma_Partio_de_Granda_Britio","*":"Komunisma Partio de Granda Britio"},{"lang":"es","url":"https://es.wikipedia.org/wiki/Partido_Comunista_de_Gran_Breta%C3%B1a","*":"Partido Comunista de Gran Breta\u00f1a"},{"lang":"et","url":"https://et.wikipedia.org/wiki/Suurbritannia_Kommunistlik_Partei","*":"Suurbritannia Kommunistlik Partei"},{"lang":"eu","url":"https://eu.wikipedia.org/wiki/Erresuma_Batuko_Alderdi_Komunista","*":"Erresuma Batuko Alderdi Komunista"},{"lang":"fa","url":"https://fa.wikipedia.org/wiki/%D8%AD%D8%B2%D8%A8_%DA%A9%D9%85%D9%88%D9%86%DB%8C%D8%B3%D8%AA_%D8%A8%D8%B1%DB%8C%D8%AA%D8%A7%D9%86%DB%8C%D8%A7%DB%8C_%DA%A9%D8%A8%DB%8C%D8%B1","*":"\u062d\u0632\u0628 \u06a9\u0645\u0648\u0646\u06cc\u0633\u062a \u0628\u0631\u06cc\u062a\u0627\u0646\u06cc\u0627\u06cc \u06a9\u0628\u06cc\u0631"},{"lang":"fr","url":"https://fr.wikipedia.org/wiki/Parti_communiste_de_Grande-Bretagne","*":"Parti communiste de Grande-Bretagne"},{"lang":"he","url":"https://he.wikipedia.org/wiki/%D7%94%D7%9E%D7%A4%D7%9C%D7%92%D7%94_%D7%94%D7%A7%D7%95%D7%9E%D7%95%D7%A0%D7%99%D7%A1%D7%98%D7%99%D7%AA_%D7%A9%D7%9C_%D7%91%D7%A8%D7%99%D7%98%D7%A0%D7%99%D7%94","*":"\u05d4\u05de\u05e4\u05dc\u05d2\u05d4 \u05d4\u05e7\u05d5\u05de\u05d5\u05e0\u05d9\u05e1\u05d8\u05d9\u05ea \u05e9\u05dc \u05d1\u05e8\u05d9\u05d8\u05e0\u05d9\u05d4"},{"lang":"id","url":"https://id.wikipedia.org/wiki/Partai_Komunis_Britania_Raya","*":"Partai Komunis Britania Raya"},{"lang":"it","url":"https://it.wikipedia.org/wiki/Partito_Comunista_di_Gran_Bretagna","*":"Partito Comunista di Gran Bretagna"},{"lang":"ja","url":"https://ja.wikipedia.org/wiki/%E3%82%B0%E3%83%AC%E3%83%BC%E3%83%88%E3%83%96%E3%83%AA%E3%83%86%E3%83%B3%E5%85%B1%E7%94%A3%E5%85%9A","*":"\u30b0\u30ec\u30fc\u30c8\u30d6\u30ea\u30c6\u30f3\u5171\u7523\u515a"},{"lang":"ka","url":"https://ka.wikipedia.org/wiki/%E1%83%93%E1%83%98%E1%83%93%E1%83%98_%E1%83%91%E1%83%A0%E1%83%98%E1%83%A2%E1%83%90%E1%83%9C%E1%83%94%E1%83%97%E1%83%98%E1%83%A1_%E1%83%99%E1%83%9D%E1%83%9B%E1%83%A3%E1%83%9C%E1%83%98%E1%83%A1%E1%83%A2%E1%83%A3%E1%83%A0%E1%83%98_%E1%83%9E%E1%83%90%E1%83%A0%E1%83%A2%E1%83%98%E1%83%90","*":"\u10d3\u10d8\u10d3\u10d8 \u10d1\u10e0\u10d8\u10e2\u10d0\u10dc\u10d4\u10d7\u10d8\u10e1 \u10d9\u10dd\u10db\u10e3\u10dc\u10d8\u10e1\u10e2\u10e3\u10e0\u10d8 \u10de\u10d0\u10e0\u10e2\u10d8\u10d0"},{"lang":"ko","url":"https://ko.wikipedia.org/wiki/%EC%98%81%EA%B5%AD_%EA%B3%B5%EC%82%B0%EB%8B%B9_(1920%EB%85%84)","*":"\uc601\uad6d \uacf5\uc0b0\ub2f9 (1920\ub144)"},{"lang":"nn","url":"https://nn.wikipedia.org/wiki/Communist_Party_of_Great_Britain","*":"Communist Party of Great Britain"},{"lang":"nb","url":"https://no.wikipedia.org/wiki/Det_britiske_kommunistpartiet","*":"Det britiske kommunistpartiet"},{"lang":"pl","url":"https://pl.wikipedia.org/wiki/Komunistyczna_Partia_Wielkiej_Brytanii","*":"Komunistyczna Partia Wielkiej Brytanii"},{"lang":"pt","url":"https://pt.wikipedia.org/wiki/Partido_Comunista_da_Gr%C3%A3-Bretanha","*":"Partido Comunista da Gr\u00e3-Bretanha"},{"lang":"ru","url":"https://ru.wikipedia.org/wiki/%D0%9A%D0%BE%D0%BC%D0%BC%D1%83%D0%BD%D0%B8%D1%81%D1%82%D0%B8%D1%87%D0%B5%D1%81%D0%BA%D0%B0%D1%8F_%D0%BF%D0%B0%D1%80%D1%82%D0%B8%D1%8F_%D0%92%D0%B5%D0%BB%D0%B8%D0%BA%D0%BE%D0%B1%D1%80%D0%B8%D1%82%D0%B0%D0%BD%D0%B8%D0%B8_(1920)","*":"\u041a\u043e\u043c\u043c\u0443\u043d\u0438\u0441\u0442\u0438\u0447\u0435\u0441\u043a\u0430\u044f \u043f\u0430\u0440\u0442\u0438\u044f \u0412\u0435\u043b\u0438\u043a\u043e\u0431\u0440\u0438\u0442\u0430\u043d\u0438\u0438 (1920)"},{"lang":"sv","url":"https://sv.wikipedia.org/wiki/Storbritanniens_kommunistiska_parti","*":"Storbritanniens kommunistiska parti"},{"lang":"tr","url":"https://tr.wikipedia.org/wiki/B%C3%BCy%C3%BCk_Britanya_Kom%C3%BCnist_Partisi","*":"B\u00fcy\u00fck Britanya Kom\u00fcnist Partisi"},{"lang":"uk","url":"https://uk.wikipedia.org/wiki/%D0%9A%D0%BE%D0%BC%D1%83%D0%BD%D1%96%D1%81%D1%82%D0%B8%D1%87%D0%BD%D0%B0_%D0%BF%D0%B0%D1%80%D1%82%D1%96%D1%8F_%D0%92%D0%B5%D0%BB%D0%B8%D0%BA%D0%BE%D1%97_%D0%91%D1%80%D0%B8%D1%82%D0%B0%D0%BD%D1%96%D1%97_(1920)","*":"\u041a\u043e\u043c\u0443\u043d\u0456\u0441\u0442\u0438\u0447\u043d\u0430 \u043f\u0430\u0440\u0442\u0456\u044f \u0412\u0435\u043b\u0438\u043a\u043e\u0457 \u0411\u0440\u0438\u0442\u0430\u043d\u0456\u0457 (1920)"},{"lang":"vi","url":"https://vi.wikipedia.org/wiki/%C4%90%E1%BA%A3ng_C%E1%BB%99ng_s%E1%BA%A3n_%C4%90%E1%BA%A1i_Anh","*":"\u0110\u1ea3ng C\u1ed9ng s\u1ea3n \u0110\u1ea1i Anh"},{"lang":"zh","url":"https://zh.wikipedia.org/wiki/%E5%A4%A7%E4%B8%8D%E5%88%97%E9%A2%A0%E5%85%B1%E4%BA%A7%E5%85%9A","*":"\u5927\u4e0d\u5217\u98a0\u5171\u4ea7\u515a"}]}}}}