{"partyfacts_id":1160,"batchcomplete":"","query":{"normalized":[{"from":"Democratic_Left_(Greece)","to":"Democratic Left (Greece)"}],"pages":{"27922821":{"pageid":27922821,"ns":0,"title":"Democratic Left (Greece)","langlinks":[{"lang":"bg","url":"https://bg.wikipedia.org/wiki/%D0%94%D0%B5%D0%BC%D0%BE%D0%BA%D1%80%D0%B0%D1%82%D0%B8%D1%87%D0%BD%D0%B0_%D0%BB%D0%B5%D0%B2%D0%B8%D1%86%D0%B0_(%D0%93%D1%8A%D1%80%D1%86%D0%B8%D1%8F)","*":"\u0414\u0435\u043c\u043e\u043a\u0440\u0430\u0442\u0438\u0447\u043d\u0430 \u043b\u0435\u0432\u0438\u0446\u0430 (\u0413\u044a\u0440\u0446\u0438\u044f)"},{"lang":"ca","url":"https://ca.wikipedia.org/wiki/Esquerra_Democr%C3%A0tica_(Gr%C3%A8cia)","*":"Esquerra Democr\u00e0tica (Gr\u00e8cia)"},{"lang":"cs","url":"https://cs.wikipedia.org/wiki/Demokratick%C3%A1_levice_(%C5%98ecko)","*":"Demokratick\u00e1 levice (\u0158ecko)"},{"lang":"da","url":"https://da.wikipedia.org/wiki/Demokratiske_venstre","*":"Demokratiske venstre"},{"lang":"de","url":"https://de.wikipedia.org/wiki/Dimokratiki_Aristera","*":"Dimokratiki Aristera"},{"lang":"el","url":"https://el.wikipedia.org/wiki/%CE%94%CE%B7%CE%BC%CE%BF%CE%BA%CF%81%CE%B1%CF%84%CE%B9%CE%BA%CE%AE_%CE%91%CF%81%CE%B9%CF%83%CF%84%CE%B5%CF%81%CE%AC","*":"\u0394\u03b7\u03bc\u03bf\u03ba\u03c1\u03b1\u03c4\u03b9\u03ba\u03ae \u0391\u03c1\u03b9\u03c3\u03c4\u03b5\u03c1\u03ac"},{"lang":"eo","url":"https://eo.wikipedia.org/wiki/Demokratia_Maldekstro_(Grekio)","*":"Demokratia Maldekstro (Grekio)"},{"lang":"es","url":"https://es.wikipedia.org/wiki/Izquierda_Democr%C3%A1tica_(Grecia)","*":"Izquierda Democr\u00e1tica (Grecia)"},{"lang":"fi","url":"https://fi.wikipedia.org/wiki/Demokraattinen_vasemmisto","*":"Demokraattinen vasemmisto"},{"lang":"fr","url":"https://fr.wikipedia.org/wiki/Gauche_d%C3%A9mocrate_(Gr%C3%A8ce)","*":"Gauche d\u00e9mocrate (Gr\u00e8ce)"},{"lang":"it","url":"https://it.wikipedia.org/wiki/Sinistra_Democratica_(Grecia)","*":"Sinistra Democratica (Grecia)"},{"lang":"ja","url":"https://ja.wikipedia.org/wiki/%E6%B0%91%E4%B8%BB%E5%B7%A6%E6%B4%BE","*":"\u6c11\u4e3b\u5de6\u6d3e"},{"lang":"ko","url":"https://ko.wikipedia.org/wiki/%EB%AF%BC%EC%A3%BC%EC%A2%8C%ED%8C%8C%EB%8B%B9_(%EA%B7%B8%EB%A6%AC%EC%8A%A4)","*":"\ubbfc\uc8fc\uc88c\ud30c\ub2f9 (\uadf8\ub9ac\uc2a4)"},{"lang":"nl","url":"https://nl.wikipedia.org/wiki/Democratisch_Links","*":"Democratisch Links"},{"lang":"nb","url":"https://no.wikipedia.org/wiki/Demokratiske_venstre","*":"Demokratiske venstre"},{"lang":"pl","url":"https://pl.wikipedia.org/wiki/Demokratyczna_Lewica_(Grecja)","*":"Demokratyczna Lewica (Grecja)"},{"lang":"pt","url":"https://pt.wikipedia.org/wiki/Esquerda_Democr%C3%A1tica_(Gr%C3%A9cia)","*":"Esquerda Democr\u00e1tica (Gr\u00e9cia)"},{"lang":"ru","url":"https://ru.wikipedia.org/wiki/%D0%94%D0%B5%D0%BC%D0%BE%D0%BA%D1%80%D0%B0%D1%82%D0%B8%D1%87%D0%B5%D1%81%D0%BA%D0%B8%D0%B5_%D0%BB%D0%B5%D0%B2%D1%8B%D0%B5_(%D0%93%D1%80%D0%B5%D1%86%D0%B8%D1%8F)","*":"\u0414\u0435\u043c\u043e\u043a\u0440\u0430\u0442\u0438\u0447\u0435\u0441\u043a\u0438\u0435 \u043b\u0435\u0432\u044b\u0435 (\u0413\u0440\u0435\u0446\u0438\u044f)"},{"lang":"tr","url":"https://tr.wikipedia.org/wiki/Demokratik_Sol_(Yunanistan)","*":"Demokratik Sol (Yunanistan)"},{"lang":"uk","url":"https://uk.wikipedia.org/wiki/%D0%94%D0%B5%D0%BC%D0%BE%D0%BA%D1%80%D0%B0%D1%82%D0%B8%D1%87%D0%BD%D1%96_%D0%BB%D1%96%D0%B2%D1%96_(%D0%93%D1%80%D0%B5%D1%86%D1%96%D1%8F)","*":"\u0414\u0435\u043c\u043e\u043a\u0440\u0430\u0442\u0438\u0447\u043d\u0456 \u043b\u0456\u0432\u0456 (\u0413\u0440\u0435\u0446\u0456\u044f)"},{"lang":"zh","url":"https://zh.wikipedia.org/wiki/%E6%B0%91%E4%B8%BB%E5%B7%A6%E7%BF%BC","*":"\u6c11\u4e3b\u5de6\u7ffc"}]}}}}