{"partyfacts_id":1162,"batchcomplete":"","query":{"normalized":[{"from":"Pauline_Hanson's_One_Nation","to":"Pauline Hanson's One Nation"}],"pages":{"83013":{"pageid":83013,"ns":0,"title":"Pauline Hanson's One Nation","langlinks":[{"lang":"de","url":"https://de.wikipedia.org/wiki/Pauline_Hanson%E2%80%99s_One_Nation","*":"Pauline Hanson\u2019s One Nation"},{"lang":"eo","url":"https://eo.wikipedia.org/wiki/Unu_Nacio_Partio","*":"Unu Nacio Partio"},{"lang":"es","url":"https://es.wikipedia.org/wiki/Una_Naci%C3%B3n_de_Pauline_Hanson","*":"Una Naci\u00f3n de Pauline Hanson"},{"lang":"fr","url":"https://fr.wikipedia.org/wiki/Pauline_Hanson%27s_One_Nation","*":"Pauline Hanson's One Nation"},{"lang":"it","url":"https://it.wikipedia.org/wiki/One_Nation_(partito_politico)","*":"One Nation (partito politico)"},{"lang":"ja","url":"https://ja.wikipedia.org/wiki/%E3%83%AF%E3%83%B3%E3%83%BB%E3%83%8D%E3%82%A4%E3%82%B7%E3%83%A7%E3%83%B3","*":"\u30ef\u30f3\u30fb\u30cd\u30a4\u30b7\u30e7\u30f3"},{"lang":"ko","url":"https://ko.wikipedia.org/wiki/%ED%8F%B4%EB%A6%B0_%ED%95%B8%EC%8A%A8%EC%9D%98_%EC%9B%90_%EB%84%A4%EC%9D%B4%EC%85%98","*":"\ud3f4\ub9b0 \ud578\uc2a8\uc758 \uc6d0 \ub124\uc774\uc158"},{"lang":"nb","url":"https://no.wikipedia.org/wiki/One_Nation_Party","*":"One Nation Party"},{"lang":"ru","url":"https://ru.wikipedia.org/wiki/%D0%9E%D0%B4%D0%BD%D0%B0_%D0%BD%D0%B0%D1%86%D0%B8%D1%8F","*":"\u041e\u0434\u043d\u0430 \u043d\u0430\u0446\u0438\u044f"},{"lang":"simple","url":"https://simple.wikipedia.org/wiki/Pauline_Hanson%27s_One_Nation","*":"Pauline Hanson's One Nation"},{"lang":"zh","url":"https://zh.wikipedia.org/wiki/%E4%B8%80%E5%9B%BD%E5%85%9A","*":"\u4e00\u56fd\u515a"}]}}}}