{"partyfacts_id":1163,"batchcomplete":"","query":{"normalized":[{"from":"Democratic_Social_Party","to":"Democratic Social Party"}],"pages":{"7398755":{"pageid":7398755,"ns":0,"title":"Democratic Social Party","langlinks":[{"lang":"de","url":"https://de.wikipedia.org/wiki/Partido_Democr%C3%A1tico_Social","*":"Partido Democr\u00e1tico Social"},{"lang":"es","url":"https://es.wikipedia.org/wiki/Partido_Democr%C3%A1tico_Social","*":"Partido Democr\u00e1tico Social"},{"lang":"it","url":"https://it.wikipedia.org/wiki/Partito_Democratico_Sociale_(Brasile)","*":"Partito Democratico Sociale (Brasile)"},{"lang":"nl","url":"https://nl.wikipedia.org/wiki/Democratisch_Sociale_Partij","*":"Democratisch Sociale Partij"},{"lang":"pt","url":"https://pt.wikipedia.org/wiki/Partido_Democr%C3%A1tico_Social","*":"Partido Democr\u00e1tico Social"}]}}}}