{"partyfacts_id":1164,"batchcomplete":"","query":{"normalized":[{"from":"Social_Democratic_Union_of_Workers_and_Smallholders","to":"Social Democratic Union of Workers and Smallholders"}],"pages":{"17245641":{"pageid":17245641,"ns":0,"title":"Social Democratic Union of Workers and Smallholders","langlinks":[{"lang":"ca","url":"https://ca.wikipedia.org/wiki/Uni%C3%B3_Socialdem%C3%B2crata_de_Treballadors_i_Petits_Propietaris","*":"Uni\u00f3 Socialdem\u00f2crata de Treballadors i Petits Propietaris"},{"lang":"de","url":"https://de.wikipedia.org/wiki/Sozialdemokratischer_Bund_der_Arbeiter-_und_Kleinbauernschaft","*":"Sozialdemokratischer Bund der Arbeiter- und Kleinbauernschaft"},{"lang":"fi","url":"https://fi.wikipedia.org/wiki/Ty%C3%B6v%C3%A4en_ja_Pienviljelij%C3%A4in_Sosialidemokraattinen_Liitto","*":"Ty\u00f6v\u00e4en ja Pienviljelij\u00e4in Sosialidemokraattinen Liitto"},{"lang":"fr","url":"https://fr.wikipedia.org/wiki/Union_sociale-d%C3%A9mocrate_des_travailleurs_et_des_petits_agriculteurs","*":"Union sociale-d\u00e9mocrate des travailleurs et des petits agriculteurs"},{"lang":"it","url":"https://it.wikipedia.org/wiki/Lega_Socialdemocratica_dei_Lavoratori_e_dei_Piccoli_Proprietari","*":"Lega Socialdemocratica dei Lavoratori e dei Piccoli Proprietari"},{"lang":"ru","url":"https://ru.wikipedia.org/wiki/%D0%A1%D0%BE%D1%86%D0%B8%D0%B0%D0%BB-%D0%B4%D0%B5%D0%BC%D0%BE%D0%BA%D1%80%D0%B0%D1%82%D0%B8%D1%87%D0%B5%D1%81%D0%BA%D0%B8%D0%B9_%D1%81%D0%BE%D1%8E%D0%B7_%D1%80%D0%B0%D0%B1%D0%BE%D1%87%D0%B8%D1%85_%D0%B8_%D0%BC%D0%B5%D0%BB%D0%BA%D0%B8%D1%85_%D0%B7%D0%B5%D0%BC%D0%BB%D0%B5%D0%B4%D0%B5%D0%BB%D1%8C%D1%86%D0%B5%D0%B2_%D0%A4%D0%B8%D0%BD%D0%BB%D1%8F%D0%BD%D0%B4%D0%B8%D0%B8","*":"\u0421\u043e\u0446\u0438\u0430\u043b-\u0434\u0435\u043c\u043e\u043a\u0440\u0430\u0442\u0438\u0447\u0435\u0441\u043a\u0438\u0439 \u0441\u043e\u044e\u0437 \u0440\u0430\u0431\u043e\u0447\u0438\u0445 \u0438 \u043c\u0435\u043b\u043a\u0438\u0445 \u0437\u0435\u043c\u043b\u0435\u0434\u0435\u043b\u044c\u0446\u0435\u0432 \u0424\u0438\u043d\u043b\u044f\u043d\u0434\u0438\u0438"},{"lang":"sv","url":"https://sv.wikipedia.org/wiki/Arbetarnas_och_sm%C3%A5brukarnas_socialdemokratiska_f%C3%B6rbund","*":"Arbetarnas och sm\u00e5brukarnas socialdemokratiska f\u00f6rbund"}]}}}}