{"partyfacts_id":1167,"batchcomplete":"","query":{"normalized":[{"from":"Mizrachi_(political_party)","to":"Mizrachi (political party)"}],"pages":{"8100952":{"pageid":8100952,"ns":0,"title":"Mizrachi (political party)","langlinks":[{"lang":"ca","url":"https://ca.wikipedia.org/wiki/Mizrah%C3%AD","*":"Mizrah\u00ed"},{"lang":"cs","url":"https://cs.wikipedia.org/wiki/Mizrachi_(politick%C3%A1_strana)","*":"Mizrachi (politick\u00e1 strana)"},{"lang":"de","url":"https://de.wikipedia.org/wiki/HaMisrachi","*":"HaMisrachi"},{"lang":"fr","url":"https://fr.wikipedia.org/wiki/Mizrahi_(parti_politique)","*":"Mizrahi (parti politique)"},{"lang":"pl","url":"https://pl.wikipedia.org/wiki/Mizrachi","*":"Mizrachi"}]}}}}