{"partyfacts_id":1177,"batchcomplete":"","query":{"normalized":[{"from":"Centrist_Alliance","to":"Centrist Alliance"}],"pages":{"23616510":{"pageid":23616510,"ns":0,"title":"Centrist Alliance","langlinks":[{"lang":"cs","url":"https://cs.wikipedia.org/wiki/Alliance_centriste","*":"Alliance centriste"},{"lang":"eo","url":"https://eo.wikipedia.org/wiki/Centrisma_Alianco_(Francio)","*":"Centrisma Alianco (Francio)"},{"lang":"fr","url":"https://fr.wikipedia.org/wiki/Alliance_centriste","*":"Alliance centriste"},{"lang":"it","url":"https://it.wikipedia.org/wiki/Alleanza_Centrista","*":"Alleanza Centrista"},{"lang":"nl","url":"https://nl.wikipedia.org/wiki/Alliance_centriste","*":"Alliance centriste"},{"lang":"pl","url":"https://pl.wikipedia.org/wiki/Sojusz_Centrowy","*":"Sojusz Centrowy"}]}}}}