{"partyfacts_id":118,"batchcomplete":"","query":{"normalized":[{"from":"National_Party_(Uruguay)","to":"National Party (Uruguay)"}],"pages":{"1214293":{"pageid":1214293,"ns":0,"title":"National Party (Uruguay)","langlinks":[{"lang":"az","url":"https://az.wikipedia.org/wiki/Uruqvay_Milli_Partiyas%C4%B1","*":"Uruqvay Milli Partiyas\u0131"},{"lang":"ca","url":"https://ca.wikipedia.org/wiki/Partit_Nacional_de_l%27Uruguai","*":"Partit Nacional de l'Uruguai"},{"lang":"de","url":"https://de.wikipedia.org/wiki/Partido_Nacional_(Uruguay)","*":"Partido Nacional (Uruguay)"},{"lang":"el","url":"https://el.wikipedia.org/wiki/%CE%95%CE%B8%CE%BD%CE%B9%CE%BA%CF%8C_%CE%9A%CF%8C%CE%BC%CE%BC%CE%B1_(%CE%9F%CF%85%CF%81%CE%BF%CF%85%CE%B3%CE%BF%CF%85%CE%AC%CE%B7)","*":"\u0395\u03b8\u03bd\u03b9\u03ba\u03cc \u039a\u03cc\u03bc\u03bc\u03b1 (\u039f\u03c5\u03c1\u03bf\u03c5\u03b3\u03bf\u03c5\u03ac\u03b7)"},{"lang":"eo","url":"https://eo.wikipedia.org/wiki/Partido_Nacional_(Urugvajo)","*":"Partido Nacional (Urugvajo)"},{"lang":"es","url":"https://es.wikipedia.org/wiki/Partido_Nacional_(Uruguay)","*":"Partido Nacional (Uruguay)"},{"lang":"eu","url":"https://eu.wikipedia.org/wiki/Alderdi_Nazionala_(Uruguai)","*":"Alderdi Nazionala (Uruguai)"},{"lang":"fr","url":"https://fr.wikipedia.org/wiki/Parti_national_(Uruguay)","*":"Parti national (Uruguay)"},{"lang":"hr","url":"https://hr.wikipedia.org/wiki/Narodna_stranka_(Urugvaj)","*":"Narodna stranka (Urugvaj)"},{"lang":"it","url":"https://it.wikipedia.org/wiki/Partito_Nazionale_(Uruguay)","*":"Partito Nazionale (Uruguay)"},{"lang":"ja","url":"https://ja.wikipedia.org/wiki/%E5%9B%BD%E6%B0%91%E5%85%9A_(%E3%82%A6%E3%83%AB%E3%82%B0%E3%82%A2%E3%82%A4)","*":"\u56fd\u6c11\u515a (\u30a6\u30eb\u30b0\u30a2\u30a4)"},{"lang":"ko","url":"https://ko.wikipedia.org/wiki/%EA%B5%AD%EB%AF%BC%EB%8B%B9_(%EC%9A%B0%EB%A3%A8%EA%B3%BC%EC%9D%B4)","*":"\uad6d\ubbfc\ub2f9 (\uc6b0\ub8e8\uacfc\uc774)"},{"lang":"mk","url":"https://mk.wikipedia.org/wiki/%D0%9D%D0%B0%D1%86%D0%B8%D0%BE%D0%BD%D0%B0%D0%BB%D0%BD%D0%B0_%D0%BF%D0%B0%D1%80%D1%82%D0%B8%D1%98%D0%B0_(%D0%A3%D1%80%D1%83%D0%B3%D0%B2%D0%B0%D1%98)","*":"\u041d\u0430\u0446\u0438\u043e\u043d\u0430\u043b\u043d\u0430 \u043f\u0430\u0440\u0442\u0438\u0458\u0430 (\u0423\u0440\u0443\u0433\u0432\u0430\u0458)"},{"lang":"ms","url":"https://ms.wikipedia.org/wiki/Parti_Kebangsaan_(Uruguay)","*":"Parti Kebangsaan (Uruguay)"},{"lang":"ne","url":"https://ne.wikipedia.org/wiki/%E0%A4%B0%E0%A4%BE%E0%A4%B7%E0%A5%8D%E0%A4%9F%E0%A5%8D%E0%A4%B0%E0%A4%BF%E0%A4%AF_%E0%A4%AA%E0%A4%BE%E0%A4%B0%E0%A5%8D%E0%A4%9F%E0%A5%80_(%E0%A4%89%E0%A4%B0%E0%A5%81%E0%A4%97%E0%A5%8D%E0%A4%B5%E0%A5%87)","*":"\u0930\u093e\u0937\u094d\u091f\u094d\u0930\u093f\u092f \u092a\u093e\u0930\u094d\u091f\u0940 (\u0909\u0930\u0941\u0917\u094d\u0935\u0947)"},{"lang":"nl","url":"https://nl.wikipedia.org/wiki/Nationale_Partij_(Uruguay)","*":"Nationale Partij (Uruguay)"},{"lang":"nb","url":"https://no.wikipedia.org/wiki/Partido_Nacional_(Uruguay)","*":"Partido Nacional (Uruguay)"},{"lang":"pl","url":"https://pl.wikipedia.org/wiki/Partia_Narodowa_(Urugwaj)","*":"Partia Narodowa (Urugwaj)"},{"lang":"pt","url":"https://pt.wikipedia.org/wiki/Partido_Nacional_(Uruguai)","*":"Partido Nacional (Uruguai)"},{"lang":"ru","url":"https://ru.wikipedia.org/wiki/%D0%9D%D0%B0%D1%86%D0%B8%D0%BE%D0%BD%D0%B0%D0%BB%D1%8C%D0%BD%D0%B0%D1%8F_%D0%BF%D0%B0%D1%80%D1%82%D0%B8%D1%8F_(%D0%A3%D1%80%D1%83%D0%B3%D0%B2%D0%B0%D0%B9)","*":"\u041d\u0430\u0446\u0438\u043e\u043d\u0430\u043b\u044c\u043d\u0430\u044f \u043f\u0430\u0440\u0442\u0438\u044f (\u0423\u0440\u0443\u0433\u0432\u0430\u0439)"},{"lang":"uk","url":"https://uk.wikipedia.org/wiki/%D0%9D%D0%B0%D1%86%D1%96%D0%BE%D0%BD%D0%B0%D0%BB%D1%8C%D0%BD%D0%B0_%D0%BF%D0%B0%D1%80%D1%82%D1%96%D1%8F_(%D0%A3%D1%80%D1%83%D0%B3%D0%B2%D0%B0%D0%B9)","*":"\u041d\u0430\u0446\u0456\u043e\u043d\u0430\u043b\u044c\u043d\u0430 \u043f\u0430\u0440\u0442\u0456\u044f (\u0423\u0440\u0443\u0433\u0432\u0430\u0439)"},{"lang":"zh","url":"https://zh.wikipedia.org/wiki/%E6%B0%91%E6%97%8F%E5%85%9A_(%E4%B9%8C%E6%8B%89%E5%9C%AD)","*":"\u6c11\u65cf\u515a (\u4e4c\u62c9\u572d)"}]}}}}