{"partyfacts_id":1181,"batchcomplete":"","query":{"pages":{"47374":{"pageid":47374,"ns":0,"title":"2012","langlinks":[{"lang":"ab","url":"https://ab.wikipedia.org/wiki/2012","*":"2012"},{"lang":"af","url":"https://af.wikipedia.org/wiki/2012","*":"2012"},{"lang":"als","url":"https://als.wikipedia.org/wiki/2012","*":"2012"},{"lang":"am","url":"https://am.wikipedia.org/wiki/2012_%E1%8A%A5.%E1%8A%A4.%E1%8A%A0.","*":"2012 \u12a5.\u12a4.\u12a0."},{"lang":"an","url":"https://an.wikipedia.org/wiki/2012","*":"2012"},{"lang":"ar","url":"https://ar.wikipedia.org/wiki/2012","*":"2012"},{"lang":"arc","url":"https://arc.wikipedia.org/wiki/2012","*":"2012"},{"lang":"arz","url":"https://arz.wikipedia.org/wiki/2012","*":"2012"},{"lang":"as","url":"https://as.wikipedia.org/wiki/%E0%A7%A8%E0%A7%A6%E0%A7%A7%E0%A7%A8","*":"\u09e8\u09e6\u09e7\u09e8"},{"lang":"ast","url":"https://ast.wikipedia.org/wiki/2012","*":"2012"},{"lang":"av","url":"https://av.wikipedia.org/wiki/2012_%D1%81%D0%BE%D0%BD","*":"2012 \u0441\u043e\u043d"},{"lang":"ay","url":"https://ay.wikipedia.org/wiki/2012","*":"2012"},{"lang":"az","url":"https://az.wikipedia.org/wiki/2012","*":"2012"},{"lang":"azb","url":"https://azb.wikipedia.org/wiki/%DB%B2%DB%B0%DB%B1%DB%B2_(%D9%85%DB%8C%D9%84%D8%A7%D8%AF%DB%8C)","*":"\u06f2\u06f0\u06f1\u06f2 (\u0645\u06cc\u0644\u0627\u062f\u06cc)"},{"lang":"ba","url":"https://ba.wikipedia.org/wiki/2012_%D0%B9%D1%8B%D0%BB","*":"2012 \u0439\u044b\u043b"},{"lang":"ban","url":"https://ban.wikipedia.org/wiki/2012","*":"2012"},{"lang":"bar","url":"https://bar.wikipedia.org/wiki/2012","*":"2012"},{"lang":"bat-smg","url":"https://bat-smg.wikipedia.org/wiki/2012","*":"2012"},{"lang":"bcl","url":"https://bcl.wikipedia.org/wiki/2012","*":"2012"},{"lang":"be","url":"https://be.wikipedia.org/wiki/2012","*":"2012"},{"lang":"be-x-old","url":"https://be-tarask.wikipedia.org/wiki/2012","*":"2012"},{"lang":"bg","url":"https://bg.wikipedia.org/wiki/2012","*":"2012"},{"lang":"bh","url":"https://bh.wikipedia.org/wiki/2012","*":"2012"},{"lang":"bjn","url":"https://bjn.wikipedia.org/wiki/2012","*":"2012"},{"lang":"bn","url":"https://bn.wikipedia.org/wiki/%E0%A7%A8%E0%A7%A6%E0%A7%A7%E0%A7%A8","*":"\u09e8\u09e6\u09e7\u09e8"},{"lang":"br","url":"https://br.wikipedia.org/wiki/2012","*":"2012"},{"lang":"bs","url":"https://bs.wikipedia.org/wiki/2012.","*":"2012."},{"lang":"bxr","url":"https://bxr.wikipedia.org/wiki/2012_%D0%BE%D0%BD","*":"2012 \u043e\u043d"},{"lang":"ca","url":"https://ca.wikipedia.org/wiki/2012","*":"2012"},{"lang":"cbk-zam","url":"https://cbk-zam.wikipedia.org/wiki/2012","*":"2012"},{"lang":"cdo","url":"https://cdo.wikipedia.org/wiki/2012_ni%C3%A8ng","*":"2012 ni\u00e8ng"},{"lang":"ce","url":"https://ce.wikipedia.org/wiki/2012_%D1%88%D0%BE","*":"2012 \u0448\u043e"},{"lang":"ceb","url":"https://ceb.wikipedia.org/wiki/2012","*":"2012"},{"lang":"ckb","url":"https://ckb.wikipedia.org/wiki/%D9%A2%D9%A0%D9%A1%D9%A2","*":"\u0662\u0660\u0661\u0662"},{"lang":"co","url":"https://co.wikipedia.org/wiki/2012","*":"2012"},{"lang":"crh","url":"https://crh.wikipedia.org/wiki/2012","*":"2012"},{"lang":"cs","url":"https://cs.wikipedia.org/wiki/2012","*":"2012"},{"lang":"csb","url":"https://csb.wikipedia.org/wiki/2012","*":"2012"},{"lang":"cv","url":"https://cv.wikipedia.org/wiki/2012","*":"2012"},{"lang":"cy","url":"https://cy.wikipedia.org/wiki/2012","*":"2012"},{"lang":"da","url":"https://da.wikipedia.org/wiki/2012","*":"2012"},{"lang":"de","url":"https://de.wikipedia.org/wiki/2012","*":"2012"},{"lang":"diq","url":"https://diq.wikipedia.org/wiki/2012","*":"2012"},{"lang":"dsb","url":"https://dsb.wikipedia.org/wiki/2012","*":"2012"},{"lang":"dv","url":"https://dv.wikipedia.org/wiki/2012","*":"2012"},{"lang":"el","url":"https://el.wikipedia.org/wiki/2012","*":"2012"},{"lang":"eml","url":"https://eml.wikipedia.org/wiki/2012","*":"2012"},{"lang":"eo","url":"https://eo.wikipedia.org/wiki/2012","*":"2012"},{"lang":"es","url":"https://es.wikipedia.org/wiki/2012","*":"2012"},{"lang":"et","url":"https://et.wikipedia.org/wiki/2012","*":"2012"},{"lang":"eu","url":"https://eu.wikipedia.org/wiki/2012","*":"2012"},{"lang":"ext","url":"https://ext.wikipedia.org/wiki/2012","*":"2012"},{"lang":"fa","url":"https://fa.wikipedia.org/wiki/%DB%B2%DB%B0%DB%B1%DB%B2","*":"\u06f2\u06f0\u06f1\u06f2"},{"lang":"fi","url":"https://fi.wikipedia.org/wiki/2012","*":"2012"},{"lang":"fiu-vro","url":"https://fiu-vro.wikipedia.org/wiki/2012","*":"2012"},{"lang":"fo","url":"https://fo.wikipedia.org/wiki/2012","*":"2012"},{"lang":"fr","url":"https://fr.wikipedia.org/wiki/2012","*":"2012"},{"lang":"frp","url":"https://frp.wikipedia.org/wiki/2012","*":"2012"},{"lang":"frr","url":"https://frr.wikipedia.org/wiki/2012","*":"2012"},{"lang":"fur","url":"https://fur.wikipedia.org/wiki/2012","*":"2012"},{"lang":"fy","url":"https://fy.wikipedia.org/wiki/2012","*":"2012"},{"lang":"ga","url":"https://ga.wikipedia.org/wiki/2012","*":"2012"},{"lang":"gag","url":"https://gag.wikipedia.org/wiki/2012","*":"2012"},{"lang":"gan","url":"https://gan.wikipedia.org/wiki/2012%E5%B9%B4","*":"2012\u5e74"},{"lang":"gcr","url":"https://gcr.wikipedia.org/wiki/2012","*":"2012"},{"lang":"gd","url":"https://gd.wikipedia.org/wiki/2012","*":"2012"},{"lang":"gl","url":"https://gl.wikipedia.org/wiki/2012","*":"2012"},{"lang":"glk","url":"https://glk.wikipedia.org/wiki/%DB%B2%DB%B0%DB%B1%DB%B2","*":"\u06f2\u06f0\u06f1\u06f2"},{"lang":"gn","url":"https://gn.wikipedia.org/wiki/2012","*":"2012"},{"lang":"gv","url":"https://gv.wikipedia.org/wiki/2012","*":"2012"},{"lang":"ha","url":"https://ha.wikipedia.org/wiki/2012","*":"2012"},{"lang":"hak","url":"https://hak.wikipedia.org/wiki/2012-ngi%C3%A8n","*":"2012-ngi\u00e8n"},{"lang":"he","url":"https://he.wikipedia.org/wiki/2012","*":"2012"},{"lang":"hi","url":"https://hi.wikipedia.org/wiki/%E0%A5%A8%E0%A5%A6%E0%A5%A7%E0%A5%A8","*":"\u0968\u0966\u0967\u0968"},{"lang":"hif","url":"https://hif.wikipedia.org/wiki/2012","*":"2012"},{"lang":"hr","url":"https://hr.wikipedia.org/wiki/2012.","*":"2012."},{"lang":"hsb","url":"https://hsb.wikipedia.org/wiki/2012","*":"2012"},{"lang":"ht","url":"https://ht.wikipedia.org/wiki/2012_(almanak_gregoryen)","*":"2012 (almanak gregoryen)"},{"lang":"hu","url":"https://hu.wikipedia.org/wiki/2012","*":"2012"},{"lang":"hy","url":"https://hy.wikipedia.org/wiki/2012","*":"2012"},{"lang":"ia","url":"https://ia.wikipedia.org/wiki/2012","*":"2012"},{"lang":"id","url":"https://id.wikipedia.org/wiki/2012","*":"2012"},{"lang":"ilo","url":"https://ilo.wikipedia.org/wiki/2012","*":"2012"},{"lang":"inh","url":"https://inh.wikipedia.org/wiki/2012_%D1%88%D1%83","*":"2012 \u0448\u0443"},{"lang":"io","url":"https://io.wikipedia.org/wiki/2012","*":"2012"},{"lang":"is","url":"https://is.wikipedia.org/wiki/2012","*":"2012"},{"lang":"it","url":"https://it.wikipedia.org/wiki/2012","*":"2012"},{"lang":"ja","url":"https://ja.wikipedia.org/wiki/2012%E5%B9%B4","*":"2012\u5e74"},{"lang":"jbo","url":"https://jbo.wikipedia.org/wiki/2012moi","*":"2012moi"},{"lang":"jv","url":"https://jv.wikipedia.org/wiki/2012","*":"2012"},{"lang":"ka","url":"https://ka.wikipedia.org/wiki/2012","*":"2012"},{"lang":"kbp","url":"https://kbp.wikipedia.org/wiki/2012","*":"2012"},{"lang":"kk","url":"https://kk.wikipedia.org/wiki/2012_%D0%B6%D1%8B%D0%BB","*":"2012 \u0436\u044b\u043b"},{"lang":"km","url":"https://km.wikipedia.org/wiki/%E1%9E%86%E1%9F%92%E1%9E%93%E1%9E%B6%E1%9F%86_%E1%9F%A2%E1%9F%A0%E1%9F%A1%E1%9F%A2","*":"\u1786\u17d2\u1793\u17b6\u17c6 \u17e2\u17e0\u17e1\u17e2"},{"lang":"kn","url":"https://kn.wikipedia.org/wiki/%E0%B3%A8%E0%B3%A6%E0%B3%A7%E0%B3%A8","*":"\u0ce8\u0ce6\u0ce7\u0ce8"},{"lang":"ko","url":"https://ko.wikipedia.org/wiki/2012%EB%85%84","*":"2012\ub144"},{"lang":"koi","url":"https://koi.wikipedia.org/wiki/2012%E2%80%99_%D0%B2%D0%BE","*":"2012\u2019 \u0432\u043e"},{"lang":"krc","url":"https://krc.wikipedia.org/wiki/2012_%D0%B4%D0%B6%D1%8B%D0%BB","*":"2012 \u0434\u0436\u044b\u043b"},{"lang":"ksh","url":"https://ksh.wikipedia.org/wiki/Joohr_2012","*":"Joohr 2012"},{"lang":"ku","url":"https://ku.wikipedia.org/wiki/2012","*":"2012"},{"lang":"kv","url":"https://kv.wikipedia.org/wiki/2012-%D3%A7%D0%B4_%D0%B2%D0%BE","*":"2012-\u04e7\u0434 \u0432\u043e"},{"lang":"kw","url":"https://kw.wikipedia.org/wiki/2012","*":"2012"},{"lang":"ky","url":"https://ky.wikipedia.org/wiki/2012","*":"2012"},{"lang":"la","url":"https://la.wikipedia.org/wiki/2012","*":"2012"},{"lang":"lb","url":"https://lb.wikipedia.org/wiki/2012","*":"2012"},{"lang":"lez","url":"https://lez.wikipedia.org/wiki/2012_%D0%B9%D0%B8%D1%81","*":"2012 \u0439\u0438\u0441"},{"lang":"li","url":"https://li.wikipedia.org/wiki/2012","*":"2012"},{"lang":"lij","url":"https://lij.wikipedia.org/wiki/2012","*":"2012"},{"lang":"lld","url":"https://lld.wikipedia.org/wiki/2012","*":"2012"},{"lang":"lmo","url":"https://lmo.wikipedia.org/wiki/2012","*":"2012"},{"lang":"lt","url":"https://lt.wikipedia.org/wiki/2012_m.","*":"2012 m."},{"lang":"lv","url":"https://lv.wikipedia.org/wiki/2012._gads","*":"2012. gads"},{"lang":"mai","url":"https://mai.wikipedia.org/wiki/%E0%A5%A8%E0%A5%A6%E0%A5%A7%E0%A5%A8","*":"\u0968\u0966\u0967\u0968"},{"lang":"map-bms","url":"https://map-bms.wikipedia.org/wiki/2012","*":"2012"},{"lang":"mg","url":"https://mg.wikipedia.org/wiki/2012","*":"2012"},{"lang":"mhr","url":"https://mhr.wikipedia.org/wiki/2012","*":"2012"},{"lang":"mi","url":"https://mi.wikipedia.org/wiki/2012","*":"2012"},{"lang":"min","url":"https://min.wikipedia.org/wiki/2012","*":"2012"},{"lang":"mk","url":"https://mk.wikipedia.org/wiki/2012","*":"2012"},{"lang":"ml","url":"https://ml.wikipedia.org/wiki/2012","*":"2012"},{"lang":"mn","url":"https://mn.wikipedia.org/wiki/2012_%D0%BE%D0%BD","*":"2012 \u043e\u043d"},{"lang":"mr","url":"https://mr.wikipedia.org/wiki/%E0%A4%87.%E0%A4%B8._%E0%A5%A8%E0%A5%A6%E0%A5%A7%E0%A5%A8","*":"\u0907.\u0938. \u0968\u0966\u0967\u0968"},{"lang":"mrj","url":"https://mrj.wikipedia.org/wiki/2012_%D0%B8","*":"2012 \u0438"},{"lang":"ms","url":"https://ms.wikipedia.org/wiki/2012","*":"2012"},{"lang":"my","url":"https://my.wikipedia.org/wiki/%E1%81%82%E1%81%80%E1%81%81%E1%81%82","*":"\u1042\u1040\u1041\u1042"},{"lang":"myv","url":"https://myv.wikipedia.org/wiki/2012_%D0%B8%D0%B5","*":"2012 \u0438\u0435"},{"lang":"mzn","url":"https://mzn.wikipedia.org/wiki/%DB%B2%DB%B0%DB%B1%DB%B2_(%D9%85%DB%8C%D9%84%D8%A7%D8%AF%DB%8C)","*":"\u06f2\u06f0\u06f1\u06f2 (\u0645\u06cc\u0644\u0627\u062f\u06cc)"},{"lang":"na","url":"https://na.wikipedia.org/wiki/2012","*":"2012"},{"lang":"nah","url":"https://nah.wikipedia.org/wiki/2012","*":"2012"},{"lang":"nap","url":"https://nap.wikipedia.org/wiki/2012","*":"2012"},{"lang":"nds","url":"https://nds.wikipedia.org/wiki/2012","*":"2012"},{"lang":"nds-nl","url":"https://nds-nl.wikipedia.org/wiki/2012","*":"2012"},{"lang":"ne","url":"https://ne.wikipedia.org/wiki/%E0%A4%B8%E0%A4%A8_%E0%A5%A8%E0%A5%A6%E0%A5%A7%E0%A5%A8","*":"\u0938\u0928 \u0968\u0966\u0967\u0968"},{"lang":"new","url":"https://new.wikipedia.org/wiki/%E0%A4%B8%E0%A4%A8%E0%A5%8D_%E0%A5%A8%E0%A5%A6%E0%A5%A7%E0%A5%A8","*":"\u0938\u0928\u094d \u0968\u0966\u0967\u0968"},{"lang":"nl","url":"https://nl.wikipedia.org/wiki/2012","*":"2012"},{"lang":"nn","url":"https://nn.wikipedia.org/wiki/2012","*":"2012"},{"lang":"nb","url":"https://no.wikipedia.org/wiki/2012","*":"2012"},{"lang":"nrm","url":"https://nrm.wikipedia.org/wiki/2012","*":"2012"},{"lang":"nso","url":"https://nso.wikipedia.org/wiki/2012","*":"2012"},{"lang":"oc","url":"https://oc.wikipedia.org/wiki/2012","*":"2012"},{"lang":"olo","url":"https://olo.wikipedia.org/wiki/2012","*":"2012"},{"lang":"or","url":"https://or.wikipedia.org/wiki/%E0%AD%A8%E0%AD%A6%E0%AD%A7%E0%AD%A8","*":"\u0b68\u0b66\u0b67\u0b68"},{"lang":"os","url":"https://os.wikipedia.org/wiki/2012-%C3%A6%D0%BC_%D0%B0%D0%B7","*":"2012-\u00e6\u043c \u0430\u0437"},{"lang":"pa","url":"https://pa.wikipedia.org/wiki/2012","*":"2012"},{"lang":"pag","url":"https://pag.wikipedia.org/wiki/2012","*":"2012"},{"lang":"pap","url":"https://pap.wikipedia.org/wiki/2012","*":"2012"},{"lang":"pi","url":"https://pi.wikipedia.org/wiki/%E0%A5%A8%E0%A5%A6%E0%A5%A7%E0%A5%A8","*":"\u0968\u0966\u0967\u0968"},{"lang":"pl","url":"https://pl.wikipedia.org/wiki/2012","*":"2012"},{"lang":"pnb","url":"https://pnb.wikipedia.org/wiki/2012","*":"2012"},{"lang":"ps","url":"https://ps.wikipedia.org/wiki/2012","*":"2012"},{"lang":"pt","url":"https://pt.wikipedia.org/wiki/2012","*":"2012"},{"lang":"qu","url":"https://qu.wikipedia.org/wiki/2012","*":"2012"},{"lang":"ro","url":"https://ro.wikipedia.org/wiki/2012","*":"2012"},{"lang":"ru","url":"https://ru.wikipedia.org/wiki/2012_%D0%B3%D0%BE%D0%B4","*":"2012 \u0433\u043e\u0434"},{"lang":"rue","url":"https://rue.wikipedia.org/wiki/2012","*":"2012"},{"lang":"sa","url":"https://sa.wikipedia.org/wiki/%E0%A5%A8%E0%A5%A6%E0%A5%A7%E0%A5%A8","*":"\u0968\u0966\u0967\u0968"},{"lang":"sah","url":"https://sah.wikipedia.org/wiki/2012_%D1%81%D1%8B%D0%BB","*":"2012 \u0441\u044b\u043b"},{"lang":"sc","url":"https://sc.wikipedia.org/wiki/2012","*":"2012"},{"lang":"scn","url":"https://scn.wikipedia.org/wiki/2012","*":"2012"},{"lang":"sco","url":"https://sco.wikipedia.org/wiki/2012","*":"2012"},{"lang":"sd","url":"https://sd.wikipedia.org/wiki/2012%D8%B9","*":"2012\u0639"},{"lang":"se","url":"https://se.wikipedia.org/wiki/2012","*":"2012"},{"lang":"sh","url":"https://sh.wikipedia.org/wiki/2012","*":"2012"},{"lang":"shn","url":"https://shn.wikipedia.org/wiki/2012","*":"2012"},{"lang":"si","url":"https://si.wikipedia.org/wiki/2012","*":"2012"},{"lang":"simple","url":"https://simple.wikipedia.org/wiki/2012","*":"2012"},{"lang":"sk","url":"https://sk.wikipedia.org/wiki/2012","*":"2012"},{"lang":"sl","url":"https://sl.wikipedia.org/wiki/2012","*":"2012"},{"lang":"sm","url":"https://sm.wikipedia.org/wiki/2012","*":"2012"},{"lang":"smn","url":"https://smn.wikipedia.org/wiki/2012","*":"2012"},{"lang":"so","url":"https://so.wikipedia.org/wiki/2012","*":"2012"},{"lang":"sq","url":"https://sq.wikipedia.org/wiki/2012","*":"2012"},{"lang":"sr","url":"https://sr.wikipedia.org/wiki/2012","*":"2012"},{"lang":"stq","url":"https://stq.wikipedia.org/wiki/2012","*":"2012"},{"lang":"su","url":"https://su.wikipedia.org/wiki/2012","*":"2012"},{"lang":"sv","url":"https://sv.wikipedia.org/wiki/2012","*":"2012"},{"lang":"sw","url":"https://sw.wikipedia.org/wiki/2012","*":"2012"},{"lang":"szl","url":"https://szl.wikipedia.org/wiki/2012","*":"2012"},{"lang":"ta","url":"https://ta.wikipedia.org/wiki/2012","*":"2012"},{"lang":"te","url":"https://te.wikipedia.org/wiki/2012","*":"2012"},{"lang":"tet","url":"https://tet.wikipedia.org/wiki/2012","*":"2012"},{"lang":"tg","url":"https://tg.wikipedia.org/wiki/%D0%A1%D0%BE%D0%BB%D0%B8_2012","*":"\u0421\u043e\u043b\u0438 2012"},{"lang":"th","url":"https://th.wikipedia.org/wiki/%E0%B8%9E.%E0%B8%A8._2555","*":"\u0e1e.\u0e28. 2555"},{"lang":"tk","url":"https://tk.wikipedia.org/wiki/2012","*":"2012"},{"lang":"tl","url":"https://tl.wikipedia.org/wiki/2012","*":"2012"},{"lang":"tr","url":"https://tr.wikipedia.org/wiki/2012","*":"2012"},{"lang":"tt","url":"https://tt.wikipedia.org/wiki/2012_%D0%B5%D0%BB","*":"2012 \u0435\u043b"},{"lang":"tyv","url":"https://tyv.wikipedia.org/wiki/2012_%D1%87%D1%8B%D0%BB","*":"2012 \u0447\u044b\u043b"},{"lang":"udm","url":"https://udm.wikipedia.org/wiki/2012_%D0%B0%D1%80","*":"2012 \u0430\u0440"},{"lang":"uk","url":"https://uk.wikipedia.org/wiki/2012","*":"2012"},{"lang":"ur","url":"https://ur.wikipedia.org/wiki/2012%D8%A1","*":"2012\u0621"},{"lang":"uz","url":"https://uz.wikipedia.org/wiki/2012","*":"2012"},{"lang":"vec","url":"https://vec.wikipedia.org/wiki/2012","*":"2012"},{"lang":"vi","url":"https://vi.wikipedia.org/wiki/2012","*":"2012"},{"lang":"vls","url":"https://vls.wikipedia.org/wiki/2012","*":"2012"},{"lang":"vo","url":"https://vo.wikipedia.org/wiki/2012","*":"2012"},{"lang":"wa","url":"https://wa.wikipedia.org/wiki/2012","*":"2012"},{"lang":"war","url":"https://war.wikipedia.org/wiki/2012","*":"2012"},{"lang":"wuu","url":"https://wuu.wikipedia.org/wiki/2012%E5%B9%B4","*":"2012\u5e74"},{"lang":"xal","url":"https://xal.wikipedia.org/wiki/2012_%D2%97%D0%B8%D0%BB","*":"2012 \u0497\u0438\u043b"},{"lang":"xmf","url":"https://xmf.wikipedia.org/wiki/2012","*":"2012"},{"lang":"yi","url":"https://yi.wikipedia.org/wiki/2012","*":"2012"},{"lang":"yo","url":"https://yo.wikipedia.org/wiki/2012","*":"2012"},{"lang":"zea","url":"https://zea.wikipedia.org/wiki/2012","*":"2012"},{"lang":"zh","url":"https://zh.wikipedia.org/wiki/2012%E5%B9%B4","*":"2012\u5e74"},{"lang":"zh-classical","url":"https://zh-classical.wikipedia.org/wiki/%E4%BA%8C%E3%80%87%E4%B8%80%E4%BA%8C%E5%B9%B4","*":"\u4e8c\u3007\u4e00\u4e8c\u5e74"},{"lang":"zh-min-nan","url":"https://zh-min-nan.wikipedia.org/wiki/2012_n%C3%AE","*":"2012 n\u00ee"},{"lang":"zh-yue","url":"https://zh-yue.wikipedia.org/wiki/2012%E5%B9%B4","*":"2012\u5e74"},{"lang":"zu","url":"https://zu.wikipedia.org/wiki/2012","*":"2012"}]}}}}