{"partyfacts_id":1183,"batchcomplete":"","query":{"normalized":[{"from":"United_Democratic_Forces","to":"United Democratic Forces"}],"pages":{"793513":{"pageid":793513,"ns":0,"title":"United Democratic Forces","langlinks":[{"lang":"bg","url":"https://bg.wikipedia.org/wiki/%D0%9E%D0%B1%D0%B5%D0%B4%D0%B8%D0%BD%D0%B5%D0%BD%D0%B8_%D0%B4%D0%B5%D0%BC%D0%BE%D0%BA%D1%80%D0%B0%D1%82%D0%B8%D1%87%D0%BD%D0%B8_%D1%81%D0%B8%D0%BB%D0%B8","*":"\u041e\u0431\u0435\u0434\u0438\u043d\u0435\u043d\u0438 \u0434\u0435\u043c\u043e\u043a\u0440\u0430\u0442\u0438\u0447\u043d\u0438 \u0441\u0438\u043b\u0438"},{"lang":"ca","url":"https://ca.wikipedia.org/wiki/Forces_Democr%C3%A0tiques_Unides","*":"Forces Democr\u00e0tiques Unides"},{"lang":"fr","url":"https://fr.wikipedia.org/wiki/Forces_d%C3%A9mocratiques_unies","*":"Forces d\u00e9mocratiques unies"},{"lang":"hu","url":"https://hu.wikipedia.org/wiki/Egyes%C3%BClt_Demokrata_Er%C5%91k","*":"Egyes\u00fclt Demokrata Er\u0151k"},{"lang":"it","url":"https://it.wikipedia.org/wiki/Forze_Democratiche_Unite","*":"Forze Democratiche Unite"},{"lang":"ja","url":"https://ja.wikipedia.org/wiki/%E7%B5%B1%E4%B8%80%E6%B0%91%E4%B8%BB%E5%8B%A2%E5%8A%9B","*":"\u7d71\u4e00\u6c11\u4e3b\u52e2\u529b"},{"lang":"nl","url":"https://nl.wikipedia.org/wiki/Verenigde_Democratische_Krachten_(Bulgarije)","*":"Verenigde Democratische Krachten (Bulgarije)"},{"lang":"pl","url":"https://pl.wikipedia.org/wiki/Zjednoczone_Si%C5%82y_Demokratyczne","*":"Zjednoczone Si\u0142y Demokratyczne"},{"lang":"tr","url":"https://tr.wikipedia.org/wiki/Birle%C5%9Fik_Demokratik_G%C3%BC%C3%A7ler","*":"Birle\u015fik Demokratik G\u00fc\u00e7ler"},{"lang":"uk","url":"https://uk.wikipedia.org/wiki/%D0%9E%D0%B1%27%D1%94%D0%B4%D0%BD%D0%B0%D0%BD%D0%BD%D1%8F_%D0%B4%D0%B5%D0%BC%D0%BE%D0%BA%D1%80%D0%B0%D1%82%D0%B8%D1%87%D0%BD%D0%B8%D1%85_%D1%81%D0%B8%D0%BB","*":"\u041e\u0431'\u0454\u0434\u043d\u0430\u043d\u043d\u044f \u0434\u0435\u043c\u043e\u043a\u0440\u0430\u0442\u0438\u0447\u043d\u0438\u0445 \u0441\u0438\u043b"}]}}}}