{"partyfacts_id":1193,"batchcomplete":"","query":{"normalized":[{"from":"Liberal_and_Centre_Union","to":"Liberal and Centre Union"}],"pages":{"787947":{"pageid":787947,"ns":0,"title":"Liberal and Centre Union","langlinks":[{"lang":"ca","url":"https://ca.wikipedia.org/wiki/Uni%C3%B3_Centrista_i_Liberal","*":"Uni\u00f3 Centrista i Liberal"},{"lang":"de","url":"https://de.wikipedia.org/wiki/Liberal%C5%B3_ir_centro_s%C4%85junga","*":"Liberal\u0173 ir centro s\u0105junga"},{"lang":"eo","url":"https://eo.wikipedia.org/wiki/Liberala_kaj_Centra_Unio","*":"Liberala kaj Centra Unio"},{"lang":"fi","url":"https://fi.wikipedia.org/wiki/Liberaali_ja_keskustalainen_liitto_(liettualainen_puolue)","*":"Liberaali ja keskustalainen liitto (liettualainen puolue)"},{"lang":"fr","url":"https://fr.wikipedia.org/wiki/Union_centriste_et_lib%C3%A9rale_(Lituanie)","*":"Union centriste et lib\u00e9rale (Lituanie)"},{"lang":"it","url":"https://it.wikipedia.org/wiki/Unione_dei_Liberali_e_di_Centro","*":"Unione dei Liberali e di Centro"},{"lang":"ja","url":"https://ja.wikipedia.org/wiki/%E8%87%AA%E7%94%B1%E4%B8%AD%E9%81%93%E5%90%8C%E7%9B%9F","*":"\u81ea\u7531\u4e2d\u9053\u540c\u76df"},{"lang":"lt","url":"https://lt.wikipedia.org/wiki/Liberal%C5%B3_ir_centro_s%C4%85junga","*":"Liberal\u0173 ir centro s\u0105junga"},{"lang":"lv","url":"https://lv.wikipedia.org/wiki/Liber%C4%81%C4%BCu_un_centra_savien%C4%ABba","*":"Liber\u0101\u013cu un centra savien\u012bba"},{"lang":"pl","url":"https://pl.wikipedia.org/wiki/Zwi%C4%85zek_Libera%C5%82%C3%B3w_i_Centrum","*":"Zwi\u0105zek Libera\u0142\u00f3w i Centrum"},{"lang":"ru","url":"https://ru.wikipedia.org/wiki/%D0%A1%D0%BE%D1%8E%D0%B7_%D0%BB%D0%B8%D0%B1%D0%B5%D1%80%D0%B0%D0%BB%D0%BE%D0%B2_%D0%B8_%D1%86%D0%B5%D0%BD%D1%82%D1%80%D0%B0","*":"\u0421\u043e\u044e\u0437 \u043b\u0438\u0431\u0435\u0440\u0430\u043b\u043e\u0432 \u0438 \u0446\u0435\u043d\u0442\u0440\u0430"},{"lang":"sv","url":"https://sv.wikipedia.org/wiki/Liberala_centerunionen","*":"Liberala centerunionen"},{"lang":"uk","url":"https://uk.wikipedia.org/wiki/%D0%A1%D0%BE%D1%8E%D0%B7_%D0%BB%D1%96%D0%B1%D0%B5%D1%80%D0%B0%D0%BB%D1%96%D0%B2_%D1%96_%D1%86%D0%B5%D0%BD%D1%82%D1%80%D1%83","*":"\u0421\u043e\u044e\u0437 \u043b\u0456\u0431\u0435\u0440\u0430\u043b\u0456\u0432 \u0456 \u0446\u0435\u043d\u0442\u0440\u0443"},{"lang":"zh","url":"https://zh.wikipedia.org/wiki/%E8%87%AA%E7%94%B1%E8%88%87%E4%B8%AD%E9%96%93%E8%81%AF%E7%9B%9F","*":"\u81ea\u7531\u8207\u4e2d\u9593\u806f\u76df"}]}}}}