{"partyfacts_id":120,"batchcomplete":"","query":{"normalized":[{"from":"Social_Democratic_Party_(Romania)","to":"Social Democratic Party (Romania)"}],"pages":{"407177":{"pageid":407177,"ns":0,"title":"Social Democratic Party (Romania)","langlinks":[{"lang":"ar","url":"https://ar.wikipedia.org/wiki/%D8%A7%D9%84%D8%AD%D8%B2%D8%A8_%D8%A7%D9%84%D8%AF%D9%8A%D9%85%D9%82%D8%B1%D8%A7%D8%B7%D9%8A_%D8%A7%D9%84%D8%A7%D8%AC%D8%AA%D9%85%D8%A7%D8%B9%D9%8A_(%D8%B1%D9%88%D9%85%D8%A7%D9%86%D9%8A%D8%A7)","*":"\u0627\u0644\u062d\u0632\u0628 \u0627\u0644\u062f\u064a\u0645\u0642\u0631\u0627\u0637\u064a \u0627\u0644\u0627\u062c\u062a\u0645\u0627\u0639\u064a (\u0631\u0648\u0645\u0627\u0646\u064a\u0627)"},{"lang":"arz","url":"https://arz.wikipedia.org/wiki/%D8%A7%D9%84%D8%AD%D8%B2%D8%A8_%D8%A7%D9%84%D8%AF%D9%8A%D9%85%D9%88%D9%82%D8%B1%D8%A7%D8%B7%D9%89_%D8%A7%D9%84%D8%A7%D8%AC%D8%AA%D9%85%D8%A7%D8%B9%D9%89_%D8%A7%D9%84%D8%B1%D9%88%D9%85%D8%A7%D9%86%D9%89","*":"\u0627\u0644\u062d\u0632\u0628 \u0627\u0644\u062f\u064a\u0645\u0648\u0642\u0631\u0627\u0637\u0649 \u0627\u0644\u0627\u062c\u062a\u0645\u0627\u0639\u0649 \u0627\u0644\u0631\u0648\u0645\u0627\u0646\u0649"},{"lang":"ast","url":"https://ast.wikipedia.org/wiki/Part%C3%ADu_Social_Dem%C3%B3crata_(Ruman%C3%ADa)","*":"Part\u00edu Social Dem\u00f3crata (Ruman\u00eda)"},{"lang":"be","url":"https://be.wikipedia.org/wiki/%D0%A1%D0%B0%D1%86%D1%8B%D1%8F%D0%BB-%D0%B4%D1%8D%D0%BC%D0%B0%D0%BA%D1%80%D0%B0%D1%82%D1%8B%D1%87%D0%BD%D0%B0%D1%8F_%D0%BF%D0%B0%D1%80%D1%82%D1%8B%D1%8F_(%D0%A0%D1%83%D0%BC%D1%8B%D0%BD%D1%96%D1%8F)","*":"\u0421\u0430\u0446\u044b\u044f\u043b-\u0434\u044d\u043c\u0430\u043a\u0440\u0430\u0442\u044b\u0447\u043d\u0430\u044f \u043f\u0430\u0440\u0442\u044b\u044f (\u0420\u0443\u043c\u044b\u043d\u0456\u044f)"},{"lang":"bg","url":"https://bg.wikipedia.org/wiki/%D0%A1%D0%BE%D1%86%D0%B8%D0%B0%D0%BB%D0%B4%D0%B5%D0%BC%D0%BE%D0%BA%D1%80%D0%B0%D1%82%D0%B8%D1%87%D0%B5%D1%81%D0%BA%D0%B0_%D0%BF%D0%B0%D1%80%D1%82%D0%B8%D1%8F_(%D0%A0%D1%83%D0%BC%D1%8A%D0%BD%D0%B8%D1%8F)","*":"\u0421\u043e\u0446\u0438\u0430\u043b\u0434\u0435\u043c\u043e\u043a\u0440\u0430\u0442\u0438\u0447\u0435\u0441\u043a\u0430 \u043f\u0430\u0440\u0442\u0438\u044f (\u0420\u0443\u043c\u044a\u043d\u0438\u044f)"},{"lang":"ca","url":"https://ca.wikipedia.org/wiki/Partit_Socialdem%C3%B2crata_(Romania)","*":"Partit Socialdem\u00f2crata (Romania)"},{"lang":"cs","url":"https://cs.wikipedia.org/wiki/Soci%C3%A1ln%C4%9B_demokratick%C3%A1_strana_(Rumunsko)","*":"Soci\u00e1ln\u011b demokratick\u00e1 strana (Rumunsko)"},{"lang":"da","url":"https://da.wikipedia.org/wiki/Socialdemokratiske_parti_(Rum%C3%A6nien)","*":"Socialdemokratiske parti (Rum\u00e6nien)"},{"lang":"de","url":"https://de.wikipedia.org/wiki/Partidul_Social_Democrat","*":"Partidul Social Democrat"},{"lang":"eo","url":"https://eo.wikipedia.org/wiki/Partio_de_Socialdemokratismo_(Rumanio)","*":"Partio de Socialdemokratismo (Rumanio)"},{"lang":"es","url":"https://es.wikipedia.org/wiki/Partido_Socialdem%C3%B3crata_(Rumania)","*":"Partido Socialdem\u00f3crata (Rumania)"},{"lang":"fi","url":"https://fi.wikipedia.org/wiki/Sosiaalidemokraattinen_puolue_(Romania)","*":"Sosiaalidemokraattinen puolue (Romania)"},{"lang":"fr","url":"https://fr.wikipedia.org/wiki/Parti_social-d%C3%A9mocrate_(Roumanie)","*":"Parti social-d\u00e9mocrate (Roumanie)"},{"lang":"he","url":"https://he.wikipedia.org/wiki/%D7%94%D7%9E%D7%A4%D7%9C%D7%92%D7%94_%D7%94%D7%A1%D7%95%D7%A6%D7%99%D7%90%D7%9C-%D7%93%D7%9E%D7%95%D7%A7%D7%A8%D7%98%D7%99%D7%AA_(%D7%A8%D7%95%D7%9E%D7%A0%D7%99%D7%94)","*":"\u05d4\u05de\u05e4\u05dc\u05d2\u05d4 \u05d4\u05e1\u05d5\u05e6\u05d9\u05d0\u05dc-\u05d3\u05de\u05d5\u05e7\u05e8\u05d8\u05d9\u05ea (\u05e8\u05d5\u05de\u05e0\u05d9\u05d4)"},{"lang":"hu","url":"https://hu.wikipedia.org/wiki/Szoci%C3%A1ldemokrata_P%C3%A1rt_(Rom%C3%A1nia)","*":"Szoci\u00e1ldemokrata P\u00e1rt (Rom\u00e1nia)"},{"lang":"id","url":"https://id.wikipedia.org/wiki/Partidul_Social_Democrat","*":"Partidul Social Democrat"},{"lang":"it","url":"https://it.wikipedia.org/wiki/Partito_Social_Democratico_(Romania)","*":"Partito Social Democratico (Romania)"},{"lang":"ja","url":"https://ja.wikipedia.org/wiki/%E7%A4%BE%E4%BC%9A%E6%B0%91%E4%B8%BB%E5%85%9A_(%E3%83%AB%E3%83%BC%E3%83%9E%E3%83%8B%E3%82%A2)","*":"\u793e\u4f1a\u6c11\u4e3b\u515a (\u30eb\u30fc\u30de\u30cb\u30a2)"},{"lang":"ka","url":"https://ka.wikipedia.org/wiki/%E1%83%A0%E1%83%A3%E1%83%9B%E1%83%98%E1%83%9C%E1%83%94%E1%83%97%E1%83%98%E1%83%A1_%E1%83%A1%E1%83%9D%E1%83%AA%E1%83%98%E1%83%90%E1%83%9A-%E1%83%93%E1%83%94%E1%83%9B%E1%83%9D%E1%83%99%E1%83%A0%E1%83%90%E1%83%A2%E1%83%98%E1%83%A3%E1%83%9A%E1%83%98_%E1%83%9E%E1%83%90%E1%83%A0%E1%83%A2%E1%83%98%E1%83%90","*":"\u10e0\u10e3\u10db\u10d8\u10dc\u10d4\u10d7\u10d8\u10e1 \u10e1\u10dd\u10ea\u10d8\u10d0\u10da-\u10d3\u10d4\u10db\u10dd\u10d9\u10e0\u10d0\u10e2\u10d8\u10e3\u10da\u10d8 \u10de\u10d0\u10e0\u10e2\u10d8\u10d0"},{"lang":"ko","url":"https://ko.wikipedia.org/wiki/%EC%82%AC%ED%9A%8C%EB%AF%BC%EC%A3%BC%EB%8B%B9_(%EB%A3%A8%EB%A7%88%EB%8B%88%EC%95%84)","*":"\uc0ac\ud68c\ubbfc\uc8fc\ub2f9 (\ub8e8\ub9c8\ub2c8\uc544)"},{"lang":"la","url":"https://la.wikipedia.org/wiki/Factio_socialis_democratica_(Romania)","*":"Factio socialis democratica (Romania)"},{"lang":"lt","url":"https://lt.wikipedia.org/wiki/Rumunijos_socialdemokrat%C5%B3_partija","*":"Rumunijos socialdemokrat\u0173 partija"},{"lang":"nl","url":"https://nl.wikipedia.org/wiki/Sociaaldemocratische_Partij_(Roemeni%C3%AB)","*":"Sociaaldemocratische Partij (Roemeni\u00eb)"},{"lang":"nb","url":"https://no.wikipedia.org/wiki/Partidul_Social_Democrat","*":"Partidul Social Democrat"},{"lang":"pl","url":"https://pl.wikipedia.org/wiki/Partia_Socjaldemokratyczna_(Rumunia)","*":"Partia Socjaldemokratyczna (Rumunia)"},{"lang":"pt","url":"https://pt.wikipedia.org/wiki/Partido_Social-Democrata_(Rom%C3%A9nia)","*":"Partido Social-Democrata (Rom\u00e9nia)"},{"lang":"ro","url":"https://ro.wikipedia.org/wiki/Partidul_Social_Democrat_(Rom%C3%A2nia)","*":"Partidul Social Democrat (Rom\u00e2nia)"},{"lang":"ru","url":"https://ru.wikipedia.org/wiki/%D0%A1%D0%BE%D1%86%D0%B8%D0%B0%D0%BB-%D0%B4%D0%B5%D0%BC%D0%BE%D0%BA%D1%80%D0%B0%D1%82%D0%B8%D1%87%D0%B5%D1%81%D0%BA%D0%B0%D1%8F_%D0%BF%D0%B0%D1%80%D1%82%D0%B8%D1%8F_(%D0%A0%D1%83%D0%BC%D1%8B%D0%BD%D0%B8%D1%8F)","*":"\u0421\u043e\u0446\u0438\u0430\u043b-\u0434\u0435\u043c\u043e\u043a\u0440\u0430\u0442\u0438\u0447\u0435\u0441\u043a\u0430\u044f \u043f\u0430\u0440\u0442\u0438\u044f (\u0420\u0443\u043c\u044b\u043d\u0438\u044f)"},{"lang":"simple","url":"https://simple.wikipedia.org/wiki/Social_Democratic_Party_(Romania)","*":"Social Democratic Party (Romania)"},{"lang":"sv","url":"https://sv.wikipedia.org/wiki/Socialdemokratiska_partiet_(Rum%C3%A4nien)","*":"Socialdemokratiska partiet (Rum\u00e4nien)"},{"lang":"tr","url":"https://tr.wikipedia.org/wiki/Sosyal_Demokrat_Parti_(Romanya)","*":"Sosyal Demokrat Parti (Romanya)"},{"lang":"uk","url":"https://uk.wikipedia.org/wiki/%D0%A1%D0%BE%D1%86%D1%96%D0%B0%D0%BB-%D0%B4%D0%B5%D0%BC%D0%BE%D0%BA%D1%80%D0%B0%D1%82%D0%B8%D1%87%D0%BD%D0%B0_%D0%BF%D0%B0%D1%80%D1%82%D1%96%D1%8F_(%D0%A0%D1%83%D0%BC%D1%83%D0%BD%D1%96%D1%8F)","*":"\u0421\u043e\u0446\u0456\u0430\u043b-\u0434\u0435\u043c\u043e\u043a\u0440\u0430\u0442\u0438\u0447\u043d\u0430 \u043f\u0430\u0440\u0442\u0456\u044f (\u0420\u0443\u043c\u0443\u043d\u0456\u044f)"},{"lang":"zh","url":"https://zh.wikipedia.org/wiki/%E7%A4%BE%E4%BC%9A%E6%B0%91%E4%B8%BB%E5%85%9A_(%E7%BD%97%E9%A9%AC%E5%B0%BC%E4%BA%9A)","*":"\u793e\u4f1a\u6c11\u4e3b\u515a (\u7f57\u9a6c\u5c3c\u4e9a)"}]}}}}