{"partyfacts_id":1203,"batchcomplete":"","query":{"normalized":[{"from":"Socialist_People's_Party_(Norway)","to":"Socialist People's Party (Norway)"}],"pages":{"1829426":{"pageid":1829426,"ns":0,"title":"Socialist People's Party (Norway)","langlinks":[{"lang":"ca","url":"https://ca.wikipedia.org/wiki/Partit_Popular_Socialista_(Noruega)","*":"Partit Popular Socialista (Noruega)"},{"lang":"da","url":"https://da.wikipedia.org/wiki/Sosialistisk_Folkeparti","*":"Sosialistisk Folkeparti"},{"lang":"de","url":"https://de.wikipedia.org/wiki/Sosialistisk_Folkeparti","*":"Sosialistisk Folkeparti"},{"lang":"fr","url":"https://fr.wikipedia.org/wiki/Parti_du_peuple_socialiste_(Norv%C3%A8ge)","*":"Parti du peuple socialiste (Norv\u00e8ge)"},{"lang":"nn","url":"https://nn.wikipedia.org/wiki/Sosialistisk_Folkeparti","*":"Sosialistisk Folkeparti"},{"lang":"nb","url":"https://no.wikipedia.org/wiki/Sosialistisk_Folkeparti","*":"Sosialistisk Folkeparti"},{"lang":"ru","url":"https://ru.wikipedia.org/wiki/%D0%A1%D0%BE%D1%86%D0%B8%D0%B0%D0%BB%D0%B8%D1%81%D1%82%D0%B8%D1%87%D0%B5%D1%81%D0%BA%D0%B0%D1%8F_%D0%BD%D0%B0%D1%80%D0%BE%D0%B4%D0%BD%D0%B0%D1%8F_%D0%BF%D0%B0%D1%80%D1%82%D0%B8%D1%8F_(%D0%9D%D0%BE%D1%80%D0%B2%D0%B5%D0%B3%D0%B8%D1%8F)","*":"\u0421\u043e\u0446\u0438\u0430\u043b\u0438\u0441\u0442\u0438\u0447\u0435\u0441\u043a\u0430\u044f \u043d\u0430\u0440\u043e\u0434\u043d\u0430\u044f \u043f\u0430\u0440\u0442\u0438\u044f (\u041d\u043e\u0440\u0432\u0435\u0433\u0438\u044f)"},{"lang":"sv","url":"https://sv.wikipedia.org/wiki/Sosialistisk_folkeparti","*":"Sosialistisk folkeparti"}]}}}}