{"partyfacts_id":1204,"batchcomplete":"","query":{"normalized":[{"from":"Venstre_(Denmark)","to":"Venstre (Denmark)"}],"pages":{"403109":{"pageid":403109,"ns":0,"title":"Venstre (Denmark)","langlinks":[{"lang":"ar","url":"https://ar.wikipedia.org/wiki/%D8%A7%D9%84%D8%AD%D8%B2%D8%A8_%D8%A7%D9%84%D9%84%D9%8A%D8%A8%D8%B1%D8%A7%D9%84%D9%8A_(%D8%A7%D9%84%D8%AF%D9%86%D9%85%D8%A7%D8%B1%D9%83)","*":"\u0627\u0644\u062d\u0632\u0628 \u0627\u0644\u0644\u064a\u0628\u0631\u0627\u0644\u064a (\u0627\u0644\u062f\u0646\u0645\u0627\u0631\u0643)"},{"lang":"arz","url":"https://arz.wikipedia.org/wiki/%D8%A7%D9%84%D8%AD%D8%B2%D8%A8_%D8%A7%D9%84%D9%84%D9%8A%D8%A8%D8%B1%D8%A7%D9%84%D9%89_(%D8%AF%D9%86%D9%85%D8%A7%D8%B1%D9%83)","*":"\u0627\u0644\u062d\u0632\u0628 \u0627\u0644\u0644\u064a\u0628\u0631\u0627\u0644\u0649 (\u062f\u0646\u0645\u0627\u0631\u0643)"},{"lang":"bg","url":"https://bg.wikipedia.org/wiki/%D0%9B%D0%B5%D0%B2%D0%B8%D1%86%D0%B0_(%D0%94%D0%B0%D0%BD%D0%B8%D1%8F)","*":"\u041b\u0435\u0432\u0438\u0446\u0430 (\u0414\u0430\u043d\u0438\u044f)"},{"lang":"ca","url":"https://ca.wikipedia.org/wiki/Venstre","*":"Venstre"},{"lang":"cs","url":"https://cs.wikipedia.org/wiki/Venstre_(D%C3%A1nsko)","*":"Venstre (D\u00e1nsko)"},{"lang":"da","url":"https://da.wikipedia.org/wiki/Venstre","*":"Venstre"},{"lang":"de","url":"https://de.wikipedia.org/wiki/Venstre_(D%C3%A4nemark)","*":"Venstre (D\u00e4nemark)"},{"lang":"el","url":"https://el.wikipedia.org/wiki/%CE%A6%CE%B9%CE%BB%CE%B5%CE%BB%CE%B5%CF%8D%CE%B8%CE%B5%CF%81%CE%BF_%CE%9A%CF%8C%CE%BC%CE%BC%CE%B1_(%CE%94%CE%B1%CE%BD%CE%AF%CE%B1)","*":"\u03a6\u03b9\u03bb\u03b5\u03bb\u03b5\u03cd\u03b8\u03b5\u03c1\u03bf \u039a\u03cc\u03bc\u03bc\u03b1 (\u0394\u03b1\u03bd\u03af\u03b1)"},{"lang":"eo","url":"https://eo.wikipedia.org/wiki/Venstre_(Danio)","*":"Venstre (Danio)"},{"lang":"es","url":"https://es.wikipedia.org/wiki/Venstre-Partido_Liberal_Dan%C3%A9s","*":"Venstre-Partido Liberal Dan\u00e9s"},{"lang":"et","url":"https://et.wikipedia.org/wiki/Venstre,_Taani_Liberaalne_Partei","*":"Venstre, Taani Liberaalne Partei"},{"lang":"fi","url":"https://fi.wikipedia.org/wiki/Venstre_(Tanska)","*":"Venstre (Tanska)"},{"lang":"fo","url":"https://fo.wikipedia.org/wiki/Venstre_(Danmark)","*":"Venstre (Danmark)"},{"lang":"fr","url":"https://fr.wikipedia.org/wiki/Venstre_(Danemark)","*":"Venstre (Danemark)"},{"lang":"gl","url":"https://gl.wikipedia.org/wiki/Venstre,_Danmarks_Liberale_Parti","*":"Venstre, Danmarks Liberale Parti"},{"lang":"hu","url":"https://hu.wikipedia.org/wiki/Venstre","*":"Venstre"},{"lang":"id","url":"https://id.wikipedia.org/wiki/Venstre_(Denmark)","*":"Venstre (Denmark)"},{"lang":"is","url":"https://is.wikipedia.org/wiki/Venstre","*":"Venstre"},{"lang":"it","url":"https://it.wikipedia.org/wiki/Venstre_(Danimarca)","*":"Venstre (Danimarca)"},{"lang":"ja","url":"https://ja.wikipedia.org/wiki/%E3%83%B4%E3%82%A7%E3%83%B3%E3%82%B9%E3%82%BF","*":"\u30f4\u30a7\u30f3\u30b9\u30bf"},{"lang":"ko","url":"https://ko.wikipedia.org/wiki/%EB%B2%A4%EC%8A%A4%ED%84%B0","*":"\ubca4\uc2a4\ud130"},{"lang":"la","url":"https://la.wikipedia.org/wiki/Venstre_(Dania)","*":"Venstre (Dania)"},{"lang":"nl","url":"https://nl.wikipedia.org/wiki/Venstre_(Denemarken)","*":"Venstre (Denemarken)"},{"lang":"nn","url":"https://nn.wikipedia.org/wiki/Venstre_i_Danmark","*":"Venstre i Danmark"},{"lang":"nb","url":"https://no.wikipedia.org/wiki/Venstre,_Danmarks_Liberale_Parti","*":"Venstre, Danmarks Liberale Parti"},{"lang":"pl","url":"https://pl.wikipedia.org/wiki/Venstre_(Dania)","*":"Venstre (Dania)"},{"lang":"pt","url":"https://pt.wikipedia.org/wiki/Venstre,_Partido_Liberal_da_Dinamarca","*":"Venstre, Partido Liberal da Dinamarca"},{"lang":"ru","url":"https://ru.wikipedia.org/wiki/%D0%92%D0%B5%D0%BD%D1%81%D1%82%D1%80%D0%B5_(%D0%94%D0%B0%D0%BD%D0%B8%D1%8F)","*":"\u0412\u0435\u043d\u0441\u0442\u0440\u0435 (\u0414\u0430\u043d\u0438\u044f)"},{"lang":"sr","url":"https://sr.wikipedia.org/wiki/%D0%9B%D0%B8%D0%B1%D0%B5%D1%80%D0%B0%D0%BB%D0%B8_(%D0%94%D0%B0%D0%BD%D1%81%D0%BA%D0%B0)","*":"\u041b\u0438\u0431\u0435\u0440\u0430\u043b\u0438 (\u0414\u0430\u043d\u0441\u043a\u0430)"},{"lang":"sv","url":"https://sv.wikipedia.org/wiki/Venstre_(Danmark)","*":"Venstre (Danmark)"},{"lang":"th","url":"https://th.wikipedia.org/wiki/%E0%B8%9E%E0%B8%A3%E0%B8%A3%E0%B8%84%E0%B9%80%E0%B8%A7%E0%B8%99%E0%B8%AA%E0%B9%80%E0%B8%95%E0%B8%A3_(%E0%B9%80%E0%B8%94%E0%B8%99%E0%B8%A1%E0%B8%B2%E0%B8%A3%E0%B9%8C%E0%B8%81)","*":"\u0e1e\u0e23\u0e23\u0e04\u0e40\u0e27\u0e19\u0e2a\u0e40\u0e15\u0e23 (\u0e40\u0e14\u0e19\u0e21\u0e32\u0e23\u0e4c\u0e01)"},{"lang":"tr","url":"https://tr.wikipedia.org/wiki/Venstre_(Danimarka)","*":"Venstre (Danimarka)"},{"lang":"uk","url":"https://uk.wikipedia.org/wiki/%D0%92%D0%B5%D0%BD%D1%81%D1%82%D1%80%D0%B5_(%D0%94%D0%B0%D0%BD%D1%96%D1%8F)","*":"\u0412\u0435\u043d\u0441\u0442\u0440\u0435 (\u0414\u0430\u043d\u0456\u044f)"},{"lang":"zh","url":"https://zh.wikipedia.org/wiki/%E4%B8%B9%E9%BA%A5%E8%87%AA%E7%94%B1%E9%BB%A8","*":"\u4e39\u9ea5\u81ea\u7531\u9ee8"}]}}}}