{"partyfacts_id":121,"batchcomplete":"","query":{"normalized":[{"from":"Progressive_Organizations_of_Switzerland","to":"Progressive Organizations of Switzerland"}],"pages":{"16568058":{"pageid":16568058,"ns":0,"title":"Progressive Organizations of Switzerland","langlinks":[{"lang":"de","url":"https://de.wikipedia.org/wiki/Progressive_Organisationen_der_Schweiz","*":"Progressive Organisationen der Schweiz"},{"lang":"fr","url":"https://fr.wikipedia.org/wiki/Organisations_progressistes_de_Suisse","*":"Organisations progressistes de Suisse"},{"lang":"ru","url":"https://ru.wikipedia.org/wiki/%D0%9F%D1%80%D0%BE%D0%B3%D1%80%D0%B5%D1%81%D1%81%D0%B8%D0%B2%D0%BD%D1%8B%D0%B5_%D0%BE%D1%80%D0%B3%D0%B0%D0%BD%D0%B8%D0%B7%D0%B0%D1%86%D0%B8%D0%B8_%D0%A8%D0%B2%D0%B5%D0%B9%D1%86%D0%B0%D1%80%D0%B8%D0%B8","*":"\u041f\u0440\u043e\u0433\u0440\u0435\u0441\u0441\u0438\u0432\u043d\u044b\u0435 \u043e\u0440\u0433\u0430\u043d\u0438\u0437\u0430\u0446\u0438\u0438 \u0428\u0432\u0435\u0439\u0446\u0430\u0440\u0438\u0438"}]}}}}