{"partyfacts_id":1210,"batchcomplete":"","query":{"normalized":[{"from":"Workers'_Socialist_Movement_(Argentina)","to":"Workers' Socialist Movement (Argentina)"}],"pages":{"3458587":{"pageid":3458587,"ns":0,"title":"Workers' Socialist Movement (Argentina)","langlinks":[{"lang":"ar","url":"https://ar.wikipedia.org/wiki/%D8%A7%D9%84%D8%AD%D8%B1%D9%83%D8%A9_%D8%A7%D9%84%D8%B9%D9%85%D8%A7%D9%84%D9%8A%D8%A9_%D8%A7%D9%84%D8%A7%D8%B4%D8%AA%D8%B1%D8%A7%D9%83%D9%8A%D8%A9_(%D8%A7%D9%84%D8%A3%D8%B1%D8%AC%D9%86%D8%AA%D9%8A%D9%86)","*":"\u0627\u0644\u062d\u0631\u0643\u0629 \u0627\u0644\u0639\u0645\u0627\u0644\u064a\u0629 \u0627\u0644\u0627\u0634\u062a\u0631\u0627\u0643\u064a\u0629 (\u0627\u0644\u0623\u0631\u062c\u0646\u062a\u064a\u0646)"},{"lang":"es","url":"https://es.wikipedia.org/wiki/Movimiento_Socialista_de_los_Trabajadores","*":"Movimiento Socialista de los Trabajadores"},{"lang":"fr","url":"https://fr.wikipedia.org/wiki/Mouvement_socialiste_des_travailleurs","*":"Mouvement socialiste des travailleurs"},{"lang":"ru","url":"https://ru.wikipedia.org/wiki/%D0%A1%D0%BE%D1%86%D0%B8%D0%B0%D0%BB%D0%B8%D1%81%D1%82%D0%B8%D1%87%D0%B5%D1%81%D0%BA%D0%BE%D0%B5_%D0%B4%D0%B2%D0%B8%D0%B6%D0%B5%D0%BD%D0%B8%D0%B5_%D1%82%D1%80%D1%83%D0%B4%D1%8F%D1%89%D0%B8%D1%85%D1%81%D1%8F_(%D0%90%D1%80%D0%B3%D0%B5%D0%BD%D1%82%D0%B8%D0%BD%D0%B0)","*":"\u0421\u043e\u0446\u0438\u0430\u043b\u0438\u0441\u0442\u0438\u0447\u0435\u0441\u043a\u043e\u0435 \u0434\u0432\u0438\u0436\u0435\u043d\u0438\u0435 \u0442\u0440\u0443\u0434\u044f\u0449\u0438\u0445\u0441\u044f (\u0410\u0440\u0433\u0435\u043d\u0442\u0438\u043d\u0430)"},{"lang":"zh","url":"https://zh.wikipedia.org/wiki/%E5%B7%A5%E4%BA%BA%E7%A4%BE%E4%BC%9A%E4%B8%BB%E4%B9%89%E8%BF%90%E5%8A%A8_(%E9%98%BF%E6%A0%B9%E5%BB%B7)","*":"\u5de5\u4eba\u793e\u4f1a\u4e3b\u4e49\u8fd0\u52a8 (\u963f\u6839\u5ef7)"}]}}}}