{"partyfacts_id":1212,"batchcomplete":"","query":{"normalized":[{"from":"Italian_Left","to":"Italian Left"}],"pages":{"48478503":{"pageid":48478503,"ns":0,"title":"Italian Left","langlinks":[{"lang":"cs","url":"https://cs.wikipedia.org/wiki/Italsk%C3%A1_levice","*":"Italsk\u00e1 levice"},{"lang":"el","url":"https://el.wikipedia.org/wiki/%CE%99%CF%84%CE%B1%CE%BB%CE%B9%CE%BA%CE%AE_%CE%91%CF%81%CE%B9%CF%83%CF%84%CE%B5%CF%81%CE%AC","*":"\u0399\u03c4\u03b1\u03bb\u03b9\u03ba\u03ae \u0391\u03c1\u03b9\u03c3\u03c4\u03b5\u03c1\u03ac"},{"lang":"es","url":"https://es.wikipedia.org/wiki/Izquierda_Italiana","*":"Izquierda Italiana"},{"lang":"fr","url":"https://fr.wikipedia.org/wiki/Gauche_italienne","*":"Gauche italienne"},{"lang":"it","url":"https://it.wikipedia.org/wiki/Sinistra_Italiana","*":"Sinistra Italiana"},{"lang":"ko","url":"https://ko.wikipedia.org/wiki/%EC%9D%B4%ED%83%88%EB%A6%AC%EC%95%84_%EC%A2%8C%ED%8C%8C","*":"\uc774\ud0c8\ub9ac\uc544 \uc88c\ud30c"},{"lang":"lmo","url":"https://lmo.wikipedia.org/wiki/Sinistra_Italiana","*":"Sinistra Italiana"},{"lang":"nl","url":"https://nl.wikipedia.org/wiki/Italiaans_Links","*":"Italiaans Links"},{"lang":"pl","url":"https://pl.wikipedia.org/wiki/Sinistra_Italiana","*":"Sinistra Italiana"},{"lang":"pt","url":"https://pt.wikipedia.org/wiki/Esquerda_Italiana","*":"Esquerda Italiana"},{"lang":"ru","url":"https://ru.wikipedia.org/wiki/%D0%98%D1%82%D0%B0%D0%BB%D1%8C%D1%8F%D0%BD%D1%81%D0%BA%D0%B8%D0%B5_%D0%BB%D0%B5%D0%B2%D1%8B%D0%B5","*":"\u0418\u0442\u0430\u043b\u044c\u044f\u043d\u0441\u043a\u0438\u0435 \u043b\u0435\u0432\u044b\u0435"},{"lang":"zh","url":"https://zh.wikipedia.org/wiki/%E6%84%8F%E5%A4%A7%E5%88%A9%E5%B7%A6%E7%BF%BC","*":"\u610f\u5927\u5229\u5de6\u7ffc"}]}}}}