{"partyfacts_id":1215,"batchcomplete":"","query":{"normalized":[{"from":"Civic_Coalition_ARI","to":"Civic Coalition ARI"}],"pages":{"408263":{"pageid":408263,"ns":0,"title":"Civic Coalition ARI","langlinks":[{"lang":"de","url":"https://de.wikipedia.org/wiki/Coalici%C3%B3n_C%C3%ADvica_ARI","*":"Coalici\u00f3n C\u00edvica ARI"},{"lang":"es","url":"https://es.wikipedia.org/wiki/Coalici%C3%B3n_C%C3%ADvica_ARI","*":"Coalici\u00f3n C\u00edvica ARI"},{"lang":"it","url":"https://it.wikipedia.org/wiki/Coalizione_Civica_ARI","*":"Coalizione Civica ARI"},{"lang":"pl","url":"https://pl.wikipedia.org/wiki/Umocnienie_Republiki_R%C3%B3wno%C5%9Bci","*":"Umocnienie Republiki R\u00f3wno\u015bci"},{"lang":"pt","url":"https://pt.wikipedia.org/wiki/Coaliz%C3%A3o_C%C3%ADvica_ARI","*":"Coaliz\u00e3o C\u00edvica ARI"},{"lang":"tr","url":"https://tr.wikipedia.org/wiki/Coalici%C3%B3n_C%C3%ADvica_ARI","*":"Coalici\u00f3n C\u00edvica ARI"}]}}}}