{"partyfacts_id":1218,"batchcomplete":"","query":{"normalized":[{"from":"Unified_Socialist_Party_(Italy)","to":"Unified Socialist Party (Italy)"}],"pages":{"5808249":{"pageid":5808249,"ns":0,"title":"Unified Socialist Party (Italy)","langlinks":[{"lang":"ca","url":"https://ca.wikipedia.org/wiki/PSI-PSDI_Unificats","*":"PSI-PSDI Unificats"},{"lang":"es","url":"https://es.wikipedia.org/wiki/PSI-PSDI_Unificados","*":"PSI-PSDI Unificados"},{"lang":"fr","url":"https://fr.wikipedia.org/wiki/Parti_socialiste_unifi%C3%A9_(Italie)","*":"Parti socialiste unifi\u00e9 (Italie)"},{"lang":"it","url":"https://it.wikipedia.org/wiki/PSI-PSDI_Unificati","*":"PSI-PSDI Unificati"},{"lang":"scn","url":"https://scn.wikipedia.org/wiki/PSI-PSDI_Unificati","*":"PSI-PSDI Unificati"}]}}}}