{"partyfacts_id":1222,"batchcomplete":"","query":{"normalized":[{"from":"Serbian_Radical_Party_of_Republika_Srpska","to":"Serbian Radical Party of Republika Srpska"}],"pages":{"2002240":{"pageid":2002240,"ns":0,"title":"Serbian Radical Party of Republika Srpska","langlinks":[{"lang":"bg","url":"https://bg.wikipedia.org/wiki/%D0%A1%D1%80%D1%8A%D0%B1%D1%81%D0%BA%D0%B0_%D1%80%D0%B0%D0%B4%D0%B8%D0%BA%D0%B0%D0%BB%D0%BD%D0%B0_%D0%BF%D0%B0%D1%80%D1%82%D0%B8%D1%8F_%D0%BD%D0%B0_%D0%A0%D0%B5%D0%BF%D1%83%D0%B1%D0%BB%D0%B8%D0%BA%D0%B0_%D0%A1%D1%80%D1%8A%D0%B1%D1%81%D0%BA%D0%B0","*":"\u0421\u0440\u044a\u0431\u0441\u043a\u0430 \u0440\u0430\u0434\u0438\u043a\u0430\u043b\u043d\u0430 \u043f\u0430\u0440\u0442\u0438\u044f \u043d\u0430 \u0420\u0435\u043f\u0443\u0431\u043b\u0438\u043a\u0430 \u0421\u0440\u044a\u0431\u0441\u043a\u0430"},{"lang":"fr","url":"https://fr.wikipedia.org/wiki/Parti_radical_serbe_de_la_R%C3%A9publique_serbe_de_Bosnie","*":"Parti radical serbe de la R\u00e9publique serbe de Bosnie"},{"lang":"it","url":"https://it.wikipedia.org/wiki/Partito_Radicale_Serbo_della_Republika_Srpska","*":"Partito Radicale Serbo della Republika Srpska"},{"lang":"ru","url":"https://ru.wikipedia.org/wiki/%D0%A1%D0%B5%D1%80%D0%B1%D1%81%D0%BA%D0%B0%D1%8F_%D1%80%D0%B0%D0%B4%D0%B8%D0%BA%D0%B0%D0%BB%D1%8C%D0%BD%D0%B0%D1%8F_%D0%BF%D0%B0%D1%80%D1%82%D0%B8%D1%8F_(%D0%A0%D0%B5%D1%81%D0%BF%D1%83%D0%B1%D0%BB%D0%B8%D0%BA%D0%B0_%D0%A1%D0%B5%D1%80%D0%B1%D1%81%D0%BA%D0%B0%D1%8F)","*":"\u0421\u0435\u0440\u0431\u0441\u043a\u0430\u044f \u0440\u0430\u0434\u0438\u043a\u0430\u043b\u044c\u043d\u0430\u044f \u043f\u0430\u0440\u0442\u0438\u044f (\u0420\u0435\u0441\u043f\u0443\u0431\u043b\u0438\u043a\u0430 \u0421\u0435\u0440\u0431\u0441\u043a\u0430\u044f)"},{"lang":"sh","url":"https://sh.wikipedia.org/wiki/Srpska_radikalna_stranka_Republike_Srpske","*":"Srpska radikalna stranka Republike Srpske"},{"lang":"sr","url":"https://sr.wikipedia.org/wiki/%D0%A1%D1%80%D0%BF%D1%81%D0%BA%D0%B0_%D1%80%D0%B0%D0%B4%D0%B8%D0%BA%D0%B0%D0%BB%D0%BD%D0%B0_%D1%81%D1%82%D1%80%D0%B0%D0%BD%D0%BA%D0%B0_%D0%A0%D0%B5%D0%BF%D1%83%D0%B1%D0%BB%D0%B8%D0%BA%D0%B5_%D0%A1%D1%80%D0%BF%D1%81%D0%BA%D0%B5","*":"\u0421\u0440\u043f\u0441\u043a\u0430 \u0440\u0430\u0434\u0438\u043a\u0430\u043b\u043d\u0430 \u0441\u0442\u0440\u0430\u043d\u043a\u0430 \u0420\u0435\u043f\u0443\u0431\u043b\u0438\u043a\u0435 \u0421\u0440\u043f\u0441\u043a\u0435"}]}}}}