{"partyfacts_id":1228,"batchcomplete":"","query":{"normalized":[{"from":"Independent_Socialist_Party_(Luxembourg)","to":"Independent Socialist Party (Luxembourg)"}],"pages":{"42307745":{"pageid":42307745,"ns":0,"title":"Independent Socialist Party (Luxembourg)","langlinks":[{"lang":"ca","url":"https://ca.wikipedia.org/wiki/Partit_Socialista_Independent_(Luxemburg)","*":"Partit Socialista Independent (Luxemburg)"},{"lang":"fr","url":"https://fr.wikipedia.org/wiki/Parti_socialiste_ind%C3%A9pendant_(Luxembourg)","*":"Parti socialiste ind\u00e9pendant (Luxembourg)"},{"lang":"lb","url":"https://lb.wikipedia.org/wiki/Parti_socialiste_ind%C3%A9pendant","*":"Parti socialiste ind\u00e9pendant"}]}}}}