{"partyfacts_id":1234,"batchcomplete":"","query":{"normalized":[{"from":"Labour_Party_(Netherlands)","to":"Labour Party (Netherlands)"}],"pages":{"49066":{"pageid":49066,"ns":0,"title":"Labour Party (Netherlands)","langlinks":[{"lang":"af","url":"https://af.wikipedia.org/wiki/Party_van_die_Arbeid","*":"Party van die Arbeid"},{"lang":"ar","url":"https://ar.wikipedia.org/wiki/%D8%AD%D8%B2%D8%A8_%D8%A7%D9%84%D8%B9%D9%85%D9%84_(%D9%87%D9%88%D9%84%D9%86%D8%AF%D8%A7)","*":"\u062d\u0632\u0628 \u0627\u0644\u0639\u0645\u0644 (\u0647\u0648\u0644\u0646\u062f\u0627)"},{"lang":"be","url":"https://be.wikipedia.org/wiki/%D0%9F%D0%B0%D1%80%D1%82%D1%8B%D1%8F_%D0%BF%D1%80%D0%B0%D1%86%D1%8B_(%D0%9D%D1%96%D0%B4%D1%8D%D1%80%D0%BB%D0%B0%D0%BD%D0%B4%D1%8B)","*":"\u041f\u0430\u0440\u0442\u044b\u044f \u043f\u0440\u0430\u0446\u044b (\u041d\u0456\u0434\u044d\u0440\u043b\u0430\u043d\u0434\u044b)"},{"lang":"bg","url":"https://bg.wikipedia.org/wiki/%D0%9F%D0%B0%D1%80%D1%82%D0%B8%D1%8F_%D0%BD%D0%B0_%D1%82%D1%80%D1%83%D0%B4%D0%B0_(%D0%9D%D0%B8%D0%B4%D0%B5%D1%80%D0%BB%D0%B0%D0%BD%D0%B4%D0%B8%D1%8F)","*":"\u041f\u0430\u0440\u0442\u0438\u044f \u043d\u0430 \u0442\u0440\u0443\u0434\u0430 (\u041d\u0438\u0434\u0435\u0440\u043b\u0430\u043d\u0434\u0438\u044f)"},{"lang":"br","url":"https://br.wikipedia.org/wiki/Partij_van_de_Arbeid","*":"Partij van de Arbeid"},{"lang":"ca","url":"https://ca.wikipedia.org/wiki/Partit_del_Treball_(Pa%C3%AFsos_Baixos)","*":"Partit del Treball (Pa\u00efsos Baixos)"},{"lang":"cs","url":"https://cs.wikipedia.org/wiki/Strana_pr%C3%A1ce_(Nizozemsko)","*":"Strana pr\u00e1ce (Nizozemsko)"},{"lang":"de","url":"https://de.wikipedia.org/wiki/Partij_van_de_Arbeid","*":"Partij van de Arbeid"},{"lang":"el","url":"https://el.wikipedia.org/wiki/%CE%95%CF%81%CE%B3%CE%B1%CF%84%CE%B9%CE%BA%CF%8C_%CE%9A%CF%8C%CE%BC%CE%BC%CE%B1_(%CE%9F%CE%BB%CE%BB%CE%B1%CE%BD%CE%B4%CE%AF%CE%B1)","*":"\u0395\u03c1\u03b3\u03b1\u03c4\u03b9\u03ba\u03cc \u039a\u03cc\u03bc\u03bc\u03b1 (\u039f\u03bb\u03bb\u03b1\u03bd\u03b4\u03af\u03b1)"},{"lang":"eo","url":"https://eo.wikipedia.org/wiki/Partio_de_la_Laboro_(Nederlando)","*":"Partio de la Laboro (Nederlando)"},{"lang":"es","url":"https://es.wikipedia.org/wiki/Partido_del_Trabajo_(Pa%C3%ADses_Bajos)","*":"Partido del Trabajo (Pa\u00edses Bajos)"},{"lang":"et","url":"https://et.wikipedia.org/wiki/T%C3%B6%C3%B6partei_(Holland)","*":"T\u00f6\u00f6partei (Holland)"},{"lang":"fa","url":"https://fa.wikipedia.org/wiki/%D8%AD%D8%B2%D8%A8_%DA%A9%D8%A7%D8%B1%DA%AF%D8%B1_(%D9%87%D9%84%D9%86%D8%AF)","*":"\u062d\u0632\u0628 \u06a9\u0627\u0631\u06af\u0631 (\u0647\u0644\u0646\u062f)"},{"lang":"fi","url":"https://fi.wikipedia.org/wiki/Ty%C3%B6v%C3%A4enpuolue_(Alankomaat)","*":"Ty\u00f6v\u00e4enpuolue (Alankomaat)"},{"lang":"fo","url":"https://fo.wikipedia.org/wiki/Partij_van_de_Arbeid","*":"Partij van de Arbeid"},{"lang":"fr","url":"https://fr.wikipedia.org/wiki/Parti_travailliste_(Pays-Bas)","*":"Parti travailliste (Pays-Bas)"},{"lang":"fy","url":"https://fy.wikipedia.org/wiki/Partij_fan_de_Arbeid","*":"Partij fan de Arbeid"},{"lang":"he","url":"https://he.wikipedia.org/wiki/%D7%9E%D7%A4%D7%9C%D7%92%D7%AA_%D7%94%D7%A2%D7%91%D7%95%D7%93%D7%94_(%D7%94%D7%95%D7%9C%D7%A0%D7%93)","*":"\u05de\u05e4\u05dc\u05d2\u05ea \u05d4\u05e2\u05d1\u05d5\u05d3\u05d4 (\u05d4\u05d5\u05dc\u05e0\u05d3)"},{"lang":"hr","url":"https://hr.wikipedia.org/wiki/Stranka_rada_(Nizozemska)","*":"Stranka rada (Nizozemska)"},{"lang":"hu","url":"https://hu.wikipedia.org/wiki/Munk%C3%A1sp%C3%A1rt_(Hollandia)","*":"Munk\u00e1sp\u00e1rt (Hollandia)"},{"lang":"id","url":"https://id.wikipedia.org/wiki/Partai_Buruh_(Belanda)","*":"Partai Buruh (Belanda)"},{"lang":"it","url":"https://it.wikipedia.org/wiki/Partito_del_Lavoro_(Paesi_Bassi)","*":"Partito del Lavoro (Paesi Bassi)"},{"lang":"ja","url":"https://ja.wikipedia.org/wiki/%E5%8A%B4%E5%83%8D%E5%85%9A_(%E3%82%AA%E3%83%A9%E3%83%B3%E3%83%80)","*":"\u52b4\u50cd\u515a (\u30aa\u30e9\u30f3\u30c0)"},{"lang":"ko","url":"https://ko.wikipedia.org/wiki/%EB%85%B8%EB%8F%99%EB%8B%B9_(%EB%84%A4%EB%8D%9C%EB%9E%80%EB%93%9C)","*":"\ub178\ub3d9\ub2f9 (\ub124\ub35c\ub780\ub4dc)"},{"lang":"li","url":"https://li.wikipedia.org/wiki/Partij_van_de_Arbeid_(Nederland)","*":"Partij van de Arbeid (Nederland)"},{"lang":"lt","url":"https://lt.wikipedia.org/wiki/Nyderland%C5%B3_darbo_partija","*":"Nyderland\u0173 darbo partija"},{"lang":"nds-nl","url":"https://nds-nl.wikipedia.org/wiki/Partij_van_de_Arbeid","*":"Partij van de Arbeid"},{"lang":"nl","url":"https://nl.wikipedia.org/wiki/Partij_van_de_Arbeid_(Nederland)","*":"Partij van de Arbeid (Nederland)"},{"lang":"nb","url":"https://no.wikipedia.org/wiki/Partij_van_de_Arbeid","*":"Partij van de Arbeid"},{"lang":"pl","url":"https://pl.wikipedia.org/wiki/Partia_Pracy_(Holandia)","*":"Partia Pracy (Holandia)"},{"lang":"pt","url":"https://pt.wikipedia.org/wiki/Partido_do_Trabalho_(Pa%C3%ADses_Baixos)","*":"Partido do Trabalho (Pa\u00edses Baixos)"},{"lang":"ro","url":"https://ro.wikipedia.org/wiki/Partij_van_de_Arbeid","*":"Partij van de Arbeid"},{"lang":"ru","url":"https://ru.wikipedia.org/wiki/%D0%9F%D0%B0%D1%80%D1%82%D0%B8%D1%8F_%D1%82%D1%80%D1%83%D0%B4%D0%B0_(%D0%9D%D0%B8%D0%B4%D0%B5%D1%80%D0%BB%D0%B0%D0%BD%D0%B4%D1%8B)","*":"\u041f\u0430\u0440\u0442\u0438\u044f \u0442\u0440\u0443\u0434\u0430 (\u041d\u0438\u0434\u0435\u0440\u043b\u0430\u043d\u0434\u044b)"},{"lang":"sh","url":"https://sh.wikipedia.org/wiki/Radni%C4%8Dka_partija_(Nizozemska)","*":"Radni\u010dka partija (Nizozemska)"},{"lang":"simple","url":"https://simple.wikipedia.org/wiki/Labour_Party_(Netherlands)","*":"Labour Party (Netherlands)"},{"lang":"sv","url":"https://sv.wikipedia.org/wiki/Arbetarpartiet_(Nederl%C3%A4nderna)","*":"Arbetarpartiet (Nederl\u00e4nderna)"},{"lang":"th","url":"https://th.wikipedia.org/wiki/%E0%B8%9E%E0%B8%A3%E0%B8%A3%E0%B8%84%E0%B9%81%E0%B8%A3%E0%B8%87%E0%B8%87%E0%B8%B2%E0%B8%99_(%E0%B9%80%E0%B8%99%E0%B9%80%E0%B8%98%E0%B8%AD%E0%B8%A3%E0%B9%8C%E0%B9%81%E0%B8%A5%E0%B8%99%E0%B8%94%E0%B9%8C)","*":"\u0e1e\u0e23\u0e23\u0e04\u0e41\u0e23\u0e07\u0e07\u0e32\u0e19 (\u0e40\u0e19\u0e40\u0e18\u0e2d\u0e23\u0e4c\u0e41\u0e25\u0e19\u0e14\u0e4c)"},{"lang":"tr","url":"https://tr.wikipedia.org/wiki/%C4%B0%C5%9F%C3%A7i_Partisi_(Hollanda)","*":"\u0130\u015f\u00e7i Partisi (Hollanda)"},{"lang":"uk","url":"https://uk.wikipedia.org/wiki/%D0%9F%D0%B0%D1%80%D1%82%D1%96%D1%8F_%D0%BF%D1%80%D0%B0%D1%86%D1%96_(%D0%9D%D1%96%D0%B4%D0%B5%D1%80%D0%BB%D0%B0%D0%BD%D0%B4%D0%B8)","*":"\u041f\u0430\u0440\u0442\u0456\u044f \u043f\u0440\u0430\u0446\u0456 (\u041d\u0456\u0434\u0435\u0440\u043b\u0430\u043d\u0434\u0438)"},{"lang":"vi","url":"https://vi.wikipedia.org/wiki/C%C3%B4ng_%C4%91%E1%BA%A3ng_(H%C3%A0_Lan)","*":"C\u00f4ng \u0111\u1ea3ng (H\u00e0 Lan)"},{"lang":"zea","url":"https://zea.wikipedia.org/wiki/Partij_van_de_Arbeid","*":"Partij van de Arbeid"},{"lang":"zh","url":"https://zh.wikipedia.org/wiki/%E5%B7%A5%E9%BB%A8_(%E8%8D%B7%E8%98%AD)","*":"\u5de5\u9ee8 (\u8377\u862d)"},{"lang":"zh-min-nan","url":"https://zh-min-nan.wikipedia.org/wiki/Kang_T%C3%B3ng_(H%C3%B4-l%C3%A2n)","*":"Kang T\u00f3ng (H\u00f4-l\u00e2n)"}]}}}}