{"partyfacts_id":1240,"batchcomplete":"","query":{"normalized":[{"from":"Feminist_Initiative_(Sweden)","to":"Feminist Initiative (Sweden)"}],"pages":{"1853345":{"pageid":1853345,"ns":0,"title":"Feminist Initiative (Sweden)","langlinks":[{"lang":"ar","url":"https://ar.wikipedia.org/wiki/%D8%AD%D8%B2%D8%A8_%D8%A7%D9%84%D9%85%D8%A8%D8%A7%D8%AF%D8%B1%D8%A9_%D8%A7%D9%84%D9%86%D8%B3%D9%88%D9%8A%D8%A9_%D8%A8%D8%A7%D9%84%D8%B3%D9%88%D9%8A%D8%AF","*":"\u062d\u0632\u0628 \u0627\u0644\u0645\u0628\u0627\u062f\u0631\u0629 \u0627\u0644\u0646\u0633\u0648\u064a\u0629 \u0628\u0627\u0644\u0633\u0648\u064a\u062f"},{"lang":"ca","url":"https://ca.wikipedia.org/wiki/Iniciativa_Feminista_(Su%C3%A8cia)","*":"Iniciativa Feminista (Su\u00e8cia)"},{"lang":"da","url":"https://da.wikipedia.org/wiki/Feministiskt_initiativ_(Sverige)","*":"Feministiskt initiativ (Sverige)"},{"lang":"de","url":"https://de.wikipedia.org/wiki/Feministiskt_initiativ","*":"Feministiskt initiativ"},{"lang":"el","url":"https://el.wikipedia.org/wiki/%CE%A6%CE%B5%CE%BC%CE%B9%CE%BD%CE%B9%CF%83%CF%84%CE%B9%CE%BA%CE%AE_%CE%A0%CF%81%CF%89%CF%84%CE%BF%CE%B2%CE%BF%CF%85%CE%BB%CE%AF%CE%B1_(%CE%A3%CE%BF%CF%85%CE%B7%CE%B4%CE%AF%CE%B1)","*":"\u03a6\u03b5\u03bc\u03b9\u03bd\u03b9\u03c3\u03c4\u03b9\u03ba\u03ae \u03a0\u03c1\u03c9\u03c4\u03bf\u03b2\u03bf\u03c5\u03bb\u03af\u03b1 (\u03a3\u03bf\u03c5\u03b7\u03b4\u03af\u03b1)"},{"lang":"es","url":"https://es.wikipedia.org/wiki/Iniciativa_Feminista_(Suecia)","*":"Iniciativa Feminista (Suecia)"},{"lang":"et","url":"https://et.wikipedia.org/wiki/Feministlik_Initsiatiiv_(Rootsi)","*":"Feministlik Initsiatiiv (Rootsi)"},{"lang":"fi","url":"https://fi.wikipedia.org/wiki/Feministinen_aloite","*":"Feministinen aloite"},{"lang":"fr","url":"https://fr.wikipedia.org/wiki/Initiative_f%C3%A9ministe","*":"Initiative f\u00e9ministe"},{"lang":"he","url":"https://he.wikipedia.org/wiki/%D7%99%D7%95%D7%96%D7%9E%D7%94_%D7%A4%D7%9E%D7%99%D7%A0%D7%99%D7%A1%D7%98%D7%99%D7%AA_(%D7%A9%D7%95%D7%95%D7%93%D7%99%D7%94)","*":"\u05d9\u05d5\u05d6\u05de\u05d4 \u05e4\u05de\u05d9\u05e0\u05d9\u05e1\u05d8\u05d9\u05ea (\u05e9\u05d5\u05d5\u05d3\u05d9\u05d4)"},{"lang":"is","url":"https://is.wikipedia.org/wiki/Feministiskt_initiativ","*":"Feministiskt initiativ"},{"lang":"it","url":"https://it.wikipedia.org/wiki/Iniziativa_Femminista_(Svezia)","*":"Iniziativa Femminista (Svezia)"},{"lang":"ja","url":"https://ja.wikipedia.org/wiki/%E3%83%95%E3%82%A7%E3%83%9F%E3%83%8B%E3%82%B9%E3%83%88%E3%83%BB%E3%82%A4%E3%83%8B%E3%82%B7%E3%82%A2%E3%83%86%E3%82%A3%E3%83%B4","*":"\u30d5\u30a7\u30df\u30cb\u30b9\u30c8\u30fb\u30a4\u30cb\u30b7\u30a2\u30c6\u30a3\u30f4"},{"lang":"ko","url":"https://ko.wikipedia.org/wiki/%EC%97%AC%EC%84%B1%EC%A3%BC%EC%9D%98%EA%B5%AC%EC%83%81_(%EC%8A%A4%EC%9B%A8%EB%8D%B4)","*":"\uc5ec\uc131\uc8fc\uc758\uad6c\uc0c1 (\uc2a4\uc6e8\ub374)"},{"lang":"ml","url":"https://ml.wikipedia.org/wiki/%E0%B4%AB%E0%B5%86%E0%B4%AE%E0%B4%BF%E0%B4%A8%E0%B4%BF%E0%B4%B8%E0%B5%8D%E0%B4%B1%E0%B5%8D%E0%B4%B1%E0%B5%8D_%E0%B4%87%E0%B4%A8%E0%B5%80%E0%B4%B7%E0%B5%8D%E0%B4%AF%E0%B5%87%E0%B4%B1%E0%B5%8D%E0%B4%B1%E0%B5%80%E0%B4%B5%E0%B5%8D_(_%E0%B4%B8%E0%B5%8D%E0%B4%B5%E0%B5%80%E0%B4%A1%E0%B5%BB)","*":"\u0d2b\u0d46\u0d2e\u0d3f\u0d28\u0d3f\u0d38\u0d4d\u0d31\u0d4d\u0d31\u0d4d \u0d07\u0d28\u0d40\u0d37\u0d4d\u0d2f\u0d47\u0d31\u0d4d\u0d31\u0d40\u0d35\u0d4d ( \u0d38\u0d4d\u0d35\u0d40\u0d21\u0d7b)"},{"lang":"nl","url":"https://nl.wikipedia.org/wiki/Feministiskt_initiativ","*":"Feministiskt initiativ"},{"lang":"nb","url":"https://no.wikipedia.org/wiki/Feministiskt_initiativ","*":"Feministiskt initiativ"},{"lang":"pl","url":"https://pl.wikipedia.org/wiki/Inicjatywa_Feministyczna_(Szwecja)","*":"Inicjatywa Feministyczna (Szwecja)"},{"lang":"pt","url":"https://pt.wikipedia.org/wiki/Iniciativa_Feminista","*":"Iniciativa Feminista"},{"lang":"ro","url":"https://ro.wikipedia.org/wiki/Initia%C8%9Biva_Feminist%C4%83_(Suedia)","*":"Initia\u021biva Feminist\u0103 (Suedia)"},{"lang":"ru","url":"https://ru.wikipedia.org/wiki/%D0%A4%D0%B5%D0%BC%D0%B8%D0%BD%D0%B8%D1%81%D1%82%D1%81%D0%BA%D0%B0%D1%8F_%D0%B8%D0%BD%D0%B8%D1%86%D0%B8%D0%B0%D1%82%D0%B8%D0%B2%D0%B0_(%D0%A8%D0%B2%D0%B5%D1%86%D0%B8%D1%8F)","*":"\u0424\u0435\u043c\u0438\u043d\u0438\u0441\u0442\u0441\u043a\u0430\u044f \u0438\u043d\u0438\u0446\u0438\u0430\u0442\u0438\u0432\u0430 (\u0428\u0432\u0435\u0446\u0438\u044f)"},{"lang":"sv","url":"https://sv.wikipedia.org/wiki/Feministiskt_initiativ","*":"Feministiskt initiativ"},{"lang":"sw","url":"https://sw.wikipedia.org/wiki/Feministiskt_initiativ","*":"Feministiskt initiativ"},{"lang":"uk","url":"https://uk.wikipedia.org/wiki/%D0%A4%D0%B5%D0%BC%D1%96%D0%BD%D1%96%D1%81%D1%82%D0%B8%D1%87%D0%BD%D0%B0_%D1%96%D0%BD%D1%96%D1%86%D1%96%D0%B0%D1%82%D0%B8%D0%B2%D0%B0","*":"\u0424\u0435\u043c\u0456\u043d\u0456\u0441\u0442\u0438\u0447\u043d\u0430 \u0456\u043d\u0456\u0446\u0456\u0430\u0442\u0438\u0432\u0430"},{"lang":"ur","url":"https://ur.wikipedia.org/wiki/%D9%81%DB%8C%D9%85%D9%86%D8%B3%D9%B9_%D8%A7%D9%86%DB%8C%D8%B4%DB%8C_%D8%A7%DB%8C%D9%B9%D9%88_(%D8%B3%D9%88%DB%8C%DA%88%D9%86)","*":"\u0641\u06cc\u0645\u0646\u0633\u0679 \u0627\u0646\u06cc\u0634\u06cc \u0627\u06cc\u0679\u0648 (\u0633\u0648\u06cc\u0688\u0646)"},{"lang":"zh","url":"https://zh.wikipedia.org/wiki/%E5%A5%B3%E6%9D%83%E4%B8%BB%E4%B9%89%E5%80%A1%E8%AE%AE","*":"\u5973\u6743\u4e3b\u4e49\u5021\u8bae"}]}}}}