{"partyfacts_id":1245,"batchcomplete":"","query":{"normalized":[{"from":"Authentic_Radical_Liberal_Party","to":"Authentic Radical Liberal Party"}],"pages":{"861899":{"pageid":861899,"ns":0,"title":"Authentic Radical Liberal Party","langlinks":[{"lang":"bg","url":"https://bg.wikipedia.org/wiki/%D0%90%D0%B2%D1%82%D0%B5%D0%BD%D1%82%D0%B8%D1%87%D0%BD%D0%B0_%D1%80%D0%B0%D0%B4%D0%B8%D0%BA%D0%B0%D0%BB%D0%BD%D0%B0_%D0%BB%D0%B8%D0%B1%D0%B5%D1%80%D0%B0%D0%BB%D0%BD%D0%B0_%D0%BF%D0%B0%D1%80%D1%82%D0%B8%D1%8F","*":"\u0410\u0432\u0442\u0435\u043d\u0442\u0438\u0447\u043d\u0430 \u0440\u0430\u0434\u0438\u043a\u0430\u043b\u043d\u0430 \u043b\u0438\u0431\u0435\u0440\u0430\u043b\u043d\u0430 \u043f\u0430\u0440\u0442\u0438\u044f"},{"lang":"da","url":"https://da.wikipedia.org/wiki/Autentisk_Liberalt_Parti","*":"Autentisk Liberalt Parti"},{"lang":"de","url":"https://de.wikipedia.org/wiki/Partido_Liberal_Radical_Aut%C3%A9ntico","*":"Partido Liberal Radical Aut\u00e9ntico"},{"lang":"es","url":"https://es.wikipedia.org/wiki/Partido_Liberal_Radical_Aut%C3%A9ntico","*":"Partido Liberal Radical Aut\u00e9ntico"},{"lang":"fi","url":"https://fi.wikipedia.org/wiki/Partido_Liberal_Radical_Aut%C3%A9ntico","*":"Partido Liberal Radical Aut\u00e9ntico"},{"lang":"fr","url":"https://fr.wikipedia.org/wiki/Parti_lib%C3%A9ral_radical_authentique","*":"Parti lib\u00e9ral radical authentique"},{"lang":"it","url":"https://it.wikipedia.org/wiki/Partito_Liberale_Radicale_Autentico","*":"Partito Liberale Radicale Autentico"},{"lang":"ja","url":"https://ja.wikipedia.org/wiki/%E7%9C%9F%E6%AD%A3%E6%80%A5%E9%80%B2%E8%87%AA%E7%94%B1%E5%85%9A","*":"\u771f\u6b63\u6025\u9032\u81ea\u7531\u515a"},{"lang":"ka","url":"https://ka.wikipedia.org/wiki/%E1%83%AD%E1%83%94%E1%83%A8%E1%83%9B%E1%83%90%E1%83%A0%E1%83%98%E1%83%A2%E1%83%90%E1%83%93_%E1%83%A0%E1%83%90%E1%83%93%E1%83%98%E1%83%99%E1%83%90%E1%83%9A%E1%83%A3%E1%83%A0%E1%83%98_%E1%83%9A%E1%83%98%E1%83%91%E1%83%94%E1%83%A0%E1%83%90%E1%83%9A%E1%83%A3%E1%83%A0%E1%83%98_%E1%83%9E%E1%83%90%E1%83%A0%E1%83%A2%E1%83%98%E1%83%90","*":"\u10ed\u10d4\u10e8\u10db\u10d0\u10e0\u10d8\u10e2\u10d0\u10d3 \u10e0\u10d0\u10d3\u10d8\u10d9\u10d0\u10da\u10e3\u10e0\u10d8 \u10da\u10d8\u10d1\u10d4\u10e0\u10d0\u10da\u10e3\u10e0\u10d8 \u10de\u10d0\u10e0\u10e2\u10d8\u10d0"},{"lang":"ko","url":"https://ko.wikipedia.org/wiki/%EC%A7%84%EC%A0%95%EA%B8%89%EC%A7%84%EC%9E%90%EC%9C%A0%EB%8B%B9","*":"\uc9c4\uc815\uae09\uc9c4\uc790\uc720\ub2f9"},{"lang":"pt","url":"https://pt.wikipedia.org/wiki/Paraguai#Pol\u00edtica","*":"Paraguai#Pol\u00edtica"},{"lang":"ru","url":"https://ru.wikipedia.org/wiki/%D0%90%D1%83%D1%82%D0%B5%D0%BD%D1%82%D0%B8%D1%87%D0%BD%D0%B0%D1%8F_%D1%80%D0%B0%D0%B4%D0%B8%D0%BA%D0%B0%D0%BB%D1%8C%D0%BD%D0%B0%D1%8F_%D0%BB%D0%B8%D0%B1%D0%B5%D1%80%D0%B0%D0%BB%D1%8C%D0%BD%D0%B0%D1%8F_%D0%BF%D0%B0%D1%80%D1%82%D0%B8%D1%8F","*":"\u0410\u0443\u0442\u0435\u043d\u0442\u0438\u0447\u043d\u0430\u044f \u0440\u0430\u0434\u0438\u043a\u0430\u043b\u044c\u043d\u0430\u044f \u043b\u0438\u0431\u0435\u0440\u0430\u043b\u044c\u043d\u0430\u044f \u043f\u0430\u0440\u0442\u0438\u044f"},{"lang":"sr","url":"https://sr.wikipedia.org/wiki/%D0%90%D1%83%D1%82%D0%B5%D0%BD%D1%82%D0%B8%D1%87%D0%BD%D0%B0_%D1%80%D0%B0%D0%B4%D0%B8%D0%BA%D0%B0%D0%BB%D0%BD%D0%B0_%D0%BB%D0%B8%D0%B1%D0%B5%D1%80%D0%B0%D0%BB%D0%BD%D0%B0_%D0%BF%D0%B0%D1%80%D1%82%D0%B8%D1%98%D0%B0","*":"\u0410\u0443\u0442\u0435\u043d\u0442\u0438\u0447\u043d\u0430 \u0440\u0430\u0434\u0438\u043a\u0430\u043b\u043d\u0430 \u043b\u0438\u0431\u0435\u0440\u0430\u043b\u043d\u0430 \u043f\u0430\u0440\u0442\u0438\u0458\u0430"},{"lang":"sv","url":"https://sv.wikipedia.org/wiki/%C3%84kta_Radikal-liberala_partiet","*":"\u00c4kta Radikal-liberala partiet"},{"lang":"zh","url":"https://zh.wikipedia.org/wiki/%E7%9C%9F%E6%AD%A3%E6%BF%80%E8%BF%9B%E8%87%AA%E7%94%B1%E5%85%9A","*":"\u771f\u6b63\u6fc0\u8fdb\u81ea\u7531\u515a"}]}}}}