{"partyfacts_id":1248,"batchcomplete":"","query":{"normalized":[{"from":"Democratic_and_Social_Centre_(Spain)","to":"Democratic and Social Centre (Spain)"}],"pages":{"2660177":{"pageid":2660177,"ns":0,"title":"Democratic and Social Centre (Spain)","langlinks":[{"lang":"an","url":"https://an.wikipedia.org/wiki/Centro_Democr%C3%A1tico_y_Social","*":"Centro Democr\u00e1tico y Social"},{"lang":"ast","url":"https://ast.wikipedia.org/wiki/Centru_Democr%C3%A1ticu_y_Social","*":"Centru Democr\u00e1ticu y Social"},{"lang":"bg","url":"https://bg.wikipedia.org/wiki/%D0%94%D0%B5%D0%BC%D0%BE%D0%BA%D1%80%D0%B0%D1%82%D0%B8%D1%87%D0%B5%D0%BD_%D0%B8_%D1%81%D0%BE%D1%86%D0%B8%D0%B0%D0%BB%D0%B5%D0%BD_%D1%86%D0%B5%D0%BD%D1%82%D1%8A%D1%80","*":"\u0414\u0435\u043c\u043e\u043a\u0440\u0430\u0442\u0438\u0447\u0435\u043d \u0438 \u0441\u043e\u0446\u0438\u0430\u043b\u0435\u043d \u0446\u0435\u043d\u0442\u044a\u0440"},{"lang":"ca","url":"https://ca.wikipedia.org/wiki/Centre_Democr%C3%A0tic_i_Social","*":"Centre Democr\u00e0tic i Social"},{"lang":"de","url":"https://de.wikipedia.org/wiki/Centro_Democr%C3%A1tico_y_Social","*":"Centro Democr\u00e1tico y Social"},{"lang":"eo","url":"https://eo.wikipedia.org/wiki/Centro_Democr%C3%A1tico_y_Social","*":"Centro Democr\u00e1tico y Social"},{"lang":"es","url":"https://es.wikipedia.org/wiki/Centro_Democr%C3%A1tico_y_Social","*":"Centro Democr\u00e1tico y Social"},{"lang":"eu","url":"https://eu.wikipedia.org/wiki/Zentro_Demokratiko_eta_Soziala","*":"Zentro Demokratiko eta Soziala"},{"lang":"fi","url":"https://fi.wikipedia.org/wiki/Demokraattinen_ja_sosiaalinen_keskusta","*":"Demokraattinen ja sosiaalinen keskusta"},{"lang":"fr","url":"https://fr.wikipedia.org/wiki/Centre_d%C3%A9mocratique_et_social","*":"Centre d\u00e9mocratique et social"},{"lang":"gl","url":"https://gl.wikipedia.org/wiki/Centro_Democr%C3%A1tico_y_Social","*":"Centro Democr\u00e1tico y Social"},{"lang":"hy","url":"https://hy.wikipedia.org/wiki/%D4%BA%D5%B8%D5%B2%D5%B8%D5%BE%D6%80%D5%A4%D5%A1%D5%BE%D5%A1%D6%80%D5%A1%D5%AF%D5%A1%D5%B6_%D6%87_%D5%BD%D5%B8%D6%81%D5%AB%D5%A1%D5%AC%D5%A1%D5%AF%D5%A1%D5%B6_%D5%AF%D5%A5%D5%B6%D5%BF%D6%80%D5%B8%D5%B6","*":"\u053a\u0578\u0572\u0578\u057e\u0580\u0564\u0561\u057e\u0561\u0580\u0561\u056f\u0561\u0576 \u0587 \u057d\u0578\u0581\u056b\u0561\u056c\u0561\u056f\u0561\u0576 \u056f\u0565\u0576\u057f\u0580\u0578\u0576"},{"lang":"it","url":"https://it.wikipedia.org/wiki/Centro_Democratico_e_Sociale_(Spagna)","*":"Centro Democratico e Sociale (Spagna)"},{"lang":"oc","url":"https://oc.wikipedia.org/wiki/Centre_Democratic_e_Social","*":"Centre Democratic e Social"},{"lang":"pl","url":"https://pl.wikipedia.org/wiki/Centrum_Demokratyczne_i_Spo%C5%82eczne","*":"Centrum Demokratyczne i Spo\u0142eczne"},{"lang":"pt","url":"https://pt.wikipedia.org/wiki/Centro_Democr%C3%A1tico_e_Social_(Espanha)","*":"Centro Democr\u00e1tico e Social (Espanha)"},{"lang":"ru","url":"https://ru.wikipedia.org/wiki/%D0%94%D0%B5%D0%BC%D0%BE%D0%BA%D1%80%D0%B0%D1%82%D0%B8%D1%87%D0%B5%D1%81%D0%BA%D0%B8%D0%B9_%D0%B8_%D1%81%D0%BE%D1%86%D0%B8%D0%B0%D0%BB%D1%8C%D0%BD%D1%8B%D0%B9_%D1%86%D0%B5%D0%BD%D1%82%D1%80","*":"\u0414\u0435\u043c\u043e\u043a\u0440\u0430\u0442\u0438\u0447\u0435\u0441\u043a\u0438\u0439 \u0438 \u0441\u043e\u0446\u0438\u0430\u043b\u044c\u043d\u044b\u0439 \u0446\u0435\u043d\u0442\u0440"},{"lang":"simple","url":"https://simple.wikipedia.org/wiki/Democratic_and_Social_Centre_(Spain)","*":"Democratic and Social Centre (Spain)"},{"lang":"sv","url":"https://sv.wikipedia.org/wiki/Centro_Democr%C3%A1tico_y_Social","*":"Centro Democr\u00e1tico y Social"}]}}}}