{"partyfacts_id":125,"batchcomplete":"","query":{"normalized":[{"from":"Icelandic_Movement_\u2013_Living_Country","to":"Icelandic Movement \u2013 Living Country"}],"pages":{"10356846":{"pageid":10356846,"ns":0,"title":"Icelandic Movement \u2013 Living Country","langlinks":[{"lang":"ca","url":"https://ca.wikipedia.org/wiki/Moviment_Island%C3%A8s-Terra_Viva","*":"Moviment Island\u00e8s-Terra Viva"},{"lang":"da","url":"https://da.wikipedia.org/wiki/Islandsbev%C3%A6gelsen_%E2%80%93_levende_land","*":"Islandsbev\u00e6gelsen \u2013 levende land"},{"lang":"es","url":"https://es.wikipedia.org/wiki/Movimiento_Island%C3%A9s_-_Tierra_Viva","*":"Movimiento Island\u00e9s - Tierra Viva"},{"lang":"fr","url":"https://fr.wikipedia.org/wiki/Mouvement_islandais_-_Terre_vivante","*":"Mouvement islandais - Terre vivante"},{"lang":"is","url":"https://is.wikipedia.org/wiki/%C3%8Dslandshreyfingin","*":"\u00cdslandshreyfingin"},{"lang":"nb","url":"https://no.wikipedia.org/wiki/%C3%8Dslandshreyfingin_%E2%80%93_lifandi_land","*":"\u00cdslandshreyfingin \u2013 lifandi land"},{"lang":"pl","url":"https://pl.wikipedia.org/wiki/Ruch_Islandzki_%E2%80%93_%C5%BBywa_Ziemia","*":"Ruch Islandzki \u2013 \u017bywa Ziemia"}]}}}}