{"partyfacts_id":1250,"batchcomplete":"","query":{"normalized":[{"from":"Socialist_People's_Front","to":"Socialist People's Front"}],"pages":{"28564583":{"pageid":28564583,"ns":0,"title":"Socialist People's Front","langlinks":[{"lang":"arz","url":"https://arz.wikipedia.org/wiki/%D8%AC%D8%A8%D9%87%D8%A9_%D8%A7%D9%84%D8%B4%D8%B9%D8%A8_%D8%A7%D9%84%D8%A7%D8%B4%D8%AA%D8%B1%D8%A7%D9%83%D9%89","*":"\u062c\u0628\u0647\u0629 \u0627\u0644\u0634\u0639\u0628 \u0627\u0644\u0627\u0634\u062a\u0631\u0627\u0643\u0649"},{"lang":"fr","url":"https://fr.wikipedia.org/wiki/Front_populaire_et_socialiste","*":"Front populaire et socialiste"},{"lang":"it","url":"https://it.wikipedia.org/wiki/Fronte_Popolare_Socialista","*":"Fronte Popolare Socialista"},{"lang":"ja","url":"https://ja.wikipedia.org/wiki/%E7%A4%BE%E4%BC%9A%E4%B8%BB%E7%BE%A9%E4%BA%BA%E6%B0%91%E6%88%A6%E7%B7%9A","*":"\u793e\u4f1a\u4e3b\u7fa9\u4eba\u6c11\u6226\u7dda"},{"lang":"lt","url":"https://lt.wikipedia.org/wiki/Socialistinis_liaudies_frontas","*":"Socialistinis liaudies frontas"},{"lang":"pl","url":"https://pl.wikipedia.org/wiki/Socjalistyczny_Front_Ludowy","*":"Socjalistyczny Front Ludowy"},{"lang":"ru","url":"https://ru.wikipedia.org/wiki/%D0%A1%D0%BE%D1%86%D0%B8%D0%B0%D0%BB%D0%B8%D1%81%D1%82%D0%B8%D1%87%D0%B5%D1%81%D0%BA%D0%B8%D0%B9_%D0%BD%D0%B0%D1%80%D0%BE%D0%B4%D0%BD%D1%8B%D0%B9_%D1%84%D1%80%D0%BE%D0%BD%D1%82","*":"\u0421\u043e\u0446\u0438\u0430\u043b\u0438\u0441\u0442\u0438\u0447\u0435\u0441\u043a\u0438\u0439 \u043d\u0430\u0440\u043e\u0434\u043d\u044b\u0439 \u0444\u0440\u043e\u043d\u0442"},{"lang":"zh","url":"https://zh.wikipedia.org/wiki/%E7%A4%BE%E4%BC%9A%E4%B8%BB%E4%B9%89%E4%BA%BA%E6%B0%91%E9%98%B5%E7%BA%BF","*":"\u793e\u4f1a\u4e3b\u4e49\u4eba\u6c11\u9635\u7ebf"}]}}}}