{"partyfacts_id":1251,"batchcomplete":"","query":{"normalized":[{"from":"French_Communist_Party","to":"French Communist Party"}],"pages":{"319197":{"pageid":319197,"ns":0,"title":"French Communist Party","langlinks":[{"lang":"an","url":"https://an.wikipedia.org/wiki/Parti_Communiste_Fran%C3%A7ais","*":"Parti Communiste Fran\u00e7ais"},{"lang":"ar","url":"https://ar.wikipedia.org/wiki/%D8%A7%D9%84%D8%AD%D8%B2%D8%A8_%D8%A7%D9%84%D8%B4%D9%8A%D9%88%D8%B9%D9%8A_%D8%A7%D9%84%D9%81%D8%B1%D9%86%D8%B3%D9%8A","*":"\u0627\u0644\u062d\u0632\u0628 \u0627\u0644\u0634\u064a\u0648\u0639\u064a \u0627\u0644\u0641\u0631\u0646\u0633\u064a"},{"lang":"arz","url":"https://arz.wikipedia.org/wiki/%D8%A7%D9%84%D8%AD%D8%B2%D8%A8_%D8%A7%D9%84%D8%B4%D9%8A%D9%88%D8%B9%D9%89_%D8%A7%D9%84%D9%81%D8%B1%D9%86%D8%B3%D8%A7%D9%88%D9%89","*":"\u0627\u0644\u062d\u0632\u0628 \u0627\u0644\u0634\u064a\u0648\u0639\u0649 \u0627\u0644\u0641\u0631\u0646\u0633\u0627\u0648\u0649"},{"lang":"ast","url":"https://ast.wikipedia.org/wiki/Part%C3%ADu_Comunista_Franc%C3%A9s","*":"Part\u00edu Comunista Franc\u00e9s"},{"lang":"bg","url":"https://bg.wikipedia.org/wiki/%D0%A4%D1%80%D0%B5%D0%BD%D1%81%D0%BA%D0%B0_%D0%BA%D0%BE%D0%BC%D1%83%D0%BD%D0%B8%D1%81%D1%82%D0%B8%D1%87%D0%B5%D1%81%D0%BA%D0%B0_%D0%BF%D0%B0%D1%80%D1%82%D0%B8%D1%8F","*":"\u0424\u0440\u0435\u043d\u0441\u043a\u0430 \u043a\u043e\u043c\u0443\u043d\u0438\u0441\u0442\u0438\u0447\u0435\u0441\u043a\u0430 \u043f\u0430\u0440\u0442\u0438\u044f"},{"lang":"br","url":"https://br.wikipedia.org/wiki/Strollad_Komunour_Gall","*":"Strollad Komunour Gall"},{"lang":"ca","url":"https://ca.wikipedia.org/wiki/Partit_Comunista_Franc%C3%A8s","*":"Partit Comunista Franc\u00e8s"},{"lang":"cs","url":"https://cs.wikipedia.org/wiki/Parti_communiste_fran%C3%A7ais","*":"Parti communiste fran\u00e7ais"},{"lang":"da","url":"https://da.wikipedia.org/wiki/Parti_Communiste_Fran%C3%A7ais","*":"Parti Communiste Fran\u00e7ais"},{"lang":"de","url":"https://de.wikipedia.org/wiki/Parti_communiste_fran%C3%A7ais","*":"Parti communiste fran\u00e7ais"},{"lang":"el","url":"https://el.wikipedia.org/wiki/%CE%93%CE%B1%CE%BB%CE%BB%CE%B9%CE%BA%CF%8C_%CE%9A%CE%BF%CE%BC%CE%BC%CE%BF%CF%85%CE%BD%CE%B9%CF%83%CF%84%CE%B9%CE%BA%CF%8C_%CE%9A%CF%8C%CE%BC%CE%BC%CE%B1","*":"\u0393\u03b1\u03bb\u03bb\u03b9\u03ba\u03cc \u039a\u03bf\u03bc\u03bc\u03bf\u03c5\u03bd\u03b9\u03c3\u03c4\u03b9\u03ba\u03cc \u039a\u03cc\u03bc\u03bc\u03b1"},{"lang":"eo","url":"https://eo.wikipedia.org/wiki/Franca_Komunista_Partio","*":"Franca Komunista Partio"},{"lang":"es","url":"https://es.wikipedia.org/wiki/Partido_Comunista_Franc%C3%A9s","*":"Partido Comunista Franc\u00e9s"},{"lang":"et","url":"https://et.wikipedia.org/wiki/Prantsuse_Kommunistlik_Partei","*":"Prantsuse Kommunistlik Partei"},{"lang":"eu","url":"https://eu.wikipedia.org/wiki/Frantziako_Alderdi_Komunista","*":"Frantziako Alderdi Komunista"},{"lang":"fa","url":"https://fa.wikipedia.org/wiki/%D8%AD%D8%B2%D8%A8_%DA%A9%D9%85%D9%88%D9%86%DB%8C%D8%B3%D8%AA_%D9%81%D8%B1%D8%A7%D9%86%D8%B3%D9%87","*":"\u062d\u0632\u0628 \u06a9\u0645\u0648\u0646\u06cc\u0633\u062a \u0641\u0631\u0627\u0646\u0633\u0647"},{"lang":"fi","url":"https://fi.wikipedia.org/wiki/Ranskan_kommunistinen_puolue","*":"Ranskan kommunistinen puolue"},{"lang":"fr","url":"https://fr.wikipedia.org/wiki/Parti_communiste_fran%C3%A7ais","*":"Parti communiste fran\u00e7ais"},{"lang":"gl","url":"https://gl.wikipedia.org/wiki/Partido_Comunista_Franc%C3%A9s","*":"Partido Comunista Franc\u00e9s"},{"lang":"he","url":"https://he.wikipedia.org/wiki/%D7%94%D7%9E%D7%A4%D7%9C%D7%92%D7%94_%D7%94%D7%A7%D7%95%D7%9E%D7%95%D7%A0%D7%99%D7%A1%D7%98%D7%99%D7%AA_%D7%A9%D7%9C_%D7%A6%D7%A8%D7%A4%D7%AA","*":"\u05d4\u05de\u05e4\u05dc\u05d2\u05d4 \u05d4\u05e7\u05d5\u05de\u05d5\u05e0\u05d9\u05e1\u05d8\u05d9\u05ea \u05e9\u05dc \u05e6\u05e8\u05e4\u05ea"},{"lang":"hu","url":"https://hu.wikipedia.org/wiki/Francia_Kommunista_P%C3%A1rt","*":"Francia Kommunista P\u00e1rt"},{"lang":"id","url":"https://id.wikipedia.org/wiki/Partai_Komunis_Prancis","*":"Partai Komunis Prancis"},{"lang":"it","url":"https://it.wikipedia.org/wiki/Partito_Comunista_Francese","*":"Partito Comunista Francese"},{"lang":"ja","url":"https://ja.wikipedia.org/wiki/%E3%83%95%E3%83%A9%E3%83%B3%E3%82%B9%E5%85%B1%E7%94%A3%E5%85%9A","*":"\u30d5\u30e9\u30f3\u30b9\u5171\u7523\u515a"},{"lang":"ka","url":"https://ka.wikipedia.org/wiki/%E1%83%A1%E1%83%90%E1%83%A4%E1%83%A0%E1%83%90%E1%83%9C%E1%83%92%E1%83%94%E1%83%97%E1%83%98%E1%83%A1_%E1%83%99%E1%83%9D%E1%83%9B%E1%83%A3%E1%83%9C%E1%83%98%E1%83%A1%E1%83%A2%E1%83%A3%E1%83%A0%E1%83%98_%E1%83%9E%E1%83%90%E1%83%A0%E1%83%A2%E1%83%98%E1%83%90","*":"\u10e1\u10d0\u10e4\u10e0\u10d0\u10dc\u10d2\u10d4\u10d7\u10d8\u10e1 \u10d9\u10dd\u10db\u10e3\u10dc\u10d8\u10e1\u10e2\u10e3\u10e0\u10d8 \u10de\u10d0\u10e0\u10e2\u10d8\u10d0"},{"lang":"ko","url":"https://ko.wikipedia.org/wiki/%ED%94%84%EB%9E%91%EC%8A%A4_%EA%B3%B5%EC%82%B0%EB%8B%B9","*":"\ud504\ub791\uc2a4 \uacf5\uc0b0\ub2f9"},{"lang":"la","url":"https://la.wikipedia.org/wiki/Factio_communistica_Francica","*":"Factio communistica Francica"},{"lang":"lb","url":"https://lb.wikipedia.org/wiki/Parti_communiste_fran%C3%A7ais","*":"Parti communiste fran\u00e7ais"},{"lang":"ml","url":"https://ml.wikipedia.org/wiki/%E0%B4%AB%E0%B5%8D%E0%B4%B0%E0%B5%86%E0%B4%9E%E0%B5%8D%E0%B4%9A%E0%B5%8D_%E0%B4%95%E0%B4%AE%E0%B5%8D%E0%B4%AE%E0%B5%8D%E0%B4%AF%E0%B5%82%E0%B4%A3%E0%B4%BF%E0%B4%B8%E0%B5%8D%E0%B4%B1%E0%B5%8D%E0%B4%B1%E0%B5%8D_%E0%B4%AA%E0%B4%BE%E0%B5%BC%E0%B4%9F%E0%B5%8D%E0%B4%9F%E0%B4%BF","*":"\u0d2b\u0d4d\u0d30\u0d46\u0d1e\u0d4d\u0d1a\u0d4d \u0d15\u0d2e\u0d4d\u0d2e\u0d4d\u0d2f\u0d42\u0d23\u0d3f\u0d38\u0d4d\u0d31\u0d4d\u0d31\u0d4d \u0d2a\u0d3e\u0d7c\u0d1f\u0d4d\u0d1f\u0d3f"},{"lang":"nl","url":"https://nl.wikipedia.org/wiki/Franse_Communistische_Partij","*":"Franse Communistische Partij"},{"lang":"nn","url":"https://nn.wikipedia.org/wiki/Det_franske_kommunistpartiet","*":"Det franske kommunistpartiet"},{"lang":"nb","url":"https://no.wikipedia.org/wiki/Parti_communiste_fran%C3%A7ais","*":"Parti communiste fran\u00e7ais"},{"lang":"oc","url":"https://oc.wikipedia.org/wiki/Partit_Comunista_Franc%C3%A9s","*":"Partit Comunista Franc\u00e9s"},{"lang":"pl","url":"https://pl.wikipedia.org/wiki/Francuska_Partia_Komunistyczna","*":"Francuska Partia Komunistyczna"},{"lang":"pms","url":"https://pms.wikipedia.org/wiki/Part%C3%AC_Comunista_Frans%C3%A8is","*":"Part\u00ec Comunista Frans\u00e8is"},{"lang":"pt","url":"https://pt.wikipedia.org/wiki/Partido_Comunista_Franc%C3%AAs","*":"Partido Comunista Franc\u00eas"},{"lang":"ro","url":"https://ro.wikipedia.org/wiki/Partidul_Comunist_Francez","*":"Partidul Comunist Francez"},{"lang":"ru","url":"https://ru.wikipedia.org/wiki/%D0%A4%D1%80%D0%B0%D0%BD%D1%86%D1%83%D0%B7%D1%81%D0%BA%D0%B0%D1%8F_%D0%BA%D0%BE%D0%BC%D0%BC%D1%83%D0%BD%D0%B8%D1%81%D1%82%D0%B8%D1%87%D0%B5%D1%81%D0%BA%D0%B0%D1%8F_%D0%BF%D0%B0%D1%80%D1%82%D0%B8%D1%8F","*":"\u0424\u0440\u0430\u043d\u0446\u0443\u0437\u0441\u043a\u0430\u044f \u043a\u043e\u043c\u043c\u0443\u043d\u0438\u0441\u0442\u0438\u0447\u0435\u0441\u043a\u0430\u044f \u043f\u0430\u0440\u0442\u0438\u044f"},{"lang":"sh","url":"https://sh.wikipedia.org/wiki/Komunisti%C4%8Dka_partija_Francuske","*":"Komunisti\u010dka partija Francuske"},{"lang":"simple","url":"https://simple.wikipedia.org/wiki/French_Communist_Party","*":"French Communist Party"},{"lang":"sr","url":"https://sr.wikipedia.org/wiki/%D0%9A%D0%BE%D0%BC%D1%83%D0%BD%D0%B8%D1%81%D1%82%D0%B8%D1%87%D0%BA%D0%B0_%D0%BF%D0%B0%D1%80%D1%82%D0%B8%D1%98%D0%B0_%D0%A4%D1%80%D0%B0%D0%BD%D1%86%D1%83%D1%81%D0%BA%D0%B5","*":"\u041a\u043e\u043c\u0443\u043d\u0438\u0441\u0442\u0438\u0447\u043a\u0430 \u043f\u0430\u0440\u0442\u0438\u0458\u0430 \u0424\u0440\u0430\u043d\u0446\u0443\u0441\u043a\u0435"},{"lang":"sv","url":"https://sv.wikipedia.org/wiki/Franska_kommunistpartiet","*":"Franska kommunistpartiet"},{"lang":"th","url":"https://th.wikipedia.org/wiki/%E0%B8%9E%E0%B8%A3%E0%B8%A3%E0%B8%84%E0%B8%84%E0%B8%AD%E0%B8%A1%E0%B8%A1%E0%B8%B4%E0%B8%A7%E0%B8%99%E0%B8%B4%E0%B8%AA%E0%B8%95%E0%B9%8C%E0%B8%9D%E0%B8%A3%E0%B8%B1%E0%B9%88%E0%B8%87%E0%B9%80%E0%B8%A8%E0%B8%AA","*":"\u0e1e\u0e23\u0e23\u0e04\u0e04\u0e2d\u0e21\u0e21\u0e34\u0e27\u0e19\u0e34\u0e2a\u0e15\u0e4c\u0e1d\u0e23\u0e31\u0e48\u0e07\u0e40\u0e28\u0e2a"},{"lang":"tr","url":"https://tr.wikipedia.org/wiki/Frans%C4%B1z_Kom%C3%BCnist_Partisi","*":"Frans\u0131z Kom\u00fcnist Partisi"},{"lang":"uk","url":"https://uk.wikipedia.org/wiki/%D0%A4%D1%80%D0%B0%D0%BD%D1%86%D1%83%D0%B7%D1%8C%D0%BA%D0%B0_%D0%BA%D0%BE%D0%BC%D1%83%D0%BD%D1%96%D1%81%D1%82%D0%B8%D1%87%D0%BD%D0%B0_%D0%BF%D0%B0%D1%80%D1%82%D1%96%D1%8F","*":"\u0424\u0440\u0430\u043d\u0446\u0443\u0437\u044c\u043a\u0430 \u043a\u043e\u043c\u0443\u043d\u0456\u0441\u0442\u0438\u0447\u043d\u0430 \u043f\u0430\u0440\u0442\u0456\u044f"},{"lang":"ur","url":"https://ur.wikipedia.org/wiki/%D9%81%D8%B1%D8%A7%D9%86%D8%B3%DB%8C_%DA%A9%D9%85%DB%8C%D9%88%D9%86%D8%B3%D9%B9_%D9%BE%D8%A7%D8%B1%D9%B9%DB%8C","*":"\u0641\u0631\u0627\u0646\u0633\u06cc \u06a9\u0645\u06cc\u0648\u0646\u0633\u0679 \u067e\u0627\u0631\u0679\u06cc"},{"lang":"vi","url":"https://vi.wikipedia.org/wiki/%C4%90%E1%BA%A3ng_C%E1%BB%99ng_s%E1%BA%A3n_Ph%C3%A1p","*":"\u0110\u1ea3ng C\u1ed9ng s\u1ea3n Ph\u00e1p"},{"lang":"zh","url":"https://zh.wikipedia.org/wiki/%E6%B3%95%E5%9B%BD%E5%85%B1%E4%BA%A7%E5%85%9A","*":"\u6cd5\u56fd\u5171\u4ea7\u515a"}]}}}}