{"partyfacts_id":1252,"batchcomplete":"","query":{"normalized":[{"from":"Broad_Front_(Costa_Rica)","to":"Broad Front (Costa Rica)"}],"pages":{"4605442":{"pageid":4605442,"ns":0,"title":"Broad Front (Costa Rica)","langlinks":[{"lang":"es","url":"https://es.wikipedia.org/wiki/Frente_Amplio_(Costa_Rica)","*":"Frente Amplio (Costa Rica)"},{"lang":"fr","url":"https://fr.wikipedia.org/wiki/Front_large_(Costa_Rica)","*":"Front large (Costa Rica)"},{"lang":"it","url":"https://it.wikipedia.org/wiki/Fronte_Ampio_(Costa_Rica)","*":"Fronte Ampio (Costa Rica)"},{"lang":"nb","url":"https://no.wikipedia.org/wiki/Frente_Amplio_(Costa_Rica)","*":"Frente Amplio (Costa Rica)"},{"lang":"ru","url":"https://ru.wikipedia.org/wiki/%D0%A8%D0%B8%D1%80%D0%BE%D0%BA%D0%B8%D0%B9_%D1%84%D1%80%D0%BE%D0%BD%D1%82_(%D0%9A%D0%BE%D1%81%D1%82%D0%B0-%D0%A0%D0%B8%D0%BA%D0%B0)","*":"\u0428\u0438\u0440\u043e\u043a\u0438\u0439 \u0444\u0440\u043e\u043d\u0442 (\u041a\u043e\u0441\u0442\u0430-\u0420\u0438\u043a\u0430)"},{"lang":"zh","url":"https://zh.wikipedia.org/wiki/%E5%B9%BF%E6%B3%9B%E9%98%B5%E7%BA%BF_(%E5%93%A5%E6%96%AF%E8%BE%BE%E9%BB%8E%E5%8A%A0)","*":"\u5e7f\u6cdb\u9635\u7ebf (\u54e5\u65af\u8fbe\u9ece\u52a0)"}]}}}}