{"partyfacts_id":1260,"batchcomplete":"","query":{"normalized":[{"from":"Initiative_for_Catalonia_Greens","to":"Initiative for Catalonia Greens"}],"pages":{"449466":{"pageid":449466,"ns":0,"title":"Initiative for Catalonia Greens","langlinks":[{"lang":"ast","url":"https://ast.wikipedia.org/wiki/Iniciativa_per_Catalunya_Verds","*":"Iniciativa per Catalunya Verds"},{"lang":"ca","url":"https://ca.wikipedia.org/wiki/Iniciativa_per_Catalunya_Verds","*":"Iniciativa per Catalunya Verds"},{"lang":"de","url":"https://de.wikipedia.org/wiki/Iniciativa_per_Catalunya_Verds","*":"Iniciativa per Catalunya Verds"},{"lang":"el","url":"https://el.wikipedia.org/wiki/%CE%A0%CF%81%CF%89%CF%84%CE%BF%CE%B2%CE%BF%CF%85%CE%BB%CE%AF%CE%B1_%CE%B3%CE%B9%CE%B1_%CF%84%CE%BF%CF%85%CF%82_%CE%A0%CF%81%CE%AC%CF%83%CE%B9%CE%BD%CE%BF%CF%85%CF%82_%CF%84%CE%B7%CF%82_%CE%9A%CE%B1%CF%84%CE%B1%CE%BB%CE%BF%CE%BD%CE%AF%CE%B1%CF%82","*":"\u03a0\u03c1\u03c9\u03c4\u03bf\u03b2\u03bf\u03c5\u03bb\u03af\u03b1 \u03b3\u03b9\u03b1 \u03c4\u03bf\u03c5\u03c2 \u03a0\u03c1\u03ac\u03c3\u03b9\u03bd\u03bf\u03c5\u03c2 \u03c4\u03b7\u03c2 \u039a\u03b1\u03c4\u03b1\u03bb\u03bf\u03bd\u03af\u03b1\u03c2"},{"lang":"eo","url":"https://eo.wikipedia.org/wiki/Iniciativo_por_Katalunio_-_Verduloj","*":"Iniciativo por Katalunio - Verduloj"},{"lang":"es","url":"https://es.wikipedia.org/wiki/Iniciativa_per_Catalunya_Verds","*":"Iniciativa per Catalunya Verds"},{"lang":"eu","url":"https://eu.wikipedia.org/wiki/Iniciativa_per_Catalunya_Verds","*":"Iniciativa per Catalunya Verds"},{"lang":"fr","url":"https://fr.wikipedia.org/wiki/Initiative_pour_la_Catalogne_Verts","*":"Initiative pour la Catalogne Verts"},{"lang":"gl","url":"https://gl.wikipedia.org/wiki/Iniciativa_per_Catalunya_Verds","*":"Iniciativa per Catalunya Verds"},{"lang":"it","url":"https://it.wikipedia.org/wiki/Iniziativa_per_la_Catalogna_Verdi","*":"Iniziativa per la Catalogna Verdi"},{"lang":"nl","url":"https://nl.wikipedia.org/wiki/Iniciativa_per_Catalunya_Verds","*":"Iniciativa per Catalunya Verds"},{"lang":"pl","url":"https://pl.wikipedia.org/wiki/Inicjatywa_dla_Katalonii_%E2%80%93_Zieloni","*":"Inicjatywa dla Katalonii \u2013 Zieloni"},{"lang":"pt","url":"https://pt.wikipedia.org/wiki/Iniciativa_pela_Catalunha_Verdes","*":"Iniciativa pela Catalunha Verdes"},{"lang":"sv","url":"https://sv.wikipedia.org/wiki/Iniciativa_per_Catalunya_Verds","*":"Iniciativa per Catalunya Verds"},{"lang":"uk","url":"https://uk.wikipedia.org/wiki/%D0%86%D0%BD%D1%96%D1%86%D1%96%D0%B0%D1%82%D0%B8%D0%B2%D0%B0_%D0%B7%D0%B0_%D0%9A%D0%B0%D1%82%D0%B0%D0%BB%D0%BE%D0%BD%D1%96%D1%8E_%E2%80%94_%D0%97%D0%B5%D0%BB%D0%B5%D0%BD%D1%96","*":"\u0406\u043d\u0456\u0446\u0456\u0430\u0442\u0438\u0432\u0430 \u0437\u0430 \u041a\u0430\u0442\u0430\u043b\u043e\u043d\u0456\u044e \u2014 \u0417\u0435\u043b\u0435\u043d\u0456"},{"lang":"zh","url":"https://zh.wikipedia.org/wiki/%E4%B8%BA%E4%BA%86%E5%8A%A0%E6%B3%B0%E7%BD%97%E5%B0%BC%E4%BA%9A%E5%80%A1%E8%AE%AE%E7%BB%BF%E5%85%9A","*":"\u4e3a\u4e86\u52a0\u6cf0\u7f57\u5c3c\u4e9a\u5021\u8bae\u7eff\u515a"}]}}}}