{"partyfacts_id":1263,"batchcomplete":"","query":{"normalized":[{"from":"Family_First_Party","to":"Family First Party"}],"pages":{"957588":{"pageid":957588,"ns":0,"title":"Family First Party","langlinks":[{"lang":"be","url":"https://be.wikipedia.org/wiki/%D0%A1%D1%8F%D0%BC%E2%80%99%D1%8F_%D0%BF%D0%B5%D1%80%D1%88_%D0%B7%D0%B0_%D1%9E%D1%81%D1%91_(%D0%90%D1%9E%D1%81%D1%82%D1%80%D0%B0%D0%BB%D1%96%D1%8F)","*":"\u0421\u044f\u043c\u2019\u044f \u043f\u0435\u0440\u0448 \u0437\u0430 \u045e\u0441\u0451 (\u0410\u045e\u0441\u0442\u0440\u0430\u043b\u0456\u044f)"},{"lang":"de","url":"https://de.wikipedia.org/wiki/Family_First_Party","*":"Family First Party"},{"lang":"fr","url":"https://fr.wikipedia.org/wiki/Parti_Famille_d%27abord","*":"Parti Famille d'abord"},{"lang":"it","url":"https://it.wikipedia.org/wiki/Family_First_Party","*":"Family First Party"},{"lang":"ja","url":"https://ja.wikipedia.org/wiki/%E5%AE%B6%E6%97%8F%E5%84%AA%E5%85%88%E5%85%9A","*":"\u5bb6\u65cf\u512a\u5148\u515a"},{"lang":"ko","url":"https://ko.wikipedia.org/wiki/%EA%B0%80%EC%A1%B1%EC%9A%B0%EC%84%A0%EB%8B%B9","*":"\uac00\uc871\uc6b0\uc120\ub2f9"},{"lang":"nl","url":"https://nl.wikipedia.org/wiki/Family_First_Party","*":"Family First Party"},{"lang":"pl","url":"https://pl.wikipedia.org/wiki/Family_First_Party","*":"Family First Party"},{"lang":"ru","url":"https://ru.wikipedia.org/wiki/%D0%A1%D0%B5%D0%BC%D1%8C%D1%8F_%D0%BF%D1%80%D0%B5%D0%B6%D0%B4%D0%B5_%D0%B2%D1%81%D0%B5%D0%B3%D0%BE_(%D0%90%D0%B2%D1%81%D1%82%D1%80%D0%B0%D0%BB%D0%B8%D1%8F)","*":"\u0421\u0435\u043c\u044c\u044f \u043f\u0440\u0435\u0436\u0434\u0435 \u0432\u0441\u0435\u0433\u043e (\u0410\u0432\u0441\u0442\u0440\u0430\u043b\u0438\u044f)"},{"lang":"uk","url":"https://uk.wikipedia.org/wiki/%D0%A0%D0%BE%D0%B4%D0%B8%D0%BD%D0%B0_%D0%BF%D0%B5%D1%80%D0%B5%D0%B4%D1%83%D1%81%D1%96%D0%BC_(%D0%90%D0%B2%D1%81%D1%82%D1%80%D0%B0%D0%BB%D1%96%D1%8F)","*":"\u0420\u043e\u0434\u0438\u043d\u0430 \u043f\u0435\u0440\u0435\u0434\u0443\u0441\u0456\u043c (\u0410\u0432\u0441\u0442\u0440\u0430\u043b\u0456\u044f)"},{"lang":"zh-min-nan","url":"https://zh-min-nan.wikipedia.org/wiki/Ka-cho%CC%8Dk_Iu-sian_T%C3%B3ng","*":"Ka-cho\u030dk Iu-sian T\u00f3ng"}]}}}}