{"partyfacts_id":1274,"batchcomplete":"","query":{"normalized":[{"from":"Liberals_(Sweden)","to":"Liberals (Sweden)"}],"pages":{"217366":{"pageid":217366,"ns":0,"title":"Liberals (Sweden)","langlinks":[{"lang":"ar","url":"https://ar.wikipedia.org/wiki/%D8%AD%D8%B2%D8%A8_%D8%A7%D9%84%D8%B4%D8%B9%D8%A8_%D8%A7%D9%84%D9%84%D9%8A%D8%A8%D8%B1%D8%A7%D9%84%D9%8A_(%D8%A7%D9%84%D8%B3%D9%88%D9%8A%D8%AF)","*":"\u062d\u0632\u0628 \u0627\u0644\u0634\u0639\u0628 \u0627\u0644\u0644\u064a\u0628\u0631\u0627\u0644\u064a (\u0627\u0644\u0633\u0648\u064a\u062f)"},{"lang":"ca","url":"https://ca.wikipedia.org/wiki/Partit_Popular_Liberal","*":"Partit Popular Liberal"},{"lang":"cs","url":"https://cs.wikipedia.org/wiki/Liber%C3%A1ln%C3%AD_lidov%C3%A1_strana","*":"Liber\u00e1ln\u00ed lidov\u00e1 strana"},{"lang":"da","url":"https://da.wikipedia.org/wiki/Liberalerna","*":"Liberalerna"},{"lang":"de","url":"https://de.wikipedia.org/wiki/Liberalerna","*":"Liberalerna"},{"lang":"el","url":"https://el.wikipedia.org/wiki/%CE%A6%CE%B9%CE%BB%CE%B5%CE%BB%CE%B5%CF%8D%CE%B8%CE%B5%CF%81%CE%BF%CE%B9_(%CE%A3%CE%BF%CF%85%CE%B7%CE%B4%CE%AF%CE%B1)","*":"\u03a6\u03b9\u03bb\u03b5\u03bb\u03b5\u03cd\u03b8\u03b5\u03c1\u03bf\u03b9 (\u03a3\u03bf\u03c5\u03b7\u03b4\u03af\u03b1)"},{"lang":"eo","url":"https://eo.wikipedia.org/wiki/Popola_Partio_-_La_Liberaluloj","*":"Popola Partio - La Liberaluloj"},{"lang":"es","url":"https://es.wikipedia.org/wiki/Liberales_(Suecia)","*":"Liberales (Suecia)"},{"lang":"et","url":"https://et.wikipedia.org/wiki/Liberaalne_Rahvapartei","*":"Liberaalne Rahvapartei"},{"lang":"fa","url":"https://fa.wikipedia.org/wiki/%D9%84%DB%8C%D8%A8%D8%B1%D8%A7%D9%84%E2%80%8C%D9%87%D8%A7_(%D8%B3%D9%88%D8%A6%D8%AF)","*":"\u0644\u06cc\u0628\u0631\u0627\u0644\u200c\u0647\u0627 (\u0633\u0648\u0626\u062f)"},{"lang":"fi","url":"https://fi.wikipedia.org/wiki/Liberaalit_(Ruotsi)","*":"Liberaalit (Ruotsi)"},{"lang":"fr","url":"https://fr.wikipedia.org/wiki/Les_Lib%C3%A9raux","*":"Les Lib\u00e9raux"},{"lang":"he","url":"https://he.wikipedia.org/wiki/%D7%94%D7%9E%D7%A4%D7%9C%D7%92%D7%94_%D7%94%D7%A2%D7%9E%D7%9E%D7%99%D7%AA_%D7%94%D7%9C%D7%99%D7%91%D7%A8%D7%9C%D7%99%D7%AA","*":"\u05d4\u05de\u05e4\u05dc\u05d2\u05d4 \u05d4\u05e2\u05de\u05de\u05d9\u05ea \u05d4\u05dc\u05d9\u05d1\u05e8\u05dc\u05d9\u05ea"},{"lang":"hi","url":"https://hi.wikipedia.org/wiki/%E0%A4%9C%E0%A4%A8%E0%A4%A4%E0%A4%BE_%E0%A4%AA%E0%A4%BE%E0%A4%B0%E0%A5%8D%E0%A4%9F%E0%A5%80_-_%E0%A4%89%E0%A4%A6%E0%A4%BE%E0%A4%B0_%E0%A4%AA%E0%A4%82%E0%A4%A5%E0%A5%80%E0%A4%93%E0%A4%82","*":"\u091c\u0928\u0924\u093e \u092a\u093e\u0930\u094d\u091f\u0940 - \u0909\u0926\u093e\u0930 \u092a\u0902\u0925\u0940\u0913\u0902"},{"lang":"hu","url":"https://hu.wikipedia.org/wiki/Liber%C3%A1lisok_(Sv%C3%A9dorsz%C3%A1g)","*":"Liber\u00e1lisok (Sv\u00e9dorsz\u00e1g)"},{"lang":"id","url":"https://id.wikipedia.org/wiki/Partai_Rakyat_Liberal_(Swedia)","*":"Partai Rakyat Liberal (Swedia)"},{"lang":"is","url":"https://is.wikipedia.org/wiki/Frj%C3%A1lslyndi_flokkurinn_(Sv%C3%AD%C3%BEj%C3%B3%C3%B0)","*":"Frj\u00e1lslyndi flokkurinn (Sv\u00ed\u00fej\u00f3\u00f0)"},{"lang":"it","url":"https://it.wikipedia.org/wiki/Liberali_(Svezia)","*":"Liberali (Svezia)"},{"lang":"ja","url":"https://ja.wikipedia.org/wiki/%E8%87%AA%E7%94%B1%E5%85%9A_(%E3%82%B9%E3%82%A6%E3%82%A7%E3%83%BC%E3%83%87%E3%83%B3)","*":"\u81ea\u7531\u515a (\u30b9\u30a6\u30a7\u30fc\u30c7\u30f3)"},{"lang":"ka","url":"https://ka.wikipedia.org/wiki/%E1%83%A8%E1%83%95%E1%83%94%E1%83%93%E1%83%94%E1%83%97%E1%83%98%E1%83%A1_%E1%83%9A%E1%83%98%E1%83%91%E1%83%94%E1%83%A0%E1%83%90%E1%83%9A%E1%83%A3%E1%83%A0%E1%83%98_%E1%83%A1%E1%83%90%E1%83%AE%E1%83%90%E1%83%9A%E1%83%AE%E1%83%9D_%E1%83%9E%E1%83%90%E1%83%A0%E1%83%A2%E1%83%98%E1%83%90","*":"\u10e8\u10d5\u10d4\u10d3\u10d4\u10d7\u10d8\u10e1 \u10da\u10d8\u10d1\u10d4\u10e0\u10d0\u10da\u10e3\u10e0\u10d8 \u10e1\u10d0\u10ee\u10d0\u10da\u10ee\u10dd \u10de\u10d0\u10e0\u10e2\u10d8\u10d0"},{"lang":"ko","url":"https://ko.wikipedia.org/wiki/%EC%9E%90%EC%9C%A0%EB%8B%B9_(%EC%8A%A4%EC%9B%A8%EB%8D%B4)","*":"\uc790\uc720\ub2f9 (\uc2a4\uc6e8\ub374)"},{"lang":"li","url":"https://li.wikipedia.org/wiki/Folkpartiet_liberalerna","*":"Folkpartiet liberalerna"},{"lang":"nds","url":"https://nds.wikipedia.org/wiki/Folkpartiet_liberalerna","*":"Folkpartiet liberalerna"},{"lang":"ne","url":"https://ne.wikipedia.org/wiki/%E0%A4%89%E0%A4%A6%E0%A4%BE%E0%A4%B0%E0%A4%B5%E0%A4%BE%E0%A4%A6%E0%A5%80_%E0%A4%A6%E0%A4%B2_(%E0%A4%B8%E0%A5%8D%E0%A4%B5%E0%A4%BF%E0%A4%A1%E0%A5%87%E0%A4%A8)","*":"\u0909\u0926\u093e\u0930\u0935\u093e\u0926\u0940 \u0926\u0932 (\u0938\u094d\u0935\u093f\u0921\u0947\u0928)"},{"lang":"nl","url":"https://nl.wikipedia.org/wiki/Liberalerna","*":"Liberalerna"},{"lang":"nn","url":"https://nn.wikipedia.org/wiki/Folkpartiet_liberalerna","*":"Folkpartiet liberalerna"},{"lang":"nb","url":"https://no.wikipedia.org/wiki/Liberalerna","*":"Liberalerna"},{"lang":"pl","url":"https://pl.wikipedia.org/wiki/Libera%C5%82owie_(Szwecja)","*":"Libera\u0142owie (Szwecja)"},{"lang":"pt","url":"https://pt.wikipedia.org/wiki/Liberais_(Su%C3%A9cia)","*":"Liberais (Su\u00e9cia)"},{"lang":"ru","url":"https://ru.wikipedia.org/wiki/%D0%9B%D0%B8%D0%B1%D0%B5%D1%80%D0%B0%D0%BB%D1%8B_(%D0%A8%D0%B2%D0%B5%D1%86%D0%B8%D1%8F)","*":"\u041b\u0438\u0431\u0435\u0440\u0430\u043b\u044b (\u0428\u0432\u0435\u0446\u0438\u044f)"},{"lang":"sv","url":"https://sv.wikipedia.org/wiki/Liberalerna","*":"Liberalerna"},{"lang":"sw","url":"https://sw.wikipedia.org/wiki/Folkpartiet","*":"Folkpartiet"},{"lang":"tl","url":"https://tl.wikipedia.org/wiki/Partido_Popular_Liberal","*":"Partido Popular Liberal"},{"lang":"tr","url":"https://tr.wikipedia.org/wiki/Liberal_Halk_Partisi_(%C4%B0sve%C3%A7)","*":"Liberal Halk Partisi (\u0130sve\u00e7)"},{"lang":"uk","url":"https://uk.wikipedia.org/wiki/%D0%9D%D0%B0%D1%80%D0%BE%D0%B4%D0%BD%D0%B0_%D0%BF%D0%B0%D1%80%D1%82%D1%96%D1%8F_%E2%80%94_%D0%BB%D1%96%D0%B1%D0%B5%D1%80%D0%B0%D0%BB%D0%B8","*":"\u041d\u0430\u0440\u043e\u0434\u043d\u0430 \u043f\u0430\u0440\u0442\u0456\u044f \u2014 \u043b\u0456\u0431\u0435\u0440\u0430\u043b\u0438"},{"lang":"ur","url":"https://ur.wikipedia.org/wiki/%D9%84%D8%A8%D8%B1%D9%84%D8%B2_(%D8%B3%D9%88%DB%8C%DA%88%D9%86)","*":"\u0644\u0628\u0631\u0644\u0632 (\u0633\u0648\u06cc\u0688\u0646)"},{"lang":"zh","url":"https://zh.wikipedia.org/wiki/%E8%87%AA%E7%94%B1%E9%BB%A8_(%E7%91%9E%E5%85%B8)","*":"\u81ea\u7531\u9ee8 (\u745e\u5178)"}]}}}}