{"partyfacts_id":1284,"batchcomplete":"","query":{"normalized":[{"from":"Democratic_Alliance_(Greece)","to":"Democratic Alliance (Greece)"}],"pages":{"29692058":{"pageid":29692058,"ns":0,"title":"Democratic Alliance (Greece)","langlinks":[{"lang":"ca","url":"https://ca.wikipedia.org/wiki/Alian%C3%A7a_Democr%C3%A0tica_(Gr%C3%A8cia)","*":"Alian\u00e7a Democr\u00e0tica (Gr\u00e8cia)"},{"lang":"da","url":"https://da.wikipedia.org/wiki/Demokratiske_Alliance_(Gr%C3%A6kenland)","*":"Demokratiske Alliance (Gr\u00e6kenland)"},{"lang":"de","url":"https://de.wikipedia.org/wiki/Dimokratiki_Symmachia","*":"Dimokratiki Symmachia"},{"lang":"el","url":"https://el.wikipedia.org/wiki/%CE%94%CE%B7%CE%BC%CE%BF%CE%BA%CF%81%CE%B1%CF%84%CE%B9%CE%BA%CE%AE_%CE%A3%CF%85%CE%BC%CE%BC%CE%B1%CF%87%CE%AF%CE%B1","*":"\u0394\u03b7\u03bc\u03bf\u03ba\u03c1\u03b1\u03c4\u03b9\u03ba\u03ae \u03a3\u03c5\u03bc\u03bc\u03b1\u03c7\u03af\u03b1"},{"lang":"es","url":"https://es.wikipedia.org/wiki/Alianza_Democr%C3%A1tica_(Grecia)","*":"Alianza Democr\u00e1tica (Grecia)"},{"lang":"fr","url":"https://fr.wikipedia.org/wiki/Alliance_d%C3%A9mocrate","*":"Alliance d\u00e9mocrate"},{"lang":"nl","url":"https://nl.wikipedia.org/wiki/Democratische_Alliantie_(Griekenland)","*":"Democratische Alliantie (Griekenland)"},{"lang":"nb","url":"https://no.wikipedia.org/wiki/Den_demokratiske_allianse_(Hellas)","*":"Den demokratiske allianse (Hellas)"},{"lang":"pl","url":"https://pl.wikipedia.org/wiki/Sojusz_Demokratyczny_(Grecja)","*":"Sojusz Demokratyczny (Grecja)"},{"lang":"ru","url":"https://ru.wikipedia.org/wiki/%D0%94%D0%B5%D0%BC%D0%BE%D0%BA%D1%80%D0%B0%D1%82%D0%B8%D1%87%D0%B5%D1%81%D0%BA%D0%B8%D0%B9_%D0%B0%D0%BB%D1%8C%D1%8F%D0%BD%D1%81_(%D0%93%D1%80%D0%B5%D1%86%D0%B8%D1%8F)","*":"\u0414\u0435\u043c\u043e\u043a\u0440\u0430\u0442\u0438\u0447\u0435\u0441\u043a\u0438\u0439 \u0430\u043b\u044c\u044f\u043d\u0441 (\u0413\u0440\u0435\u0446\u0438\u044f)"},{"lang":"sv","url":"https://sv.wikipedia.org/wiki/Demokratiska_alliansen_(Grekland)","*":"Demokratiska alliansen (Grekland)"},{"lang":"uk","url":"https://uk.wikipedia.org/wiki/%D0%94%D0%B5%D0%BC%D0%BE%D0%BA%D1%80%D0%B0%D1%82%D0%B8%D1%87%D0%BD%D0%B8%D0%B9_%D0%B0%D0%BB%D1%8C%D1%8F%D0%BD%D1%81_(%D0%93%D1%80%D0%B5%D1%86%D1%96%D1%8F)","*":"\u0414\u0435\u043c\u043e\u043a\u0440\u0430\u0442\u0438\u0447\u043d\u0438\u0439 \u0430\u043b\u044c\u044f\u043d\u0441 (\u0413\u0440\u0435\u0446\u0456\u044f)"},{"lang":"zh","url":"https://zh.wikipedia.org/wiki/%E6%B0%91%E4%B8%BB%E8%81%AF%E7%9B%9F_(%E5%B8%8C%E8%87%98)","*":"\u6c11\u4e3b\u806f\u76df (\u5e0c\u81d8)"}]}}}}