{"partyfacts_id":1288,"batchcomplete":"","query":{"normalized":[{"from":"Fine_Gael","to":"Fine Gael"}],"pages":{"11252":{"pageid":11252,"ns":0,"title":"Fine Gael","langlinks":[{"lang":"ar","url":"https://ar.wikipedia.org/wiki/%D9%81%D8%A7%D9%8A%D9%86_%D8%AC%D8%A7%D9%8A%D9%84","*":"\u0641\u0627\u064a\u0646 \u062c\u0627\u064a\u0644"},{"lang":"ast","url":"https://ast.wikipedia.org/wiki/Fine_Gael","*":"Fine Gael"},{"lang":"bg","url":"https://bg.wikipedia.org/wiki/%D0%A4%D0%B8%D0%BD%D0%B5_%D0%93%D0%B5%D0%B9%D0%BB","*":"\u0424\u0438\u043d\u0435 \u0413\u0435\u0439\u043b"},{"lang":"ca","url":"https://ca.wikipedia.org/wiki/Fine_Gael","*":"Fine Gael"},{"lang":"cs","url":"https://cs.wikipedia.org/wiki/Fine_Gael","*":"Fine Gael"},{"lang":"cy","url":"https://cy.wikipedia.org/wiki/Fine_Gael","*":"Fine Gael"},{"lang":"da","url":"https://da.wikipedia.org/wiki/Fine_Gael","*":"Fine Gael"},{"lang":"de","url":"https://de.wikipedia.org/wiki/Fine_Gael","*":"Fine Gael"},{"lang":"el","url":"https://el.wikipedia.org/wiki/%CE%A6%CE%AF%CE%BD%CE%B5_%CE%93%CE%BA%CE%B5%CE%BB","*":"\u03a6\u03af\u03bd\u03b5 \u0393\u03ba\u03b5\u03bb"},{"lang":"eo","url":"https://eo.wikipedia.org/wiki/Fine_Gael","*":"Fine Gael"},{"lang":"es","url":"https://es.wikipedia.org/wiki/Fine_Gael","*":"Fine Gael"},{"lang":"et","url":"https://et.wikipedia.org/wiki/Fine_Gael","*":"Fine Gael"},{"lang":"eu","url":"https://eu.wikipedia.org/wiki/Fine_Gael","*":"Fine Gael"},{"lang":"fi","url":"https://fi.wikipedia.org/wiki/Fine_Gael","*":"Fine Gael"},{"lang":"fo","url":"https://fo.wikipedia.org/wiki/Fine_Gael","*":"Fine Gael"},{"lang":"fr","url":"https://fr.wikipedia.org/wiki/Fine_Gael","*":"Fine Gael"},{"lang":"ga","url":"https://ga.wikipedia.org/wiki/Fine_Gael","*":"Fine Gael"},{"lang":"gd","url":"https://gd.wikipedia.org/wiki/Fine_Gael","*":"Fine Gael"},{"lang":"gl","url":"https://gl.wikipedia.org/wiki/Fine_Gael","*":"Fine Gael"},{"lang":"gv","url":"https://gv.wikipedia.org/wiki/Fine_Gael","*":"Fine Gael"},{"lang":"he","url":"https://he.wikipedia.org/wiki/%D7%A4%D7%99%D7%A0%D7%94_%D7%92%D7%99%D7%99%D7%9C","*":"\u05e4\u05d9\u05e0\u05d4 \u05d2\u05d9\u05d9\u05dc"},{"lang":"hr","url":"https://hr.wikipedia.org/wiki/Fine_Gael","*":"Fine Gael"},{"lang":"id","url":"https://id.wikipedia.org/wiki/Fine_Gael","*":"Fine Gael"},{"lang":"is","url":"https://is.wikipedia.org/wiki/Fine_Gael","*":"Fine Gael"},{"lang":"it","url":"https://it.wikipedia.org/wiki/Fine_Gael","*":"Fine Gael"},{"lang":"ja","url":"https://ja.wikipedia.org/wiki/%E7%B5%B1%E4%B8%80%E3%82%A2%E3%82%A4%E3%83%AB%E3%83%A9%E3%83%B3%E3%83%89%E5%85%9A","*":"\u7d71\u4e00\u30a2\u30a4\u30eb\u30e9\u30f3\u30c9\u515a"},{"lang":"ko","url":"https://ko.wikipedia.org/wiki/%ED%94%BC%EB%84%88_%EA%B2%8C%EC%9D%BC","*":"\ud53c\ub108 \uac8c\uc77c"},{"lang":"ms","url":"https://ms.wikipedia.org/wiki/Fine_Gael","*":"Fine Gael"},{"lang":"nl","url":"https://nl.wikipedia.org/wiki/Fine_Gael","*":"Fine Gael"},{"lang":"nb","url":"https://no.wikipedia.org/wiki/Fine_Gael","*":"Fine Gael"},{"lang":"pl","url":"https://pl.wikipedia.org/wiki/Fine_Gael","*":"Fine Gael"},{"lang":"pt","url":"https://pt.wikipedia.org/wiki/Fine_Gael","*":"Fine Gael"},{"lang":"ro","url":"https://ro.wikipedia.org/wiki/Fine_Gael","*":"Fine Gael"},{"lang":"ru","url":"https://ru.wikipedia.org/wiki/%D0%A4%D0%B8%D0%BD%D0%B5_%D0%93%D1%8D%D0%BB","*":"\u0424\u0438\u043d\u0435 \u0413\u044d\u043b"},{"lang":"scn","url":"https://scn.wikipedia.org/wiki/Fine_Gael","*":"Fine Gael"},{"lang":"simple","url":"https://simple.wikipedia.org/wiki/Fine_Gael","*":"Fine Gael"},{"lang":"sv","url":"https://sv.wikipedia.org/wiki/Fine_Gael","*":"Fine Gael"},{"lang":"uk","url":"https://uk.wikipedia.org/wiki/%D0%A4%D1%96%D0%BD%D0%B5_%D0%93%D0%B5%D0%BB","*":"\u0424\u0456\u043d\u0435 \u0413\u0435\u043b"},{"lang":"ur","url":"https://ur.wikipedia.org/wiki/%D9%81%DB%8C%D9%86%DB%92_%DA%AF%D8%A6%DB%8C%D9%84","*":"\u0641\u06cc\u0646\u06d2 \u06af\u0626\u06cc\u0644"},{"lang":"vi","url":"https://vi.wikipedia.org/wiki/Fine_Gael","*":"Fine Gael"},{"lang":"zh","url":"https://zh.wikipedia.org/wiki/%E7%88%B1%E5%B0%94%E5%85%B0%E7%BB%9F%E4%B8%80%E5%85%9A","*":"\u7231\u5c14\u5170\u7edf\u4e00\u515a"}]}}}}