{"partyfacts_id":1289,"batchcomplete":"","query":{"normalized":[{"from":"National_Party_(South_Africa)","to":"National Party (South Africa)"}],"pages":{"390975":{"pageid":390975,"ns":0,"title":"National Party (South Africa)","langlinks":[{"lang":"af","url":"https://af.wikipedia.org/wiki/Nasionale_Party","*":"Nasionale Party"},{"lang":"ar","url":"https://ar.wikipedia.org/wiki/%D8%A7%D9%84%D8%AD%D8%B2%D8%A8_%D8%A7%D9%84%D9%88%D8%B7%D9%86%D9%8A_(%D8%AC%D9%86%D9%88%D8%A8_%D8%A3%D9%81%D8%B1%D9%8A%D9%82%D9%8A%D8%A7)","*":"\u0627\u0644\u062d\u0632\u0628 \u0627\u0644\u0648\u0637\u0646\u064a (\u062c\u0646\u0648\u0628 \u0623\u0641\u0631\u064a\u0642\u064a\u0627)"},{"lang":"be","url":"https://be.wikipedia.org/wiki/%D0%9D%D0%B0%D1%86%D1%8B%D1%8F%D0%BD%D0%B0%D0%BB%D1%8C%D0%BD%D0%B0%D1%8F_%D0%9F%D0%B0%D1%80%D1%82%D1%8B%D1%8F_(%D0%9F%D0%90%D0%A0)","*":"\u041d\u0430\u0446\u044b\u044f\u043d\u0430\u043b\u044c\u043d\u0430\u044f \u041f\u0430\u0440\u0442\u044b\u044f (\u041f\u0410\u0420)"},{"lang":"bg","url":"https://bg.wikipedia.org/wiki/%D0%9D%D0%B0%D1%86%D0%B8%D0%BE%D0%BD%D0%B0%D0%BB%D0%BD%D0%B0_%D0%BF%D0%B0%D1%80%D1%82%D0%B8%D1%8F_(%D0%A0%D0%AE%D0%90)","*":"\u041d\u0430\u0446\u0438\u043e\u043d\u0430\u043b\u043d\u0430 \u043f\u0430\u0440\u0442\u0438\u044f (\u0420\u042e\u0410)"},{"lang":"ca","url":"https://ca.wikipedia.org/wiki/Partit_Nacional_(Sud-%C3%A0frica)","*":"Partit Nacional (Sud-\u00e0frica)"},{"lang":"da","url":"https://da.wikipedia.org/wiki/National_Party","*":"National Party"},{"lang":"de","url":"https://de.wikipedia.org/wiki/Nasionale_Party","*":"Nasionale Party"},{"lang":"eo","url":"https://eo.wikipedia.org/wiki/Nacia_Partio_de_Sud-Afriko","*":"Nacia Partio de Sud-Afriko"},{"lang":"es","url":"https://es.wikipedia.org/wiki/Partido_Nacional_(Sud%C3%A1frica)","*":"Partido Nacional (Sud\u00e1frica)"},{"lang":"fi","url":"https://fi.wikipedia.org/wiki/Kansallispuolue_(Etel%C3%A4-Afrikka)","*":"Kansallispuolue (Etel\u00e4-Afrikka)"},{"lang":"fr","url":"https://fr.wikipedia.org/wiki/Parti_national_(Afrique_du_Sud)","*":"Parti national (Afrique du Sud)"},{"lang":"gl","url":"https://gl.wikipedia.org/wiki/Partido_Nacional_(Sur%C3%A1frica)","*":"Partido Nacional (Sur\u00e1frica)"},{"lang":"he","url":"https://he.wikipedia.org/wiki/%D7%94%D7%9E%D7%A4%D7%9C%D7%92%D7%94_%D7%94%D7%9C%D7%90%D7%95%D7%9E%D7%99%D7%AA_(%D7%93%D7%A8%D7%95%D7%9D_%D7%90%D7%A4%D7%A8%D7%99%D7%A7%D7%94)","*":"\u05d4\u05de\u05e4\u05dc\u05d2\u05d4 \u05d4\u05dc\u05d0\u05d5\u05de\u05d9\u05ea (\u05d3\u05e8\u05d5\u05dd \u05d0\u05e4\u05e8\u05d9\u05e7\u05d4)"},{"lang":"id","url":"https://id.wikipedia.org/wiki/Partai_Nasional_(Afrika_Selatan)","*":"Partai Nasional (Afrika Selatan)"},{"lang":"it","url":"https://it.wikipedia.org/wiki/Partito_Nazionale_(Sudafrica)","*":"Partito Nazionale (Sudafrica)"},{"lang":"ja","url":"https://ja.wikipedia.org/wiki/%E5%9B%BD%E6%B0%91%E5%85%9A_(%E5%8D%97%E3%82%A2%E3%83%95%E3%83%AA%E3%82%AB)","*":"\u56fd\u6c11\u515a (\u5357\u30a2\u30d5\u30ea\u30ab)"},{"lang":"ko","url":"https://ko.wikipedia.org/wiki/%EA%B5%AD%EB%AF%BC%EB%8B%B9_(%EB%82%A8%EC%95%84%ED%94%84%EB%A6%AC%EC%B9%B4_%EA%B3%B5%ED%99%94%EA%B5%AD)","*":"\uad6d\ubbfc\ub2f9 (\ub0a8\uc544\ud504\ub9ac\uce74 \uacf5\ud654\uad6d)"},{"lang":"ms","url":"https://ms.wikipedia.org/wiki/Parti_Kebangsaan_(Afrika_Selatan)","*":"Parti Kebangsaan (Afrika Selatan)"},{"lang":"nl","url":"https://nl.wikipedia.org/wiki/Nasionale_Party","*":"Nasionale Party"},{"lang":"nb","url":"https://no.wikipedia.org/wiki/Nasjonalistpartiet_(S%C3%B8r-Afrika)","*":"Nasjonalistpartiet (S\u00f8r-Afrika)"},{"lang":"pa","url":"https://pa.wikipedia.org/wiki/%E0%A8%A8%E0%A9%88%E0%A8%B8%E0%A8%BC%E0%A8%A8%E0%A8%B2_%E0%A8%AA%E0%A8%BE%E0%A8%B0%E0%A8%9F%E0%A9%80_(%E0%A8%A6%E0%A9%B1%E0%A8%96%E0%A8%A3%E0%A9%80_%E0%A8%85%E0%A8%AB%E0%A8%BC%E0%A8%B0%E0%A9%80%E0%A8%95%E0%A8%BE)","*":"\u0a28\u0a48\u0a38\u0a3c\u0a28\u0a32 \u0a2a\u0a3e\u0a30\u0a1f\u0a40 (\u0a26\u0a71\u0a16\u0a23\u0a40 \u0a05\u0a2b\u0a3c\u0a30\u0a40\u0a15\u0a3e)"},{"lang":"pl","url":"https://pl.wikipedia.org/wiki/Partia_Narodowa_(Po%C5%82udniowa_Afryka)","*":"Partia Narodowa (Po\u0142udniowa Afryka)"},{"lang":"pt","url":"https://pt.wikipedia.org/wiki/Partido_Nacional_(%C3%81frica_do_Sul)","*":"Partido Nacional (\u00c1frica do Sul)"},{"lang":"ru","url":"https://ru.wikipedia.org/wiki/%D0%9D%D0%B0%D1%86%D0%B8%D0%BE%D0%BD%D0%B0%D0%BB%D1%8C%D0%BD%D0%B0%D1%8F_%D0%BF%D0%B0%D1%80%D1%82%D0%B8%D1%8F_(%D0%AE%D0%90%D0%A0)","*":"\u041d\u0430\u0446\u0438\u043e\u043d\u0430\u043b\u044c\u043d\u0430\u044f \u043f\u0430\u0440\u0442\u0438\u044f (\u042e\u0410\u0420)"},{"lang":"simple","url":"https://simple.wikipedia.org/wiki/National_Party_of_South_Africa","*":"National Party of South Africa"},{"lang":"sr","url":"https://sr.wikipedia.org/wiki/%D0%9D%D0%B0%D1%86%D0%B8%D0%BE%D0%BD%D0%B0%D0%BB%D0%BD%D0%B0_%D1%81%D1%82%D1%80%D0%B0%D0%BD%D0%BA%D0%B0_(%D0%88%D0%90%D0%A0)","*":"\u041d\u0430\u0446\u0438\u043e\u043d\u0430\u043b\u043d\u0430 \u0441\u0442\u0440\u0430\u043d\u043a\u0430 (\u0408\u0410\u0420)"},{"lang":"sv","url":"https://sv.wikipedia.org/wiki/Nationalistpartiet_(Sydafrika)","*":"Nationalistpartiet (Sydafrika)"},{"lang":"tg","url":"https://tg.wikipedia.org/wiki/%D2%B2%D0%B8%D0%B7%D0%B1%D0%B8_%D0%BC%D0%B8%D0%BB%D0%BB%D3%A3_(%D2%B6%D0%90%D2%B6)","*":"\u04b2\u0438\u0437\u0431\u0438 \u043c\u0438\u043b\u043b\u04e3 (\u04b6\u0410\u04b6)"},{"lang":"uk","url":"https://uk.wikipedia.org/wiki/%D0%9D%D0%B0%D1%86%D1%96%D0%BE%D0%BD%D0%B0%D0%BB%D1%8C%D0%BD%D0%B0_%D0%BF%D0%B0%D1%80%D1%82%D1%96%D1%8F_(%D0%9F%D0%90%D0%A0)","*":"\u041d\u0430\u0446\u0456\u043e\u043d\u0430\u043b\u044c\u043d\u0430 \u043f\u0430\u0440\u0442\u0456\u044f (\u041f\u0410\u0420)"},{"lang":"zh","url":"https://zh.wikipedia.org/wiki/%E5%9B%BD%E6%B0%91%E5%85%9A_(%E5%8D%97%E9%9D%9E)","*":"\u56fd\u6c11\u515a (\u5357\u975e)"}]}}}}