{"partyfacts_id":1291,"batchcomplete":"","query":{"normalized":[{"from":"Samogitian_Party","to":"Samogitian Party"}],"pages":{"25089899":{"pageid":25089899,"ns":0,"title":"Samogitian Party","langlinks":[{"lang":"bat-smg","url":"https://bat-smg.wikipedia.org/wiki/%C5%BDemaitiu_part%C4%97j%C4%97","*":"\u017demaitiu part\u0117j\u0117"},{"lang":"lt","url":"https://lt.wikipedia.org/wiki/%C5%BDemai%C4%8Di%C5%B3_partija","*":"\u017demai\u010di\u0173 partija"},{"lang":"pl","url":"https://pl.wikipedia.org/wiki/Partia_%C5%BBmudzin%C3%B3w","*":"Partia \u017bmudzin\u00f3w"}]}}}}