{"partyfacts_id":1298,"batchcomplete":"","query":{"normalized":[{"from":"Party_of_New_Liberals","to":"Party of New Liberals"}],"pages":{"5373747":{"pageid":5373747,"ns":0,"title":"Party of New Liberals","langlinks":[{"lang":"ca","url":"https://ca.wikipedia.org/wiki/Partit_dels_Nous_Liberals","*":"Partit dels Nous Liberals"},{"lang":"el","url":"https://el.wikipedia.org/wiki/%CE%9A%CF%8C%CE%BC%CE%BC%CE%B1_%CE%9D%CE%B5%CE%BF%CF%86%CE%B9%CE%BB%CE%B5%CE%BB%CE%B5%CF%85%CE%B8%CE%AD%CF%81%CF%89%CE%BD","*":"\u039a\u03cc\u03bc\u03bc\u03b1 \u039d\u03b5\u03bf\u03c6\u03b9\u03bb\u03b5\u03bb\u03b5\u03c5\u03b8\u03ad\u03c1\u03c9\u03bd"}]}}}}