{"partyfacts_id":1305,"batchcomplete":"","query":{"normalized":[{"from":"Greater_Romania_Party","to":"Greater Romania Party"}],"pages":{"924841":{"pageid":924841,"ns":0,"title":"Greater Romania Party","langlinks":[{"lang":"bg","url":"https://bg.wikipedia.org/wiki/%D0%92%D0%B5%D0%BB%D0%B8%D0%BA%D0%B0_%D0%A0%D1%83%D0%BC%D1%8A%D0%BD%D0%B8%D1%8F_(%D0%BF%D0%B0%D1%80%D1%82%D0%B8%D1%8F)","*":"\u0412\u0435\u043b\u0438\u043a\u0430 \u0420\u0443\u043c\u044a\u043d\u0438\u044f (\u043f\u0430\u0440\u0442\u0438\u044f)"},{"lang":"ca","url":"https://ca.wikipedia.org/wiki/Partit_de_la_Gran_Romania","*":"Partit de la Gran Romania"},{"lang":"cs","url":"https://cs.wikipedia.org/wiki/Strana_velk%C3%A9ho_Rumunska","*":"Strana velk\u00e9ho Rumunska"},{"lang":"da","url":"https://da.wikipedia.org/wiki/Storrum%C3%A6nien-partiet","*":"Storrum\u00e6nien-partiet"},{"lang":"de","url":"https://de.wikipedia.org/wiki/Partidul_Rom%C3%A2nia_Mare","*":"Partidul Rom\u00e2nia Mare"},{"lang":"es","url":"https://es.wikipedia.org/wiki/Partido_de_la_Gran_Ruman%C3%ADa","*":"Partido de la Gran Ruman\u00eda"},{"lang":"fi","url":"https://fi.wikipedia.org/wiki/Suur-Romania-puolue","*":"Suur-Romania-puolue"},{"lang":"fr","url":"https://fr.wikipedia.org/wiki/Parti_de_la_Grande_Roumanie","*":"Parti de la Grande Roumanie"},{"lang":"he","url":"https://he.wikipedia.org/wiki/%D7%A8%D7%95%D7%9E%D7%A0%D7%99%D7%94_%D7%9E%D7%90%D7%A8%D7%94_(%D7%9E%D7%A4%D7%9C%D7%92%D7%94)","*":"\u05e8\u05d5\u05de\u05e0\u05d9\u05d4 \u05de\u05d0\u05e8\u05d4 (\u05de\u05e4\u05dc\u05d2\u05d4)"},{"lang":"hu","url":"https://hu.wikipedia.org/wiki/Nagy-Rom%C3%A1nia_P%C3%A1rt","*":"Nagy-Rom\u00e1nia P\u00e1rt"},{"lang":"it","url":"https://it.wikipedia.org/wiki/Partito_Grande_Romania","*":"Partito Grande Romania"},{"lang":"ja","url":"https://ja.wikipedia.org/wiki/%E5%A4%A7%E3%83%AB%E3%83%BC%E3%83%9E%E3%83%8B%E3%82%A2%E5%85%9A","*":"\u5927\u30eb\u30fc\u30de\u30cb\u30a2\u515a"},{"lang":"ko","url":"https://ko.wikipedia.org/wiki/%EB%8C%80%EB%A3%A8%EB%A7%88%EB%8B%88%EC%95%84%EB%8B%B9","*":"\ub300\ub8e8\ub9c8\ub2c8\uc544\ub2f9"},{"lang":"la","url":"https://la.wikipedia.org/wiki/Factio_Romania_magna","*":"Factio Romania magna"},{"lang":"nl","url":"https://nl.wikipedia.org/wiki/Groot-Roemeni%C3%ABpartij","*":"Groot-Roemeni\u00ebpartij"},{"lang":"pl","url":"https://pl.wikipedia.org/wiki/Partia_Wielkiej_Rumunii","*":"Partia Wielkiej Rumunii"},{"lang":"pt","url":"https://pt.wikipedia.org/wiki/Partido_da_Grande_Rom%C3%A9nia","*":"Partido da Grande Rom\u00e9nia"},{"lang":"ro","url":"https://ro.wikipedia.org/wiki/Partidul_Rom%C3%A2nia_Mare","*":"Partidul Rom\u00e2nia Mare"},{"lang":"ru","url":"https://ru.wikipedia.org/wiki/%D0%92%D0%B5%D0%BB%D0%B8%D0%BA%D0%B0%D1%8F_%D0%A0%D1%83%D0%BC%D1%8B%D0%BD%D0%B8%D1%8F_(%D0%BF%D0%B0%D1%80%D1%82%D0%B8%D1%8F)","*":"\u0412\u0435\u043b\u0438\u043a\u0430\u044f \u0420\u0443\u043c\u044b\u043d\u0438\u044f (\u043f\u0430\u0440\u0442\u0438\u044f)"},{"lang":"sk","url":"https://sk.wikipedia.org/wiki/Strana_Ve%C4%BEk%C3%A9ho_Rumunska","*":"Strana Ve\u013ek\u00e9ho Rumunska"},{"lang":"sr","url":"https://sr.wikipedia.org/wiki/%D0%A1%D1%82%D1%80%D0%B0%D0%BD%D0%BA%D0%B0_%D0%92%D0%B5%D0%BB%D0%B8%D0%BA%D0%B0_%D0%A0%D1%83%D0%BC%D1%83%D0%BD%D0%B8%D1%98%D0%B0","*":"\u0421\u0442\u0440\u0430\u043d\u043a\u0430 \u0412\u0435\u043b\u0438\u043a\u0430 \u0420\u0443\u043c\u0443\u043d\u0438\u0458\u0430"},{"lang":"sv","url":"https://sv.wikipedia.org/wiki/Storrum%C3%A4nska_partiet","*":"Storrum\u00e4nska partiet"},{"lang":"uk","url":"https://uk.wikipedia.org/wiki/%D0%92%D0%B5%D0%BB%D0%B8%D0%BA%D0%B0_%D0%A0%D1%83%D0%BC%D1%83%D0%BD%D1%96%D1%8F_(%D0%BF%D0%B0%D1%80%D1%82%D1%96%D1%8F)","*":"\u0412\u0435\u043b\u0438\u043a\u0430 \u0420\u0443\u043c\u0443\u043d\u0456\u044f (\u043f\u0430\u0440\u0442\u0456\u044f)"},{"lang":"zh","url":"https://zh.wikipedia.org/wiki/%E5%A4%A7%E7%BD%97%E9%A9%AC%E5%B0%BC%E4%BA%9A%E5%85%9A","*":"\u5927\u7f57\u9a6c\u5c3c\u4e9a\u515a"}]}}}}