{"partyfacts_id":1314,"batchcomplete":"","query":{"normalized":[{"from":"One_Israel#Election_results","to":"One Israel"}],"pages":{"12068443":{"pageid":12068443,"ns":0,"title":"One Israel","langlinks":[{"lang":"ca","url":"https://ca.wikipedia.org/wiki/Un_Israel","*":"Un Israel"},{"lang":"cs","url":"https://cs.wikipedia.org/wiki/Jeden_Izrael","*":"Jeden Izrael"},{"lang":"de","url":"https://de.wikipedia.org/wiki/Jisrael_Achat_(1999)","*":"Jisrael Achat (1999)"},{"lang":"fr","url":"https://fr.wikipedia.org/wiki/Un_Isra%C3%ABl_(1999)","*":"Un Isra\u00ebl (1999)"},{"lang":"he","url":"https://he.wikipedia.org/wiki/%D7%99%D7%A9%D7%A8%D7%90%D7%9C_%D7%90%D7%97%D7%AA","*":"\u05d9\u05e9\u05e8\u05d0\u05dc \u05d0\u05d7\u05ea"},{"lang":"ms","url":"https://ms.wikipedia.org/wiki/One_Israel","*":"One Israel"},{"lang":"pl","url":"https://pl.wikipedia.org/wiki/Jeden_Izrael","*":"Jeden Izrael"},{"lang":"ru","url":"https://ru.wikipedia.org/wiki/%D0%95%D0%B4%D0%B8%D0%BD%D1%8B%D0%B9_%D0%98%D0%B7%D1%80%D0%B0%D0%B8%D0%BB%D1%8C","*":"\u0415\u0434\u0438\u043d\u044b\u0439 \u0418\u0437\u0440\u0430\u0438\u043b\u044c"},{"lang":"uk","url":"https://uk.wikipedia.org/wiki/%D0%84%D0%B4%D0%B8%D0%BD%D0%B8%D0%B9_%D0%86%D0%B7%D1%80%D0%B0%D1%97%D0%BB%D1%8C","*":"\u0404\u0434\u0438\u043d\u0438\u0439 \u0406\u0437\u0440\u0430\u0457\u043b\u044c"}]}}}}