{"partyfacts_id":1322,"batchcomplete":"","query":{"normalized":[{"from":"Guatemalan_Christian_Democracy","to":"Guatemalan Christian Democracy"}],"pages":{"2636238":{"pageid":2636238,"ns":0,"title":"Guatemalan Christian Democracy","langlinks":[{"lang":"es","url":"https://es.wikipedia.org/wiki/Democracia_Cristiana_Guatemalteca","*":"Democracia Cristiana Guatemalteca"},{"lang":"fr","url":"https://fr.wikipedia.org/wiki/D%C3%A9mocratie-chr%C3%A9tienne_guat%C3%A9malt%C3%A8que","*":"D\u00e9mocratie-chr\u00e9tienne guat\u00e9malt\u00e8que"},{"lang":"nl","url":"https://nl.wikipedia.org/wiki/Guatemalteekse_Christendemocratie","*":"Guatemalteekse Christendemocratie"},{"lang":"uk","url":"https://uk.wikipedia.org/wiki/%D0%A5%D1%80%D0%B8%D1%81%D1%82%D0%B8%D1%8F%D0%BD%D1%81%D1%8C%D0%BA%D0%BE-%D0%B4%D0%B5%D0%BC%D0%BE%D0%BA%D1%80%D0%B0%D1%82%D0%B8%D1%87%D0%BD%D0%B0_%D0%BF%D0%B0%D1%80%D1%82%D1%96%D1%8F_%D0%93%D0%B2%D0%B0%D1%82%D0%B5%D0%BC%D0%B0%D0%BB%D0%B8","*":"\u0425\u0440\u0438\u0441\u0442\u0438\u044f\u043d\u0441\u044c\u043a\u043e-\u0434\u0435\u043c\u043e\u043a\u0440\u0430\u0442\u0438\u0447\u043d\u0430 \u043f\u0430\u0440\u0442\u0456\u044f \u0413\u0432\u0430\u0442\u0435\u043c\u0430\u043b\u0438"}]}}}}