{"partyfacts_id":1324,"batchcomplete":"","query":{"normalized":[{"from":"Eusko_Alkartasuna","to":"Eusko Alkartasuna"}],"pages":{"42573869":{"pageid":42573869,"ns":0,"title":"Eusko Alkartasuna","langlinks":[{"lang":"an","url":"https://an.wikipedia.org/wiki/Eusko_Alkartasuna","*":"Eusko Alkartasuna"},{"lang":"ast","url":"https://ast.wikipedia.org/wiki/Eusko_Alkartasuna","*":"Eusko Alkartasuna"},{"lang":"br","url":"https://br.wikipedia.org/wiki/Eusko_Alkartasuna","*":"Eusko Alkartasuna"},{"lang":"ca","url":"https://ca.wikipedia.org/wiki/Eusko_Alkartasuna","*":"Eusko Alkartasuna"},{"lang":"cy","url":"https://cy.wikipedia.org/wiki/Eusko_Alkartasuna","*":"Eusko Alkartasuna"},{"lang":"de","url":"https://de.wikipedia.org/wiki/Eusko_Alkartasuna","*":"Eusko Alkartasuna"},{"lang":"eo","url":"https://eo.wikipedia.org/wiki/Eusko_Alkartasuna","*":"Eusko Alkartasuna"},{"lang":"es","url":"https://es.wikipedia.org/wiki/Eusko_Alkartasuna","*":"Eusko Alkartasuna"},{"lang":"eu","url":"https://eu.wikipedia.org/wiki/Eusko_Alkartasuna","*":"Eusko Alkartasuna"},{"lang":"fr","url":"https://fr.wikipedia.org/wiki/Eusko_Alkartasuna","*":"Eusko Alkartasuna"},{"lang":"gl","url":"https://gl.wikipedia.org/wiki/Eusko_Alkartasuna","*":"Eusko Alkartasuna"},{"lang":"it","url":"https://it.wikipedia.org/wiki/Eusko_Alkartasuna","*":"Eusko Alkartasuna"},{"lang":"oc","url":"https://oc.wikipedia.org/wiki/Eusko_Alkartasuna","*":"Eusko Alkartasuna"},{"lang":"pl","url":"https://pl.wikipedia.org/wiki/Solidarno%C5%9B%C4%87_Bask%C3%B3w","*":"Solidarno\u015b\u0107 Bask\u00f3w"},{"lang":"pt","url":"https://pt.wikipedia.org/wiki/Eusko_Alkartasuna","*":"Eusko Alkartasuna"},{"lang":"ru","url":"https://ru.wikipedia.org/wiki/%D0%91%D0%B0%D1%81%D0%BA%D1%81%D0%BA%D0%B0%D1%8F_%D1%81%D0%BE%D0%BB%D0%B8%D0%B4%D0%B0%D1%80%D0%BD%D0%BE%D1%81%D1%82%D1%8C","*":"\u0411\u0430\u0441\u043a\u0441\u043a\u0430\u044f \u0441\u043e\u043b\u0438\u0434\u0430\u0440\u043d\u043e\u0441\u0442\u044c"},{"lang":"scn","url":"https://scn.wikipedia.org/wiki/Eusko_Alkartasuna","*":"Eusko Alkartasuna"},{"lang":"sv","url":"https://sv.wikipedia.org/wiki/Eusko_Alkartasuna","*":"Eusko Alkartasuna"},{"lang":"tr","url":"https://tr.wikipedia.org/wiki/Bask_Dayan%C4%B1%C5%9Fmas%C4%B1","*":"Bask Dayan\u0131\u015fmas\u0131"}]}}}}