{"partyfacts_id":1327,"batchcomplete":"","query":{"normalized":[{"from":"European_Democracy","to":"European Democracy"}],"pages":{"4519531":{"pageid":4519531,"ns":0,"title":"European Democracy","langlinks":[{"lang":"ca","url":"https://ca.wikipedia.org/wiki/Democrazia_Europea","*":"Democrazia Europea"},{"lang":"de","url":"https://de.wikipedia.org/wiki/Democrazia_Europea","*":"Democrazia Europea"},{"lang":"es","url":"https://es.wikipedia.org/wiki/Democracia_Europea","*":"Democracia Europea"},{"lang":"fr","url":"https://fr.wikipedia.org/wiki/D%C3%A9mocratie_europ%C3%A9enne_(Italie)","*":"D\u00e9mocratie europ\u00e9enne (Italie)"},{"lang":"it","url":"https://it.wikipedia.org/wiki/Democrazia_Europea","*":"Democrazia Europea"},{"lang":"pl","url":"https://pl.wikipedia.org/wiki/Europejska_Demokracja","*":"Europejska Demokracja"},{"lang":"scn","url":"https://scn.wikipedia.org/wiki/Dimucrazz%C3%ACa_Eurupea","*":"Dimucrazz\u00eca Eurupea"}]}}}}