{"partyfacts_id":1329,"batchcomplete":"","query":{"normalized":[{"from":"Austrian_People's_Party","to":"Austrian People's Party"}],"pages":{"152417":{"pageid":152417,"ns":0,"title":"Austrian People's Party","langlinks":[{"lang":"ar","url":"https://ar.wikipedia.org/wiki/%D8%AD%D8%B2%D8%A8_%D8%A7%D9%84%D8%B4%D8%B9%D8%A8_%D8%A7%D9%84%D9%86%D9%85%D8%B3%D8%A7%D9%88%D9%8A","*":"\u062d\u0632\u0628 \u0627\u0644\u0634\u0639\u0628 \u0627\u0644\u0646\u0645\u0633\u0627\u0648\u064a"},{"lang":"arz","url":"https://arz.wikipedia.org/wiki/%D8%AD%D8%B2%D8%A8_%D8%A7%D9%84%D8%B4%D8%B9%D8%A8_%D8%A7%D9%84%D9%86%D9%85%D8%B3%D8%A7%D9%88%D9%89","*":"\u062d\u0632\u0628 \u0627\u0644\u0634\u0639\u0628 \u0627\u0644\u0646\u0645\u0633\u0627\u0648\u0649"},{"lang":"bar","url":"https://bar.wikipedia.org/wiki/%C3%96VP","*":"\u00d6VP"},{"lang":"be","url":"https://be.wikipedia.org/wiki/%D0%90%D1%9E%D1%81%D1%82%D1%80%D1%8B%D0%B9%D1%81%D0%BA%D0%B0%D1%8F_%D0%BD%D0%B0%D1%80%D0%BE%D0%B4%D0%BD%D0%B0%D1%8F_%D0%BF%D0%B0%D1%80%D1%82%D1%8B%D1%8F","*":"\u0410\u045e\u0441\u0442\u0440\u044b\u0439\u0441\u043a\u0430\u044f \u043d\u0430\u0440\u043e\u0434\u043d\u0430\u044f \u043f\u0430\u0440\u0442\u044b\u044f"},{"lang":"bg","url":"https://bg.wikipedia.org/wiki/%D0%90%D0%B2%D1%81%D1%82%D1%80%D0%B8%D0%B9%D1%81%D0%BA%D0%B0_%D0%BD%D0%B0%D1%80%D0%BE%D0%B4%D0%BD%D0%B0_%D0%BF%D0%B0%D1%80%D1%82%D0%B8%D1%8F","*":"\u0410\u0432\u0441\u0442\u0440\u0438\u0439\u0441\u043a\u0430 \u043d\u0430\u0440\u043e\u0434\u043d\u0430 \u043f\u0430\u0440\u0442\u0438\u044f"},{"lang":"bn","url":"https://bn.wikipedia.org/wiki/%E0%A6%85%E0%A6%B8%E0%A7%8D%E0%A6%9F%E0%A7%8D%E0%A6%B0%E0%A6%BF%E0%A6%AF%E0%A6%BC%E0%A6%BE_%E0%A6%9C%E0%A6%A8%E0%A6%A4%E0%A6%BE_%E0%A6%AA%E0%A6%BE%E0%A6%B0%E0%A7%8D%E0%A6%9F%E0%A6%BF","*":"\u0985\u09b8\u09cd\u099f\u09cd\u09b0\u09bf\u09af\u09bc\u09be \u099c\u09a8\u09a4\u09be \u09aa\u09be\u09b0\u09cd\u099f\u09bf"},{"lang":"ca","url":"https://ca.wikipedia.org/wiki/Partit_Popular_d%27%C3%80ustria","*":"Partit Popular d'\u00c0ustria"},{"lang":"cs","url":"https://cs.wikipedia.org/wiki/Rakousk%C3%A1_lidov%C3%A1_strana","*":"Rakousk\u00e1 lidov\u00e1 strana"},{"lang":"da","url":"https://da.wikipedia.org/wiki/%C3%96sterreichische_Volkspartei","*":"\u00d6sterreichische Volkspartei"},{"lang":"de","url":"https://de.wikipedia.org/wiki/%C3%96sterreichische_Volkspartei","*":"\u00d6sterreichische Volkspartei"},{"lang":"el","url":"https://el.wikipedia.org/wiki/%CE%91%CF%85%CF%83%CF%84%CF%81%CE%B9%CE%B1%CE%BA%CF%8C_%CE%9B%CE%B1%CF%8A%CE%BA%CF%8C_%CE%9A%CF%8C%CE%BC%CE%BC%CE%B1","*":"\u0391\u03c5\u03c3\u03c4\u03c1\u03b9\u03b1\u03ba\u03cc \u039b\u03b1\u03ca\u03ba\u03cc \u039a\u03cc\u03bc\u03bc\u03b1"},{"lang":"eo","url":"https://eo.wikipedia.org/wiki/A%C5%ADstria_Popola_Partio","*":"A\u016dstria Popola Partio"},{"lang":"es","url":"https://es.wikipedia.org/wiki/Partido_Popular_Austr%C3%ADaco","*":"Partido Popular Austr\u00edaco"},{"lang":"et","url":"https://et.wikipedia.org/wiki/Austria_Rahvapartei","*":"Austria Rahvapartei"},{"lang":"fa","url":"https://fa.wikipedia.org/wiki/%D8%AD%D8%B2%D8%A8_%D8%AE%D9%84%D9%82_%D8%A7%D8%AA%D8%B1%DB%8C%D8%B4","*":"\u062d\u0632\u0628 \u062e\u0644\u0642 \u0627\u062a\u0631\u06cc\u0634"},{"lang":"fi","url":"https://fi.wikipedia.org/wiki/It%C3%A4vallan_kansanpuolue","*":"It\u00e4vallan kansanpuolue"},{"lang":"fr","url":"https://fr.wikipedia.org/wiki/Parti_populaire_autrichien","*":"Parti populaire autrichien"},{"lang":"he","url":"https://he.wikipedia.org/wiki/%D7%9E%D7%A4%D7%9C%D7%92%D7%AA_%D7%94%D7%A2%D7%9D_%D7%94%D7%90%D7%95%D7%A1%D7%98%D7%A8%D7%99%D7%AA","*":"\u05de\u05e4\u05dc\u05d2\u05ea \u05d4\u05e2\u05dd \u05d4\u05d0\u05d5\u05e1\u05d8\u05e8\u05d9\u05ea"},{"lang":"hi","url":"https://hi.wikipedia.org/wiki/%E0%A4%86%E0%A4%B8%E0%A5%8D%E0%A4%9F%E0%A5%8D%E0%A4%B0%E0%A4%BF%E0%A4%AF%E0%A4%BE_%E0%A4%9C%E0%A4%A8%E0%A4%A4%E0%A4%BE_%E0%A4%AA%E0%A4%BE%E0%A4%B0%E0%A5%8D%E0%A4%9F%E0%A5%80","*":"\u0906\u0938\u094d\u091f\u094d\u0930\u093f\u092f\u093e \u091c\u0928\u0924\u093e \u092a\u093e\u0930\u094d\u091f\u0940"},{"lang":"hr","url":"https://hr.wikipedia.org/wiki/Austrijska_narodna_stranka","*":"Austrijska narodna stranka"},{"lang":"hu","url":"https://hu.wikipedia.org/wiki/Osztr%C3%A1k_N%C3%A9pp%C3%A1rt","*":"Osztr\u00e1k N\u00e9pp\u00e1rt"},{"lang":"hy","url":"https://hy.wikipedia.org/wiki/%D4%B1%D5%BE%D5%BD%D5%BF%D6%80%D5%AB%D5%A1%D5%AF%D5%A1%D5%B6_%D5%AA%D5%B8%D5%B2%D5%B8%D5%BE%D6%80%D5%A4%D5%A1%D5%AF%D5%A1%D5%B6_%D5%AF%D5%B8%D6%82%D5%BD%D5%A1%D5%AF%D6%81%D5%B8%D6%82%D5%A9%D5%B5%D5%B8%D6%82%D5%B6","*":"\u0531\u057e\u057d\u057f\u0580\u056b\u0561\u056f\u0561\u0576 \u056a\u0578\u0572\u0578\u057e\u0580\u0564\u0561\u056f\u0561\u0576 \u056f\u0578\u0582\u057d\u0561\u056f\u0581\u0578\u0582\u0569\u0575\u0578\u0582\u0576"},{"lang":"id","url":"https://id.wikipedia.org/wiki/Partai_Rakyat_Austria","*":"Partai Rakyat Austria"},{"lang":"it","url":"https://it.wikipedia.org/wiki/Partito_Popolare_Austriaco","*":"Partito Popolare Austriaco"},{"lang":"ja","url":"https://ja.wikipedia.org/wiki/%E3%82%AA%E3%83%BC%E3%82%B9%E3%83%88%E3%83%AA%E3%82%A2%E5%9B%BD%E6%B0%91%E5%85%9A","*":"\u30aa\u30fc\u30b9\u30c8\u30ea\u30a2\u56fd\u6c11\u515a"},{"lang":"ka","url":"https://ka.wikipedia.org/wiki/%E1%83%90%E1%83%95%E1%83%A1%E1%83%A2%E1%83%A0%E1%83%98%E1%83%98%E1%83%A1_%E1%83%A1%E1%83%90%E1%83%AE%E1%83%90%E1%83%9A%E1%83%AE%E1%83%9D_%E1%83%9E%E1%83%90%E1%83%A0%E1%83%A2%E1%83%98%E1%83%90","*":"\u10d0\u10d5\u10e1\u10e2\u10e0\u10d8\u10d8\u10e1 \u10e1\u10d0\u10ee\u10d0\u10da\u10ee\u10dd \u10de\u10d0\u10e0\u10e2\u10d8\u10d0"},{"lang":"ko","url":"https://ko.wikipedia.org/wiki/%EC%98%A4%EC%8A%A4%ED%8A%B8%EB%A6%AC%EC%95%84_%EA%B5%AD%EB%AF%BC%EB%8B%B9","*":"\uc624\uc2a4\ud2b8\ub9ac\uc544 \uad6d\ubbfc\ub2f9"},{"lang":"ku","url":"https://ku.wikipedia.org/wiki/Partiya_Gel_a_Awistriyay%C3%AA","*":"Partiya Gel a Awistriyay\u00ea"},{"lang":"la","url":"https://la.wikipedia.org/wiki/Factio_popularis_Austriaca","*":"Factio popularis Austriaca"},{"lang":"lv","url":"https://lv.wikipedia.org/wiki/Austrijas_Tautas_partija","*":"Austrijas Tautas partija"},{"lang":"ne","url":"https://ne.wikipedia.org/wiki/%E0%A4%85%E0%A4%B8%E0%A5%8D%E0%A4%9F%E0%A5%8D%E0%A4%B0%E0%A4%BF%E0%A4%AF%E0%A4%BE_%E0%A4%9C%E0%A4%A8%E0%A4%A4%E0%A4%BE_%E0%A4%AA%E0%A4%BE%E0%A4%B0%E0%A5%8D%E0%A4%9F%E0%A5%80","*":"\u0905\u0938\u094d\u091f\u094d\u0930\u093f\u092f\u093e \u091c\u0928\u0924\u093e \u092a\u093e\u0930\u094d\u091f\u0940"},{"lang":"nl","url":"https://nl.wikipedia.org/wiki/Oostenrijkse_Volkspartij","*":"Oostenrijkse Volkspartij"},{"lang":"nb","url":"https://no.wikipedia.org/wiki/%C3%96sterreichische_Volkspartei","*":"\u00d6sterreichische Volkspartei"},{"lang":"pl","url":"https://pl.wikipedia.org/wiki/Austriacka_Partia_Ludowa","*":"Austriacka Partia Ludowa"},{"lang":"pms","url":"https://pms.wikipedia.org/wiki/%C3%96VP","*":"\u00d6VP"},{"lang":"ps","url":"https://ps.wikipedia.org/wiki/%D8%AF_%D8%A7%D8%AA%D8%B1%DB%8C%D8%B4_%D8%AF_%D8%AE%D9%84%DA%A9%D9%88_%DA%AB%D9%88%D9%86%D8%AF","*":"\u062f \u0627\u062a\u0631\u06cc\u0634 \u062f \u062e\u0644\u06a9\u0648 \u06ab\u0648\u0646\u062f"},{"lang":"pt","url":"https://pt.wikipedia.org/wiki/Partido_Popular_Austr%C3%ADaco","*":"Partido Popular Austr\u00edaco"},{"lang":"ro","url":"https://ro.wikipedia.org/wiki/Partidul_Popular_Austriac","*":"Partidul Popular Austriac"},{"lang":"ru","url":"https://ru.wikipedia.org/wiki/%D0%90%D0%B2%D1%81%D1%82%D1%80%D0%B8%D0%B9%D1%81%D0%BA%D0%B0%D1%8F_%D0%BD%D0%B0%D1%80%D0%BE%D0%B4%D0%BD%D0%B0%D1%8F_%D0%BF%D0%B0%D1%80%D1%82%D0%B8%D1%8F","*":"\u0410\u0432\u0441\u0442\u0440\u0438\u0439\u0441\u043a\u0430\u044f \u043d\u0430\u0440\u043e\u0434\u043d\u0430\u044f \u043f\u0430\u0440\u0442\u0438\u044f"},{"lang":"scn","url":"https://scn.wikipedia.org/wiki/Partitu_Populari_Austri%C3%A0cu","*":"Partitu Populari Austri\u00e0cu"},{"lang":"sh","url":"https://sh.wikipedia.org/wiki/Austrijska_narodna_stranka","*":"Austrijska narodna stranka"},{"lang":"simple","url":"https://simple.wikipedia.org/wiki/Austrian_People%27s_Party","*":"Austrian People's Party"},{"lang":"sk","url":"https://sk.wikipedia.org/wiki/Rak%C3%BAska_%C4%BEudov%C3%A1_strana","*":"Rak\u00faska \u013eudov\u00e1 strana"},{"lang":"sl","url":"https://sl.wikipedia.org/wiki/Avstrijska_ljudska_stranka","*":"Avstrijska ljudska stranka"},{"lang":"sq","url":"https://sq.wikipedia.org/wiki/Partia_e_Njer%C3%ABzve_t%C3%AB_Austris%C3%AB","*":"Partia e Njer\u00ebzve t\u00eb Austris\u00eb"},{"lang":"sr","url":"https://sr.wikipedia.org/wiki/%D0%90%D1%83%D1%81%D1%82%D1%80%D0%B8%D1%98%D1%81%D0%BA%D0%B0_%D0%BD%D0%B0%D1%80%D0%BE%D0%B4%D0%BD%D0%B0_%D0%BF%D0%B0%D1%80%D1%82%D0%B8%D1%98%D0%B0","*":"\u0410\u0443\u0441\u0442\u0440\u0438\u0458\u0441\u043a\u0430 \u043d\u0430\u0440\u043e\u0434\u043d\u0430 \u043f\u0430\u0440\u0442\u0438\u0458\u0430"},{"lang":"sv","url":"https://sv.wikipedia.org/wiki/%C3%96sterrikiska_folkpartiet","*":"\u00d6sterrikiska folkpartiet"},{"lang":"ta","url":"https://ta.wikipedia.org/wiki/%E0%AE%86%E0%AE%B8%E0%AF%8D%E0%AE%A4%E0%AE%BF%E0%AE%B0%E0%AE%BF%E0%AE%AF_%E0%AE%AE%E0%AE%95%E0%AF%8D%E0%AE%95%E0%AE%B3%E0%AF%8D_%E0%AE%95%E0%AE%9F%E0%AF%8D%E0%AE%9A%E0%AE%BF","*":"\u0b86\u0bb8\u0bcd\u0ba4\u0bbf\u0bb0\u0bbf\u0baf \u0bae\u0b95\u0bcd\u0b95\u0bb3\u0bcd \u0b95\u0b9f\u0bcd\u0b9a\u0bbf"},{"lang":"tl","url":"https://tl.wikipedia.org/wiki/%C3%96VP","*":"\u00d6VP"},{"lang":"tr","url":"https://tr.wikipedia.org/wiki/Avusturya_Halk_Partisi","*":"Avusturya Halk Partisi"},{"lang":"uk","url":"https://uk.wikipedia.org/wiki/%D0%90%D0%B2%D1%81%D1%82%D1%80%D1%96%D0%B9%D1%81%D1%8C%D0%BA%D0%B0_%D0%BD%D0%B0%D1%80%D0%BE%D0%B4%D0%BD%D0%B0_%D0%BF%D0%B0%D1%80%D1%82%D1%96%D1%8F","*":"\u0410\u0432\u0441\u0442\u0440\u0456\u0439\u0441\u044c\u043a\u0430 \u043d\u0430\u0440\u043e\u0434\u043d\u0430 \u043f\u0430\u0440\u0442\u0456\u044f"},{"lang":"vi","url":"https://vi.wikipedia.org/wiki/%C4%90%E1%BA%A3ng_Nh%C3%A2n_d%C3%A2n_%C3%81o","*":"\u0110\u1ea3ng Nh\u00e2n d\u00e2n \u00c1o"},{"lang":"zh","url":"https://zh.wikipedia.org/wiki/%E5%A5%A5%E5%9C%B0%E5%88%A9%E4%BA%BA%E6%B0%91%E5%85%9A","*":"\u5965\u5730\u5229\u4eba\u6c11\u515a"}]}}}}