{"partyfacts_id":1345,"batchcomplete":"","query":{"normalized":[{"from":"New_Alliance_Party_(Mexico)","to":"New Alliance Party (Mexico)"}],"pages":{"3681888":{"pageid":3681888,"ns":0,"title":"New Alliance Party (Mexico)","langlinks":[{"lang":"ca","url":"https://ca.wikipedia.org/wiki/Nova_Alian%C3%A7a","*":"Nova Alian\u00e7a"},{"lang":"de","url":"https://de.wikipedia.org/wiki/Partido_Nueva_Alianza","*":"Partido Nueva Alianza"},{"lang":"es","url":"https://es.wikipedia.org/wiki/Nueva_Alianza_(partido_pol%C3%ADtico)","*":"Nueva Alianza (partido pol\u00edtico)"},{"lang":"fr","url":"https://fr.wikipedia.org/wiki/Parti_nouvelle_alliance_(Mexique)","*":"Parti nouvelle alliance (Mexique)"},{"lang":"nah","url":"https://nah.wikipedia.org/wiki/Partido_Nueva_Alianza","*":"Partido Nueva Alianza"},{"lang":"nl","url":"https://nl.wikipedia.org/wiki/Nieuwe_Alliantie_(Mexico)","*":"Nieuwe Alliantie (Mexico)"},{"lang":"nb","url":"https://no.wikipedia.org/wiki/Partido_Nueva_Alianza","*":"Partido Nueva Alianza"},{"lang":"ru","url":"https://ru.wikipedia.org/wiki/%D0%9F%D0%B0%D1%80%D1%82%D0%B8%D1%8F_%D0%BD%D0%BE%D0%B2%D0%BE%D0%B3%D0%BE_%D0%B0%D0%BB%D1%8C%D1%8F%D0%BD%D1%81%D0%B0","*":"\u041f\u0430\u0440\u0442\u0438\u044f \u043d\u043e\u0432\u043e\u0433\u043e \u0430\u043b\u044c\u044f\u043d\u0441\u0430"},{"lang":"zh","url":"https://zh.wikipedia.org/wiki/%E6%96%B0%E8%81%94%E7%9B%9F%E5%85%9A","*":"\u65b0\u8054\u76df\u515a"}]}}}}