{"partyfacts_id":1351,"batchcomplete":"","query":{"normalized":[{"from":"Democratic_Revolutionary_Party","to":"Democratic Revolutionary Party"}],"pages":{"633629":{"pageid":633629,"ns":0,"title":"Democratic Revolutionary Party","langlinks":[{"lang":"de","url":"https://de.wikipedia.org/wiki/Partido_Revolucionario_Democr%C3%A1tico","*":"Partido Revolucionario Democr\u00e1tico"},{"lang":"es","url":"https://es.wikipedia.org/wiki/Partido_Revolucionario_Democr%C3%A1tico","*":"Partido Revolucionario Democr\u00e1tico"},{"lang":"fr","url":"https://fr.wikipedia.org/wiki/Parti_r%C3%A9volutionnaire_d%C3%A9mocratique_(Panama)","*":"Parti r\u00e9volutionnaire d\u00e9mocratique (Panama)"},{"lang":"it","url":"https://it.wikipedia.org/wiki/Partito_Rivoluzionario_Democratico","*":"Partito Rivoluzionario Democratico"},{"lang":"ja","url":"https://ja.wikipedia.org/wiki/%E6%B0%91%E4%B8%BB%E9%9D%A9%E5%91%BD%E5%85%9A_(%E3%83%91%E3%83%8A%E3%83%9E)","*":"\u6c11\u4e3b\u9769\u547d\u515a (\u30d1\u30ca\u30de)"},{"lang":"lt","url":"https://lt.wikipedia.org/wiki/Panamos_demokratin%C4%97_revoliucin%C4%97_partija","*":"Panamos demokratin\u0117 revoliucin\u0117 partija"},{"lang":"ne","url":"https://ne.wikipedia.org/wiki/%E0%A4%9C%E0%A4%A8%E0%A4%B5%E0%A4%BE%E0%A4%A6%E0%A5%80_%E0%A4%95%E0%A5%8D%E0%A4%B0%E0%A4%BE%E0%A4%A8%E0%A5%8D%E0%A4%A4%E0%A4%BF%E0%A4%95%E0%A4%BE%E0%A4%B0%E0%A5%80_%E0%A4%AA%E0%A4%BE%E0%A4%B0%E0%A5%8D%E0%A4%9F%E0%A5%80","*":"\u091c\u0928\u0935\u093e\u0926\u0940 \u0915\u094d\u0930\u093e\u0928\u094d\u0924\u093f\u0915\u093e\u0930\u0940 \u092a\u093e\u0930\u094d\u091f\u0940"},{"lang":"nl","url":"https://nl.wikipedia.org/wiki/Democratische_Revolutionaire_Partij","*":"Democratische Revolutionaire Partij"},{"lang":"pt","url":"https://pt.wikipedia.org/wiki/Partido_Revolucion%C3%A1rio_Democr%C3%A1tico","*":"Partido Revolucion\u00e1rio Democr\u00e1tico"},{"lang":"zh","url":"https://zh.wikipedia.org/wiki/%E6%B0%91%E4%B8%BB%E9%9D%A9%E5%91%BD%E5%85%9A_(%E5%B7%B4%E6%8B%BF%E9%A9%AC)","*":"\u6c11\u4e3b\u9769\u547d\u515a (\u5df4\u62ff\u9a6c)"}]}}}}