{"partyfacts_id":1355,"batchcomplete":"","query":{"normalized":[{"from":"Democratic_People's_Party_(Turkey)","to":"Democratic People's Party (Turkey)"}],"pages":{"1984951":{"pageid":1984951,"ns":0,"title":"Democratic People's Party (Turkey)","langlinks":[{"lang":"bg","url":"https://bg.wikipedia.org/wiki/%D0%9D%D0%B0%D1%80%D0%BE%D0%B4%D0%BD%D0%BE%D0%B4%D0%B5%D0%BC%D0%BE%D0%BA%D1%80%D0%B0%D1%82%D0%B8%D1%87%D0%BD%D0%B0_%D0%BF%D0%B0%D1%80%D1%82%D0%B8%D1%8F_(%D0%A2%D1%83%D1%80%D1%86%D0%B8%D1%8F)","*":"\u041d\u0430\u0440\u043e\u0434\u043d\u043e\u0434\u0435\u043c\u043e\u043a\u0440\u0430\u0442\u0438\u0447\u043d\u0430 \u043f\u0430\u0440\u0442\u0438\u044f (\u0422\u0443\u0440\u0446\u0438\u044f)"},{"lang":"ca","url":"https://ca.wikipedia.org/wiki/Partit_Democr%C3%A0tic_Popular","*":"Partit Democr\u00e0tic Popular"},{"lang":"de","url":"https://de.wikipedia.org/wiki/Demokratik_Halk_Partisi","*":"Demokratik Halk Partisi"},{"lang":"fa","url":"https://fa.wikipedia.org/wiki/%D8%AD%D8%B2%D8%A8_%D8%AF%D9%85%D9%88%DA%A9%D8%B1%D8%A7%D8%AA%DB%8C%DA%A9_%D8%AE%D9%84%D9%82_(%D8%AA%D8%B1%DA%A9%DB%8C%D9%87)","*":"\u062d\u0632\u0628 \u062f\u0645\u0648\u06a9\u0631\u0627\u062a\u06cc\u06a9 \u062e\u0644\u0642 (\u062a\u0631\u06a9\u06cc\u0647)"},{"lang":"fr","url":"https://fr.wikipedia.org/wiki/Parti_d%C3%A9mocratique_du_peuple_(Turquie)","*":"Parti d\u00e9mocratique du peuple (Turquie)"},{"lang":"ku","url":"https://ku.wikipedia.org/wiki/Partiya_Gel_a_Demokrat%C3%AEk_(DEHAP)","*":"Partiya Gel a Demokrat\u00eek (DEHAP)"},{"lang":"sd","url":"https://sd.wikipedia.org/wiki/%DA%8A%D9%8A%D9%85%D9%88%DA%AA%D8%B1%D9%8A%D9%BD%DA%AA_%D9%BE%D9%8A%D9%BE%D9%84%D8%B2_%D9%BE%D8%A7%D8%B1%D9%BD%D9%8A%D8%8C_%D8%AA%D8%B1%DA%AA%D9%8A","*":"\u068a\u064a\u0645\u0648\u06aa\u0631\u064a\u067d\u06aa \u067e\u064a\u067e\u0644\u0632 \u067e\u0627\u0631\u067d\u064a\u060c \u062a\u0631\u06aa\u064a"},{"lang":"tr","url":"https://tr.wikipedia.org/wiki/Demokratik_Halk_Partisi_(T%C3%BCrkiye)","*":"Demokratik Halk Partisi (T\u00fcrkiye)"}]}}}}