{"partyfacts_id":1358,"batchcomplete":"","query":{"normalized":[{"from":"Ratz_(political_party)","to":"Ratz (political party)"}],"pages":{"1232902":{"pageid":1232902,"ns":0,"title":"Ratz (political party)","langlinks":[{"lang":"ca","url":"https://ca.wikipedia.org/wiki/Rats","*":"Rats"},{"lang":"cs","url":"https://cs.wikipedia.org/wiki/Rac","*":"Rac"},{"lang":"de","url":"https://de.wikipedia.org/wiki/Ratz_(Partei)","*":"Ratz (Partei)"},{"lang":"fr","url":"https://fr.wikipedia.org/wiki/Ratz_(parti_politique)","*":"Ratz (parti politique)"},{"lang":"he","url":"https://he.wikipedia.org/wiki/%D7%A8%D7%A6","*":"\u05e8\u05e6"},{"lang":"id","url":"https://id.wikipedia.org/wiki/Ratz_(partai_politik)","*":"Ratz (partai politik)"},{"lang":"ro","url":"https://ro.wikipedia.org/wiki/Ra%C8%9B","*":"Ra\u021b"},{"lang":"ru","url":"https://ru.wikipedia.org/wiki/%D0%A0%D0%B0%D1%86_(%D0%BF%D0%B0%D1%80%D1%82%D0%B8%D1%8F)","*":"\u0420\u0430\u0446 (\u043f\u0430\u0440\u0442\u0438\u044f)"}]}}}}