{"partyfacts_id":1366,"batchcomplete":"","query":{"normalized":[{"from":"Ulster_Unionist_Party","to":"Ulster Unionist Party"}],"pages":{"70525":{"pageid":70525,"ns":0,"title":"Ulster Unionist Party","langlinks":[{"lang":"ar","url":"https://ar.wikipedia.org/wiki/%D8%AD%D8%B2%D8%A8_%D8%A3%D9%84%D8%B3%D8%AA%D8%B1_%D8%A7%D9%84%D9%88%D8%AD%D8%AF%D9%88%D9%8A","*":"\u062d\u0632\u0628 \u0623\u0644\u0633\u062a\u0631 \u0627\u0644\u0648\u062d\u062f\u0648\u064a"},{"lang":"ca","url":"https://ca.wikipedia.org/wiki/Partit_Unionista_de_l%27Ulster","*":"Partit Unionista de l'Ulster"},{"lang":"cy","url":"https://cy.wikipedia.org/wiki/Plaid_Unoliaethol_Ulster","*":"Plaid Unoliaethol Ulster"},{"lang":"da","url":"https://da.wikipedia.org/wiki/Ulster_Unionist_Party","*":"Ulster Unionist Party"},{"lang":"de","url":"https://de.wikipedia.org/wiki/Ulster_Unionist_Party","*":"Ulster Unionist Party"},{"lang":"el","url":"https://el.wikipedia.org/wiki/%CE%95%CE%BD%CF%89%CF%84%CE%B9%CE%BA%CF%8C_%CE%9A%CF%8C%CE%BC%CE%BC%CE%B1_%CF%84%CE%BF%CF%85_%CE%8C%CE%BB%CF%83%CF%84%CE%B5%CF%81","*":"\u0395\u03bd\u03c9\u03c4\u03b9\u03ba\u03cc \u039a\u03cc\u03bc\u03bc\u03b1 \u03c4\u03bf\u03c5 \u038c\u03bb\u03c3\u03c4\u03b5\u03c1"},{"lang":"es","url":"https://es.wikipedia.org/wiki/Partido_Unionista_del_%C3%9Alster","*":"Partido Unionista del \u00dalster"},{"lang":"eu","url":"https://eu.wikipedia.org/wiki/Ulstergo_Alderdi_Unionista","*":"Ulstergo Alderdi Unionista"},{"lang":"fa","url":"https://fa.wikipedia.org/wiki/%D8%AD%D8%B2%D8%A8_%D8%A7%D8%AA%D8%AD%D8%A7%D8%AF%DA%AF%D8%B1%D8%A7%DB%8C_%D8%A7%D9%88%D9%84%D8%B3%D8%AA%D8%B1","*":"\u062d\u0632\u0628 \u0627\u062a\u062d\u0627\u062f\u06af\u0631\u0627\u06cc \u0627\u0648\u0644\u0633\u062a\u0631"},{"lang":"fi","url":"https://fi.wikipedia.org/wiki/Ulsterin_unionistipuolue","*":"Ulsterin unionistipuolue"},{"lang":"fr","url":"https://fr.wikipedia.org/wiki/Parti_unioniste_d%27Ulster","*":"Parti unioniste d'Ulster"},{"lang":"ga","url":"https://ga.wikipedia.org/wiki/P%C3%A1irt%C3%AD_Aontachtach_Uladh","*":"P\u00e1irt\u00ed Aontachtach Uladh"},{"lang":"gl","url":"https://gl.wikipedia.org/wiki/Partido_Unionista_do_Ulster","*":"Partido Unionista do Ulster"},{"lang":"hr","url":"https://hr.wikipedia.org/wiki/Ulsterska_unionisti%C4%8Dka_stranka","*":"Ulsterska unionisti\u010dka stranka"},{"lang":"it","url":"https://it.wikipedia.org/wiki/Partito_Unionista_dell%27Ulster","*":"Partito Unionista dell'Ulster"},{"lang":"ja","url":"https://ja.wikipedia.org/wiki/%E3%82%A2%E3%83%AB%E3%82%B9%E3%82%BF%E3%83%BC%E7%B5%B1%E4%B8%80%E5%85%9A","*":"\u30a2\u30eb\u30b9\u30bf\u30fc\u7d71\u4e00\u515a"},{"lang":"ko","url":"https://ko.wikipedia.org/wiki/%EC%96%BC%EC%8A%A4%ED%84%B0_%EC%97%B0%ED%95%A9%EB%8B%B9","*":"\uc5bc\uc2a4\ud130 \uc5f0\ud569\ub2f9"},{"lang":"nl","url":"https://nl.wikipedia.org/wiki/Ulster_Unionist_Party","*":"Ulster Unionist Party"},{"lang":"nn","url":"https://nn.wikipedia.org/wiki/Ulster_Unionist_Party","*":"Ulster Unionist Party"},{"lang":"nb","url":"https://no.wikipedia.org/wiki/Ulster_Unionist_Party","*":"Ulster Unionist Party"},{"lang":"pl","url":"https://pl.wikipedia.org/wiki/Ulsterska_Partia_Unionistyczna","*":"Ulsterska Partia Unionistyczna"},{"lang":"pt","url":"https://pt.wikipedia.org/wiki/Partido_Unionista_do_Ulster","*":"Partido Unionista do Ulster"},{"lang":"ru","url":"https://ru.wikipedia.org/wiki/%D0%9E%D0%BB%D1%8C%D1%81%D1%82%D0%B5%D1%80%D1%81%D0%BA%D0%B0%D1%8F_%D1%8E%D0%BD%D0%B8%D0%BE%D0%BD%D0%B8%D1%81%D1%82%D1%81%D0%BA%D0%B0%D1%8F_%D0%BF%D0%B0%D1%80%D1%82%D0%B8%D1%8F","*":"\u041e\u043b\u044c\u0441\u0442\u0435\u0440\u0441\u043a\u0430\u044f \u044e\u043d\u0438\u043e\u043d\u0438\u0441\u0442\u0441\u043a\u0430\u044f \u043f\u0430\u0440\u0442\u0438\u044f"},{"lang":"simple","url":"https://simple.wikipedia.org/wiki/Ulster_Unionist_Party","*":"Ulster Unionist Party"},{"lang":"sv","url":"https://sv.wikipedia.org/wiki/Ulster_Unionist_Party","*":"Ulster Unionist Party"},{"lang":"tr","url":"https://tr.wikipedia.org/wiki/Ulster_Birlik_Partisi","*":"Ulster Birlik Partisi"},{"lang":"uk","url":"https://uk.wikipedia.org/wiki/%D0%AE%D0%BD%D1%96%D0%BE%D0%BD%D1%96%D1%81%D1%82%D1%81%D1%8C%D0%BA%D0%B0_%D0%BF%D0%B0%D1%80%D1%82%D1%96%D1%8F_%D0%9E%D0%BB%D1%8C%D1%81%D1%82%D0%B5%D1%80%D0%B0","*":"\u042e\u043d\u0456\u043e\u043d\u0456\u0441\u0442\u0441\u044c\u043a\u0430 \u043f\u0430\u0440\u0442\u0456\u044f \u041e\u043b\u044c\u0441\u0442\u0435\u0440\u0430"},{"lang":"zh","url":"https://zh.wikipedia.org/wiki/%E9%98%BF%E7%88%BE%E6%96%AF%E7%89%B9%E7%B5%B1%E4%B8%80%E9%BB%A8","*":"\u963f\u723e\u65af\u7279\u7d71\u4e00\u9ee8"}]}}}}