{"partyfacts_id":1367,"batchcomplete":"","query":{"normalized":[{"from":"National_Liberation_Party_(Costa_Rica)","to":"National Liberation Party (Costa Rica)"}],"pages":{"1056016":{"pageid":1056016,"ns":0,"title":"National Liberation Party (Costa Rica)","langlinks":[{"lang":"de","url":"https://de.wikipedia.org/wiki/Partido_Liberaci%C3%B3n_Nacional","*":"Partido Liberaci\u00f3n Nacional"},{"lang":"eo","url":"https://eo.wikipedia.org/wiki/Partio_Nacia_Liberi%C4%9Do","*":"Partio Nacia Liberi\u011do"},{"lang":"es","url":"https://es.wikipedia.org/wiki/Partido_Liberaci%C3%B3n_Nacional","*":"Partido Liberaci\u00f3n Nacional"},{"lang":"fr","url":"https://fr.wikipedia.org/wiki/Parti_de_la_lib%C3%A9ration_nationale","*":"Parti de la lib\u00e9ration nationale"},{"lang":"hr","url":"https://hr.wikipedia.org/wiki/Nacionalna_oslobodila%C4%8Dka_stranka_(Kostarika)","*":"Nacionalna oslobodila\u010dka stranka (Kostarika)"},{"lang":"it","url":"https://it.wikipedia.org/wiki/Partito_Liberazione_Nazionale","*":"Partito Liberazione Nazionale"},{"lang":"ja","url":"https://ja.wikipedia.org/wiki/%E5%9B%BD%E6%B0%91%E8%A7%A3%E6%94%BE%E5%85%9A","*":"\u56fd\u6c11\u89e3\u653e\u515a"},{"lang":"ko","url":"https://ko.wikipedia.org/wiki/%EA%B5%AD%EB%AF%BC%ED%95%B4%EB%B0%A9%EB%8B%B9","*":"\uad6d\ubbfc\ud574\ubc29\ub2f9"},{"lang":"lt","url":"https://lt.wikipedia.org/wiki/Kosta_Rikos_nacionalinio_i%C5%A1vadavimo_partija","*":"Kosta Rikos nacionalinio i\u0161vadavimo partija"},{"lang":"nb","url":"https://no.wikipedia.org/wiki/Partido_Liberaci%C3%B3n_Nacional","*":"Partido Liberaci\u00f3n Nacional"},{"lang":"pl","url":"https://pl.wikipedia.org/wiki/Partia_Wyzwolenia_Narodowego","*":"Partia Wyzwolenia Narodowego"},{"lang":"sh","url":"https://sh.wikipedia.org/wiki/Stranka_nacionalnog_oslobo%C4%91enja_(Kostarika)","*":"Stranka nacionalnog oslobo\u0111enja (Kostarika)"},{"lang":"sr","url":"https://sr.wikipedia.org/wiki/%D0%9F%D0%B0%D1%80%D1%82%D0%B8%D1%98%D0%B0_%D0%BD%D0%B0%D1%86%D0%B8%D0%BE%D0%BD%D0%B0%D0%BB%D0%BD%D0%BE%D0%B3_%D0%BE%D1%81%D0%BB%D0%BE%D0%B1%D0%BE%D1%92%D0%B5%D1%9A%D0%B0","*":"\u041f\u0430\u0440\u0442\u0438\u0458\u0430 \u043d\u0430\u0446\u0438\u043e\u043d\u0430\u043b\u043d\u043e\u0433 \u043e\u0441\u043b\u043e\u0431\u043e\u0452\u0435\u045a\u0430"},{"lang":"sv","url":"https://sv.wikipedia.org/wiki/Partido_Liberaci%C3%B3n_Nacional","*":"Partido Liberaci\u00f3n Nacional"},{"lang":"zh","url":"https://zh.wikipedia.org/wiki/%E6%B0%91%E6%97%8F%E8%A7%A3%E6%94%BE%E9%BB%A8_(%E5%93%A5%E6%96%AF%E5%A4%A7%E9%BB%8E%E5%8A%A0)","*":"\u6c11\u65cf\u89e3\u653e\u9ee8 (\u54e5\u65af\u5927\u9ece\u52a0)"}]}}}}