{"partyfacts_id":1368,"batchcomplete":"","query":{"normalized":[{"from":"South_African_Communist_Party","to":"South African Communist Party"}],"pages":{"156458":{"pageid":156458,"ns":0,"title":"South African Communist Party","langlinks":[{"lang":"af","url":"https://af.wikipedia.org/wiki/Suid-Afrikaanse_Kommunistiese_Party","*":"Suid-Afrikaanse Kommunistiese Party"},{"lang":"be","url":"https://be.wikipedia.org/wiki/%D0%9F%D0%B0%D1%9E%D0%B4%D0%BD%D1%91%D0%B2%D0%B0-%D0%90%D1%84%D1%80%D1%8B%D0%BA%D0%B0%D0%BD%D1%81%D0%BA%D0%B0%D1%8F_%D0%BA%D0%B0%D0%BC%D1%83%D0%BD%D1%96%D1%81%D1%82%D1%8B%D1%87%D0%BD%D0%B0%D1%8F_%D0%BF%D0%B0%D1%80%D1%82%D1%8B%D1%8F","*":"\u041f\u0430\u045e\u0434\u043d\u0451\u0432\u0430-\u0410\u0444\u0440\u044b\u043a\u0430\u043d\u0441\u043a\u0430\u044f \u043a\u0430\u043c\u0443\u043d\u0456\u0441\u0442\u044b\u0447\u043d\u0430\u044f \u043f\u0430\u0440\u0442\u044b\u044f"},{"lang":"ca","url":"https://ca.wikipedia.org/wiki/Partit_Comunista_de_Sud-%C3%A0frica","*":"Partit Comunista de Sud-\u00e0frica"},{"lang":"da","url":"https://da.wikipedia.org/wiki/Det_sydafrikanske_kommunistparti","*":"Det sydafrikanske kommunistparti"},{"lang":"de","url":"https://de.wikipedia.org/wiki/South_African_Communist_Party","*":"South African Communist Party"},{"lang":"eo","url":"https://eo.wikipedia.org/wiki/Sudafrika_Komunista_Partio","*":"Sudafrika Komunista Partio"},{"lang":"es","url":"https://es.wikipedia.org/wiki/Partido_Comunista_Sudafricano","*":"Partido Comunista Sudafricano"},{"lang":"fa","url":"https://fa.wikipedia.org/wiki/%D8%AD%D8%B2%D8%A8_%DA%A9%D9%85%D9%88%D9%86%DB%8C%D8%B3%D8%AA_%D8%A2%D9%81%D8%B1%DB%8C%D9%82%D8%A7%DB%8C_%D8%AC%D9%86%D9%88%D8%A8%DB%8C","*":"\u062d\u0632\u0628 \u06a9\u0645\u0648\u0646\u06cc\u0633\u062a \u0622\u0641\u0631\u06cc\u0642\u0627\u06cc \u062c\u0646\u0648\u0628\u06cc"},{"lang":"fi","url":"https://fi.wikipedia.org/wiki/Etel%C3%A4-Afrikan_kommunistinen_puolue","*":"Etel\u00e4-Afrikan kommunistinen puolue"},{"lang":"fr","url":"https://fr.wikipedia.org/wiki/Parti_communiste_sud-africain","*":"Parti communiste sud-africain"},{"lang":"gl","url":"https://gl.wikipedia.org/wiki/Partido_Comunista_Surafricano","*":"Partido Comunista Surafricano"},{"lang":"id","url":"https://id.wikipedia.org/wiki/Partai_Komunis_Afrika_Selatan","*":"Partai Komunis Afrika Selatan"},{"lang":"it","url":"https://it.wikipedia.org/wiki/Partito_Comunista_Sudafricano","*":"Partito Comunista Sudafricano"},{"lang":"ml","url":"https://ml.wikipedia.org/wiki/%E0%B4%B8%E0%B5%97%E0%B4%A4%E0%B5%8D%E0%B4%A4%E0%B5%8D_%E0%B4%86%E0%B4%AB%E0%B5%8D%E0%B4%B0%E0%B4%BF%E0%B4%95%E0%B5%8D%E0%B4%95%E0%B5%BB_%E0%B4%95%E0%B4%AE%E0%B5%8D%E0%B4%AE%E0%B5%8D%E0%B4%AF%E0%B5%82%E0%B4%A3%E0%B4%BF%E0%B4%B8%E0%B5%8D%E0%B4%B1%E0%B5%8D%E0%B4%B1%E0%B5%8D_%E0%B4%AA%E0%B4%BE%E0%B5%BC%E0%B4%9F%E0%B5%8D%E0%B4%9F%E0%B4%BF","*":"\u0d38\u0d57\u0d24\u0d4d\u0d24\u0d4d \u0d06\u0d2b\u0d4d\u0d30\u0d3f\u0d15\u0d4d\u0d15\u0d7b \u0d15\u0d2e\u0d4d\u0d2e\u0d4d\u0d2f\u0d42\u0d23\u0d3f\u0d38\u0d4d\u0d31\u0d4d\u0d31\u0d4d \u0d2a\u0d3e\u0d7c\u0d1f\u0d4d\u0d1f\u0d3f"},{"lang":"nl","url":"https://nl.wikipedia.org/wiki/Zuid-Afrikaanse_Communistische_Partij","*":"Zuid-Afrikaanse Communistische Partij"},{"lang":"nn","url":"https://nn.wikipedia.org/wiki/Det_s%C3%B8rafrikanske_kommunistpartiet","*":"Det s\u00f8rafrikanske kommunistpartiet"},{"lang":"nb","url":"https://no.wikipedia.org/wiki/South_African_Communist_Party","*":"South African Communist Party"},{"lang":"pa","url":"https://pa.wikipedia.org/wiki/%E0%A8%A6%E0%A9%B1%E0%A8%96%E0%A8%A3%E0%A9%80_%E0%A8%85%E0%A8%AB%E0%A8%BC%E0%A8%B0%E0%A9%80%E0%A8%95%E0%A9%80_%E0%A8%95%E0%A8%AE%E0%A8%BF%E0%A8%8A%E0%A8%A8%E0%A8%BF%E0%A8%B8%E0%A8%9F_%E0%A8%AA%E0%A8%BE%E0%A8%B0%E0%A8%9F%E0%A9%80","*":"\u0a26\u0a71\u0a16\u0a23\u0a40 \u0a05\u0a2b\u0a3c\u0a30\u0a40\u0a15\u0a40 \u0a15\u0a2e\u0a3f\u0a0a\u0a28\u0a3f\u0a38\u0a1f \u0a2a\u0a3e\u0a30\u0a1f\u0a40"},{"lang":"pl","url":"https://pl.wikipedia.org/wiki/Po%C5%82udniowoafryka%C5%84ska_Partia_Komunistyczna","*":"Po\u0142udniowoafryka\u0144ska Partia Komunistyczna"},{"lang":"pnb","url":"https://pnb.wikipedia.org/wiki/%D8%AF%DA%A9%DA%BE%D9%86%DB%8C_%D8%A7%D9%81%D8%B1%DB%8C%D9%82%DB%81_%D8%AF%DB%8C_%DA%A9%D9%85%DB%8C%D9%88%D9%86%D8%B3%D9%B9_%D9%BE%D8%A7%D8%B1%D9%B9%DB%8C","*":"\u062f\u06a9\u06be\u0646\u06cc \u0627\u0641\u0631\u06cc\u0642\u06c1 \u062f\u06cc \u06a9\u0645\u06cc\u0648\u0646\u0633\u0679 \u067e\u0627\u0631\u0679\u06cc"},{"lang":"pt","url":"https://pt.wikipedia.org/wiki/Partido_Comunista_Sul-Africano","*":"Partido Comunista Sul-Africano"},{"lang":"ru","url":"https://ru.wikipedia.org/wiki/%D0%AE%D0%B6%D0%BD%D0%BE-%D0%90%D1%84%D1%80%D0%B8%D0%BA%D0%B0%D0%BD%D1%81%D0%BA%D0%B0%D1%8F_%D0%BA%D0%BE%D0%BC%D0%BC%D1%83%D0%BD%D0%B8%D1%81%D1%82%D0%B8%D1%87%D0%B5%D1%81%D0%BA%D0%B0%D1%8F_%D0%BF%D0%B0%D1%80%D1%82%D0%B8%D1%8F","*":"\u042e\u0436\u043d\u043e-\u0410\u0444\u0440\u0438\u043a\u0430\u043d\u0441\u043a\u0430\u044f \u043a\u043e\u043c\u043c\u0443\u043d\u0438\u0441\u0442\u0438\u0447\u0435\u0441\u043a\u0430\u044f \u043f\u0430\u0440\u0442\u0438\u044f"},{"lang":"scn","url":"https://scn.wikipedia.org/wiki/Partitu_Cumunista_Sudafricanu","*":"Partitu Cumunista Sudafricanu"},{"lang":"simple","url":"https://simple.wikipedia.org/wiki/South_African_Communist_Party","*":"South African Communist Party"},{"lang":"sr","url":"https://sr.wikipedia.org/wiki/%D0%88%D1%83%D0%B6%D0%BD%D0%BE%D0%B0%D1%84%D1%80%D0%B8%D1%87%D0%BA%D0%B0_%D0%BA%D0%BE%D0%BC%D1%83%D0%BD%D0%B8%D1%81%D1%82%D0%B8%D1%87%D0%BA%D0%B0_%D0%BF%D0%B0%D1%80%D1%82%D0%B8%D1%98%D0%B0","*":"\u0408\u0443\u0436\u043d\u043e\u0430\u0444\u0440\u0438\u0447\u043a\u0430 \u043a\u043e\u043c\u0443\u043d\u0438\u0441\u0442\u0438\u0447\u043a\u0430 \u043f\u0430\u0440\u0442\u0438\u0458\u0430"},{"lang":"sv","url":"https://sv.wikipedia.org/wiki/Sydafrikanska_kommunistpartiet","*":"Sydafrikanska kommunistpartiet"},{"lang":"th","url":"https://th.wikipedia.org/wiki/%E0%B8%9E%E0%B8%A3%E0%B8%A3%E0%B8%84%E0%B8%84%E0%B8%AD%E0%B8%A1%E0%B8%A1%E0%B8%B4%E0%B8%A7%E0%B8%99%E0%B8%B4%E0%B8%AA%E0%B8%95%E0%B9%8C%E0%B9%81%E0%B8%AD%E0%B8%9F%E0%B8%A3%E0%B8%B4%E0%B8%81%E0%B8%B2%E0%B9%83%E0%B8%95%E0%B9%89","*":"\u0e1e\u0e23\u0e23\u0e04\u0e04\u0e2d\u0e21\u0e21\u0e34\u0e27\u0e19\u0e34\u0e2a\u0e15\u0e4c\u0e41\u0e2d\u0e1f\u0e23\u0e34\u0e01\u0e32\u0e43\u0e15\u0e49"},{"lang":"tr","url":"https://tr.wikipedia.org/wiki/G%C3%BCney_Afrika_Kom%C3%BCnist_Partisi","*":"G\u00fcney Afrika Kom\u00fcnist Partisi"},{"lang":"zh","url":"https://zh.wikipedia.org/wiki/%E5%8D%97%E9%9D%9E%E5%85%B1%E4%BA%A7%E5%85%9A","*":"\u5357\u975e\u5171\u4ea7\u515a"}]}}}}