{"partyfacts_id":1369,"batchcomplete":"","query":{"normalized":[{"from":"South_Tyrolean_People's_Party","to":"South Tyrolean People's Party"}],"pages":{"424756":{"pageid":424756,"ns":0,"title":"South Tyrolean People's Party","langlinks":[{"lang":"arz","url":"https://arz.wikipedia.org/wiki/%D8%AD%D8%B2%D8%A8_%D8%B4%D8%B9%D8%A8_%D8%AC%D9%86%D9%88%D8%A8_%D8%AA%D9%8A%D8%B1%D9%88%D9%84","*":"\u062d\u0632\u0628 \u0634\u0639\u0628 \u062c\u0646\u0648\u0628 \u062a\u064a\u0631\u0648\u0644"},{"lang":"bar","url":"https://bar.wikipedia.org/wiki/S%C3%BCdtiroler_Volkspartei","*":"S\u00fcdtiroler Volkspartei"},{"lang":"br","url":"https://br.wikipedia.org/wiki/S%C3%BCdtiroler_Volkspartei","*":"S\u00fcdtiroler Volkspartei"},{"lang":"ca","url":"https://ca.wikipedia.org/wiki/Partit_Popular_del_Tirol_del_Sud","*":"Partit Popular del Tirol del Sud"},{"lang":"cs","url":"https://cs.wikipedia.org/wiki/Jihotyrolsk%C3%A1_lidov%C3%A1_strana","*":"Jihotyrolsk\u00e1 lidov\u00e1 strana"},{"lang":"de","url":"https://de.wikipedia.org/wiki/S%C3%BCdtiroler_Volkspartei","*":"S\u00fcdtiroler Volkspartei"},{"lang":"el","url":"https://el.wikipedia.org/wiki/%CE%9B%CE%B1%CF%8A%CE%BA%CF%8C_%CE%9A%CF%8C%CE%BC%CE%BC%CE%B1_%CE%9D%CF%8C%CF%84%CE%B9%CE%BF%CF%85_%CE%A4%CE%B9%CF%81%CF%8C%CE%BB%CE%BF%CF%85","*":"\u039b\u03b1\u03ca\u03ba\u03cc \u039a\u03cc\u03bc\u03bc\u03b1 \u039d\u03cc\u03c4\u03b9\u03bf\u03c5 \u03a4\u03b9\u03c1\u03cc\u03bb\u03bf\u03c5"},{"lang":"eo","url":"https://eo.wikipedia.org/wiki/Sudtirola_Popola_Partio","*":"Sudtirola Popola Partio"},{"lang":"es","url":"https://es.wikipedia.org/wiki/Partido_Popular_del_Tirol_del_Sur","*":"Partido Popular del Tirol del Sur"},{"lang":"eu","url":"https://eu.wikipedia.org/wiki/S%C3%BCdtiroler_Volkspartei","*":"S\u00fcdtiroler Volkspartei"},{"lang":"fi","url":"https://fi.wikipedia.org/wiki/S%C3%BCdtiroler_Volkspartei","*":"S\u00fcdtiroler Volkspartei"},{"lang":"fr","url":"https://fr.wikipedia.org/wiki/Parti_populaire_sud-tyrolien","*":"Parti populaire sud-tyrolien"},{"lang":"id","url":"https://id.wikipedia.org/wiki/Partai_Rakyat_Tirol_Selatan","*":"Partai Rakyat Tirol Selatan"},{"lang":"it","url":"https://it.wikipedia.org/wiki/S%C3%BCdtiroler_Volkspartei","*":"S\u00fcdtiroler Volkspartei"},{"lang":"ja","url":"https://ja.wikipedia.org/wiki/%E5%8D%97%E3%83%81%E3%83%AD%E3%83%AB%E4%BA%BA%E6%B0%91%E5%85%9A","*":"\u5357\u30c1\u30ed\u30eb\u4eba\u6c11\u515a"},{"lang":"lmo","url":"https://lmo.wikipedia.org/wiki/S%C3%BCdtiroler_Volkspartei","*":"S\u00fcdtiroler Volkspartei"},{"lang":"nl","url":"https://nl.wikipedia.org/wiki/S%C3%BCdtiroler_Volkspartei","*":"S\u00fcdtiroler Volkspartei"},{"lang":"nb","url":"https://no.wikipedia.org/wiki/S%C3%BCdtiroler_Volkspartei","*":"S\u00fcdtiroler Volkspartei"},{"lang":"pl","url":"https://pl.wikipedia.org/wiki/Po%C5%82udniowotyrolska_Partia_Ludowa","*":"Po\u0142udniowotyrolska Partia Ludowa"},{"lang":"pt","url":"https://pt.wikipedia.org/wiki/Partido_Popular_Sul_Tirol%C3%AAs","*":"Partido Popular Sul Tirol\u00eas"},{"lang":"sv","url":"https://sv.wikipedia.org/wiki/S%C3%BCdtiroler_Volkspartei","*":"S\u00fcdtiroler Volkspartei"},{"lang":"vec","url":"https://vec.wikipedia.org/wiki/S%C3%BCdtiroler_Volkspartei","*":"S\u00fcdtiroler Volkspartei"}]}}}}