{"partyfacts_id":1371,"batchcomplete":"","query":{"normalized":[{"from":"Italian_Democratic_Party_of_Monarchist_Unity","to":"Italian Democratic Party of Monarchist Unity"}],"pages":{"7664961":{"pageid":7664961,"ns":0,"title":"Italian Democratic Party of Monarchist Unity","langlinks":[{"lang":"ca","url":"https://ca.wikipedia.org/wiki/Partit_Democr%C3%A0tic_Itali%C3%A0_d%27Unitat_Mon%C3%A0rquica","*":"Partit Democr\u00e0tic Itali\u00e0 d'Unitat Mon\u00e0rquica"},{"lang":"es","url":"https://es.wikipedia.org/wiki/Partido_Democr%C3%A1tico_Italiano_de_Unidad_Mon%C3%A1rquica","*":"Partido Democr\u00e1tico Italiano de Unidad Mon\u00e1rquica"},{"lang":"fr","url":"https://fr.wikipedia.org/wiki/Parti_d%C3%A9mocratique_italien_d%27unit%C3%A9_monarchiste","*":"Parti d\u00e9mocratique italien d'unit\u00e9 monarchiste"},{"lang":"it","url":"https://it.wikipedia.org/wiki/Partito_Democratico_Italiano_di_Unit%C3%A0_Monarchica","*":"Partito Democratico Italiano di Unit\u00e0 Monarchica"},{"lang":"scn","url":"https://scn.wikipedia.org/wiki/Partitu_Dimucr%C3%A0ticu_Italianu_di_Unitati_Munarchica","*":"Partitu Dimucr\u00e0ticu Italianu di Unitati Munarchica"}]}}}}