{"partyfacts_id":1373,"batchcomplete":"","query":{"normalized":[{"from":"Ecologist_Party_of_Romania","to":"Ecologist Party of Romania"}],"pages":{"1969267":{"pageid":1969267,"ns":0,"title":"Ecologist Party of Romania","langlinks":[{"lang":"ca","url":"https://ca.wikipedia.org/wiki/Partit_Ecologista_de_Romania","*":"Partit Ecologista de Romania"},{"lang":"cs","url":"https://cs.wikipedia.org/wiki/Rumunsk%C3%A1_ekologick%C3%A1_strana","*":"Rumunsk\u00e1 ekologick\u00e1 strana"},{"lang":"eo","url":"https://eo.wikipedia.org/wiki/Partio_Ekologiista_Rumana","*":"Partio Ekologiista Rumana"},{"lang":"es","url":"https://es.wikipedia.org/wiki/Partido_Ecologista_Rumano","*":"Partido Ecologista Rumano"},{"lang":"fr","url":"https://fr.wikipedia.org/wiki/Parti_%C3%A9cologiste_roumain","*":"Parti \u00e9cologiste roumain"},{"lang":"it","url":"https://it.wikipedia.org/wiki/Partito_Ecologista_Romeno","*":"Partito Ecologista Romeno"},{"lang":"nl","url":"https://nl.wikipedia.org/wiki/Roemeense_Ecologische_Partij","*":"Roemeense Ecologische Partij"},{"lang":"ro","url":"https://ro.wikipedia.org/wiki/Partidul_Ecologist_Rom%C3%A2n","*":"Partidul Ecologist Rom\u00e2n"}]}}}}