{"partyfacts_id":1384,"batchcomplete":"","query":{"normalized":[{"from":"Social_Democratic_Party_of_Austria","to":"Social Democratic Party of Austria"}],"pages":{"38667888":{"pageid":38667888,"ns":0,"title":"Social Democratic Party of Austria","langlinks":[{"lang":"ar","url":"https://ar.wikipedia.org/wiki/%D8%A7%D9%84%D8%AD%D8%B2%D8%A8_%D8%A7%D9%84%D8%AF%D9%8A%D9%85%D9%82%D8%B1%D8%A7%D8%B7%D9%8A_%D8%A7%D9%84%D8%A7%D8%AC%D8%AA%D9%85%D8%A7%D8%B9%D9%8A_%D8%A7%D9%84%D9%86%D9%85%D8%B3%D8%A7%D9%88%D9%8A","*":"\u0627\u0644\u062d\u0632\u0628 \u0627\u0644\u062f\u064a\u0645\u0642\u0631\u0627\u0637\u064a \u0627\u0644\u0627\u062c\u062a\u0645\u0627\u0639\u064a \u0627\u0644\u0646\u0645\u0633\u0627\u0648\u064a"},{"lang":"arz","url":"https://arz.wikipedia.org/wiki/%D8%A7%D9%84%D8%AD%D8%B2%D8%A8_%D8%A7%D9%84%D8%AF%D9%8A%D9%85%D9%88%D9%82%D8%B1%D8%A7%D8%B7%D9%89_%D8%A7%D9%84%D8%A7%D8%AC%D8%AA%D9%85%D8%A7%D8%B9%D9%89_%D8%A7%D9%84%D9%86%D9%85%D8%B3%D8%A7%D9%88%D9%89","*":"\u0627\u0644\u062d\u0632\u0628 \u0627\u0644\u062f\u064a\u0645\u0648\u0642\u0631\u0627\u0637\u0649 \u0627\u0644\u0627\u062c\u062a\u0645\u0627\u0639\u0649 \u0627\u0644\u0646\u0645\u0633\u0627\u0648\u0649"},{"lang":"ast","url":"https://ast.wikipedia.org/wiki/Part%C3%ADu_Socialdem%C3%B3crata_d%27Austria","*":"Part\u00edu Socialdem\u00f3crata d'Austria"},{"lang":"az","url":"https://az.wikipedia.org/wiki/Avstriya_Sosialist_Partiyas%C4%B1","*":"Avstriya Sosialist Partiyas\u0131"},{"lang":"bar","url":"https://bar.wikipedia.org/wiki/SP%C3%96","*":"SP\u00d6"},{"lang":"be","url":"https://be.wikipedia.org/wiki/%D0%A1%D0%B0%D1%86%D1%8B%D1%8F%D0%BB-%D0%B4%D1%8D%D0%BC%D0%B0%D0%BA%D1%80%D0%B0%D1%82%D1%8B%D1%87%D0%BD%D0%B0%D1%8F_%D0%BF%D0%B0%D1%80%D1%82%D1%8B%D1%8F_%D0%90%D1%9E%D1%81%D1%82%D1%80%D1%8B%D1%96","*":"\u0421\u0430\u0446\u044b\u044f\u043b-\u0434\u044d\u043c\u0430\u043a\u0440\u0430\u0442\u044b\u0447\u043d\u0430\u044f \u043f\u0430\u0440\u0442\u044b\u044f \u0410\u045e\u0441\u0442\u0440\u044b\u0456"},{"lang":"bg","url":"https://bg.wikipedia.org/wiki/%D0%A1%D0%BE%D1%86%D0%B8%D0%B0%D0%BB%D0%B4%D0%B5%D0%BC%D0%BE%D0%BA%D1%80%D0%B0%D1%82%D0%B8%D1%87%D0%B5%D1%81%D0%BA%D0%B0_%D0%BF%D0%B0%D1%80%D1%82%D0%B8%D1%8F_%D0%BD%D0%B0_%D0%90%D0%B2%D1%81%D1%82%D1%80%D0%B8%D1%8F","*":"\u0421\u043e\u0446\u0438\u0430\u043b\u0434\u0435\u043c\u043e\u043a\u0440\u0430\u0442\u0438\u0447\u0435\u0441\u043a\u0430 \u043f\u0430\u0440\u0442\u0438\u044f \u043d\u0430 \u0410\u0432\u0441\u0442\u0440\u0438\u044f"},{"lang":"bn","url":"https://bn.wikipedia.org/wiki/%E0%A6%85%E0%A6%B8%E0%A7%8D%E0%A6%9F%E0%A7%8D%E0%A6%B0%E0%A6%BF%E0%A6%AF%E0%A6%BC%E0%A6%BE%E0%A6%B0_%E0%A6%B8%E0%A6%AE%E0%A6%BE%E0%A6%9C%E0%A6%AC%E0%A6%BE%E0%A6%A6%E0%A7%80_%E0%A6%97%E0%A6%A3%E0%A6%A4%E0%A6%A8%E0%A7%8D%E0%A6%A4%E0%A7%8D%E0%A6%B0%E0%A7%80_%E0%A6%AA%E0%A6%BE%E0%A6%B0%E0%A7%8D%E0%A6%9F%E0%A6%BF","*":"\u0985\u09b8\u09cd\u099f\u09cd\u09b0\u09bf\u09af\u09bc\u09be\u09b0 \u09b8\u09ae\u09be\u099c\u09ac\u09be\u09a6\u09c0 \u0997\u09a3\u09a4\u09a8\u09cd\u09a4\u09cd\u09b0\u09c0 \u09aa\u09be\u09b0\u09cd\u099f\u09bf"},{"lang":"ca","url":"https://ca.wikipedia.org/wiki/Partit_Socialdem%C3%B2crata_d%27%C3%80ustria","*":"Partit Socialdem\u00f2crata d'\u00c0ustria"},{"lang":"cs","url":"https://cs.wikipedia.org/wiki/Soci%C3%A1ln%C4%9B_demokratick%C3%A1_strana_Rakouska","*":"Soci\u00e1ln\u011b demokratick\u00e1 strana Rakouska"},{"lang":"da","url":"https://da.wikipedia.org/wiki/SP%C3%96","*":"SP\u00d6"},{"lang":"de","url":"https://de.wikipedia.org/wiki/Sozialdemokratische_Partei_%C3%96sterreichs","*":"Sozialdemokratische Partei \u00d6sterreichs"},{"lang":"el","url":"https://el.wikipedia.org/wiki/%CE%A3%CE%BF%CF%83%CE%B9%CE%B1%CE%BB%CE%B4%CE%B7%CE%BC%CE%BF%CE%BA%CF%81%CE%B1%CF%84%CE%B9%CE%BA%CF%8C_%CE%9A%CF%8C%CE%BC%CE%BC%CE%B1_%CF%84%CE%B7%CF%82_%CE%91%CF%85%CF%83%CF%84%CF%81%CE%AF%CE%B1%CF%82","*":"\u03a3\u03bf\u03c3\u03b9\u03b1\u03bb\u03b4\u03b7\u03bc\u03bf\u03ba\u03c1\u03b1\u03c4\u03b9\u03ba\u03cc \u039a\u03cc\u03bc\u03bc\u03b1 \u03c4\u03b7\u03c2 \u0391\u03c5\u03c3\u03c4\u03c1\u03af\u03b1\u03c2"},{"lang":"eo","url":"https://eo.wikipedia.org/wiki/Socialdemokratia_Partio_de_A%C5%ADstrio","*":"Socialdemokratia Partio de A\u016dstrio"},{"lang":"es","url":"https://es.wikipedia.org/wiki/Partido_Socialdem%C3%B3crata_de_Austria","*":"Partido Socialdem\u00f3crata de Austria"},{"lang":"et","url":"https://et.wikipedia.org/wiki/Austria_Sotsiaaldemokraatlik_Partei","*":"Austria Sotsiaaldemokraatlik Partei"},{"lang":"fa","url":"https://fa.wikipedia.org/wiki/%D8%AD%D8%B2%D8%A8_%D8%B3%D9%88%D8%B3%DB%8C%D8%A7%D9%84%E2%80%8C%D8%AF%D9%85%D9%88%DA%A9%D8%B1%D8%A7%D8%AA_%D8%A7%D8%AA%D8%B1%DB%8C%D8%B4","*":"\u062d\u0632\u0628 \u0633\u0648\u0633\u06cc\u0627\u0644\u200c\u062f\u0645\u0648\u06a9\u0631\u0627\u062a \u0627\u062a\u0631\u06cc\u0634"},{"lang":"fi","url":"https://fi.wikipedia.org/wiki/It%C3%A4vallan_sosiaalidemokraattinen_puolue","*":"It\u00e4vallan sosiaalidemokraattinen puolue"},{"lang":"fr","url":"https://fr.wikipedia.org/wiki/Parti_social-d%C3%A9mocrate_d%27Autriche","*":"Parti social-d\u00e9mocrate d'Autriche"},{"lang":"gl","url":"https://gl.wikipedia.org/wiki/Partido_Socialdem%C3%B3crata_de_Austria","*":"Partido Socialdem\u00f3crata de Austria"},{"lang":"he","url":"https://he.wikipedia.org/wiki/%D7%94%D7%9E%D7%A4%D7%9C%D7%92%D7%94_%D7%94%D7%A1%D7%95%D7%A6%D7%99%D7%90%D7%9C-%D7%93%D7%9E%D7%95%D7%A7%D7%A8%D7%98%D7%99%D7%AA_%D7%94%D7%90%D7%95%D7%A1%D7%98%D7%A8%D7%99%D7%AA","*":"\u05d4\u05de\u05e4\u05dc\u05d2\u05d4 \u05d4\u05e1\u05d5\u05e6\u05d9\u05d0\u05dc-\u05d3\u05de\u05d5\u05e7\u05e8\u05d8\u05d9\u05ea \u05d4\u05d0\u05d5\u05e1\u05d8\u05e8\u05d9\u05ea"},{"lang":"hi","url":"https://hi.wikipedia.org/wiki/%E0%A4%86%E0%A4%B8%E0%A5%8D%E0%A4%9F%E0%A5%8D%E0%A4%B0%E0%A4%BF%E0%A4%AF%E0%A4%BE_%E0%A4%95%E0%A5%80_%E0%A4%B8%E0%A4%AE%E0%A4%BE%E0%A4%9C%E0%A4%BF%E0%A4%95_%E0%A4%9C%E0%A4%A8%E0%A4%B5%E0%A4%BE%E0%A4%A6%E0%A5%80_%E0%A4%AA%E0%A4%BE%E0%A4%B0%E0%A5%8D%E0%A4%9F%E0%A5%80","*":"\u0906\u0938\u094d\u091f\u094d\u0930\u093f\u092f\u093e \u0915\u0940 \u0938\u092e\u093e\u091c\u093f\u0915 \u091c\u0928\u0935\u093e\u0926\u0940 \u092a\u093e\u0930\u094d\u091f\u0940"},{"lang":"hr","url":"https://hr.wikipedia.org/wiki/Socijaldemokratska_stranka_Austrije","*":"Socijaldemokratska stranka Austrije"},{"lang":"hu","url":"https://hu.wikipedia.org/wiki/Ausztria_Szoci%C3%A1ldemokrata_P%C3%A1rtja","*":"Ausztria Szoci\u00e1ldemokrata P\u00e1rtja"},{"lang":"hy","url":"https://hy.wikipedia.org/wiki/%D4%B1%D5%BE%D5%BD%D5%BF%D6%80%D5%AB%D5%A1%D5%B5%D5%AB_%D5%BD%D5%B8%D6%81%D5%AB%D5%A1%D5%AC-%D5%A4%D5%A5%D5%B4%D5%B8%D5%AF%D6%80%D5%A1%D5%BF%D5%A1%D5%AF%D5%A1%D5%B6_%D5%AF%D5%B8%D6%82%D5%BD%D5%A1%D5%AF%D6%81%D5%B8%D6%82%D5%A9%D5%B5%D5%B8%D6%82%D5%B6","*":"\u0531\u057e\u057d\u057f\u0580\u056b\u0561\u0575\u056b \u057d\u0578\u0581\u056b\u0561\u056c-\u0564\u0565\u0574\u0578\u056f\u0580\u0561\u057f\u0561\u056f\u0561\u0576 \u056f\u0578\u0582\u057d\u0561\u056f\u0581\u0578\u0582\u0569\u0575\u0578\u0582\u0576"},{"lang":"hyw","url":"https://hyw.wikipedia.org/wiki/%D4%B1%D6%82%D5%BD%D5%BF%D6%80%D5%AB%D5%B8%D5%B5_%D5%8D%D5%B8%D6%81%D5%AB%D5%A1%D5%AC-%D4%B4%D5%A5%D5%B4%D5%B8%D5%AF%D6%80%D5%A1%D5%BF%D5%A1%D5%AF%D5%A1%D5%B6_%D4%BF%D5%B8%D6%82%D5%BD%D5%A1%D5%AF%D6%81%D5%B8%D6%82%D5%A9%D5%AB%D6%82%D5%B6","*":"\u0531\u0582\u057d\u057f\u0580\u056b\u0578\u0575 \u054d\u0578\u0581\u056b\u0561\u056c-\u0534\u0565\u0574\u0578\u056f\u0580\u0561\u057f\u0561\u056f\u0561\u0576 \u053f\u0578\u0582\u057d\u0561\u056f\u0581\u0578\u0582\u0569\u056b\u0582\u0576"},{"lang":"id","url":"https://id.wikipedia.org/wiki/Partai_Demokrat_Sosial_Austria","*":"Partai Demokrat Sosial Austria"},{"lang":"it","url":"https://it.wikipedia.org/wiki/Partito_Socialdemocratico_d%27Austria","*":"Partito Socialdemocratico d'Austria"},{"lang":"ja","url":"https://ja.wikipedia.org/wiki/%E3%82%AA%E3%83%BC%E3%82%B9%E3%83%88%E3%83%AA%E3%82%A2%E7%A4%BE%E4%BC%9A%E6%B0%91%E4%B8%BB%E5%85%9A","*":"\u30aa\u30fc\u30b9\u30c8\u30ea\u30a2\u793e\u4f1a\u6c11\u4e3b\u515a"},{"lang":"ka","url":"https://ka.wikipedia.org/wiki/%E1%83%90%E1%83%95%E1%83%A1%E1%83%A2%E1%83%A0%E1%83%98%E1%83%98%E1%83%A1_%E1%83%A1%E1%83%9D%E1%83%AA%E1%83%98%E1%83%90%E1%83%9A-%E1%83%93%E1%83%94%E1%83%9B%E1%83%9D%E1%83%99%E1%83%A0%E1%83%90%E1%83%A2%E1%83%98%E1%83%A3%E1%83%9A%E1%83%98_%E1%83%9E%E1%83%90%E1%83%A0%E1%83%A2%E1%83%98%E1%83%90","*":"\u10d0\u10d5\u10e1\u10e2\u10e0\u10d8\u10d8\u10e1 \u10e1\u10dd\u10ea\u10d8\u10d0\u10da-\u10d3\u10d4\u10db\u10dd\u10d9\u10e0\u10d0\u10e2\u10d8\u10e3\u10da\u10d8 \u10de\u10d0\u10e0\u10e2\u10d8\u10d0"},{"lang":"ko","url":"https://ko.wikipedia.org/wiki/%EC%98%A4%EC%8A%A4%ED%8A%B8%EB%A6%AC%EC%95%84_%EC%82%AC%ED%9A%8C%EB%AF%BC%EC%A3%BC%EB%8B%B9","*":"\uc624\uc2a4\ud2b8\ub9ac\uc544 \uc0ac\ud68c\ubbfc\uc8fc\ub2f9"},{"lang":"ku","url":"https://ku.wikipedia.org/wiki/Partiya_Sosyaldemokrat_a_Awistriyay%C3%AA","*":"Partiya Sosyaldemokrat a Awistriyay\u00ea"},{"lang":"la","url":"https://la.wikipedia.org/wiki/Factio_socialis_democratica_Austriae","*":"Factio socialis democratica Austriae"},{"lang":"lt","url":"https://lt.wikipedia.org/wiki/Austrijos_socialdemokrat%C5%B3_partija","*":"Austrijos socialdemokrat\u0173 partija"},{"lang":"lv","url":"https://lv.wikipedia.org/wiki/Austrijas_Soci%C4%81ldemokr%C4%81tisk%C4%81_partija","*":"Austrijas Soci\u0101ldemokr\u0101tisk\u0101 partija"},{"lang":"ne","url":"https://ne.wikipedia.org/wiki/%E0%A4%85%E0%A4%B8%E0%A5%8D%E0%A4%9F%E0%A5%8D%E0%A4%B0%E0%A4%BF%E0%A4%AF%E0%A4%BE_%E0%A4%B8%E0%A4%BE%E0%A4%AE%E0%A4%BE%E0%A4%9C%E0%A4%BF%E0%A4%95-%E0%A4%9C%E0%A4%A8%E0%A4%B5%E0%A4%BE%E0%A4%A6%E0%A5%80_%E0%A4%AA%E0%A4%BE%E0%A4%B0%E0%A5%8D%E0%A4%9F%E0%A5%80","*":"\u0905\u0938\u094d\u091f\u094d\u0930\u093f\u092f\u093e \u0938\u093e\u092e\u093e\u091c\u093f\u0915-\u091c\u0928\u0935\u093e\u0926\u0940 \u092a\u093e\u0930\u094d\u091f\u0940"},{"lang":"nl","url":"https://nl.wikipedia.org/wiki/Sociaaldemocratische_Partij_van_Oostenrijk","*":"Sociaaldemocratische Partij van Oostenrijk"},{"lang":"nn","url":"https://nn.wikipedia.org/wiki/Sozialdemokratische_Partei_%C3%96sterreichs","*":"Sozialdemokratische Partei \u00d6sterreichs"},{"lang":"nb","url":"https://no.wikipedia.org/wiki/Sozialdemokratische_Partei_%C3%96sterreichs","*":"Sozialdemokratische Partei \u00d6sterreichs"},{"lang":"pl","url":"https://pl.wikipedia.org/wiki/Socjaldemokratyczna_Partia_Austrii","*":"Socjaldemokratyczna Partia Austrii"},{"lang":"pms","url":"https://pms.wikipedia.org/wiki/SP%C3%96","*":"SP\u00d6"},{"lang":"pt","url":"https://pt.wikipedia.org/wiki/Partido_Social-Democrata_da_%C3%81ustria","*":"Partido Social-Democrata da \u00c1ustria"},{"lang":"ro","url":"https://ro.wikipedia.org/wiki/Partidul_Social_Democrat_din_Austria","*":"Partidul Social Democrat din Austria"},{"lang":"ru","url":"https://ru.wikipedia.org/wiki/%D0%A1%D0%BE%D1%86%D0%B8%D0%B0%D0%BB-%D0%B4%D0%B5%D0%BC%D0%BE%D0%BA%D1%80%D0%B0%D1%82%D0%B8%D1%87%D0%B5%D1%81%D0%BA%D0%B0%D1%8F_%D0%BF%D0%B0%D1%80%D1%82%D0%B8%D1%8F_%D0%90%D0%B2%D1%81%D1%82%D1%80%D0%B8%D0%B8","*":"\u0421\u043e\u0446\u0438\u0430\u043b-\u0434\u0435\u043c\u043e\u043a\u0440\u0430\u0442\u0438\u0447\u0435\u0441\u043a\u0430\u044f \u043f\u0430\u0440\u0442\u0438\u044f \u0410\u0432\u0441\u0442\u0440\u0438\u0438"},{"lang":"scn","url":"https://scn.wikipedia.org/wiki/Partitu_Suciald%C3%ACmucraticu_Austriacu","*":"Partitu Suciald\u00ecmucraticu Austriacu"},{"lang":"sh","url":"https://sh.wikipedia.org/wiki/Socijaldemokratska_partija_Austrije","*":"Socijaldemokratska partija Austrije"},{"lang":"simple","url":"https://simple.wikipedia.org/wiki/Social_Democratic_Party_of_Austria","*":"Social Democratic Party of Austria"},{"lang":"sr","url":"https://sr.wikipedia.org/wiki/%D0%A1%D0%BE%D1%86%D0%B8%D1%98%D0%B0%D0%BB%D0%B4%D0%B5%D0%BC%D0%BE%D0%BA%D1%80%D0%B0%D1%82%D1%81%D0%BA%D0%B0_%D0%BF%D0%B0%D1%80%D1%82%D0%B8%D1%98%D0%B0_%D0%90%D1%83%D1%81%D1%82%D1%80%D0%B8%D1%98%D0%B5","*":"\u0421\u043e\u0446\u0438\u0458\u0430\u043b\u0434\u0435\u043c\u043e\u043a\u0440\u0430\u0442\u0441\u043a\u0430 \u043f\u0430\u0440\u0442\u0438\u0458\u0430 \u0410\u0443\u0441\u0442\u0440\u0438\u0458\u0435"},{"lang":"sv","url":"https://sv.wikipedia.org/wiki/Socialdemokraterna_(%C3%96sterrike)","*":"Socialdemokraterna (\u00d6sterrike)"},{"lang":"ta","url":"https://ta.wikipedia.org/wiki/%E0%AE%86%E0%AE%B8%E0%AF%8D%E0%AE%A4%E0%AE%BF%E0%AE%B0%E0%AE%BF%E0%AE%AF_%E0%AE%9A%E0%AE%AE%E0%AF%82%E0%AE%95_%E0%AE%9C%E0%AE%A9%E0%AE%A8%E0%AE%BE%E0%AE%AF%E0%AE%95%E0%AE%95%E0%AF%8D_%E0%AE%95%E0%AE%9F%E0%AF%8D%E0%AE%9A%E0%AE%BF","*":"\u0b86\u0bb8\u0bcd\u0ba4\u0bbf\u0bb0\u0bbf\u0baf \u0b9a\u0bae\u0bc2\u0b95 \u0b9c\u0ba9\u0ba8\u0bbe\u0baf\u0b95\u0b95\u0bcd \u0b95\u0b9f\u0bcd\u0b9a\u0bbf"},{"lang":"tl","url":"https://tl.wikipedia.org/wiki/Partido_Sosyaldemokrata_ng_Austria","*":"Partido Sosyaldemokrata ng Austria"},{"lang":"tr","url":"https://tr.wikipedia.org/wiki/Avusturya_Sosyal_Demokrat_Partisi","*":"Avusturya Sosyal Demokrat Partisi"},{"lang":"uk","url":"https://uk.wikipedia.org/wiki/%D0%A1%D0%BE%D1%86%D1%96%D0%B0%D0%BB-%D0%B4%D0%B5%D0%BC%D0%BE%D0%BA%D1%80%D0%B0%D1%82%D0%B8%D1%87%D0%BD%D0%B0_%D0%BF%D0%B0%D1%80%D1%82%D1%96%D1%8F_%D0%90%D0%B2%D1%81%D1%82%D1%80%D1%96%D1%97","*":"\u0421\u043e\u0446\u0456\u0430\u043b-\u0434\u0435\u043c\u043e\u043a\u0440\u0430\u0442\u0438\u0447\u043d\u0430 \u043f\u0430\u0440\u0442\u0456\u044f \u0410\u0432\u0441\u0442\u0440\u0456\u0457"},{"lang":"zh","url":"https://zh.wikipedia.org/wiki/%E5%A5%A5%E5%9C%B0%E5%88%A9%E7%A4%BE%E4%BC%9A%E6%B0%91%E4%B8%BB%E5%85%9A","*":"\u5965\u5730\u5229\u793e\u4f1a\u6c11\u4e3b\u515a"}]}}}}