{"partyfacts_id":139,"batchcomplete":"","query":{"normalized":[{"from":"Convergence_and_Union","to":"Convergence and Union"}],"pages":{"449305":{"pageid":449305,"ns":0,"title":"Convergence and Union","langlinks":[{"lang":"an","url":"https://an.wikipedia.org/wiki/Converg%C3%A8ncia_i_Uni%C3%B3","*":"Converg\u00e8ncia i Uni\u00f3"},{"lang":"ast","url":"https://ast.wikipedia.org/wiki/Converg%C3%A8ncia_i_Uni%C3%B3","*":"Converg\u00e8ncia i Uni\u00f3"},{"lang":"be","url":"https://be.wikipedia.org/wiki/%D0%9A%D0%B0%D0%BD%D0%B2%D0%B5%D1%80%D0%B3%D0%B5%D0%BD%D1%86%D1%8B%D1%8F_%D1%96_%D0%A1%D0%B0%D1%8E%D0%B7","*":"\u041a\u0430\u043d\u0432\u0435\u0440\u0433\u0435\u043d\u0446\u044b\u044f \u0456 \u0421\u0430\u044e\u0437"},{"lang":"bg","url":"https://bg.wikipedia.org/wiki/%D0%9A%D0%BE%D0%BD%D0%B2%D0%B5%D1%80%D0%B3%D0%B5%D0%BD%D1%86%D0%B8%D1%8F_%D0%B8_%D1%81%D1%8A%D1%8E%D0%B7","*":"\u041a\u043e\u043d\u0432\u0435\u0440\u0433\u0435\u043d\u0446\u0438\u044f \u0438 \u0441\u044a\u044e\u0437"},{"lang":"br","url":"https://br.wikipedia.org/wiki/Converg%C3%A8ncia_i_Uni%C3%B3","*":"Converg\u00e8ncia i Uni\u00f3"},{"lang":"ca","url":"https://ca.wikipedia.org/wiki/Converg%C3%A8ncia_i_Uni%C3%B3","*":"Converg\u00e8ncia i Uni\u00f3"},{"lang":"cy","url":"https://cy.wikipedia.org/wiki/Converg%C3%A8ncia_i_Uni%C3%B3","*":"Converg\u00e8ncia i Uni\u00f3"},{"lang":"da","url":"https://da.wikipedia.org/wiki/Converg%C3%A8ncia_i_Uni%C3%B3","*":"Converg\u00e8ncia i Uni\u00f3"},{"lang":"de","url":"https://de.wikipedia.org/wiki/Converg%C3%A8ncia_i_Uni%C3%B3","*":"Converg\u00e8ncia i Uni\u00f3"},{"lang":"el","url":"https://el.wikipedia.org/wiki/%CE%A3%CF%8D%CE%B3%CE%BA%CE%BB%CE%B9%CF%83%CE%B7_%CE%BA%CE%B1%CE%B9_%CE%88%CE%BD%CF%89%CF%83%CE%B7","*":"\u03a3\u03cd\u03b3\u03ba\u03bb\u03b9\u03c3\u03b7 \u03ba\u03b1\u03b9 \u0388\u03bd\u03c9\u03c3\u03b7"},{"lang":"eo","url":"https://eo.wikipedia.org/wiki/Converg%C3%A8ncia_i_Uni%C3%B3","*":"Converg\u00e8ncia i Uni\u00f3"},{"lang":"es","url":"https://es.wikipedia.org/wiki/Converg%C3%A8ncia_i_Uni%C3%B3","*":"Converg\u00e8ncia i Uni\u00f3"},{"lang":"eu","url":"https://eu.wikipedia.org/wiki/Konbergentzia_eta_Batasuna","*":"Konbergentzia eta Batasuna"},{"lang":"fi","url":"https://fi.wikipedia.org/wiki/Converg%C3%A8ncia_i_Uni%C3%B3","*":"Converg\u00e8ncia i Uni\u00f3"},{"lang":"fr","url":"https://fr.wikipedia.org/wiki/Convergence_et_Union","*":"Convergence et Union"},{"lang":"gl","url":"https://gl.wikipedia.org/wiki/Converg%C3%A8ncia_i_Uni%C3%B3","*":"Converg\u00e8ncia i Uni\u00f3"},{"lang":"he","url":"https://he.wikipedia.org/wiki/CiU","*":"CiU"},{"lang":"it","url":"https://it.wikipedia.org/wiki/Convergenza_e_Unione","*":"Convergenza e Unione"},{"lang":"ja","url":"https://ja.wikipedia.org/wiki/%E9%9B%86%E4%B8%AD%E3%81%A8%E7%B5%B1%E4%B8%80","*":"\u96c6\u4e2d\u3068\u7d71\u4e00"},{"lang":"nl","url":"https://nl.wikipedia.org/wiki/Converg%C3%A8ncia_i_Uni%C3%B3","*":"Converg\u00e8ncia i Uni\u00f3"},{"lang":"nb","url":"https://no.wikipedia.org/wiki/Converg%C3%A8ncia_i_Uni%C3%B3","*":"Converg\u00e8ncia i Uni\u00f3"},{"lang":"pl","url":"https://pl.wikipedia.org/wiki/Konwergencja_i_Unia","*":"Konwergencja i Unia"},{"lang":"pt","url":"https://pt.wikipedia.org/wiki/Converg%C3%AAncia_e_Uni%C3%A3o","*":"Converg\u00eancia e Uni\u00e3o"},{"lang":"ro","url":"https://ro.wikipedia.org/wiki/Convergen%C8%9B%C4%83_%C8%99i_Uniune","*":"Convergen\u021b\u0103 \u0219i Uniune"},{"lang":"ru","url":"https://ru.wikipedia.org/wiki/%D0%9A%D0%BE%D0%BD%D0%B2%D0%B5%D1%80%D0%B3%D0%B5%D0%BD%D1%86%D0%B8%D1%8F_%D0%B8_%D0%A1%D0%BE%D1%8E%D0%B7","*":"\u041a\u043e\u043d\u0432\u0435\u0440\u0433\u0435\u043d\u0446\u0438\u044f \u0438 \u0421\u043e\u044e\u0437"},{"lang":"sr","url":"https://sr.wikipedia.org/wiki/%D0%9A%D0%BE%D0%BD%D0%B2%D0%B5%D1%80%D0%B3%D0%B5%D0%BD%D1%86%D0%B8%D1%98%D0%B0_%D0%B8_%D1%83%D0%BD%D0%B8%D1%98%D0%B0","*":"\u041a\u043e\u043d\u0432\u0435\u0440\u0433\u0435\u043d\u0446\u0438\u0458\u0430 \u0438 \u0443\u043d\u0438\u0458\u0430"},{"lang":"sv","url":"https://sv.wikipedia.org/wiki/Converg%C3%A8ncia_i_Uni%C3%B3","*":"Converg\u00e8ncia i Uni\u00f3"},{"lang":"tr","url":"https://tr.wikipedia.org/wiki/Y%C3%B6nelim_ve_Birlik","*":"Y\u00f6nelim ve Birlik"},{"lang":"uk","url":"https://uk.wikipedia.org/wiki/%D0%9A%D0%BE%D0%BD%D0%B2%D0%B5%D1%80%D0%B3%D0%B5%D0%BD%D1%86%D1%96%D1%8F_%D1%82%D0%B0_%D0%84%D0%B4%D0%BD%D0%B0%D0%BD%D0%BD%D1%8F","*":"\u041a\u043e\u043d\u0432\u0435\u0440\u0433\u0435\u043d\u0446\u0456\u044f \u0442\u0430 \u0404\u0434\u043d\u0430\u043d\u043d\u044f"},{"lang":"zh","url":"https://zh.wikipedia.org/wiki/%E7%BB%9F%E4%B8%80%E4%B8%8E%E8%81%94%E5%90%88","*":"\u7edf\u4e00\u4e0e\u8054\u5408"}]}}}}