{"partyfacts_id":1391,"batchcomplete":"","query":{"normalized":[{"from":"National_Labour_Party_(Ireland)","to":"National Labour Party (Ireland)"}],"pages":{"1255551":{"pageid":1255551,"ns":0,"title":"National Labour Party (Ireland)","langlinks":[{"lang":"ca","url":"https://ca.wikipedia.org/wiki/Partit_Nacional_Laborista","*":"Partit Nacional Laborista"},{"lang":"es","url":"https://es.wikipedia.org/wiki/Partido_Nacional_Laborista_(Irlanda)","*":"Partido Nacional Laborista (Irlanda)"},{"lang":"fr","url":"https://fr.wikipedia.org/wiki/Parti_national_du_travail_(Irlande)","*":"Parti national du travail (Irlande)"},{"lang":"ga","url":"https://ga.wikipedia.org/wiki/P%C3%A1irt%C3%AD_N%C3%A1isi%C3%BAnta_an_Lucht_Oibre_(%C3%89ire)","*":"P\u00e1irt\u00ed N\u00e1isi\u00fanta an Lucht Oibre (\u00c9ire)"}]}}}}