{"partyfacts_id":1398,"batchcomplete":"","query":{"normalized":[{"from":"Ahdut_HaAvoda","to":"Ahdut HaAvoda"}],"pages":{"41585646":{"pageid":41585646,"ns":0,"title":"Ahdut HaAvoda","langlinks":[{"lang":"ca","url":"https://ca.wikipedia.org/wiki/Ahdut_ha-Avod%C3%A0","*":"Ahdut ha-Avod\u00e0"},{"lang":"cs","url":"https://cs.wikipedia.org/wiki/Achdut_ha-avoda","*":"Achdut ha-avoda"},{"lang":"de","url":"https://de.wikipedia.org/wiki/Achdut_haAwoda_(1919)","*":"Achdut haAwoda (1919)"},{"lang":"fr","url":"https://fr.wikipedia.org/wiki/Akhdut_HaAvoda","*":"Akhdut HaAvoda"},{"lang":"he","url":"https://he.wikipedia.org/wiki/%D7%90%D7%97%D7%93%D7%95%D7%AA_%D7%94%D7%A2%D7%91%D7%95%D7%93%D7%94","*":"\u05d0\u05d7\u05d3\u05d5\u05ea \u05d4\u05e2\u05d1\u05d5\u05d3\u05d4"},{"lang":"pl","url":"https://pl.wikipedia.org/wiki/Achdut_ha-Awoda","*":"Achdut ha-Awoda"},{"lang":"ru","url":"https://ru.wikipedia.org/wiki/%D0%90%D1%85%D0%B4%D1%83%D1%82_%D1%85%D0%B0-%D0%90%D0%B2%D0%BE%D0%B4%D0%B0","*":"\u0410\u0445\u0434\u0443\u0442 \u0445\u0430-\u0410\u0432\u043e\u0434\u0430"}]}}}}