{"partyfacts_id":14,"batchcomplete":"","query":{"normalized":[{"from":"Radical_Party_(France)","to":"Radical Party (France)"}],"pages":{"387766":{"pageid":387766,"ns":0,"title":"Radical Party (France)","langlinks":[{"lang":"ar","url":"https://ar.wikipedia.org/wiki/%D8%A7%D9%84%D8%AD%D8%B2%D8%A8_%D8%A7%D9%84%D8%B1%D8%A7%D8%AF%D9%8A%D9%83%D8%A7%D9%84%D9%8A_(%D9%81%D8%B1%D9%86%D8%B3%D8%A7)","*":"\u0627\u0644\u062d\u0632\u0628 \u0627\u0644\u0631\u0627\u062f\u064a\u0643\u0627\u0644\u064a (\u0641\u0631\u0646\u0633\u0627)"},{"lang":"bg","url":"https://bg.wikipedia.org/wiki/%D0%A0%D0%B0%D0%B4%D0%B8%D0%BA%D0%B0%D0%BB%D0%BD%D0%B0_%D0%BF%D0%B0%D1%80%D1%82%D0%B8%D1%8F_(%D0%A4%D1%80%D0%B0%D0%BD%D1%86%D0%B8%D1%8F)","*":"\u0420\u0430\u0434\u0438\u043a\u0430\u043b\u043d\u0430 \u043f\u0430\u0440\u0442\u0438\u044f (\u0424\u0440\u0430\u043d\u0446\u0438\u044f)"},{"lang":"cs","url":"https://cs.wikipedia.org/wiki/Parti_radical_valoisien","*":"Parti radical valoisien"},{"lang":"cy","url":"https://cy.wikipedia.org/wiki/Y_Blaid_Radicalaidd_(Ffrainc)","*":"Y Blaid Radicalaidd (Ffrainc)"},{"lang":"da","url":"https://da.wikipedia.org/wiki/Parti_Radical","*":"Parti Radical"},{"lang":"de","url":"https://de.wikipedia.org/wiki/Parti_radical_valoisien","*":"Parti radical valoisien"},{"lang":"eo","url":"https://eo.wikipedia.org/wiki/Radikala_Partio_(Francio)","*":"Radikala Partio (Francio)"},{"lang":"es","url":"https://es.wikipedia.org/wiki/Partido_Radical_(Francia)","*":"Partido Radical (Francia)"},{"lang":"fi","url":"https://fi.wikipedia.org/wiki/Radikaalipuolue_(Ranska)","*":"Radikaalipuolue (Ranska)"},{"lang":"fr","url":"https://fr.wikipedia.org/wiki/Parti_radical_(France)","*":"Parti radical (France)"},{"lang":"gl","url":"https://gl.wikipedia.org/wiki/Partido_Radical_e_Radical_Socialista","*":"Partido Radical e Radical Socialista"},{"lang":"he","url":"https://he.wikipedia.org/wiki/%D7%94%D7%9E%D7%A4%D7%9C%D7%92%D7%94_%D7%94%D7%A8%D7%93%D7%99%D7%A7%D7%9C%D7%99%D7%AA_(%D7%A6%D7%A8%D7%A4%D7%AA)","*":"\u05d4\u05de\u05e4\u05dc\u05d2\u05d4 \u05d4\u05e8\u05d3\u05d9\u05e7\u05dc\u05d9\u05ea (\u05e6\u05e8\u05e4\u05ea)"},{"lang":"it","url":"https://it.wikipedia.org/wiki/Partito_Radicale_(Francia)","*":"Partito Radicale (Francia)"},{"lang":"ja","url":"https://ja.wikipedia.org/wiki/%E6%80%A5%E9%80%B2%E5%85%9A","*":"\u6025\u9032\u515a"},{"lang":"ko","url":"https://ko.wikipedia.org/wiki/%EA%B8%89%EC%A7%84%EB%8B%B9_(%ED%94%84%EB%9E%91%EC%8A%A4)","*":"\uae09\uc9c4\ub2f9 (\ud504\ub791\uc2a4)"},{"lang":"lv","url":"https://lv.wikipedia.org/wiki/Radik%C4%81l%C4%81_partija_(Francija)","*":"Radik\u0101l\u0101 partija (Francija)"},{"lang":"nl","url":"https://nl.wikipedia.org/wiki/Parti_radical_valoisien","*":"Parti radical valoisien"},{"lang":"nb","url":"https://no.wikipedia.org/wiki/Parti_radical","*":"Parti radical"},{"lang":"pl","url":"https://pl.wikipedia.org/wiki/Partia_Radykalna_(Francja)","*":"Partia Radykalna (Francja)"},{"lang":"pt","url":"https://pt.wikipedia.org/wiki/Partido_Radical_(Fran%C3%A7a)","*":"Partido Radical (Fran\u00e7a)"},{"lang":"ru","url":"https://ru.wikipedia.org/wiki/%D0%A0%D0%B0%D0%B4%D0%B8%D0%BA%D0%B0%D0%BB%D1%8C%D0%BD%D0%B0%D1%8F_%D0%BF%D0%B0%D1%80%D1%82%D0%B8%D1%8F_(%D0%A4%D1%80%D0%B0%D0%BD%D1%86%D0%B8%D1%8F)","*":"\u0420\u0430\u0434\u0438\u043a\u0430\u043b\u044c\u043d\u0430\u044f \u043f\u0430\u0440\u0442\u0438\u044f (\u0424\u0440\u0430\u043d\u0446\u0438\u044f)"},{"lang":"sv","url":"https://sv.wikipedia.org/wiki/Parti_Radical","*":"Parti Radical"},{"lang":"tr","url":"https://tr.wikipedia.org/wiki/Radikal_Parti_(Fransa)","*":"Radikal Parti (Fransa)"},{"lang":"uk","url":"https://uk.wikipedia.org/wiki/%D0%A0%D0%B0%D0%B4%D0%B8%D0%BA%D0%B0%D0%BB%D1%8C%D0%BD%D0%B0_%D0%BF%D0%B0%D1%80%D1%82%D1%96%D1%8F_(%D0%A4%D1%80%D0%B0%D0%BD%D1%86%D1%96%D1%8F)","*":"\u0420\u0430\u0434\u0438\u043a\u0430\u043b\u044c\u043d\u0430 \u043f\u0430\u0440\u0442\u0456\u044f (\u0424\u0440\u0430\u043d\u0446\u0456\u044f)"},{"lang":"zh","url":"https://zh.wikipedia.org/wiki/%E6%BF%80%E9%80%B2%E9%BB%A8","*":"\u6fc0\u9032\u9ee8"}]}}}}