{"partyfacts_id":1403,"batchcomplete":"","query":{"normalized":[{"from":"Social_Democrats_(Slovenia)","to":"Social Democrats (Slovenia)"}],"pages":{"723555":{"pageid":723555,"ns":0,"title":"Social Democrats (Slovenia)","langlinks":[{"lang":"be","url":"https://be.wikipedia.org/wiki/%D0%A1%D0%B0%D1%86%D1%8B%D1%8F%D0%BB-%D0%B4%D1%8D%D0%BC%D0%B0%D0%BA%D1%80%D0%B0%D1%82%D1%8B_(%D0%A1%D0%BB%D0%B0%D0%B2%D0%B5%D0%BD%D1%96%D1%8F)","*":"\u0421\u0430\u0446\u044b\u044f\u043b-\u0434\u044d\u043c\u0430\u043a\u0440\u0430\u0442\u044b (\u0421\u043b\u0430\u0432\u0435\u043d\u0456\u044f)"},{"lang":"bg","url":"https://bg.wikipedia.org/wiki/%D0%A1%D0%BE%D1%86%D0%B8%D0%B0%D0%BB%D0%BD%D0%B8_%D0%B4%D0%B5%D0%BC%D0%BE%D0%BA%D1%80%D0%B0%D1%82%D0%B8","*":"\u0421\u043e\u0446\u0438\u0430\u043b\u043d\u0438 \u0434\u0435\u043c\u043e\u043a\u0440\u0430\u0442\u0438"},{"lang":"ca","url":"https://ca.wikipedia.org/wiki/Socialdem%C3%B2crates_(Eslov%C3%A8nia)","*":"Socialdem\u00f2crates (Eslov\u00e8nia)"},{"lang":"cs","url":"https://cs.wikipedia.org/wiki/Socialni_demokrati","*":"Socialni demokrati"},{"lang":"de","url":"https://de.wikipedia.org/wiki/Socialni_demokrati","*":"Socialni demokrati"},{"lang":"eo","url":"https://eo.wikipedia.org/wiki/Socialdemokratoj_(Slovenio)","*":"Socialdemokratoj (Slovenio)"},{"lang":"es","url":"https://es.wikipedia.org/wiki/Socialdem%C3%B3cratas_(Eslovenia)","*":"Socialdem\u00f3cratas (Eslovenia)"},{"lang":"et","url":"https://et.wikipedia.org/wiki/Sotsiaaldemokraadid_(Sloveenia)","*":"Sotsiaaldemokraadid (Sloveenia)"},{"lang":"fi","url":"https://fi.wikipedia.org/wiki/Sosiaalidemokraatit_(Slovenia)","*":"Sosiaalidemokraatit (Slovenia)"},{"lang":"fr","url":"https://fr.wikipedia.org/wiki/Sociaux-d%C3%A9mocrates_(Slov%C3%A9nie)","*":"Sociaux-d\u00e9mocrates (Slov\u00e9nie)"},{"lang":"he","url":"https://he.wikipedia.org/wiki/%D7%94%D7%A1%D7%95%D7%A6%D7%99%D7%90%D7%9C-%D7%93%D7%9E%D7%95%D7%A7%D7%A8%D7%98%D7%99%D7%9D_(%D7%A1%D7%9C%D7%95%D7%91%D7%A0%D7%99%D7%94)","*":"\u05d4\u05e1\u05d5\u05e6\u05d9\u05d0\u05dc-\u05d3\u05de\u05d5\u05e7\u05e8\u05d8\u05d9\u05dd (\u05e1\u05dc\u05d5\u05d1\u05e0\u05d9\u05d4)"},{"lang":"it","url":"https://it.wikipedia.org/wiki/Socialdemocratici_(Slovenia)","*":"Socialdemocratici (Slovenia)"},{"lang":"ja","url":"https://ja.wikipedia.org/wiki/%E7%A4%BE%E4%BC%9A%E6%B0%91%E4%B8%BB%E5%85%9A_(%E3%82%B9%E3%83%AD%E3%83%99%E3%83%8B%E3%82%A2)","*":"\u793e\u4f1a\u6c11\u4e3b\u515a (\u30b9\u30ed\u30d9\u30cb\u30a2)"},{"lang":"lt","url":"https://lt.wikipedia.org/wiki/Slov%C4%97nijos_socialin%C4%97s_demokratijos_partija","*":"Slov\u0117nijos socialin\u0117s demokratijos partija"},{"lang":"ms","url":"https://ms.wikipedia.org/wiki/Demokrat_Sosial_(Slovenia)","*":"Demokrat Sosial (Slovenia)"},{"lang":"nl","url":"https://nl.wikipedia.org/wiki/Sociaaldemocraten_(Sloveni%C3%AB)","*":"Sociaaldemocraten (Sloveni\u00eb)"},{"lang":"nn","url":"https://nn.wikipedia.org/wiki/Sosialdemokratane_i_Slovenia","*":"Sosialdemokratane i Slovenia"},{"lang":"pl","url":"https://pl.wikipedia.org/wiki/Socjaldemokraci_(S%C5%82owenia)","*":"Socjaldemokraci (S\u0142owenia)"},{"lang":"pt","url":"https://pt.wikipedia.org/wiki/Social-Democratas_(Eslov%C3%A9nia)","*":"Social-Democratas (Eslov\u00e9nia)"},{"lang":"ru","url":"https://ru.wikipedia.org/wiki/%D0%A1%D0%BE%D1%86%D0%B8%D0%B0%D0%BB-%D0%B4%D0%B5%D0%BC%D0%BE%D0%BA%D1%80%D0%B0%D1%82%D1%8B_(%D0%A1%D0%BB%D0%BE%D0%B2%D0%B5%D0%BD%D0%B8%D1%8F)","*":"\u0421\u043e\u0446\u0438\u0430\u043b-\u0434\u0435\u043c\u043e\u043a\u0440\u0430\u0442\u044b (\u0421\u043b\u043e\u0432\u0435\u043d\u0438\u044f)"},{"lang":"sh","url":"https://sh.wikipedia.org/wiki/Socijalni_demokrati_(Slovenija)","*":"Socijalni demokrati (Slovenija)"},{"lang":"simple","url":"https://simple.wikipedia.org/wiki/Social_Democrats_(Slovenia)","*":"Social Democrats (Slovenia)"},{"lang":"sl","url":"https://sl.wikipedia.org/wiki/Socialni_demokrati","*":"Socialni demokrati"},{"lang":"sr","url":"https://sr.wikipedia.org/wiki/%D0%A1%D0%BE%D1%86%D0%B8%D1%98%D0%B0%D0%BB%D0%B4%D0%B5%D0%BC%D0%BE%D0%BA%D1%80%D0%B0%D1%82%D0%B5_(%D0%A1%D0%BB%D0%BE%D0%B2%D0%B5%D0%BD%D0%B8%D1%98%D0%B0)","*":"\u0421\u043e\u0446\u0438\u0458\u0430\u043b\u0434\u0435\u043c\u043e\u043a\u0440\u0430\u0442\u0435 (\u0421\u043b\u043e\u0432\u0435\u043d\u0438\u0458\u0430)"},{"lang":"sv","url":"https://sv.wikipedia.org/wiki/Socialdemokraterna_(Slovenien)","*":"Socialdemokraterna (Slovenien)"},{"lang":"tr","url":"https://tr.wikipedia.org/wiki/Sosyal_Demokratlar_(Slovenya)","*":"Sosyal Demokratlar (Slovenya)"},{"lang":"uk","url":"https://uk.wikipedia.org/wiki/%D0%A1%D0%BE%D1%86%D1%96%D0%B0%D0%BB-%D0%B4%D0%B5%D0%BC%D0%BE%D0%BA%D1%80%D0%B0%D1%82%D0%B8_(%D0%A1%D0%BB%D0%BE%D0%B2%D0%B5%D0%BD%D1%96%D1%8F)","*":"\u0421\u043e\u0446\u0456\u0430\u043b-\u0434\u0435\u043c\u043e\u043a\u0440\u0430\u0442\u0438 (\u0421\u043b\u043e\u0432\u0435\u043d\u0456\u044f)"},{"lang":"zh","url":"https://zh.wikipedia.org/wiki/%E7%A4%BE%E4%BC%9A%E6%B0%91%E4%B8%BB%E5%85%9A_(%E6%96%AF%E6%B4%9B%E6%96%87%E5%B0%BC%E4%BA%9A)","*":"\u793e\u4f1a\u6c11\u4e3b\u515a (\u65af\u6d1b\u6587\u5c3c\u4e9a)"}]}}}}