{"partyfacts_id":1405,"batchcomplete":"","query":{"normalized":[{"from":"Christian_Democratic_Union_(Ecuador)","to":"Christian Democratic Union (Ecuador)"}],"pages":{"1282875":{"pageid":1282875,"ns":0,"title":"Christian Democratic Union (Ecuador)","langlinks":[{"lang":"de","url":"https://de.wikipedia.org/wiki/Democracia_Popular","*":"Democracia Popular"},{"lang":"es","url":"https://es.wikipedia.org/wiki/Democracia_Popular_(Ecuador)","*":"Democracia Popular (Ecuador)"},{"lang":"fr","url":"https://fr.wikipedia.org/wiki/Union_d%C3%A9mocrate-chr%C3%A9tienne_(%C3%89quateur)","*":"Union d\u00e9mocrate-chr\u00e9tienne (\u00c9quateur)"},{"lang":"it","url":"https://it.wikipedia.org/wiki/Unione_Democratica_Cristiana_(Ecuador)","*":"Unione Democratica Cristiana (Ecuador)"},{"lang":"ru","url":"https://ru.wikipedia.org/wiki/%D0%A5%D1%80%D0%B8%D1%81%D1%82%D0%B8%D0%B0%D0%BD%D1%81%D0%BA%D0%BE-%D0%B4%D0%B5%D0%BC%D0%BE%D0%BA%D1%80%D0%B0%D1%82%D0%B8%D1%87%D0%B5%D1%81%D0%BA%D0%B8%D0%B9_%D1%81%D0%BE%D1%8E%D0%B7_(%D0%AD%D0%BA%D0%B2%D0%B0%D0%B4%D0%BE%D1%80)","*":"\u0425\u0440\u0438\u0441\u0442\u0438\u0430\u043d\u0441\u043a\u043e-\u0434\u0435\u043c\u043e\u043a\u0440\u0430\u0442\u0438\u0447\u0435\u0441\u043a\u0438\u0439 \u0441\u043e\u044e\u0437 (\u042d\u043a\u0432\u0430\u0434\u043e\u0440)"}]}}}}