{"partyfacts_id":1410,"batchcomplete":"","query":{"normalized":[{"from":"Lithuanian_Liberty_Union","to":"Lithuanian Liberty Union"}],"pages":{"42507802":{"pageid":42507802,"ns":0,"title":"Lithuanian Liberty Union","langlinks":[{"lang":"ca","url":"https://ca.wikipedia.org/wiki/Uni%C3%B3_per_la_Llibertat_de_Litu%C3%A0nia","*":"Uni\u00f3 per la Llibertat de Litu\u00e0nia"},{"lang":"it","url":"https://it.wikipedia.org/wiki/Unione_della_Libert%C3%A0_di_Lituania","*":"Unione della Libert\u00e0 di Lituania"},{"lang":"lt","url":"https://lt.wikipedia.org/wiki/Lietuvos_laisv%C4%97s_s%C4%85junga","*":"Lietuvos laisv\u0117s s\u0105junga"}]}}}}