{"partyfacts_id":1412,"batchcomplete":"","query":{"normalized":[{"from":"Christian_Democratic_People's_Party_(Hungary)","to":"Christian Democratic People's Party (Hungary)"}],"pages":{"1811856":{"pageid":1811856,"ns":0,"title":"Christian Democratic People's Party (Hungary)","langlinks":[{"lang":"ar","url":"https://ar.wikipedia.org/wiki/%D8%AD%D8%B2%D8%A8_%D8%A7%D9%84%D8%B4%D8%B9%D8%A8_%D8%A7%D9%84%D8%AF%D9%8A%D9%85%D9%82%D8%B1%D8%A7%D8%B7%D9%8A_%D8%A7%D9%84%D9%85%D8%B3%D9%8A%D8%AD%D9%8A_(%D8%A7%D9%84%D9%85%D8%AC%D8%B1)","*":"\u062d\u0632\u0628 \u0627\u0644\u0634\u0639\u0628 \u0627\u0644\u062f\u064a\u0645\u0642\u0631\u0627\u0637\u064a \u0627\u0644\u0645\u0633\u064a\u062d\u064a (\u0627\u0644\u0645\u062c\u0631)"},{"lang":"bg","url":"https://bg.wikipedia.org/wiki/%D0%A5%D1%80%D0%B8%D1%81%D1%82%D0%B8%D1%8F%D0%BD%D0%B4%D0%B5%D0%BC%D0%BE%D0%BA%D1%80%D0%B0%D1%82%D0%B8%D1%87%D0%B5%D1%81%D0%BA%D0%B0_%D0%BD%D0%B0%D1%80%D0%BE%D0%B4%D0%BD%D0%B0_%D0%BF%D0%B0%D1%80%D1%82%D0%B8%D1%8F","*":"\u0425\u0440\u0438\u0441\u0442\u0438\u044f\u043d\u0434\u0435\u043c\u043e\u043a\u0440\u0430\u0442\u0438\u0447\u0435\u0441\u043a\u0430 \u043d\u0430\u0440\u043e\u0434\u043d\u0430 \u043f\u0430\u0440\u0442\u0438\u044f"},{"lang":"ca","url":"https://ca.wikipedia.org/wiki/Partit_Popular_Democristi%C3%A0_(Hongria)","*":"Partit Popular Democristi\u00e0 (Hongria)"},{"lang":"cs","url":"https://cs.wikipedia.org/wiki/K%C5%99es%C5%A5anskodemokratick%C3%A1_lidov%C3%A1_strana_(Ma%C4%8Farsko)","*":"K\u0159es\u0165anskodemokratick\u00e1 lidov\u00e1 strana (Ma\u010farsko)"},{"lang":"de","url":"https://de.wikipedia.org/wiki/Kereszt%C3%A9nydemokrata_N%C3%A9pp%C3%A1rt","*":"Kereszt\u00e9nydemokrata N\u00e9pp\u00e1rt"},{"lang":"es","url":"https://es.wikipedia.org/wiki/Partido_Popular_Dem%C3%B3crata_Cristiano_(Hungr%C3%ADa)","*":"Partido Popular Dem\u00f3crata Cristiano (Hungr\u00eda)"},{"lang":"fi","url":"https://fi.wikipedia.org/wiki/Kristillisdemokraattinen_kansanpuolue_(Unkari)","*":"Kristillisdemokraattinen kansanpuolue (Unkari)"},{"lang":"fr","url":"https://fr.wikipedia.org/wiki/Parti_populaire_d%C3%A9mocrate-chr%C3%A9tien_(Hongrie)","*":"Parti populaire d\u00e9mocrate-chr\u00e9tien (Hongrie)"},{"lang":"hu","url":"https://hu.wikipedia.org/wiki/Kereszt%C3%A9nydemokrata_N%C3%A9pp%C3%A1rt","*":"Kereszt\u00e9nydemokrata N\u00e9pp\u00e1rt"},{"lang":"id","url":"https://id.wikipedia.org/wiki/Partai_Rakyat_Demokrat_Kristen_(Hongaria)","*":"Partai Rakyat Demokrat Kristen (Hongaria)"},{"lang":"it","url":"https://it.wikipedia.org/wiki/Partito_Popolare_Cristiano_Democratico","*":"Partito Popolare Cristiano Democratico"},{"lang":"ka","url":"https://ka.wikipedia.org/wiki/%E1%83%A3%E1%83%9C%E1%83%92%E1%83%A0%E1%83%94%E1%83%97%E1%83%98%E1%83%A1_%E1%83%A5%E1%83%A0%E1%83%98%E1%83%A1%E1%83%A2%E1%83%98%E1%83%90%E1%83%9C-%E1%83%93%E1%83%94%E1%83%9B%E1%83%9D%E1%83%99%E1%83%A0%E1%83%90%E1%83%A2%E1%83%98%E1%83%A3%E1%83%9A%E1%83%98_%E1%83%A1%E1%83%90%E1%83%AE%E1%83%90%E1%83%9A%E1%83%AE%E1%83%9D_%E1%83%9E%E1%83%90%E1%83%A0%E1%83%A2%E1%83%98%E1%83%90","*":"\u10e3\u10dc\u10d2\u10e0\u10d4\u10d7\u10d8\u10e1 \u10e5\u10e0\u10d8\u10e1\u10e2\u10d8\u10d0\u10dc-\u10d3\u10d4\u10db\u10dd\u10d9\u10e0\u10d0\u10e2\u10d8\u10e3\u10da\u10d8 \u10e1\u10d0\u10ee\u10d0\u10da\u10ee\u10dd \u10de\u10d0\u10e0\u10e2\u10d8\u10d0"},{"lang":"ko","url":"https://ko.wikipedia.org/wiki/%EA%B8%B0%EB%8F%85%EA%B5%90%EB%AF%BC%EC%A3%BC%EC%9D%B8%EB%AF%BC%EB%8B%B9_(%ED%97%9D%EA%B0%80%EB%A6%AC)","*":"\uae30\ub3c5\uad50\ubbfc\uc8fc\uc778\ubbfc\ub2f9 (\ud5dd\uac00\ub9ac)"},{"lang":"nl","url":"https://nl.wikipedia.org/wiki/Christendemocratische_Volkspartij_(Hongarije)","*":"Christendemocratische Volkspartij (Hongarije)"},{"lang":"pl","url":"https://pl.wikipedia.org/wiki/Chrze%C5%9Bcija%C5%84sko-Demokratyczna_Partia_Ludowa_(W%C4%99gry)","*":"Chrze\u015bcija\u0144sko-Demokratyczna Partia Ludowa (W\u0119gry)"},{"lang":"pt","url":"https://pt.wikipedia.org/wiki/Partido_Popular_Democrata-Crist%C3%A3o","*":"Partido Popular Democrata-Crist\u00e3o"},{"lang":"ru","url":"https://ru.wikipedia.org/wiki/%D0%A5%D1%80%D0%B8%D1%81%D1%82%D0%B8%D0%B0%D0%BD%D1%81%D0%BA%D0%BE-%D0%B4%D0%B5%D0%BC%D0%BE%D0%BA%D1%80%D0%B0%D1%82%D0%B8%D1%87%D0%B5%D1%81%D0%BA%D0%B0%D1%8F_%D0%BD%D0%B0%D1%80%D0%BE%D0%B4%D0%BD%D0%B0%D1%8F_%D0%BF%D0%B0%D1%80%D1%82%D0%B8%D1%8F_(%D0%92%D0%B5%D0%BD%D0%B3%D1%80%D0%B8%D1%8F)","*":"\u0425\u0440\u0438\u0441\u0442\u0438\u0430\u043d\u0441\u043a\u043e-\u0434\u0435\u043c\u043e\u043a\u0440\u0430\u0442\u0438\u0447\u0435\u0441\u043a\u0430\u044f \u043d\u0430\u0440\u043e\u0434\u043d\u0430\u044f \u043f\u0430\u0440\u0442\u0438\u044f (\u0412\u0435\u043d\u0433\u0440\u0438\u044f)"},{"lang":"sv","url":"https://sv.wikipedia.org/wiki/KDNP","*":"KDNP"},{"lang":"tr","url":"https://tr.wikipedia.org/wiki/Hristiyan_Demokratik_Halk_Partisi","*":"Hristiyan Demokratik Halk Partisi"},{"lang":"uk","url":"https://uk.wikipedia.org/wiki/%D0%A5%D1%80%D0%B8%D1%81%D1%82%D0%B8%D1%8F%D0%BD%D1%81%D1%8C%D0%BA%D0%BE-%D0%B4%D0%B5%D0%BC%D0%BE%D0%BA%D1%80%D0%B0%D1%82%D0%B8%D1%87%D0%BD%D0%B0_%D0%BD%D0%B0%D1%80%D0%BE%D0%B4%D0%BD%D0%B0_%D0%BF%D0%B0%D1%80%D1%82%D1%96%D1%8F_(%D0%A3%D0%B3%D0%BE%D1%80%D1%89%D0%B8%D0%BD%D0%B0)","*":"\u0425\u0440\u0438\u0441\u0442\u0438\u044f\u043d\u0441\u044c\u043a\u043e-\u0434\u0435\u043c\u043e\u043a\u0440\u0430\u0442\u0438\u0447\u043d\u0430 \u043d\u0430\u0440\u043e\u0434\u043d\u0430 \u043f\u0430\u0440\u0442\u0456\u044f (\u0423\u0433\u043e\u0440\u0449\u0438\u043d\u0430)"},{"lang":"zh","url":"https://zh.wikipedia.org/wiki/%E5%9F%BA%E7%9D%A3%E6%95%99%E6%B0%91%E4%B8%BB%E4%BA%BA%E6%B0%91%E9%BB%A8_(%E5%8C%88%E7%89%99%E5%88%A9)","*":"\u57fa\u7763\u6559\u6c11\u4e3b\u4eba\u6c11\u9ee8 (\u5308\u7259\u5229)"}]}}}}