{"partyfacts_id":1413,"batchcomplete":"","query":{"normalized":[{"from":"Encuentro_por_Guatemala","to":"Encuentro por Guatemala"}],"pages":{"13271673":{"pageid":13271673,"ns":0,"title":"Encuentro por Guatemala","langlinks":[{"lang":"es","url":"https://es.wikipedia.org/wiki/Encuentro_por_Guatemala","*":"Encuentro por Guatemala"},{"lang":"it","url":"https://it.wikipedia.org/wiki/Incontro_per_il_Guatemala","*":"Incontro per il Guatemala"},{"lang":"nl","url":"https://nl.wikipedia.org/wiki/Ontmoeting_voor_Guatemala","*":"Ontmoeting voor Guatemala"}]}}}}