{"partyfacts_id":1415,"batchcomplete":"","query":{"normalized":[{"from":"Conservative_Democratic_Party_of_Switzerland","to":"Conservative Democratic Party of Switzerland"}],"pages":{"17977174":{"pageid":17977174,"ns":0,"title":"Conservative Democratic Party of Switzerland","langlinks":[{"lang":"als","url":"https://als.wikipedia.org/wiki/B%C3%BCrgerlich-Demokratische_Partei","*":"B\u00fcrgerlich-Demokratische Partei"},{"lang":"de","url":"https://de.wikipedia.org/wiki/B%C3%BCrgerlich-Demokratische_Partei","*":"B\u00fcrgerlich-Demokratische Partei"},{"lang":"es","url":"https://es.wikipedia.org/wiki/Partido_Burgu%C3%A9s_Democr%C3%A1tico","*":"Partido Burgu\u00e9s Democr\u00e1tico"},{"lang":"fr","url":"https://fr.wikipedia.org/wiki/Parti_bourgeois-d%C3%A9mocratique","*":"Parti bourgeois-d\u00e9mocratique"},{"lang":"it","url":"https://it.wikipedia.org/wiki/Partito_Borghese_Democratico","*":"Partito Borghese Democratico"},{"lang":"ja","url":"https://ja.wikipedia.org/wiki/%E3%82%B9%E3%82%A4%E3%82%B9%E4%BF%9D%E5%AE%88%E6%B0%91%E4%B8%BB%E5%85%9A","*":"\u30b9\u30a4\u30b9\u4fdd\u5b88\u6c11\u4e3b\u515a"},{"lang":"ko","url":"https://ko.wikipedia.org/wiki/%EC%8A%A4%EC%9C%84%EC%8A%A4_%EB%B3%B4%EC%88%98%EB%AF%BC%EC%A3%BC%EB%8B%B9","*":"\uc2a4\uc704\uc2a4 \ubcf4\uc218\ubbfc\uc8fc\ub2f9"},{"lang":"ksh","url":"https://ksh.wikipedia.org/wiki/B%C3%B6rjerliche_Demokratische_Parteij_van_d_Schweiz","*":"B\u00f6rjerliche Demokratische Parteij van d Schweiz"},{"lang":"la","url":"https://la.wikipedia.org/wiki/Factio_civilis_democratica_Helvetica","*":"Factio civilis democratica Helvetica"},{"lang":"nl","url":"https://nl.wikipedia.org/wiki/Burgerlijk-Democratische_Partij","*":"Burgerlijk-Democratische Partij"},{"lang":"pt","url":"https://pt.wikipedia.org/wiki/Partido_Burgu%C3%AAs_Democr%C3%A1tico","*":"Partido Burgu\u00eas Democr\u00e1tico"},{"lang":"rm","url":"https://rm.wikipedia.org/wiki/Partida_burgais_democratica_(chantun_Berna)","*":"Partida burgais democratica (chantun Berna)"},{"lang":"ru","url":"https://ru.wikipedia.org/wiki/%D0%9A%D0%BE%D0%BD%D1%81%D0%B5%D1%80%D0%B2%D0%B0%D1%82%D0%B8%D0%B2%D0%BD%D0%BE-%D0%B4%D0%B5%D0%BC%D0%BE%D0%BA%D1%80%D0%B0%D1%82%D0%B8%D1%87%D0%B5%D1%81%D0%BA%D0%B0%D1%8F_%D0%BF%D0%B0%D1%80%D1%82%D0%B8%D1%8F_%D0%A8%D0%B2%D0%B5%D0%B9%D1%86%D0%B0%D1%80%D0%B8%D0%B8","*":"\u041a\u043e\u043d\u0441\u0435\u0440\u0432\u0430\u0442\u0438\u0432\u043d\u043e-\u0434\u0435\u043c\u043e\u043a\u0440\u0430\u0442\u0438\u0447\u0435\u0441\u043a\u0430\u044f \u043f\u0430\u0440\u0442\u0438\u044f \u0428\u0432\u0435\u0439\u0446\u0430\u0440\u0438\u0438"},{"lang":"sv","url":"https://sv.wikipedia.org/wiki/Schweiz_borgerliga_demokratiska_parti","*":"Schweiz borgerliga demokratiska parti"}]}}}}