{"partyfacts_id":1416,"batchcomplete":"","query":{"normalized":[{"from":"National_Party_of_Honduras","to":"National Party of Honduras"}],"pages":{"1641714":{"pageid":1641714,"ns":0,"title":"National Party of Honduras","langlinks":[{"lang":"ar","url":"https://ar.wikipedia.org/wiki/%D8%A7%D9%84%D8%AD%D8%B2%D8%A8_%D8%A7%D9%84%D9%88%D8%B7%D9%86%D9%8A_(%D9%87%D9%86%D8%AF%D9%88%D8%B1%D8%A7%D8%B3)","*":"\u0627\u0644\u062d\u0632\u0628 \u0627\u0644\u0648\u0637\u0646\u064a (\u0647\u0646\u062f\u0648\u0631\u0627\u0633)"},{"lang":"de","url":"https://de.wikipedia.org/wiki/Partido_Nacional_de_Honduras","*":"Partido Nacional de Honduras"},{"lang":"es","url":"https://es.wikipedia.org/wiki/Partido_Nacional_de_Honduras","*":"Partido Nacional de Honduras"},{"lang":"fi","url":"https://fi.wikipedia.org/wiki/Hondurasin_kansallispuolue","*":"Hondurasin kansallispuolue"},{"lang":"fr","url":"https://fr.wikipedia.org/wiki/Parti_national_du_Honduras","*":"Parti national du Honduras"},{"lang":"it","url":"https://it.wikipedia.org/wiki/Partito_Nazionale_dell%27Honduras","*":"Partito Nazionale dell'Honduras"},{"lang":"nl","url":"https://nl.wikipedia.org/wiki/Nationale_Partij_van_Honduras","*":"Nationale Partij van Honduras"},{"lang":"pt","url":"https://pt.wikipedia.org/wiki/Partido_Nacional_de_Honduras","*":"Partido Nacional de Honduras"},{"lang":"ru","url":"https://ru.wikipedia.org/wiki/%D0%9D%D0%B0%D1%86%D0%B8%D0%BE%D0%BD%D0%B0%D0%BB%D1%8C%D0%BD%D0%B0%D1%8F_%D0%BF%D0%B0%D1%80%D1%82%D0%B8%D1%8F_%D0%93%D0%BE%D0%BD%D0%B4%D1%83%D1%80%D0%B0%D1%81%D0%B0","*":"\u041d\u0430\u0446\u0438\u043e\u043d\u0430\u043b\u044c\u043d\u0430\u044f \u043f\u0430\u0440\u0442\u0438\u044f \u0413\u043e\u043d\u0434\u0443\u0440\u0430\u0441\u0430"},{"lang":"sv","url":"https://sv.wikipedia.org/wiki/Partido_Nacional_de_Honduras","*":"Partido Nacional de Honduras"},{"lang":"uk","url":"https://uk.wikipedia.org/wiki/%D0%9D%D0%B0%D1%86%D1%96%D0%BE%D0%BD%D0%B0%D0%BB%D1%8C%D0%BD%D0%B0_%D0%BF%D0%B0%D1%80%D1%82%D1%96%D1%8F_%D0%93%D0%BE%D0%BD%D0%B4%D1%83%D1%80%D0%B0%D1%81%D1%83","*":"\u041d\u0430\u0446\u0456\u043e\u043d\u0430\u043b\u044c\u043d\u0430 \u043f\u0430\u0440\u0442\u0456\u044f \u0413\u043e\u043d\u0434\u0443\u0440\u0430\u0441\u0443"},{"lang":"zh","url":"https://zh.wikipedia.org/wiki/%E6%B4%AA%E9%83%BD%E6%8B%89%E6%96%AF%E5%9B%BD%E6%B0%91%E5%85%9A","*":"\u6d2a\u90fd\u62c9\u65af\u56fd\u6c11\u515a"}]}}}}