{"partyfacts_id":1421,"batchcomplete":"","query":{"normalized":[{"from":"June_Movement","to":"June Movement"}],"pages":{"355985":{"pageid":355985,"ns":0,"title":"June Movement","langlinks":[{"lang":"da","url":"https://da.wikipedia.org/wiki/JuniBev%C3%A6gelsen","*":"JuniBev\u00e6gelsen"},{"lang":"de","url":"https://de.wikipedia.org/wiki/JuniBev%C3%A6gelsen","*":"JuniBev\u00e6gelsen"},{"lang":"fr","url":"https://fr.wikipedia.org/wiki/Mouvement_de_juin","*":"Mouvement de juin"},{"lang":"it","url":"https://it.wikipedia.org/wiki/Movimento_di_Giugno","*":"Movimento di Giugno"},{"lang":"nb","url":"https://no.wikipedia.org/wiki/Junibev%C3%A6gelsen","*":"Junibev\u00e6gelsen"},{"lang":"pl","url":"https://pl.wikipedia.org/wiki/Ruch_Czerwcowy","*":"Ruch Czerwcowy"},{"lang":"ro","url":"https://ro.wikipedia.org/wiki/June_Movement","*":"June Movement"},{"lang":"ru","url":"https://ru.wikipedia.org/wiki/%D0%94%D0%B2%D0%B8%D0%B6%D0%B5%D0%BD%D0%B8%D0%B5_%D0%98%D1%8E%D0%BD%D1%8C","*":"\u0414\u0432\u0438\u0436\u0435\u043d\u0438\u0435 \u0418\u044e\u043d\u044c"},{"lang":"sv","url":"https://sv.wikipedia.org/wiki/Junibev%C3%A6gelsen_mod_Union","*":"Junibev\u00e6gelsen mod Union"}]}}}}