{"partyfacts_id":1424,"batchcomplete":"","query":{"normalized":[{"from":"People's_Union_(Belgium)","to":"People's Union (Belgium)"}],"pages":{"289454":{"pageid":289454,"ns":0,"title":"People's Union (Belgium)","langlinks":[{"lang":"ca","url":"https://ca.wikipedia.org/wiki/Volksunie","*":"Volksunie"},{"lang":"de","url":"https://de.wikipedia.org/wiki/Volksunie","*":"Volksunie"},{"lang":"eu","url":"https://eu.wikipedia.org/wiki/Volksunie","*":"Volksunie"},{"lang":"fr","url":"https://fr.wikipedia.org/wiki/Volksunie","*":"Volksunie"},{"lang":"it","url":"https://it.wikipedia.org/wiki/Unione_Popolare_(Belgio)","*":"Unione Popolare (Belgio)"},{"lang":"nl","url":"https://nl.wikipedia.org/wiki/Volksunie","*":"Volksunie"},{"lang":"nb","url":"https://no.wikipedia.org/wiki/Volksunie","*":"Volksunie"},{"lang":"pl","url":"https://pl.wikipedia.org/wiki/Unia_Ludowa_(Belgia)","*":"Unia Ludowa (Belgia)"},{"lang":"ru","url":"https://ru.wikipedia.org/wiki/%D0%9D%D0%B0%D1%80%D0%BE%D0%B4%D0%BD%D1%8B%D0%B9_%D1%81%D0%BE%D1%8E%D0%B7_(%D0%91%D0%B5%D0%BB%D1%8C%D0%B3%D0%B8%D1%8F)","*":"\u041d\u0430\u0440\u043e\u0434\u043d\u044b\u0439 \u0441\u043e\u044e\u0437 (\u0411\u0435\u043b\u044c\u0433\u0438\u044f)"},{"lang":"sv","url":"https://sv.wikipedia.org/wiki/Folkunionen","*":"Folkunionen"},{"lang":"vls","url":"https://vls.wikipedia.org/wiki/Volksunie","*":"Volksunie"}]}}}}