{"partyfacts_id":1436,"batchcomplete":"","query":{"normalized":[{"from":"Israeli_Labor_Party","to":"Israeli Labor Party"}],"pages":{"40312187":{"pageid":40312187,"ns":0,"title":"Israeli Labor Party","langlinks":[{"lang":"ar","url":"https://ar.wikipedia.org/wiki/%D8%AD%D8%B2%D8%A8_%D8%A7%D9%84%D8%B9%D9%85%D9%84_%D8%A7%D9%84%D8%A5%D8%B3%D8%B1%D8%A7%D8%A6%D9%8A%D9%84%D9%8A","*":"\u062d\u0632\u0628 \u0627\u0644\u0639\u0645\u0644 \u0627\u0644\u0625\u0633\u0631\u0627\u0626\u064a\u0644\u064a"},{"lang":"arz","url":"https://arz.wikipedia.org/wiki/%D8%AD%D8%B2%D8%A8_%D8%A7%D9%84%D8%B9%D9%85%D9%84_%D8%A7%D9%84%D8%A7%D8%B3%D8%B1%D8%A7%D8%A6%D9%8A%D9%84%D9%89","*":"\u062d\u0632\u0628 \u0627\u0644\u0639\u0645\u0644 \u0627\u0644\u0627\u0633\u0631\u0627\u0626\u064a\u0644\u0649"},{"lang":"az","url":"https://az.wikipedia.org/wiki/%C4%B0srail_%C6%8Fm%C9%99k_Partiyas%C4%B1","*":"\u0130srail \u018fm\u0259k Partiyas\u0131"},{"lang":"bg","url":"https://bg.wikipedia.org/wiki/%D0%98%D0%B7%D1%80%D0%B0%D0%B5%D0%BB%D1%81%D0%BA%D0%B0_%D0%BF%D0%B0%D1%80%D1%82%D0%B8%D1%8F_%D0%BD%D0%B0_%D1%82%D1%80%D1%83%D0%B4%D0%B0","*":"\u0418\u0437\u0440\u0430\u0435\u043b\u0441\u043a\u0430 \u043f\u0430\u0440\u0442\u0438\u044f \u043d\u0430 \u0442\u0440\u0443\u0434\u0430"},{"lang":"bn","url":"https://bn.wikipedia.org/wiki/%E0%A6%87%E0%A6%B8%E0%A6%B0%E0%A6%BE%E0%A6%AF%E0%A6%BC%E0%A7%87%E0%A6%B2%E0%A7%80_%E0%A6%B2%E0%A7%87%E0%A6%AC%E0%A6%BE%E0%A6%B0_%E0%A6%AA%E0%A6%BE%E0%A6%B0%E0%A7%8D%E0%A6%9F%E0%A6%BF","*":"\u0987\u09b8\u09b0\u09be\u09af\u09bc\u09c7\u09b2\u09c0 \u09b2\u09c7\u09ac\u09be\u09b0 \u09aa\u09be\u09b0\u09cd\u099f\u09bf"},{"lang":"ca","url":"https://ca.wikipedia.org/wiki/Partit_Laborista_Israeli%C3%A0","*":"Partit Laborista Israeli\u00e0"},{"lang":"cs","url":"https://cs.wikipedia.org/wiki/Izraelsk%C3%A1_strana_pr%C3%A1ce","*":"Izraelsk\u00e1 strana pr\u00e1ce"},{"lang":"da","url":"https://da.wikipedia.org/wiki/Arbejderpartiet_(Israel)","*":"Arbejderpartiet (Israel)"},{"lang":"de","url":"https://de.wikipedia.org/wiki/Awoda","*":"Awoda"},{"lang":"el","url":"https://el.wikipedia.org/wiki/%CE%99%CF%83%CF%81%CE%B1%CE%B7%CE%BB%CE%B9%CE%BD%CF%8C_%CE%95%CF%81%CE%B3%CE%B1%CF%84%CE%B9%CE%BA%CF%8C_%CE%9A%CF%8C%CE%BC%CE%BC%CE%B1","*":"\u0399\u03c3\u03c1\u03b1\u03b7\u03bb\u03b9\u03bd\u03cc \u0395\u03c1\u03b3\u03b1\u03c4\u03b9\u03ba\u03cc \u039a\u03cc\u03bc\u03bc\u03b1"},{"lang":"eo","url":"https://eo.wikipedia.org/wiki/Israela_Laborista_Partio","*":"Israela Laborista Partio"},{"lang":"es","url":"https://es.wikipedia.org/wiki/Partido_Laborista_Israel%C3%AD","*":"Partido Laborista Israel\u00ed"},{"lang":"eu","url":"https://eu.wikipedia.org/wiki/Israelgo_Alderdi_Langiletiarra","*":"Israelgo Alderdi Langiletiarra"},{"lang":"fa","url":"https://fa.wikipedia.org/wiki/%D8%AD%D8%B2%D8%A8_%DA%A9%D8%A7%D8%B1_%D8%A7%D8%B3%D8%B1%D8%A7%D8%A6%DB%8C%D9%84","*":"\u062d\u0632\u0628 \u06a9\u0627\u0631 \u0627\u0633\u0631\u0627\u0626\u06cc\u0644"},{"lang":"fi","url":"https://fi.wikipedia.org/wiki/Ty%C3%B6v%C3%A4enpuolue_(Israel)","*":"Ty\u00f6v\u00e4enpuolue (Israel)"},{"lang":"fr","url":"https://fr.wikipedia.org/wiki/Parti_travailliste_isra%C3%A9lien","*":"Parti travailliste isra\u00e9lien"},{"lang":"gl","url":"https://gl.wikipedia.org/wiki/Partido_Laborista_de_Israel","*":"Partido Laborista de Israel"},{"lang":"he","url":"https://he.wikipedia.org/wiki/%D7%9E%D7%A4%D7%9C%D7%92%D7%AA_%D7%94%D7%A2%D7%91%D7%95%D7%93%D7%94_%D7%94%D7%99%D7%A9%D7%A8%D7%90%D7%9C%D7%99%D7%AA","*":"\u05de\u05e4\u05dc\u05d2\u05ea \u05d4\u05e2\u05d1\u05d5\u05d3\u05d4 \u05d4\u05d9\u05e9\u05e8\u05d0\u05dc\u05d9\u05ea"},{"lang":"hu","url":"https://hu.wikipedia.org/wiki/Izraeli_Munkap%C3%A1rt","*":"Izraeli Munkap\u00e1rt"},{"lang":"hy","url":"https://hy.wikipedia.org/wiki/%D4%B1%D5%BE%D5%B8%D5%A4%D5%A1","*":"\u0531\u057e\u0578\u0564\u0561"},{"lang":"id","url":"https://id.wikipedia.org/wiki/Partai_Buruh_(Israel)","*":"Partai Buruh (Israel)"},{"lang":"it","url":"https://it.wikipedia.org/wiki/Partito_Laburista_Israeliano","*":"Partito Laburista Israeliano"},{"lang":"ja","url":"https://ja.wikipedia.org/wiki/%E5%8A%B4%E5%83%8D%E5%85%9A_(%E3%82%A4%E3%82%B9%E3%83%A9%E3%82%A8%E3%83%AB)","*":"\u52b4\u50cd\u515a (\u30a4\u30b9\u30e9\u30a8\u30eb)"},{"lang":"ko","url":"https://ko.wikipedia.org/wiki/%EC%9D%B4%EC%8A%A4%EB%9D%BC%EC%97%98_%EB%85%B8%EB%8F%99%EB%8B%B9","*":"\uc774\uc2a4\ub77c\uc5d8 \ub178\ub3d9\ub2f9"},{"lang":"la","url":"https://la.wikipedia.org/wiki/Awoda","*":"Awoda"},{"lang":"mn","url":"https://mn.wikipedia.org/wiki/%D0%90%D0%B2%D0%BE%D0%B4%D0%B0","*":"\u0410\u0432\u043e\u0434\u0430"},{"lang":"ms","url":"https://ms.wikipedia.org/wiki/Parti_Buruh_Israel","*":"Parti Buruh Israel"},{"lang":"nl","url":"https://nl.wikipedia.org/wiki/Arbeidspartij_(Isra%C3%ABl)","*":"Arbeidspartij (Isra\u00ebl)"},{"lang":"nn","url":"https://nn.wikipedia.org/wiki/Det_israelske_arbeidarpartiet","*":"Det israelske arbeidarpartiet"},{"lang":"nb","url":"https://no.wikipedia.org/wiki/Arbeiderpartiet_(Israel)","*":"Arbeiderpartiet (Israel)"},{"lang":"pl","url":"https://pl.wikipedia.org/wiki/Izraelska_Partia_Pracy","*":"Izraelska Partia Pracy"},{"lang":"pt","url":"https://pt.wikipedia.org/wiki/Partido_Trabalhista_(Israel)","*":"Partido Trabalhista (Israel)"},{"lang":"ro","url":"https://ro.wikipedia.org/wiki/Partidul_Muncii_din_Israel","*":"Partidul Muncii din Israel"},{"lang":"ru","url":"https://ru.wikipedia.org/wiki/%D0%90%D0%B2%D0%BE%D0%B4%D0%B0","*":"\u0410\u0432\u043e\u0434\u0430"},{"lang":"sh","url":"https://sh.wikipedia.org/wiki/Izraelska_laburisti%C4%8Dka_stranka","*":"Izraelska laburisti\u010dka stranka"},{"lang":"simple","url":"https://simple.wikipedia.org/wiki/HaAvoda","*":"HaAvoda"},{"lang":"sk","url":"https://sk.wikipedia.org/wiki/Izraelsk%C3%A1_strana_pr%C3%A1ce","*":"Izraelsk\u00e1 strana pr\u00e1ce"},{"lang":"sr","url":"https://sr.wikipedia.org/wiki/%D0%98%D0%B7%D1%80%D0%B0%D0%B5%D0%BB%D1%81%D0%BA%D0%B0_%D0%BB%D0%B0%D0%B1%D1%83%D1%80%D0%B8%D1%81%D1%82%D0%B8%D1%87%D0%BA%D0%B0_%D0%BF%D0%B0%D1%80%D1%82%D0%B8%D1%98%D0%B0","*":"\u0418\u0437\u0440\u0430\u0435\u043b\u0441\u043a\u0430 \u043b\u0430\u0431\u0443\u0440\u0438\u0441\u0442\u0438\u0447\u043a\u0430 \u043f\u0430\u0440\u0442\u0438\u0458\u0430"},{"lang":"sv","url":"https://sv.wikipedia.org/wiki/Israeliska_arbetarpartiet","*":"Israeliska arbetarpartiet"},{"lang":"tr","url":"https://tr.wikipedia.org/wiki/%C4%B0srail_%C4%B0%C5%9F%C3%A7i_Partisi","*":"\u0130srail \u0130\u015f\u00e7i Partisi"},{"lang":"uk","url":"https://uk.wikipedia.org/wiki/%D0%90%D0%B2%D0%BE%D0%B4%D0%B0","*":"\u0410\u0432\u043e\u0434\u0430"},{"lang":"ur","url":"https://ur.wikipedia.org/wiki/%D8%A7%D8%B3%D8%B1%D8%A7%D8%A6%DB%8C%D9%84%DB%8C_%D9%84%DB%8C%D8%A8%D8%B1_%D9%BE%D8%A7%D8%B1%D9%B9%DB%8C","*":"\u0627\u0633\u0631\u0627\u0626\u06cc\u0644\u06cc \u0644\u06cc\u0628\u0631 \u067e\u0627\u0631\u0679\u06cc"},{"lang":"vec","url":"https://vec.wikipedia.org/wiki/Part%C3%ACo_Laburista_(Israel)","*":"Part\u00eco Laburista (Israel)"},{"lang":"yi","url":"https://yi.wikipedia.org/wiki/%D7%90%D7%A8%D7%91%D7%A2%D7%98%D7%A1-%D7%A4%D7%90%D7%A8%D7%98%D7%99%D7%99_(%D7%99%D7%A9%D7%A8%D7%90%D7%9C)","*":"\u05d0\u05e8\u05d1\u05e2\u05d8\u05e1-\u05e4\u05d0\u05e8\u05d8\u05d9\u05d9 (\u05d9\u05e9\u05e8\u05d0\u05dc)"},{"lang":"zh","url":"https://zh.wikipedia.org/wiki/%E4%BB%A5%E8%89%B2%E5%88%97%E5%B7%A5%E5%85%9A","*":"\u4ee5\u8272\u5217\u5de5\u515a"}]}}}}