{"partyfacts_id":1446,"batchcomplete":"","query":{"normalized":[{"from":"Christian_Democratic_Union_(East_Germany)","to":"Christian Democratic Union (East Germany)"}],"pages":{"336986":{"pageid":336986,"ns":0,"title":"Christian Democratic Union (East Germany)","langlinks":[{"lang":"an","url":"https://an.wikipedia.org/wiki/Christlich-Demokratische_Union_Deutschlands_(RDA)","*":"Christlich-Demokratische Union Deutschlands (RDA)"},{"lang":"arz","url":"https://arz.wikipedia.org/wiki/%D8%A7%D9%84%D8%A7%D8%AA%D8%AD%D8%A7%D8%AF_%D8%A7%D9%84%D8%AF%D9%8A%D9%85%D9%88%D9%82%D8%B1%D8%A7%D8%B7%D9%89_%D8%A7%D9%84%D9%85%D8%B3%D9%8A%D8%AD%D9%89_%D8%A7%D9%84%D8%A7%D9%84%D9%85%D8%A7%D9%86%D9%89_(%D8%A7%D9%84%D9%85%D8%A7%D9%86%D9%8A%D8%A7_%D8%A7%D9%84%D8%B4%D8%B1%D9%82%D9%8A%D9%87)","*":"\u0627\u0644\u0627\u062a\u062d\u0627\u062f \u0627\u0644\u062f\u064a\u0645\u0648\u0642\u0631\u0627\u0637\u0649 \u0627\u0644\u0645\u0633\u064a\u062d\u0649 \u0627\u0644\u0627\u0644\u0645\u0627\u0646\u0649 (\u0627\u0644\u0645\u0627\u0646\u064a\u0627 \u0627\u0644\u0634\u0631\u0642\u064a\u0647)"},{"lang":"bg","url":"https://bg.wikipedia.org/wiki/%D0%A5%D1%80%D0%B8%D1%81%D1%82%D0%B8%D1%8F%D0%BD%D0%B4%D0%B5%D0%BC%D0%BE%D0%BA%D1%80%D0%B0%D1%82%D0%B8%D1%87%D0%B5%D1%81%D0%BA%D0%B8_%D1%81%D1%8A%D1%8E%D0%B7_(%D0%98%D0%B7%D1%82%D0%BE%D1%87%D0%BD%D0%B0_%D0%93%D0%B5%D1%80%D0%BC%D0%B0%D0%BD%D0%B8%D1%8F)","*":"\u0425\u0440\u0438\u0441\u0442\u0438\u044f\u043d\u0434\u0435\u043c\u043e\u043a\u0440\u0430\u0442\u0438\u0447\u0435\u0441\u043a\u0438 \u0441\u044a\u044e\u0437 (\u0418\u0437\u0442\u043e\u0447\u043d\u0430 \u0413\u0435\u0440\u043c\u0430\u043d\u0438\u044f)"},{"lang":"da","url":"https://da.wikipedia.org/wiki/Christlich-Demokratische_Union_Deutschlands_(DDR)","*":"Christlich-Demokratische Union Deutschlands (DDR)"},{"lang":"de","url":"https://de.wikipedia.org/wiki/Christlich-Demokratische_Union_Deutschlands_(DDR)","*":"Christlich-Demokratische Union Deutschlands (DDR)"},{"lang":"es","url":"https://es.wikipedia.org/wiki/Uni%C3%B3n_Dem%C3%B3crata_Cristiana_(RDA)","*":"Uni\u00f3n Dem\u00f3crata Cristiana (RDA)"},{"lang":"fi","url":"https://fi.wikipedia.org/wiki/Saksan_kristillisdemokraattinen_unioni_(DDR)","*":"Saksan kristillisdemokraattinen unioni (DDR)"},{"lang":"fr","url":"https://fr.wikipedia.org/wiki/Union_chr%C3%A9tienne-d%C3%A9mocrate_d%27Allemagne_(RDA)","*":"Union chr\u00e9tienne-d\u00e9mocrate d'Allemagne (RDA)"},{"lang":"he","url":"https://he.wikipedia.org/wiki/%D7%94%D7%90%D7%99%D7%97%D7%95%D7%93_%D7%94%D7%A0%D7%95%D7%A6%D7%A8%D7%99-%D7%93%D7%9E%D7%95%D7%A7%D7%A8%D7%98%D7%99_(%D7%92%D7%A8%D7%9E%D7%A0%D7%99%D7%94_%D7%94%D7%9E%D7%96%D7%A8%D7%97%D7%99%D7%AA)","*":"\u05d4\u05d0\u05d9\u05d7\u05d5\u05d3 \u05d4\u05e0\u05d5\u05e6\u05e8\u05d9-\u05d3\u05de\u05d5\u05e7\u05e8\u05d8\u05d9 (\u05d2\u05e8\u05de\u05e0\u05d9\u05d4 \u05d4\u05de\u05d6\u05e8\u05d7\u05d9\u05ea)"},{"lang":"it","url":"https://it.wikipedia.org/wiki/Unione_Cristiano-Democratica_di_Germania_(Repubblica_Democratica_Tedesca)","*":"Unione Cristiano-Democratica di Germania (Repubblica Democratica Tedesca)"},{"lang":"ja","url":"https://ja.wikipedia.org/wiki/%E3%83%89%E3%82%A4%E3%83%84%E3%82%AD%E3%83%AA%E3%82%B9%E3%83%88%E6%95%99%E6%B0%91%E4%B8%BB%E5%90%8C%E7%9B%9F_(%E6%9D%B1%E3%83%89%E3%82%A4%E3%83%84)","*":"\u30c9\u30a4\u30c4\u30ad\u30ea\u30b9\u30c8\u6559\u6c11\u4e3b\u540c\u76df (\u6771\u30c9\u30a4\u30c4)"},{"lang":"ko","url":"https://ko.wikipedia.org/wiki/%EB%8F%85%EC%9D%BC_%EA%B8%B0%EB%8F%85%EA%B5%90%EB%AF%BC%EC%A3%BC%EC%97%B0%ED%95%A9_(%EB%8F%99%EB%8F%85)","*":"\ub3c5\uc77c \uae30\ub3c5\uad50\ubbfc\uc8fc\uc5f0\ud569 (\ub3d9\ub3c5)"},{"lang":"nl","url":"https://nl.wikipedia.org/wiki/Christlich-Demokratische_Union_Deutschlands_(DDR)","*":"Christlich-Demokratische Union Deutschlands (DDR)"},{"lang":"nb","url":"https://no.wikipedia.org/wiki/Christlich-Demokratische_Union_Deutschlands_(DDR)","*":"Christlich-Demokratische Union Deutschlands (DDR)"},{"lang":"pl","url":"https://pl.wikipedia.org/wiki/Unia_Chrze%C5%9Bcija%C5%84sko-Demokratyczna_(NRD)","*":"Unia Chrze\u015bcija\u0144sko-Demokratyczna (NRD)"},{"lang":"ps","url":"https://ps.wikipedia.org/wiki/%D8%AF_%D8%A2%D9%84%D9%85%D8%A7%D9%86_%D9%85%D8%B3%DB%8C%D8%AD%D9%8A_%D8%AF%DB%8C%D9%85%D9%88%DA%A9%D8%B1%D8%A7%D8%AA_%DA%AB%D9%88%D9%86%D8%AF","*":"\u062f \u0622\u0644\u0645\u0627\u0646 \u0645\u0633\u06cc\u062d\u064a \u062f\u06cc\u0645\u0648\u06a9\u0631\u0627\u062a \u06ab\u0648\u0646\u062f"},{"lang":"pt","url":"https://pt.wikipedia.org/wiki/Uni%C3%A3o_Democrata-Crist%C3%A3_(RDA)","*":"Uni\u00e3o Democrata-Crist\u00e3 (RDA)"},{"lang":"ru","url":"https://ru.wikipedia.org/wiki/%D0%A5%D1%80%D0%B8%D1%81%D1%82%D0%B8%D0%B0%D0%BD%D1%81%D0%BA%D0%BE-%D0%B4%D0%B5%D0%BC%D0%BE%D0%BA%D1%80%D0%B0%D1%82%D0%B8%D1%87%D0%B5%D1%81%D0%BA%D0%B8%D0%B9_%D1%81%D0%BE%D1%8E%D0%B7_(%D0%93%D0%94%D0%A0)","*":"\u0425\u0440\u0438\u0441\u0442\u0438\u0430\u043d\u0441\u043a\u043e-\u0434\u0435\u043c\u043e\u043a\u0440\u0430\u0442\u0438\u0447\u0435\u0441\u043a\u0438\u0439 \u0441\u043e\u044e\u0437 (\u0413\u0414\u0420)"},{"lang":"sv","url":"https://sv.wikipedia.org/wiki/Christlich-Demokratische_Union_Deutschlands_(DDR)","*":"Christlich-Demokratische Union Deutschlands (DDR)"},{"lang":"uk","url":"https://uk.wikipedia.org/wiki/%D0%A5%D1%80%D0%B8%D1%81%D1%82%D0%B8%D1%8F%D0%BD%D1%81%D1%8C%D0%BA%D0%BE-%D0%B4%D0%B5%D0%BC%D0%BE%D0%BA%D1%80%D0%B0%D1%82%D0%B8%D1%87%D0%BD%D0%B8%D0%B9_%D1%81%D0%BE%D1%8E%D0%B7_(%D0%9D%D0%94%D0%A0)","*":"\u0425\u0440\u0438\u0441\u0442\u0438\u044f\u043d\u0441\u044c\u043a\u043e-\u0434\u0435\u043c\u043e\u043a\u0440\u0430\u0442\u0438\u0447\u043d\u0438\u0439 \u0441\u043e\u044e\u0437 (\u041d\u0414\u0420)"},{"lang":"zh","url":"https://zh.wikipedia.org/wiki/%E5%BE%B7%E5%9B%BD%E5%9F%BA%E7%9D%A3%E6%95%99%E6%B0%91%E4%B8%BB%E8%81%94%E7%9B%9F_(%E4%B8%9C%E5%BE%B7)","*":"\u5fb7\u56fd\u57fa\u7763\u6559\u6c11\u4e3b\u8054\u76df (\u4e1c\u5fb7)"}]}}}}