{"partyfacts_id":1447,"batchcomplete":"","query":{"normalized":[{"from":"National_Religious_Party","to":"National Religious Party"}],"pages":{"336332":{"pageid":336332,"ns":0,"title":"National Religious Party","langlinks":[{"lang":"ar","url":"https://ar.wikipedia.org/wiki/%D9%85%D9%81%D8%AF%D8%A7%D9%84","*":"\u0645\u0641\u062f\u0627\u0644"},{"lang":"bg","url":"https://bg.wikipedia.org/wiki/%D0%9D%D0%B0%D1%86%D0%B8%D0%BE%D0%BD%D0%B0%D0%BB-%D1%80%D0%B5%D0%BB%D0%B8%D0%B3%D0%B8%D0%BE%D0%B7%D0%BD%D0%B0_%D0%BF%D0%B0%D1%80%D1%82%D0%B8%D1%8F","*":"\u041d\u0430\u0446\u0438\u043e\u043d\u0430\u043b-\u0440\u0435\u043b\u0438\u0433\u0438\u043e\u0437\u043d\u0430 \u043f\u0430\u0440\u0442\u0438\u044f"},{"lang":"ca","url":"https://ca.wikipedia.org/wiki/Partit_Nacional_Religi%C3%B3s","*":"Partit Nacional Religi\u00f3s"},{"lang":"cs","url":"https://cs.wikipedia.org/wiki/N%C3%A1rodn%C3%AD_n%C3%A1bo%C5%BEensk%C3%A1_strana","*":"N\u00e1rodn\u00ed n\u00e1bo\u017eensk\u00e1 strana"},{"lang":"de","url":"https://de.wikipedia.org/wiki/Mafdal","*":"Mafdal"},{"lang":"es","url":"https://es.wikipedia.org/wiki/Mafdal","*":"Mafdal"},{"lang":"fr","url":"https://fr.wikipedia.org/wiki/Parti_national_religieux","*":"Parti national religieux"},{"lang":"he","url":"https://he.wikipedia.org/wiki/%D7%9E%D7%A4%D7%93%22%D7%9C","*":"\u05de\u05e4\u05d3\"\u05dc"},{"lang":"id","url":"https://id.wikipedia.org/wiki/Partai_Relijius_Nasional","*":"Partai Relijius Nasional"},{"lang":"it","url":"https://it.wikipedia.org/wiki/Partito_Nazionale_Religioso","*":"Partito Nazionale Religioso"},{"lang":"nl","url":"https://nl.wikipedia.org/wiki/Nationaal-Religieuze_Partij","*":"Nationaal-Religieuze Partij"},{"lang":"pl","url":"https://pl.wikipedia.org/wiki/Narodowa_Partia_Religijna","*":"Narodowa Partia Religijna"},{"lang":"pt","url":"https://pt.wikipedia.org/wiki/Partido_Nacional_Religioso","*":"Partido Nacional Religioso"},{"lang":"ru","url":"https://ru.wikipedia.org/wiki/%D0%9C%D0%90%D0%A4%D0%94%D0%90%D0%9B","*":"\u041c\u0410\u0424\u0414\u0410\u041b"},{"lang":"sv","url":"https://sv.wikipedia.org/wiki/Mafdal","*":"Mafdal"}]}}}}