{"partyfacts_id":1450,"batchcomplete":"","query":{"normalized":[{"from":"Ecuadorian_Roldosist_Party","to":"Ecuadorian Roldosist Party"}],"pages":{"2628644":{"pageid":2628644,"ns":0,"title":"Ecuadorian Roldosist Party","langlinks":[{"lang":"ca","url":"https://ca.wikipedia.org/wiki/Partido_Roldosista_Ecuatoriano","*":"Partido Roldosista Ecuatoriano"},{"lang":"de","url":"https://de.wikipedia.org/wiki/Partido_Roldosista_Ecuatoriano","*":"Partido Roldosista Ecuatoriano"},{"lang":"es","url":"https://es.wikipedia.org/wiki/Partido_Roldosista_Ecuatoriano","*":"Partido Roldosista Ecuatoriano"},{"lang":"fr","url":"https://fr.wikipedia.org/wiki/Parti_roldosiste_%C3%A9quatorien","*":"Parti roldosiste \u00e9quatorien"},{"lang":"it","url":"https://it.wikipedia.org/wiki/Partito_Roldosista_Ecuadoriano","*":"Partito Roldosista Ecuadoriano"},{"lang":"ru","url":"https://ru.wikipedia.org/wiki/%D0%AD%D0%BA%D0%B2%D0%B0%D0%B4%D0%BE%D1%80%D1%81%D0%BA%D0%B0%D1%8F_%D0%BF%D0%B0%D1%80%D1%82%D0%B8%D1%8F_%D1%80%D0%BE%D0%BB%D1%8C%D0%B4%D0%BE%D1%81%D0%B8%D1%81%D1%82%D0%BE%D0%B2","*":"\u042d\u043a\u0432\u0430\u0434\u043e\u0440\u0441\u043a\u0430\u044f \u043f\u0430\u0440\u0442\u0438\u044f \u0440\u043e\u043b\u044c\u0434\u043e\u0441\u0438\u0441\u0442\u043e\u0432"}]}}}}