{"partyfacts_id":1454,"batchcomplete":"","query":{"normalized":[{"from":"Party_of_Democratic_Action","to":"Party of Democratic Action"}],"pages":{"349662":{"pageid":349662,"ns":0,"title":"Party of Democratic Action","langlinks":[{"lang":"ar","url":"https://ar.wikipedia.org/wiki/%D8%AD%D8%B2%D8%A8_%D8%A7%D9%84%D8%B9%D9%85%D9%84_%D8%A7%D9%84%D8%AF%D9%8A%D9%85%D9%82%D8%B1%D8%A7%D8%B7%D9%8A_(%D8%A7%D9%84%D8%A8%D9%88%D8%B3%D9%86%D8%A9)","*":"\u062d\u0632\u0628 \u0627\u0644\u0639\u0645\u0644 \u0627\u0644\u062f\u064a\u0645\u0642\u0631\u0627\u0637\u064a (\u0627\u0644\u0628\u0648\u0633\u0646\u0629)"},{"lang":"bs","url":"https://bs.wikipedia.org/wiki/Stranka_demokratske_akcije","*":"Stranka demokratske akcije"},{"lang":"ca","url":"https://ca.wikipedia.org/wiki/Partit_d%27Acci%C3%B3_Democr%C3%A0tica_(B%C3%B2snia_i_Hercegovina)","*":"Partit d'Acci\u00f3 Democr\u00e0tica (B\u00f2snia i Hercegovina)"},{"lang":"de","url":"https://de.wikipedia.org/wiki/Stranka_demokratske_akcije","*":"Stranka demokratske akcije"},{"lang":"el","url":"https://el.wikipedia.org/wiki/%CE%9A%CF%8C%CE%BC%CE%BC%CE%B1_%CE%94%CE%B7%CE%BC%CE%BF%CE%BA%CF%81%CE%B1%CF%84%CE%B9%CE%BA%CE%AE%CF%82_%CE%94%CF%81%CE%AC%CF%83%CE%B7%CF%82_(%CE%92%CE%BF%CF%83%CE%BD%CE%AF%CE%B1_%CE%BA%CE%B1%CE%B9_%CE%95%CF%81%CE%B6%CE%B5%CE%B3%CE%BF%CE%B2%CE%AF%CE%BD%CE%B7)","*":"\u039a\u03cc\u03bc\u03bc\u03b1 \u0394\u03b7\u03bc\u03bf\u03ba\u03c1\u03b1\u03c4\u03b9\u03ba\u03ae\u03c2 \u0394\u03c1\u03ac\u03c3\u03b7\u03c2 (\u0392\u03bf\u03c3\u03bd\u03af\u03b1 \u03ba\u03b1\u03b9 \u0395\u03c1\u03b6\u03b5\u03b3\u03bf\u03b2\u03af\u03bd\u03b7)"},{"lang":"es","url":"https://es.wikipedia.org/wiki/Partido_de_Acci%C3%B3n_Democr%C3%A1tica_(Bosnia_y_Herzegovina)","*":"Partido de Acci\u00f3n Democr\u00e1tica (Bosnia y Herzegovina)"},{"lang":"fi","url":"https://fi.wikipedia.org/wiki/Stranka_demokratske_akcije","*":"Stranka demokratske akcije"},{"lang":"fr","url":"https://fr.wikipedia.org/wiki/Parti_d%27action_d%C3%A9mocratique_(Bosnie-Herz%C3%A9govine)","*":"Parti d'action d\u00e9mocratique (Bosnie-Herz\u00e9govine)"},{"lang":"he","url":"https://he.wikipedia.org/wiki/%D7%9E%D7%A4%D7%9C%D7%92%D7%AA_%D7%94%D7%A4%D7%A2%D7%95%D7%9C%D7%94_%D7%94%D7%93%D7%9E%D7%95%D7%A7%D7%A8%D7%98%D7%99%D7%AA","*":"\u05de\u05e4\u05dc\u05d2\u05ea \u05d4\u05e4\u05e2\u05d5\u05dc\u05d4 \u05d4\u05d3\u05de\u05d5\u05e7\u05e8\u05d8\u05d9\u05ea"},{"lang":"hr","url":"https://hr.wikipedia.org/wiki/Stranka_demokratske_akcije","*":"Stranka demokratske akcije"},{"lang":"hu","url":"https://hu.wikipedia.org/wiki/Demokratikus_Akci%C3%B3_P%C3%A1rtja","*":"Demokratikus Akci\u00f3 P\u00e1rtja"},{"lang":"id","url":"https://id.wikipedia.org/wiki/Partai_Aksi_Demokrat","*":"Partai Aksi Demokrat"},{"lang":"ie","url":"https://ie.wikipedia.org/wiki/Partise_del_Democratic_Action","*":"Partise del Democratic Action"},{"lang":"it","url":"https://it.wikipedia.org/wiki/Partito_d%27Azione_Democratica_(Bosnia_ed_Erzegovina)","*":"Partito d'Azione Democratica (Bosnia ed Erzegovina)"},{"lang":"ja","url":"https://ja.wikipedia.org/wiki/%E6%B0%91%E4%B8%BB%E8%A1%8C%E5%8B%95%E5%85%9A_(%E3%83%9C%E3%82%B9%E3%83%8B%E3%82%A2%E3%83%BB%E3%83%98%E3%83%AB%E3%83%84%E3%82%A7%E3%82%B4%E3%83%93%E3%83%8A)","*":"\u6c11\u4e3b\u884c\u52d5\u515a (\u30dc\u30b9\u30cb\u30a2\u30fb\u30d8\u30eb\u30c4\u30a7\u30b4\u30d3\u30ca)"},{"lang":"ka","url":"https://ka.wikipedia.org/wiki/%E1%83%93%E1%83%94%E1%83%9B%E1%83%9D%E1%83%99%E1%83%A0%E1%83%90%E1%83%A2%E1%83%98%E1%83%A3%E1%83%9A%E1%83%98_%E1%83%9B%E1%83%9D%E1%83%A5%E1%83%9B%E1%83%94%E1%83%93%E1%83%94%E1%83%91%E1%83%98%E1%83%A1_%E1%83%9E%E1%83%90%E1%83%A0%E1%83%A2%E1%83%98%E1%83%90","*":"\u10d3\u10d4\u10db\u10dd\u10d9\u10e0\u10d0\u10e2\u10d8\u10e3\u10da\u10d8 \u10db\u10dd\u10e5\u10db\u10d4\u10d3\u10d4\u10d1\u10d8\u10e1 \u10de\u10d0\u10e0\u10e2\u10d8\u10d0"},{"lang":"nl","url":"https://nl.wikipedia.org/wiki/Partij_voor_Democratische_Actie","*":"Partij voor Democratische Actie"},{"lang":"nb","url":"https://no.wikipedia.org/wiki/Partiet_for_demokratisk_aksjon_(Bosnia-Hercegovnia)","*":"Partiet for demokratisk aksjon (Bosnia-Hercegovnia)"},{"lang":"pl","url":"https://pl.wikipedia.org/wiki/Partia_Akcji_Demokratycznej","*":"Partia Akcji Demokratycznej"},{"lang":"pt","url":"https://pt.wikipedia.org/wiki/Partido_da_A%C3%A7%C3%A3o_Democr%C3%A1tica_(B%C3%B3snia_e_Herzegovina)","*":"Partido da A\u00e7\u00e3o Democr\u00e1tica (B\u00f3snia e Herzegovina)"},{"lang":"ru","url":"https://ru.wikipedia.org/wiki/%D0%9F%D0%B0%D1%80%D1%82%D0%B8%D1%8F_%D0%B4%D0%B5%D0%BC%D0%BE%D0%BA%D1%80%D0%B0%D1%82%D0%B8%D1%87%D0%B5%D1%81%D0%BA%D0%BE%D0%B3%D0%BE_%D0%B4%D0%B5%D0%B9%D1%81%D1%82%D0%B2%D0%B8%D1%8F","*":"\u041f\u0430\u0440\u0442\u0438\u044f \u0434\u0435\u043c\u043e\u043a\u0440\u0430\u0442\u0438\u0447\u0435\u0441\u043a\u043e\u0433\u043e \u0434\u0435\u0439\u0441\u0442\u0432\u0438\u044f"},{"lang":"sh","url":"https://sh.wikipedia.org/wiki/Stranka_demokratske_akcije","*":"Stranka demokratske akcije"},{"lang":"sr","url":"https://sr.wikipedia.org/wiki/%D0%A1%D1%82%D1%80%D0%B0%D0%BD%D0%BA%D0%B0_%D0%B4%D0%B5%D0%BC%D0%BE%D0%BA%D1%80%D0%B0%D1%82%D1%81%D0%BA%D0%B5_%D0%B0%D0%BA%D1%86%D0%B8%D1%98%D0%B5","*":"\u0421\u0442\u0440\u0430\u043d\u043a\u0430 \u0434\u0435\u043c\u043e\u043a\u0440\u0430\u0442\u0441\u043a\u0435 \u0430\u043a\u0446\u0438\u0458\u0435"},{"lang":"sv","url":"https://sv.wikipedia.org/wiki/Partiet_f%C3%B6r_demokratisk_aktion","*":"Partiet f\u00f6r demokratisk aktion"},{"lang":"th","url":"https://th.wikipedia.org/wiki/%E0%B8%9E%E0%B8%A3%E0%B8%A3%E0%B8%84%E0%B8%81%E0%B8%B4%E0%B8%88%E0%B8%9B%E0%B8%A3%E0%B8%B0%E0%B8%8A%E0%B8%B2%E0%B8%98%E0%B8%B4%E0%B8%9B%E0%B9%84%E0%B8%95%E0%B8%A2_(%E0%B8%9B%E0%B8%A3%E0%B8%B0%E0%B9%80%E0%B8%97%E0%B8%A8%E0%B8%9A%E0%B8%AD%E0%B8%AA%E0%B9%80%E0%B8%99%E0%B8%B5%E0%B8%A2%E0%B9%81%E0%B8%A5%E0%B8%B0%E0%B9%80%E0%B8%AE%E0%B8%AD%E0%B8%A3%E0%B9%8C%E0%B9%80%E0%B8%8B%E0%B9%82%E0%B8%81%E0%B8%A7%E0%B8%B5%E0%B8%99%E0%B8%B2)","*":"\u0e1e\u0e23\u0e23\u0e04\u0e01\u0e34\u0e08\u0e1b\u0e23\u0e30\u0e0a\u0e32\u0e18\u0e34\u0e1b\u0e44\u0e15\u0e22 (\u0e1b\u0e23\u0e30\u0e40\u0e17\u0e28\u0e1a\u0e2d\u0e2a\u0e40\u0e19\u0e35\u0e22\u0e41\u0e25\u0e30\u0e40\u0e2e\u0e2d\u0e23\u0e4c\u0e40\u0e0b\u0e42\u0e01\u0e27\u0e35\u0e19\u0e32)"},{"lang":"tr","url":"https://tr.wikipedia.org/wiki/Demokratik_Eylem_Partisi_(Bosna-Hersek)","*":"Demokratik Eylem Partisi (Bosna-Hersek)"},{"lang":"uk","url":"https://uk.wikipedia.org/wiki/%D0%9F%D0%B0%D1%80%D1%82%D1%96%D1%8F_%D0%B4%D0%B5%D0%BC%D0%BE%D0%BA%D1%80%D0%B0%D1%82%D0%B8%D1%87%D0%BD%D0%BE%D1%97_%D0%B4%D1%96%D1%97","*":"\u041f\u0430\u0440\u0442\u0456\u044f \u0434\u0435\u043c\u043e\u043a\u0440\u0430\u0442\u0438\u0447\u043d\u043e\u0457 \u0434\u0456\u0457"}]}}}}