{"partyfacts_id":1455,"batchcomplete":"","query":{"normalized":[{"from":"Indian_Union_Muslim_League","to":"Indian Union Muslim League"}],"pages":{"1037379":{"pageid":1037379,"ns":0,"title":"Indian Union Muslim League","langlinks":[{"lang":"ar","url":"https://ar.wikipedia.org/wiki/%D8%A7%D9%84%D8%B1%D8%A7%D8%A8%D8%B7%D8%A9_%D8%A7%D9%84%D8%A5%D8%B3%D9%84%D8%A7%D9%85%D9%8A%D8%A9_%D8%A7%D9%84%D9%87%D9%86%D8%AF%D9%8A%D8%A9","*":"\u0627\u0644\u0631\u0627\u0628\u0637\u0629 \u0627\u0644\u0625\u0633\u0644\u0627\u0645\u064a\u0629 \u0627\u0644\u0647\u0646\u062f\u064a\u0629"},{"lang":"bn","url":"https://bn.wikipedia.org/wiki/%E0%A6%AD%E0%A6%BE%E0%A6%B0%E0%A6%A4%E0%A7%80%E0%A6%AF%E0%A6%BC_%E0%A6%87%E0%A6%89%E0%A6%A8%E0%A6%BF%E0%A6%AF%E0%A6%BC%E0%A6%A8_%E0%A6%AE%E0%A7%81%E0%A6%B8%E0%A6%B2%E0%A6%BF%E0%A6%AE_%E0%A6%B2%E0%A6%BF%E0%A6%97","*":"\u09ad\u09be\u09b0\u09a4\u09c0\u09af\u09bc \u0987\u0989\u09a8\u09bf\u09af\u09bc\u09a8 \u09ae\u09c1\u09b8\u09b2\u09bf\u09ae \u09b2\u09bf\u0997"},{"lang":"de","url":"https://de.wikipedia.org/wiki/Indian_Union_Muslim_League","*":"Indian Union Muslim League"},{"lang":"es","url":"https://es.wikipedia.org/wiki/Liga_Musulmana_de_la_Uni%C3%B3n_India","*":"Liga Musulmana de la Uni\u00f3n India"},{"lang":"hi","url":"https://hi.wikipedia.org/wiki/%E0%A4%87%E0%A4%A3%E0%A5%8D%E0%A4%A1%E0%A4%BF%E0%A4%AF%E0%A4%A8_%E0%A4%AF%E0%A5%82%E0%A4%A8%E0%A4%BF%E0%A4%AF%E0%A4%A8_%E0%A4%AE%E0%A5%81%E0%A4%B8%E0%A5%8D%E0%A4%B2%E0%A4%BF%E0%A4%AE_%E0%A4%B2%E0%A5%80%E0%A4%97","*":"\u0907\u0923\u094d\u0921\u093f\u092f\u0928 \u092f\u0942\u0928\u093f\u092f\u0928 \u092e\u0941\u0938\u094d\u0932\u093f\u092e \u0932\u0940\u0917"},{"lang":"ja","url":"https://ja.wikipedia.org/wiki/%E3%82%A4%E3%83%B3%E3%83%89%E9%80%A3%E5%90%88%E3%83%A0%E3%82%B9%E3%83%AA%E3%83%A0%E9%80%A3%E7%9B%9F","*":"\u30a4\u30f3\u30c9\u9023\u5408\u30e0\u30b9\u30ea\u30e0\u9023\u76df"},{"lang":"ko","url":"https://ko.wikipedia.org/wiki/%EC%9D%B8%EB%8F%84_%EC%97%B0%ED%95%A9_%EB%AC%B4%EC%8A%AC%EB%A6%BC_%EC%97%B0%EB%A7%B9","*":"\uc778\ub3c4 \uc5f0\ud569 \ubb34\uc2ac\ub9bc \uc5f0\ub9f9"},{"lang":"ml","url":"https://ml.wikipedia.org/wiki/%E0%B4%87%E0%B4%A8%E0%B5%8D%E0%B4%A4%E0%B5%8D%E0%B4%AF%E0%B5%BB_%E0%B4%AF%E0%B5%82%E0%B4%A3%E0%B4%BF%E0%B4%AF%E0%B5%BB_%E0%B4%AE%E0%B5%81%E0%B4%B8%E0%B5%8D%E0%B4%B2%E0%B4%BF%E0%B4%82_%E0%B4%B2%E0%B5%80%E0%B4%97%E0%B5%8D","*":"\u0d07\u0d28\u0d4d\u0d24\u0d4d\u0d2f\u0d7b \u0d2f\u0d42\u0d23\u0d3f\u0d2f\u0d7b \u0d2e\u0d41\u0d38\u0d4d\u0d32\u0d3f\u0d02 \u0d32\u0d40\u0d17\u0d4d"},{"lang":"mr","url":"https://mr.wikipedia.org/wiki/%E0%A4%87%E0%A4%82%E0%A4%A1%E0%A4%BF%E0%A4%AF%E0%A4%A8_%E0%A4%AF%E0%A5%81%E0%A4%A8%E0%A4%BF%E0%A4%AF%E0%A4%A8_%E0%A4%AE%E0%A5%81%E0%A4%B8%E0%A5%8D%E0%A4%B2%E0%A4%BF%E0%A4%AE_%E0%A4%B2%E0%A5%80%E0%A4%97","*":"\u0907\u0902\u0921\u093f\u092f\u0928 \u092f\u0941\u0928\u093f\u092f\u0928 \u092e\u0941\u0938\u094d\u0932\u093f\u092e \u0932\u0940\u0917"},{"lang":"sv","url":"https://sv.wikipedia.org/wiki/Indian_Union_Muslim_League","*":"Indian Union Muslim League"},{"lang":"ta","url":"https://ta.wikipedia.org/wiki/%E0%AE%87%E0%AE%A8%E0%AF%8D%E0%AE%A4%E0%AE%BF%E0%AE%AF_%E0%AE%92%E0%AE%A9%E0%AF%8D%E0%AE%B1%E0%AE%BF%E0%AE%AF_%E0%AE%AE%E0%AF%81%E0%AE%B8%E0%AF%8D%E0%AE%B2%E0%AE%BF%E0%AE%AE%E0%AF%8D_%E0%AE%B2%E0%AF%80%E0%AE%95%E0%AF%8D","*":"\u0b87\u0ba8\u0bcd\u0ba4\u0bbf\u0baf \u0b92\u0ba9\u0bcd\u0bb1\u0bbf\u0baf \u0bae\u0bc1\u0bb8\u0bcd\u0bb2\u0bbf\u0bae\u0bcd \u0bb2\u0bc0\u0b95\u0bcd"},{"lang":"te","url":"https://te.wikipedia.org/wiki/%E0%B0%87%E0%B0%82%E0%B0%A1%E0%B0%BF%E0%B0%AF%E0%B0%A8%E0%B1%8D_%E0%B0%AF%E0%B1%82%E0%B0%A8%E0%B0%BF%E0%B0%AF%E0%B0%A8%E0%B1%8D_%E0%B0%AE%E0%B1%81%E0%B0%B8%E0%B1%8D%E0%B0%B2%E0%B0%BF%E0%B0%82_%E0%B0%B2%E0%B1%80%E0%B0%97%E0%B1%8D","*":"\u0c07\u0c02\u0c21\u0c3f\u0c2f\u0c28\u0c4d \u0c2f\u0c42\u0c28\u0c3f\u0c2f\u0c28\u0c4d \u0c2e\u0c41\u0c38\u0c4d\u0c32\u0c3f\u0c02 \u0c32\u0c40\u0c17\u0c4d"},{"lang":"ur","url":"https://ur.wikipedia.org/wiki/%D8%A7%D9%86%DA%88%DB%8C%D9%86_%DB%8C%D9%88%D9%86%DB%8C%D9%86_%D9%85%D8%B3%D9%84%D9%85_%D9%84%DB%8C%DA%AF","*":"\u0627\u0646\u0688\u06cc\u0646 \u06cc\u0648\u0646\u06cc\u0646 \u0645\u0633\u0644\u0645 \u0644\u06cc\u06af"}]}}}}