{"partyfacts_id":1464,"batchcomplete":"","query":{"normalized":[{"from":"National_Democratic_Union_(Italy)","to":"National Democratic Union (Italy)"}],"pages":{"7665746":{"pageid":7665746,"ns":0,"title":"National Democratic Union (Italy)","langlinks":[{"lang":"ca","url":"https://ca.wikipedia.org/wiki/Uni%C3%B3_Democr%C3%A0tica_Nacional","*":"Uni\u00f3 Democr\u00e0tica Nacional"},{"lang":"de","url":"https://de.wikipedia.org/wiki/Unione_Democratica_Nazionale","*":"Unione Democratica Nazionale"},{"lang":"es","url":"https://es.wikipedia.org/wiki/Uni%C3%B3n_Democr%C3%A1tica_Nacional_(Italia)","*":"Uni\u00f3n Democr\u00e1tica Nacional (Italia)"},{"lang":"fr","url":"https://fr.wikipedia.org/wiki/Union_d%C3%A9mocratique_nationale_(Italie)","*":"Union d\u00e9mocratique nationale (Italie)"},{"lang":"it","url":"https://it.wikipedia.org/wiki/Unione_Democratica_Nazionale","*":"Unione Democratica Nazionale"},{"lang":"scn","url":"https://scn.wikipedia.org/wiki/Unioni_Dimucr%C3%A0tica_Nazziunali","*":"Unioni Dimucr\u00e0tica Nazziunali"}]}}}}