{"partyfacts_id":1475,"batchcomplete":"","query":{"normalized":[{"from":"Social_Democratic_Party_of_Croatia","to":"Social Democratic Party of Croatia"}],"pages":{"404594":{"pageid":404594,"ns":0,"title":"Social Democratic Party of Croatia","langlinks":[{"lang":"bg","url":"https://bg.wikipedia.org/wiki/%D0%A1%D0%BE%D1%86%D0%B8%D0%B0%D0%BB%D0%B4%D0%B5%D0%BC%D0%BE%D0%BA%D1%80%D0%B0%D1%82%D0%B8%D1%87%D0%B5%D1%81%D0%BA%D0%B0_%D0%BF%D0%B0%D1%80%D1%82%D0%B8%D1%8F_%D0%BD%D0%B0_%D0%A5%D1%8A%D1%80%D0%B2%D0%B0%D1%82%D0%B8%D1%8F","*":"\u0421\u043e\u0446\u0438\u0430\u043b\u0434\u0435\u043c\u043e\u043a\u0440\u0430\u0442\u0438\u0447\u0435\u0441\u043a\u0430 \u043f\u0430\u0440\u0442\u0438\u044f \u043d\u0430 \u0425\u044a\u0440\u0432\u0430\u0442\u0438\u044f"},{"lang":"bs","url":"https://bs.wikipedia.org/wiki/Socijaldemokratska_partija_Hrvatske","*":"Socijaldemokratska partija Hrvatske"},{"lang":"ca","url":"https://ca.wikipedia.org/wiki/Partit_Socialdem%C3%B2crata_de_Cro%C3%A0cia","*":"Partit Socialdem\u00f2crata de Cro\u00e0cia"},{"lang":"cs","url":"https://cs.wikipedia.org/wiki/Soci%C3%A1ln%C4%9B_demokratick%C3%A1_strana_Chorvatska","*":"Soci\u00e1ln\u011b demokratick\u00e1 strana Chorvatska"},{"lang":"de","url":"https://de.wikipedia.org/wiki/Socijaldemokratska_partija_Hrvatske","*":"Socijaldemokratska partija Hrvatske"},{"lang":"el","url":"https://el.wikipedia.org/wiki/%CE%A3%CE%BF%CF%83%CE%B9%CE%B1%CE%BB%CE%B4%CE%B7%CE%BC%CE%BF%CE%BA%CF%81%CE%B1%CF%84%CE%B9%CE%BA%CF%8C_%CE%9A%CF%8C%CE%BC%CE%BC%CE%B1_%CF%84%CE%B7%CF%82_%CE%9A%CF%81%CE%BF%CE%B1%CF%84%CE%AF%CE%B1%CF%82","*":"\u03a3\u03bf\u03c3\u03b9\u03b1\u03bb\u03b4\u03b7\u03bc\u03bf\u03ba\u03c1\u03b1\u03c4\u03b9\u03ba\u03cc \u039a\u03cc\u03bc\u03bc\u03b1 \u03c4\u03b7\u03c2 \u039a\u03c1\u03bf\u03b1\u03c4\u03af\u03b1\u03c2"},{"lang":"es","url":"https://es.wikipedia.org/wiki/Partido_Socialdem%C3%B3crata_de_Croacia","*":"Partido Socialdem\u00f3crata de Croacia"},{"lang":"fi","url":"https://fi.wikipedia.org/wiki/Kroatian_sosiaalidemokraattinen_puolue","*":"Kroatian sosiaalidemokraattinen puolue"},{"lang":"fr","url":"https://fr.wikipedia.org/wiki/Parti_social-d%C3%A9mocrate_de_Croatie","*":"Parti social-d\u00e9mocrate de Croatie"},{"lang":"he","url":"https://he.wikipedia.org/wiki/%D7%94%D7%9E%D7%A4%D7%9C%D7%92%D7%94_%D7%94%D7%A1%D7%95%D7%A6%D7%99%D7%90%D7%9C-%D7%93%D7%9E%D7%95%D7%A7%D7%A8%D7%98%D7%99%D7%AA_(%D7%A7%D7%A8%D7%95%D7%90%D7%98%D7%99%D7%94)","*":"\u05d4\u05de\u05e4\u05dc\u05d2\u05d4 \u05d4\u05e1\u05d5\u05e6\u05d9\u05d0\u05dc-\u05d3\u05de\u05d5\u05e7\u05e8\u05d8\u05d9\u05ea (\u05e7\u05e8\u05d5\u05d0\u05d8\u05d9\u05d4)"},{"lang":"hr","url":"https://hr.wikipedia.org/wiki/Socijaldemokratska_partija_Hrvatske","*":"Socijaldemokratska partija Hrvatske"},{"lang":"hu","url":"https://hu.wikipedia.org/wiki/Horv%C3%A1t_Szoci%C3%A1ldemokrata_P%C3%A1rt","*":"Horv\u00e1t Szoci\u00e1ldemokrata P\u00e1rt"},{"lang":"id","url":"https://id.wikipedia.org/wiki/Partai_Demokrat_Sosial_Kroasia","*":"Partai Demokrat Sosial Kroasia"},{"lang":"it","url":"https://it.wikipedia.org/wiki/Partito_Socialdemocratico_di_Croazia","*":"Partito Socialdemocratico di Croazia"},{"lang":"ja","url":"https://ja.wikipedia.org/wiki/%E3%82%AF%E3%83%AD%E3%82%A2%E3%83%81%E3%82%A2%E7%A4%BE%E4%BC%9A%E6%B0%91%E4%B8%BB%E5%85%9A","*":"\u30af\u30ed\u30a2\u30c1\u30a2\u793e\u4f1a\u6c11\u4e3b\u515a"},{"lang":"ka","url":"https://ka.wikipedia.org/wiki/%E1%83%AE%E1%83%9D%E1%83%A0%E1%83%95%E1%83%90%E1%83%A2%E1%83%98%E1%83%98%E1%83%A1_%E1%83%A1%E1%83%9D%E1%83%AA%E1%83%98%E1%83%90%E1%83%9A-%E1%83%93%E1%83%94%E1%83%9B%E1%83%9D%E1%83%99%E1%83%A0%E1%83%90%E1%83%A2%E1%83%98%E1%83%A3%E1%83%9A%E1%83%98_%E1%83%9E%E1%83%90%E1%83%A0%E1%83%A2%E1%83%98%E1%83%90","*":"\u10ee\u10dd\u10e0\u10d5\u10d0\u10e2\u10d8\u10d8\u10e1 \u10e1\u10dd\u10ea\u10d8\u10d0\u10da-\u10d3\u10d4\u10db\u10dd\u10d9\u10e0\u10d0\u10e2\u10d8\u10e3\u10da\u10d8 \u10de\u10d0\u10e0\u10e2\u10d8\u10d0"},{"lang":"ko","url":"https://ko.wikipedia.org/wiki/%ED%81%AC%EB%A1%9C%EC%95%84%ED%8B%B0%EC%95%84_%EC%82%AC%ED%9A%8C%EB%AF%BC%EC%A3%BC%EB%8B%B9","*":"\ud06c\ub85c\uc544\ud2f0\uc544 \uc0ac\ud68c\ubbfc\uc8fc\ub2f9"},{"lang":"lt","url":"https://lt.wikipedia.org/wiki/Kroatijos_socialdemokrat%C5%B3_partija","*":"Kroatijos socialdemokrat\u0173 partija"},{"lang":"nl","url":"https://nl.wikipedia.org/wiki/Sociaaldemocratische_Partij_van_Kroati%C3%AB","*":"Sociaaldemocratische Partij van Kroati\u00eb"},{"lang":"nn","url":"https://nn.wikipedia.org/wiki/Det_sosialdemokratiske_partiet_i_Kroatia","*":"Det sosialdemokratiske partiet i Kroatia"},{"lang":"nb","url":"https://no.wikipedia.org/wiki/Socijaldemokratska_partija_Hrvatske","*":"Socijaldemokratska partija Hrvatske"},{"lang":"pl","url":"https://pl.wikipedia.org/wiki/Socjaldemokratyczna_Partia_Chorwacji","*":"Socjaldemokratyczna Partia Chorwacji"},{"lang":"pt","url":"https://pt.wikipedia.org/wiki/Partido_Social-Democrata_da_Cro%C3%A1cia","*":"Partido Social-Democrata da Cro\u00e1cia"},{"lang":"ru","url":"https://ru.wikipedia.org/wiki/%D0%A1%D0%BE%D1%86%D0%B8%D0%B0%D0%BB-%D0%B4%D0%B5%D0%BC%D0%BE%D0%BA%D1%80%D0%B0%D1%82%D0%B8%D1%87%D0%B5%D1%81%D0%BA%D0%B0%D1%8F_%D0%BF%D0%B0%D1%80%D1%82%D0%B8%D1%8F_%D0%A5%D0%BE%D1%80%D0%B2%D0%B0%D1%82%D0%B8%D0%B8","*":"\u0421\u043e\u0446\u0438\u0430\u043b-\u0434\u0435\u043c\u043e\u043a\u0440\u0430\u0442\u0438\u0447\u0435\u0441\u043a\u0430\u044f \u043f\u0430\u0440\u0442\u0438\u044f \u0425\u043e\u0440\u0432\u0430\u0442\u0438\u0438"},{"lang":"sh","url":"https://sh.wikipedia.org/wiki/Socijaldemokratska_partija_Hrvatske","*":"Socijaldemokratska partija Hrvatske"},{"lang":"sr","url":"https://sr.wikipedia.org/wiki/%D0%A1%D0%BE%D1%86%D0%B8%D1%98%D0%B0%D0%BB%D0%B4%D0%B5%D0%BC%D0%BE%D0%BA%D1%80%D0%B0%D1%82%D1%81%D0%BA%D0%B0_%D0%BF%D0%B0%D1%80%D1%82%D0%B8%D1%98%D0%B0_%D0%A5%D1%80%D0%B2%D0%B0%D1%82%D1%81%D0%BA%D0%B5","*":"\u0421\u043e\u0446\u0438\u0458\u0430\u043b\u0434\u0435\u043c\u043e\u043a\u0440\u0430\u0442\u0441\u043a\u0430 \u043f\u0430\u0440\u0442\u0438\u0458\u0430 \u0425\u0440\u0432\u0430\u0442\u0441\u043a\u0435"},{"lang":"sv","url":"https://sv.wikipedia.org/wiki/Kroatiens_socialdemokratiska_parti","*":"Kroatiens socialdemokratiska parti"},{"lang":"tr","url":"https://tr.wikipedia.org/wiki/H%C4%B1rvatistan_Sosyal_Demokrat_Partisi","*":"H\u0131rvatistan Sosyal Demokrat Partisi"},{"lang":"uk","url":"https://uk.wikipedia.org/wiki/%D0%A1%D0%BE%D1%86%D1%96%D0%B0%D0%BB-%D0%B4%D0%B5%D0%BC%D0%BE%D0%BA%D1%80%D0%B0%D1%82%D0%B8%D1%87%D0%BD%D0%B0_%D0%BF%D0%B0%D1%80%D1%82%D1%96%D1%8F_%D0%A5%D0%BE%D1%80%D0%B2%D0%B0%D1%82%D1%96%D1%97","*":"\u0421\u043e\u0446\u0456\u0430\u043b-\u0434\u0435\u043c\u043e\u043a\u0440\u0430\u0442\u0438\u0447\u043d\u0430 \u043f\u0430\u0440\u0442\u0456\u044f \u0425\u043e\u0440\u0432\u0430\u0442\u0456\u0457"},{"lang":"zh","url":"https://zh.wikipedia.org/wiki/%E5%85%8B%E7%BE%85%E5%9F%83%E8%A5%BF%E4%BA%9E%E7%A4%BE%E6%9C%83%E6%B0%91%E4%B8%BB%E9%BB%A8","*":"\u514b\u7f85\u57c3\u897f\u4e9e\u793e\u6703\u6c11\u4e3b\u9ee8"}]}}}}