{"partyfacts_id":1476,"batchcomplete":"","query":{"normalized":[{"from":"Reform_Party_(Latvia)","to":"Reform Party (Latvia)"}],"pages":{"32446328":{"pageid":32446328,"ns":0,"title":"Reform Party (Latvia)","langlinks":[{"lang":"bg","url":"https://bg.wikipedia.org/wiki/%D0%A0%D0%B5%D1%84%D0%BE%D1%80%D0%BC%D0%B0%D1%82%D0%BE%D1%80%D1%81%D0%BA%D0%B0_%D0%BF%D0%B0%D1%80%D1%82%D0%B8%D1%8F","*":"\u0420\u0435\u0444\u043e\u0440\u043c\u0430\u0442\u043e\u0440\u0441\u043a\u0430 \u043f\u0430\u0440\u0442\u0438\u044f"},{"lang":"ca","url":"https://ca.wikipedia.org/wiki/Partit_de_la_Reforma_(Let%C3%B2nia)","*":"Partit de la Reforma (Let\u00f2nia)"},{"lang":"da","url":"https://da.wikipedia.org/wiki/Reformu_partija","*":"Reformu partija"},{"lang":"de","url":"https://de.wikipedia.org/wiki/Reformu_partija","*":"Reformu partija"},{"lang":"eo","url":"https://eo.wikipedia.org/wiki/Reforma_partio_de_Valdis_Zatlers","*":"Reforma partio de Valdis Zatlers"},{"lang":"fi","url":"https://fi.wikipedia.org/wiki/Zatlersin_Reformipuolue","*":"Zatlersin Reformipuolue"},{"lang":"fr","url":"https://fr.wikipedia.org/wiki/Parti_r%C3%A9formateur_(Lettonie)","*":"Parti r\u00e9formateur (Lettonie)"},{"lang":"it","url":"https://it.wikipedia.org/wiki/Partito_della_Riforma_(Lettonia)","*":"Partito della Riforma (Lettonia)"},{"lang":"lv","url":"https://lv.wikipedia.org/wiki/Reformu_partija_(Latvija)","*":"Reformu partija (Latvija)"},{"lang":"pl","url":"https://pl.wikipedia.org/wiki/Partia_Reform_(%C5%81otwa)","*":"Partia Reform (\u0141otwa)"},{"lang":"ru","url":"https://ru.wikipedia.org/wiki/%D0%9F%D0%B0%D1%80%D1%82%D0%B8%D1%8F_%D1%80%D0%B5%D1%84%D0%BE%D1%80%D0%BC_(%D0%9B%D0%B0%D1%82%D0%B2%D0%B8%D1%8F)","*":"\u041f\u0430\u0440\u0442\u0438\u044f \u0440\u0435\u0444\u043e\u0440\u043c (\u041b\u0430\u0442\u0432\u0438\u044f)"},{"lang":"sv","url":"https://sv.wikipedia.org/wiki/Reformpartiet_(Lettland)","*":"Reformpartiet (Lettland)"},{"lang":"zh","url":"https://zh.wikipedia.org/wiki/%E6%94%B9%E9%9D%A9%E5%85%9A_(%E6%8B%89%E8%84%B1%E7%BB%B4%E4%BA%9A)","*":"\u6539\u9769\u515a (\u62c9\u8131\u7ef4\u4e9a)"}]}}}}