{"partyfacts_id":1477,"batchcomplete":"","query":{"normalized":[{"from":"Alliance_Party_of_Northern_Ireland","to":"Alliance Party of Northern Ireland"}],"pages":{"359278":{"pageid":359278,"ns":0,"title":"Alliance Party of Northern Ireland","langlinks":[{"lang":"ca","url":"https://ca.wikipedia.org/wiki/Partit_de_l%27Alian%C3%A7a_d%27Irlanda_del_Nord","*":"Partit de l'Alian\u00e7a d'Irlanda del Nord"},{"lang":"cs","url":"https://cs.wikipedia.org/wiki/Alian%C4%8Dn%C3%AD_strana_Severn%C3%ADho_Irska","*":"Alian\u010dn\u00ed strana Severn\u00edho Irska"},{"lang":"de","url":"https://de.wikipedia.org/wiki/Alliance_Party_of_Northern_Ireland","*":"Alliance Party of Northern Ireland"},{"lang":"el","url":"https://el.wikipedia.org/wiki/%CE%9A%CF%8C%CE%BC%CE%BC%CE%B1_%CE%A3%CF%85%CE%BC%CE%BC%CE%B1%CF%87%CE%AF%CE%B1%CF%82_%CF%84%CE%B7%CF%82_%CE%92%CF%8C%CF%81%CE%B5%CE%B9%CE%B1%CF%82_%CE%99%CF%81%CE%BB%CE%B1%CE%BD%CE%B4%CE%AF%CE%B1%CF%82","*":"\u039a\u03cc\u03bc\u03bc\u03b1 \u03a3\u03c5\u03bc\u03bc\u03b1\u03c7\u03af\u03b1\u03c2 \u03c4\u03b7\u03c2 \u0392\u03cc\u03c1\u03b5\u03b9\u03b1\u03c2 \u0399\u03c1\u03bb\u03b1\u03bd\u03b4\u03af\u03b1\u03c2"},{"lang":"es","url":"https://es.wikipedia.org/wiki/Partido_de_la_Alianza_de_Irlanda_del_Norte","*":"Partido de la Alianza de Irlanda del Norte"},{"lang":"eu","url":"https://eu.wikipedia.org/wiki/Ipar_Irlandako_Aliantza_Alderdia","*":"Ipar Irlandako Aliantza Alderdia"},{"lang":"fi","url":"https://fi.wikipedia.org/wiki/Alliance_Party_(Pohjois-Irlanti)","*":"Alliance Party (Pohjois-Irlanti)"},{"lang":"fr","url":"https://fr.wikipedia.org/wiki/Parti_de_l%27Alliance_d%27Irlande_du_Nord","*":"Parti de l'Alliance d'Irlande du Nord"},{"lang":"ga","url":"https://ga.wikipedia.org/wiki/P%C3%A1irt%C3%AD_Comhghuaill%C3%ADochta_Thuaisceart_%C3%89ireann","*":"P\u00e1irt\u00ed Comhghuaill\u00edochta Thuaisceart \u00c9ireann"},{"lang":"it","url":"https://it.wikipedia.org/wiki/Partito_dell%27Alleanza_dell%27Irlanda_del_Nord","*":"Partito dell'Alleanza dell'Irlanda del Nord"},{"lang":"ja","url":"https://ja.wikipedia.org/wiki/%E5%8C%97%E3%82%A2%E3%82%A4%E3%83%AB%E3%83%A9%E3%83%B3%E3%83%89%E5%90%8C%E7%9B%9F%E5%85%9A","*":"\u5317\u30a2\u30a4\u30eb\u30e9\u30f3\u30c9\u540c\u76df\u515a"},{"lang":"ko","url":"https://ko.wikipedia.org/wiki/%EB%B6%81%EC%95%84%EC%9D%BC%EB%9E%9C%EB%93%9C_%EB%8F%99%EB%A7%B9%EB%8B%B9","*":"\ubd81\uc544\uc77c\ub79c\ub4dc \ub3d9\ub9f9\ub2f9"},{"lang":"nl","url":"https://nl.wikipedia.org/wiki/Alliance_Party_of_Northern_Ireland","*":"Alliance Party of Northern Ireland"},{"lang":"nb","url":"https://no.wikipedia.org/wiki/Alliance_Party_of_Northern_Ireland","*":"Alliance Party of Northern Ireland"},{"lang":"pl","url":"https://pl.wikipedia.org/wiki/Alliance_Party_of_Northern_Ireland","*":"Alliance Party of Northern Ireland"},{"lang":"pt","url":"https://pt.wikipedia.org/wiki/Partido_da_Alian%C3%A7a_da_Irlanda_do_Norte","*":"Partido da Alian\u00e7a da Irlanda do Norte"},{"lang":"ru","url":"https://ru.wikipedia.org/wiki/%D0%90%D0%BB%D1%8C%D1%8F%D0%BD%D1%81_(%D0%A1%D0%B5%D0%B2%D0%B5%D1%80%D0%BD%D0%B0%D1%8F_%D0%98%D1%80%D0%BB%D0%B0%D0%BD%D0%B4%D0%B8%D1%8F)","*":"\u0410\u043b\u044c\u044f\u043d\u0441 (\u0421\u0435\u0432\u0435\u0440\u043d\u0430\u044f \u0418\u0440\u043b\u0430\u043d\u0434\u0438\u044f)"},{"lang":"simple","url":"https://simple.wikipedia.org/wiki/Alliance_Party_of_Northern_Ireland","*":"Alliance Party of Northern Ireland"},{"lang":"sv","url":"https://sv.wikipedia.org/wiki/Alliance_Party_of_Northern_Ireland","*":"Alliance Party of Northern Ireland"},{"lang":"tr","url":"https://tr.wikipedia.org/wiki/Kuzey_%C4%B0rlanda_%C4%B0ttifak_Partisi","*":"Kuzey \u0130rlanda \u0130ttifak Partisi"},{"lang":"uk","url":"https://uk.wikipedia.org/wiki/%D0%90%D0%BB%D1%8C%D1%8F%D0%BD%D1%81_(%D0%BF%D0%B0%D1%80%D1%82%D1%96%D1%8F)","*":"\u0410\u043b\u044c\u044f\u043d\u0441 (\u043f\u0430\u0440\u0442\u0456\u044f)"},{"lang":"zh","url":"https://zh.wikipedia.org/wiki/%E5%8C%97%E6%84%9B%E7%88%BE%E8%98%AD%E8%81%AF%E7%9B%9F%E9%BB%A8","*":"\u5317\u611b\u723e\u862d\u806f\u76df\u9ee8"}]}}}}