{"partyfacts_id":1478,"batchcomplete":"","query":{"normalized":[{"from":"Socialist_Party_(France)","to":"Socialist Party (France)"}],"pages":{"39565408":{"pageid":39565408,"ns":0,"title":"Socialist Party (France)","langlinks":[{"lang":"an","url":"https://an.wikipedia.org/wiki/Parti_Socialiste_(Francia)","*":"Parti Socialiste (Francia)"},{"lang":"ar","url":"https://ar.wikipedia.org/wiki/%D8%A7%D9%84%D8%AD%D8%B2%D8%A8_%D8%A7%D9%84%D8%A7%D8%B4%D8%AA%D8%B1%D8%A7%D9%83%D9%8A_(%D9%81%D8%B1%D9%86%D8%B3%D8%A7)","*":"\u0627\u0644\u062d\u0632\u0628 \u0627\u0644\u0627\u0634\u062a\u0631\u0627\u0643\u064a (\u0641\u0631\u0646\u0633\u0627)"},{"lang":"arz","url":"https://arz.wikipedia.org/wiki/%D8%A7%D9%84%D8%AD%D8%B2%D8%A8_%D8%A7%D9%84%D8%A7%D8%B4%D8%AA%D8%B1%D8%A7%D9%83%D9%89_(%D9%81%D8%B1%D9%86%D8%B3%D8%A7)","*":"\u0627\u0644\u062d\u0632\u0628 \u0627\u0644\u0627\u0634\u062a\u0631\u0627\u0643\u0649 (\u0641\u0631\u0646\u0633\u0627)"},{"lang":"az","url":"https://az.wikipedia.org/wiki/Fransa_Sosialist_Partiyas%C4%B1","*":"Fransa Sosialist Partiyas\u0131"},{"lang":"be","url":"https://be.wikipedia.org/wiki/%D0%A1%D0%B0%D1%86%D1%8B%D1%8F%D0%BB%D1%96%D1%81%D1%82%D1%8B%D1%87%D0%BD%D0%B0%D1%8F_%D0%BF%D0%B0%D1%80%D1%82%D1%8B%D1%8F_(%D0%A4%D1%80%D0%B0%D0%BD%D1%86%D1%8B%D1%8F)","*":"\u0421\u0430\u0446\u044b\u044f\u043b\u0456\u0441\u0442\u044b\u0447\u043d\u0430\u044f \u043f\u0430\u0440\u0442\u044b\u044f (\u0424\u0440\u0430\u043d\u0446\u044b\u044f)"},{"lang":"bg","url":"https://bg.wikipedia.org/wiki/%D0%A1%D0%BE%D1%86%D0%B8%D0%B0%D0%BB%D0%B8%D1%81%D1%82%D0%B8%D1%87%D0%B5%D1%81%D0%BA%D0%B0_%D0%BF%D0%B0%D1%80%D1%82%D0%B8%D1%8F_(%D0%A4%D1%80%D0%B0%D0%BD%D1%86%D0%B8%D1%8F)","*":"\u0421\u043e\u0446\u0438\u0430\u043b\u0438\u0441\u0442\u0438\u0447\u0435\u0441\u043a\u0430 \u043f\u0430\u0440\u0442\u0438\u044f (\u0424\u0440\u0430\u043d\u0446\u0438\u044f)"},{"lang":"br","url":"https://br.wikipedia.org/wiki/Parti_Socialiste_(Fra%C3%B1s)","*":"Parti Socialiste (Fra\u00f1s)"},{"lang":"ca","url":"https://ca.wikipedia.org/wiki/Partit_Socialista_(Fran%C3%A7a)","*":"Partit Socialista (Fran\u00e7a)"},{"lang":"cs","url":"https://cs.wikipedia.org/wiki/Parti_socialiste_(Francie)","*":"Parti socialiste (Francie)"},{"lang":"da","url":"https://da.wikipedia.org/wiki/Parti_Socialiste","*":"Parti Socialiste"},{"lang":"de","url":"https://de.wikipedia.org/wiki/Parti_socialiste_(Frankreich)","*":"Parti socialiste (Frankreich)"},{"lang":"el","url":"https://el.wikipedia.org/wiki/%CE%A3%CE%BF%CF%83%CE%B9%CE%B1%CE%BB%CE%B9%CF%83%CF%84%CE%B9%CE%BA%CF%8C_%CE%9A%CF%8C%CE%BC%CE%BC%CE%B1_(%CE%93%CE%B1%CE%BB%CE%BB%CE%AF%CE%B1)","*":"\u03a3\u03bf\u03c3\u03b9\u03b1\u03bb\u03b9\u03c3\u03c4\u03b9\u03ba\u03cc \u039a\u03cc\u03bc\u03bc\u03b1 (\u0393\u03b1\u03bb\u03bb\u03af\u03b1)"},{"lang":"eo","url":"https://eo.wikipedia.org/wiki/Socialista_Partio_(Francio)","*":"Socialista Partio (Francio)"},{"lang":"es","url":"https://es.wikipedia.org/wiki/Partido_Socialista_(Francia)","*":"Partido Socialista (Francia)"},{"lang":"eu","url":"https://eu.wikipedia.org/wiki/Frantziako_Alderdi_Sozialista","*":"Frantziako Alderdi Sozialista"},{"lang":"fa","url":"https://fa.wikipedia.org/wiki/%D8%AD%D8%B2%D8%A8_%D8%B3%D9%88%D8%B3%DB%8C%D8%A7%D9%84%DB%8C%D8%B3%D8%AA_(%D9%81%D8%B1%D8%A7%D9%86%D8%B3%D9%87)","*":"\u062d\u0632\u0628 \u0633\u0648\u0633\u06cc\u0627\u0644\u06cc\u0633\u062a (\u0641\u0631\u0627\u0646\u0633\u0647)"},{"lang":"fi","url":"https://fi.wikipedia.org/wiki/Sosialistinen_puolue_(Ranska)","*":"Sosialistinen puolue (Ranska)"},{"lang":"fr","url":"https://fr.wikipedia.org/wiki/Parti_socialiste_(France)","*":"Parti socialiste (France)"},{"lang":"gl","url":"https://gl.wikipedia.org/wiki/Partido_Socialista_(Francia)","*":"Partido Socialista (Francia)"},{"lang":"he","url":"https://he.wikipedia.org/wiki/%D7%94%D7%9E%D7%A4%D7%9C%D7%92%D7%94_%D7%94%D7%A1%D7%95%D7%A6%D7%99%D7%90%D7%9C%D7%99%D7%A1%D7%98%D7%99%D7%AA_%D7%94%D7%A6%D7%A8%D7%A4%D7%AA%D7%99%D7%AA","*":"\u05d4\u05de\u05e4\u05dc\u05d2\u05d4 \u05d4\u05e1\u05d5\u05e6\u05d9\u05d0\u05dc\u05d9\u05e1\u05d8\u05d9\u05ea \u05d4\u05e6\u05e8\u05e4\u05ea\u05d9\u05ea"},{"lang":"hi","url":"https://hi.wikipedia.org/wiki/%E0%A4%B8%E0%A4%AE%E0%A4%BE%E0%A4%9C%E0%A4%B5%E0%A4%BE%E0%A4%A6%E0%A5%80_%E0%A4%A6%E0%A4%B2_(%E0%A4%AB%E0%A4%BC%E0%A5%8D%E0%A4%B0%E0%A4%BE%E0%A4%81%E0%A4%B8)","*":"\u0938\u092e\u093e\u091c\u0935\u093e\u0926\u0940 \u0926\u0932 (\u092b\u093c\u094d\u0930\u093e\u0901\u0938)"},{"lang":"hr","url":"https://hr.wikipedia.org/wiki/Socijalisti%C4%8Dka_stranka_(Francuska)","*":"Socijalisti\u010dka stranka (Francuska)"},{"lang":"hu","url":"https://hu.wikipedia.org/wiki/Szocialista_P%C3%A1rt_(Franciaorsz%C3%A1g)","*":"Szocialista P\u00e1rt (Franciaorsz\u00e1g)"},{"lang":"id","url":"https://id.wikipedia.org/wiki/Partai_Sosialis_(Prancis)","*":"Partai Sosialis (Prancis)"},{"lang":"is","url":"https://is.wikipedia.org/wiki/S%C3%B3s%C3%ADalistaflokkurinn_(Frakkland)","*":"S\u00f3s\u00edalistaflokkurinn (Frakkland)"},{"lang":"it","url":"https://it.wikipedia.org/wiki/Partito_Socialista_(Francia)","*":"Partito Socialista (Francia)"},{"lang":"ja","url":"https://ja.wikipedia.org/wiki/%E7%A4%BE%E4%BC%9A%E5%85%9A_(%E3%83%95%E3%83%A9%E3%83%B3%E3%82%B9)","*":"\u793e\u4f1a\u515a (\u30d5\u30e9\u30f3\u30b9)"},{"lang":"ka","url":"https://ka.wikipedia.org/wiki/%E1%83%A1%E1%83%90%E1%83%A4%E1%83%A0%E1%83%90%E1%83%9C%E1%83%92%E1%83%94%E1%83%97%E1%83%98%E1%83%A1_%E1%83%A1%E1%83%9D%E1%83%AA%E1%83%98%E1%83%90%E1%83%9A%E1%83%98%E1%83%A1%E1%83%A2%E1%83%A3%E1%83%A0%E1%83%98_%E1%83%9E%E1%83%90%E1%83%A0%E1%83%A2%E1%83%98%E1%83%90","*":"\u10e1\u10d0\u10e4\u10e0\u10d0\u10dc\u10d2\u10d4\u10d7\u10d8\u10e1 \u10e1\u10dd\u10ea\u10d8\u10d0\u10da\u10d8\u10e1\u10e2\u10e3\u10e0\u10d8 \u10de\u10d0\u10e0\u10e2\u10d8\u10d0"},{"lang":"kk","url":"https://kk.wikipedia.org/wiki/%D0%A1%D0%BE%D1%86%D0%B8%D0%B0%D0%BB%D0%B8%D1%81%D1%82%D1%96%D0%BA_%D0%BF%D0%B0%D1%80%D1%82%D0%B8%D1%8F_(%D0%A4%D1%80%D0%B0%D0%BD%D1%86%D0%B8%D1%8F)","*":"\u0421\u043e\u0446\u0438\u0430\u043b\u0438\u0441\u0442\u0456\u043a \u043f\u0430\u0440\u0442\u0438\u044f (\u0424\u0440\u0430\u043d\u0446\u0438\u044f)"},{"lang":"ko","url":"https://ko.wikipedia.org/wiki/%EC%82%AC%ED%9A%8C%EB%8B%B9_(%ED%94%84%EB%9E%91%EC%8A%A4)","*":"\uc0ac\ud68c\ub2f9 (\ud504\ub791\uc2a4)"},{"lang":"la","url":"https://la.wikipedia.org/wiki/Factio_socialistica_(Francia)","*":"Factio socialistica (Francia)"},{"lang":"lb","url":"https://lb.wikipedia.org/wiki/Parti_socialiste_(Frankr%C3%A4ich)","*":"Parti socialiste (Frankr\u00e4ich)"},{"lang":"lt","url":"https://lt.wikipedia.org/wiki/Pranc%C5%ABzijos_socialist%C5%B3_partija","*":"Pranc\u016bzijos socialist\u0173 partija"},{"lang":"lv","url":"https://lv.wikipedia.org/wiki/Soci%C4%81listisk%C4%81_partija_(Francija)","*":"Soci\u0101listisk\u0101 partija (Francija)"},{"lang":"mr","url":"https://mr.wikipedia.org/wiki/%E0%A4%B8%E0%A4%AE%E0%A4%BE%E0%A4%9C%E0%A4%B5%E0%A4%BE%E0%A4%A6%E0%A5%80_%E0%A4%AA%E0%A4%95%E0%A5%8D%E0%A4%B7_(%E0%A4%AB%E0%A5%8D%E0%A4%B0%E0%A4%BE%E0%A4%A8%E0%A5%8D%E0%A4%B8)","*":"\u0938\u092e\u093e\u091c\u0935\u093e\u0926\u0940 \u092a\u0915\u094d\u0937 (\u092b\u094d\u0930\u093e\u0928\u094d\u0938)"},{"lang":"ms","url":"https://ms.wikipedia.org/wiki/Parti_Sosialis_(Perancis)","*":"Parti Sosialis (Perancis)"},{"lang":"nl","url":"https://nl.wikipedia.org/wiki/Parti_socialiste_(Frankrijk)","*":"Parti socialiste (Frankrijk)"},{"lang":"nn","url":"https://nn.wikipedia.org/wiki/Parti_socialiste","*":"Parti socialiste"},{"lang":"nb","url":"https://no.wikipedia.org/wiki/Parti_socialiste","*":"Parti socialiste"},{"lang":"oc","url":"https://oc.wikipedia.org/wiki/Partit_Socialista_(Fran%C3%A7a)","*":"Partit Socialista (Fran\u00e7a)"},{"lang":"pl","url":"https://pl.wikipedia.org/wiki/Partia_Socjalistyczna_(Francja)","*":"Partia Socjalistyczna (Francja)"},{"lang":"pt","url":"https://pt.wikipedia.org/wiki/Partido_Socialista_(Fran%C3%A7a)","*":"Partido Socialista (Fran\u00e7a)"},{"lang":"ro","url":"https://ro.wikipedia.org/wiki/Partidul_Socialist_(Fran%C8%9Ba)","*":"Partidul Socialist (Fran\u021ba)"},{"lang":"ru","url":"https://ru.wikipedia.org/wiki/%D0%A1%D0%BE%D1%86%D0%B8%D0%B0%D0%BB%D0%B8%D1%81%D1%82%D0%B8%D1%87%D0%B5%D1%81%D0%BA%D0%B0%D1%8F_%D0%BF%D0%B0%D1%80%D1%82%D0%B8%D1%8F_(%D0%A4%D1%80%D0%B0%D0%BD%D1%86%D0%B8%D1%8F)","*":"\u0421\u043e\u0446\u0438\u0430\u043b\u0438\u0441\u0442\u0438\u0447\u0435\u0441\u043a\u0430\u044f \u043f\u0430\u0440\u0442\u0438\u044f (\u0424\u0440\u0430\u043d\u0446\u0438\u044f)"},{"lang":"scn","url":"https://scn.wikipedia.org/wiki/Partitu_sucialista_(Francia)","*":"Partitu sucialista (Francia)"},{"lang":"sh","url":"https://sh.wikipedia.org/wiki/Socijalisti%C4%8Dka_partija_(Francuska)","*":"Socijalisti\u010dka partija (Francuska)"},{"lang":"simple","url":"https://simple.wikipedia.org/wiki/Socialist_Party_(France)","*":"Socialist Party (France)"},{"lang":"sl","url":"https://sl.wikipedia.org/wiki/Socialisti%C4%8Dna_stranka_(Francija)","*":"Socialisti\u010dna stranka (Francija)"},{"lang":"sr","url":"https://sr.wikipedia.org/wiki/%D0%A1%D0%BE%D1%86%D0%B8%D1%98%D0%B0%D0%BB%D0%B8%D1%81%D1%82%D0%B8%D1%87%D0%BA%D0%B0_%D0%BF%D0%B0%D1%80%D1%82%D0%B8%D1%98%D0%B0_(%D0%A4%D1%80%D0%B0%D0%BD%D1%86%D1%83%D1%81%D0%BA%D0%B0)","*":"\u0421\u043e\u0446\u0438\u0458\u0430\u043b\u0438\u0441\u0442\u0438\u0447\u043a\u0430 \u043f\u0430\u0440\u0442\u0438\u0458\u0430 (\u0424\u0440\u0430\u043d\u0446\u0443\u0441\u043a\u0430)"},{"lang":"sv","url":"https://sv.wikipedia.org/wiki/Socialistiska_partiet_(Frankrike)","*":"Socialistiska partiet (Frankrike)"},{"lang":"ta","url":"https://ta.wikipedia.org/wiki/%E0%AE%9A%E0%AF%8B%E0%AE%9A%E0%AE%B2%E0%AE%BF%E0%AE%9A%E0%AE%95%E0%AF%8D_%E0%AE%95%E0%AE%9F%E0%AF%8D%E0%AE%9A%E0%AE%BF_(%E0%AE%AA%E0%AE%BF%E0%AE%B0%E0%AE%BE%E0%AE%A9%E0%AF%8D%E0%AE%9A%E0%AF%81)","*":"\u0b9a\u0bcb\u0b9a\u0bb2\u0bbf\u0b9a\u0b95\u0bcd \u0b95\u0b9f\u0bcd\u0b9a\u0bbf (\u0baa\u0bbf\u0bb0\u0bbe\u0ba9\u0bcd\u0b9a\u0bc1)"},{"lang":"th","url":"https://th.wikipedia.org/wiki/%E0%B8%9E%E0%B8%A3%E0%B8%A3%E0%B8%84%E0%B8%AA%E0%B8%B1%E0%B8%87%E0%B8%84%E0%B8%A1%E0%B8%99%E0%B8%B4%E0%B8%A2%E0%B8%A1_(%E0%B8%9D%E0%B8%A3%E0%B8%B1%E0%B9%88%E0%B8%87%E0%B9%80%E0%B8%A8%E0%B8%AA)","*":"\u0e1e\u0e23\u0e23\u0e04\u0e2a\u0e31\u0e07\u0e04\u0e21\u0e19\u0e34\u0e22\u0e21 (\u0e1d\u0e23\u0e31\u0e48\u0e07\u0e40\u0e28\u0e2a)"},{"lang":"tr","url":"https://tr.wikipedia.org/wiki/Sosyalist_Parti_(Fransa)","*":"Sosyalist Parti (Fransa)"},{"lang":"tt","url":"https://tt.wikipedia.org/wiki/Sotsialistik_firq%C3%A4_(Frantsi%C3%A4)","*":"Sotsialistik firq\u00e4 (Frantsi\u00e4)"},{"lang":"uk","url":"https://uk.wikipedia.org/wiki/%D0%A1%D0%BE%D1%86%D1%96%D0%B0%D0%BB%D1%96%D1%81%D1%82%D0%B8%D1%87%D0%BD%D0%B0_%D0%BF%D0%B0%D1%80%D1%82%D1%96%D1%8F_(%D0%A4%D1%80%D0%B0%D0%BD%D1%86%D1%96%D1%8F)","*":"\u0421\u043e\u0446\u0456\u0430\u043b\u0456\u0441\u0442\u0438\u0447\u043d\u0430 \u043f\u0430\u0440\u0442\u0456\u044f (\u0424\u0440\u0430\u043d\u0446\u0456\u044f)"},{"lang":"vi","url":"https://vi.wikipedia.org/wiki/%C4%90%E1%BA%A3ng_X%C3%A3_h%E1%BB%99i_(Ph%C3%A1p)","*":"\u0110\u1ea3ng X\u00e3 h\u1ed9i (Ph\u00e1p)"},{"lang":"wuu","url":"https://wuu.wikipedia.org/wiki/%E7%A4%BE%E4%BC%9A%E5%85%9A_(%E6%B3%95%E5%9B%BD)","*":"\u793e\u4f1a\u515a (\u6cd5\u56fd)"},{"lang":"zh","url":"https://zh.wikipedia.org/wiki/%E7%A4%BE%E4%BC%9A%E5%85%9A_(%E6%B3%95%E5%9B%BD)","*":"\u793e\u4f1a\u515a (\u6cd5\u56fd)"},{"lang":"zh-min-nan","url":"https://zh-min-nan.wikipedia.org/wiki/Si%C4%81-ho%C4%93_T%C3%B3ng_(Hoat-kok)","*":"Si\u0101-ho\u0113 T\u00f3ng (Hoat-kok)"}]}}}}