{"partyfacts_id":1479,"batchcomplete":"","query":{"normalized":[{"from":"Democratic_Party_of_Slovenia","to":"Democratic Party of Slovenia"}],"pages":{"20936533":{"pageid":20936533,"ns":0,"title":"Democratic Party of Slovenia","langlinks":[{"lang":"ca","url":"https://ca.wikipedia.org/wiki/Partit_Democr%C3%A0tic_d%27Eslov%C3%A8nia","*":"Partit Democr\u00e0tic d'Eslov\u00e8nia"},{"lang":"cs","url":"https://cs.wikipedia.org/wiki/Demokratska_stranka_Slovenije","*":"Demokratska stranka Slovenije"},{"lang":"it","url":"https://it.wikipedia.org/wiki/Partito_Democratico_di_Slovenia","*":"Partito Democratico di Slovenia"},{"lang":"nl","url":"https://nl.wikipedia.org/wiki/Democratische_Partij_van_Sloveni%C3%AB","*":"Democratische Partij van Sloveni\u00eb"},{"lang":"sl","url":"https://sl.wikipedia.org/wiki/Demokratska_stranka_Slovenije","*":"Demokratska stranka Slovenije"}]}}}}