{"partyfacts_id":1480,"batchcomplete":"","query":{"normalized":[{"from":"People's_Monarchist_Party_(Portugal)","to":"People's Monarchist Party (Portugal)"}],"pages":{"1964742":{"pageid":1964742,"ns":0,"title":"People's Monarchist Party (Portugal)","langlinks":[{"lang":"cs","url":"https://cs.wikipedia.org/wiki/Lidov%C3%A1_monarchistick%C3%A1_strana","*":"Lidov\u00e1 monarchistick\u00e1 strana"},{"lang":"de","url":"https://de.wikipedia.org/wiki/Partido_Popular_Mon%C3%A1rquico","*":"Partido Popular Mon\u00e1rquico"},{"lang":"es","url":"https://es.wikipedia.org/wiki/Partido_Popular_Mon%C3%A1rquico","*":"Partido Popular Mon\u00e1rquico"},{"lang":"et","url":"https://et.wikipedia.org/wiki/Monarhistlik_Rahvapartei","*":"Monarhistlik Rahvapartei"},{"lang":"eu","url":"https://eu.wikipedia.org/wiki/Herri_Alderdi_Erregezalea","*":"Herri Alderdi Erregezalea"},{"lang":"fr","url":"https://fr.wikipedia.org/wiki/Parti_populaire_monarchiste","*":"Parti populaire monarchiste"},{"lang":"it","url":"https://it.wikipedia.org/wiki/Partito_Popolare_Monarchico","*":"Partito Popolare Monarchico"},{"lang":"pl","url":"https://pl.wikipedia.org/wiki/Ludowa_Partia_Monarchistyczna","*":"Ludowa Partia Monarchistyczna"},{"lang":"pt","url":"https://pt.wikipedia.org/wiki/Partido_Popular_Mon%C3%A1rquico","*":"Partido Popular Mon\u00e1rquico"},{"lang":"ru","url":"https://ru.wikipedia.org/wiki/%D0%9D%D0%B0%D1%80%D0%BE%D0%B4%D0%BD%D0%B0%D1%8F_%D0%BC%D0%BE%D0%BD%D0%B0%D1%80%D1%85%D0%B8%D1%87%D0%B5%D1%81%D0%BA%D0%B0%D1%8F_%D0%BF%D0%B0%D1%80%D1%82%D0%B8%D1%8F","*":"\u041d\u0430\u0440\u043e\u0434\u043d\u0430\u044f \u043c\u043e\u043d\u0430\u0440\u0445\u0438\u0447\u0435\u0441\u043a\u0430\u044f \u043f\u0430\u0440\u0442\u0438\u044f"},{"lang":"uk","url":"https://uk.wikipedia.org/wiki/%D0%9D%D0%B0%D1%80%D0%BE%D0%B4%D0%BD%D0%B0_%D0%BC%D0%BE%D0%BD%D0%B0%D1%80%D1%85%D1%96%D1%87%D0%BD%D0%B0_%D0%BF%D0%B0%D1%80%D1%82%D1%96%D1%8F_(%D0%9F%D0%BE%D1%80%D1%82%D1%83%D0%B3%D0%B0%D0%BB%D1%96%D1%8F)","*":"\u041d\u0430\u0440\u043e\u0434\u043d\u0430 \u043c\u043e\u043d\u0430\u0440\u0445\u0456\u0447\u043d\u0430 \u043f\u0430\u0440\u0442\u0456\u044f (\u041f\u043e\u0440\u0442\u0443\u0433\u0430\u043b\u0456\u044f)"}]}}}}