{"partyfacts_id":1482,"batchcomplete":"","query":{"normalized":[{"from":"National_Bloc_(Italy)","to":"National Bloc (Italy)"}],"pages":{"7665396":{"pageid":7665396,"ns":0,"title":"National Bloc (Italy)","langlinks":[{"lang":"ca","url":"https://ca.wikipedia.org/wiki/Bloc_Nacional_(It%C3%A0lia)","*":"Bloc Nacional (It\u00e0lia)"},{"lang":"es","url":"https://es.wikipedia.org/wiki/Bloque_Nacional_(Italia)","*":"Bloque Nacional (Italia)"},{"lang":"it","url":"https://it.wikipedia.org/wiki/Blocco_Nazionale","*":"Blocco Nazionale"},{"lang":"scn","url":"https://scn.wikipedia.org/wiki/Bloccu_Nazziunali","*":"Bloccu Nazziunali"}]}}}}