{"partyfacts_id":1483,"batchcomplete":"","query":{"normalized":[{"from":"Communist_Party_of_Venezuela","to":"Communist Party of Venezuela"}],"pages":{"1825560":{"pageid":1825560,"ns":0,"title":"Communist Party of Venezuela","langlinks":[{"lang":"ar","url":"https://ar.wikipedia.org/wiki/%D8%A7%D9%84%D8%AD%D8%B2%D8%A8_%D8%A7%D9%84%D8%B4%D9%8A%D9%88%D8%B9%D9%8A_%D8%A7%D9%84%D9%81%D9%86%D8%B2%D9%88%D9%8A%D9%84%D9%8A","*":"\u0627\u0644\u062d\u0632\u0628 \u0627\u0644\u0634\u064a\u0648\u0639\u064a \u0627\u0644\u0641\u0646\u0632\u0648\u064a\u0644\u064a"},{"lang":"bn","url":"https://bn.wikipedia.org/wiki/%E0%A6%AD%E0%A7%87%E0%A6%A8%E0%A7%87%E0%A6%9C%E0%A7%81%E0%A6%AF%E0%A6%BC%E0%A7%87%E0%A6%B2%E0%A6%BE%E0%A6%B0_%E0%A6%95%E0%A6%AE%E0%A6%BF%E0%A6%89%E0%A6%A8%E0%A6%BF%E0%A6%B8%E0%A7%8D%E0%A6%9F_%E0%A6%AA%E0%A6%BE%E0%A6%B0%E0%A7%8D%E0%A6%9F%E0%A6%BF","*":"\u09ad\u09c7\u09a8\u09c7\u099c\u09c1\u09af\u09bc\u09c7\u09b2\u09be\u09b0 \u0995\u09ae\u09bf\u0989\u09a8\u09bf\u09b8\u09cd\u099f \u09aa\u09be\u09b0\u09cd\u099f\u09bf"},{"lang":"ca","url":"https://ca.wikipedia.org/wiki/Partit_Comunista_de_Vene%C3%A7uela","*":"Partit Comunista de Vene\u00e7uela"},{"lang":"da","url":"https://da.wikipedia.org/wiki/Venezuelas_Kommunistiske_Parti","*":"Venezuelas Kommunistiske Parti"},{"lang":"de","url":"https://de.wikipedia.org/wiki/Partido_Comunista_de_Venezuela","*":"Partido Comunista de Venezuela"},{"lang":"es","url":"https://es.wikipedia.org/wiki/Partido_Comunista_de_Venezuela","*":"Partido Comunista de Venezuela"},{"lang":"fa","url":"https://fa.wikipedia.org/wiki/%D8%AD%D8%B2%D8%A8_%DA%A9%D9%85%D9%88%D9%86%DB%8C%D8%B3%D8%AA_%D9%88%D9%86%D8%B2%D9%88%D8%A6%D9%84%D8%A7","*":"\u062d\u0632\u0628 \u06a9\u0645\u0648\u0646\u06cc\u0633\u062a \u0648\u0646\u0632\u0648\u0626\u0644\u0627"},{"lang":"fi","url":"https://fi.wikipedia.org/wiki/Venezuelan_kommunistinen_puolue","*":"Venezuelan kommunistinen puolue"},{"lang":"fr","url":"https://fr.wikipedia.org/wiki/Parti_communiste_du_Venezuela","*":"Parti communiste du Venezuela"},{"lang":"hi","url":"https://hi.wikipedia.org/wiki/%E0%A4%B5%E0%A5%87%E0%A4%A8%E0%A5%87%E0%A4%9C%E0%A4%BC%E0%A5%81%E0%A4%8F%E0%A4%B2%E0%A4%BE_%E0%A4%95%E0%A5%80_%E0%A4%95%E0%A4%AE%E0%A5%8D%E0%A4%AF%E0%A5%81%E0%A4%A8%E0%A4%BF%E0%A4%B8%E0%A5%8D%E0%A4%9F_%E0%A4%AA%E0%A4%BE%E0%A4%B0%E0%A5%8D%E0%A4%9F%E0%A5%80","*":"\u0935\u0947\u0928\u0947\u091c\u093c\u0941\u090f\u0932\u093e \u0915\u0940 \u0915\u092e\u094d\u092f\u0941\u0928\u093f\u0938\u094d\u091f \u092a\u093e\u0930\u094d\u091f\u0940"},{"lang":"id","url":"https://id.wikipedia.org/wiki/Partai_Komunis_Venezuela","*":"Partai Komunis Venezuela"},{"lang":"it","url":"https://it.wikipedia.org/wiki/Partito_Comunista_del_Venezuela","*":"Partito Comunista del Venezuela"},{"lang":"ja","url":"https://ja.wikipedia.org/wiki/%E3%83%99%E3%83%8D%E3%82%BA%E3%82%A8%E3%83%A9%E5%85%B1%E7%94%A3%E5%85%9A","*":"\u30d9\u30cd\u30ba\u30a8\u30e9\u5171\u7523\u515a"},{"lang":"ko","url":"https://ko.wikipedia.org/wiki/%EB%B2%A0%EB%84%A4%EC%88%98%EC%97%98%EB%9D%BC_%EA%B3%B5%EC%82%B0%EB%8B%B9","*":"\ubca0\ub124\uc218\uc5d8\ub77c \uacf5\uc0b0\ub2f9"},{"lang":"ky","url":"https://ky.wikipedia.org/wiki/%D0%92%D0%B5%D0%BD%D0%B5%D1%81%D1%83%D1%8D%D0%BB%D0%B0_%D0%BA%D0%BE%D0%BC%D0%BC%D1%83%D0%BD%D0%B8%D1%81%D1%82%D1%82%D0%B8%D0%BA_%D0%BF%D0%B0%D1%80%D1%82%D0%B8%D1%8F%D1%81%D1%8B","*":"\u0412\u0435\u043d\u0435\u0441\u0443\u044d\u043b\u0430 \u043a\u043e\u043c\u043c\u0443\u043d\u0438\u0441\u0442\u0442\u0438\u043a \u043f\u0430\u0440\u0442\u0438\u044f\u0441\u044b"},{"lang":"ne","url":"https://ne.wikipedia.org/wiki/%E0%A4%AD%E0%A5%87%E0%A4%A8%E0%A5%87%E0%A4%9C%E0%A5%81%E0%A4%8F%E0%A4%B2%E0%A4%BE_%E0%A4%95%E0%A4%AE%E0%A5%8D%E0%A4%AF%E0%A5%81%E0%A4%A8%E0%A4%BF%E0%A4%B7%E0%A5%8D%E0%A4%9F_%E0%A4%AA%E0%A4%BE%E0%A4%B0%E0%A5%8D%E0%A4%9F%E0%A5%80","*":"\u092d\u0947\u0928\u0947\u091c\u0941\u090f\u0932\u093e \u0915\u092e\u094d\u092f\u0941\u0928\u093f\u0937\u094d\u091f \u092a\u093e\u0930\u094d\u091f\u0940"},{"lang":"nl","url":"https://nl.wikipedia.org/wiki/Communistische_Partij_van_Venezuela","*":"Communistische Partij van Venezuela"},{"lang":"pl","url":"https://pl.wikipedia.org/wiki/Komunistyczna_Partia_Wenezueli","*":"Komunistyczna Partia Wenezueli"},{"lang":"pms","url":"https://pms.wikipedia.org/wiki/PCV","*":"PCV"},{"lang":"pt","url":"https://pt.wikipedia.org/wiki/Partido_Comunista_da_Venezuela","*":"Partido Comunista da Venezuela"},{"lang":"ro","url":"https://ro.wikipedia.org/wiki/Partidul_Comunist_al_Venezuelei","*":"Partidul Comunist al Venezuelei"},{"lang":"ru","url":"https://ru.wikipedia.org/wiki/%D0%9A%D0%BE%D0%BC%D0%BC%D1%83%D0%BD%D0%B8%D1%81%D1%82%D0%B8%D1%87%D0%B5%D1%81%D0%BA%D0%B0%D1%8F_%D0%BF%D0%B0%D1%80%D1%82%D0%B8%D1%8F_%D0%92%D0%B5%D0%BD%D0%B5%D1%81%D1%83%D1%8D%D0%BB%D1%8B","*":"\u041a\u043e\u043c\u043c\u0443\u043d\u0438\u0441\u0442\u0438\u0447\u0435\u0441\u043a\u0430\u044f \u043f\u0430\u0440\u0442\u0438\u044f \u0412\u0435\u043d\u0435\u0441\u0443\u044d\u043b\u044b"},{"lang":"sr","url":"https://sr.wikipedia.org/wiki/%D0%9A%D0%BE%D0%BC%D1%83%D0%BD%D0%B8%D1%81%D1%82%D0%B8%D1%87%D0%BA%D0%B0_%D0%BF%D0%B0%D1%80%D1%82%D0%B8%D1%98%D0%B0_%D0%92%D0%B5%D0%BD%D0%B5%D1%86%D1%83%D0%B5%D0%BB%D0%B5","*":"\u041a\u043e\u043c\u0443\u043d\u0438\u0441\u0442\u0438\u0447\u043a\u0430 \u043f\u0430\u0440\u0442\u0438\u0458\u0430 \u0412\u0435\u043d\u0435\u0446\u0443\u0435\u043b\u0435"},{"lang":"ta","url":"https://ta.wikipedia.org/wiki/%E0%AE%B5%E0%AF%86%E0%AE%A9%E0%AF%80%E0%AE%9A%E0%AF%82%E0%AE%B2%E0%AE%BE_%E0%AE%95%E0%AE%AE%E0%AF%8D%E0%AE%AF%E0%AF%82%E0%AE%A9%E0%AE%BF%E0%AE%B8%E0%AF%8D%E0%AE%9F%E0%AF%8D_%E0%AE%95%E0%AE%9F%E0%AF%8D%E0%AE%9A%E0%AE%BF","*":"\u0bb5\u0bc6\u0ba9\u0bc0\u0b9a\u0bc2\u0bb2\u0bbe \u0b95\u0bae\u0bcd\u0baf\u0bc2\u0ba9\u0bbf\u0bb8\u0bcd\u0b9f\u0bcd \u0b95\u0b9f\u0bcd\u0b9a\u0bbf"},{"lang":"tl","url":"https://tl.wikipedia.org/wiki/Partido_Komunista_ng_Venezuela","*":"Partido Komunista ng Venezuela"},{"lang":"tr","url":"https://tr.wikipedia.org/wiki/Venezuela_Kom%C3%BCnist_Partisi","*":"Venezuela Kom\u00fcnist Partisi"},{"lang":"uk","url":"https://uk.wikipedia.org/wiki/%D0%9A%D0%BE%D0%BC%D1%83%D0%BD%D1%96%D1%81%D1%82%D0%B8%D1%87%D0%BD%D0%B0_%D0%BF%D0%B0%D1%80%D1%82%D1%96%D1%8F_%D0%92%D0%B5%D0%BD%D0%B5%D1%81%D1%83%D0%B5%D0%BB%D0%B8","*":"\u041a\u043e\u043c\u0443\u043d\u0456\u0441\u0442\u0438\u0447\u043d\u0430 \u043f\u0430\u0440\u0442\u0456\u044f \u0412\u0435\u043d\u0435\u0441\u0443\u0435\u043b\u0438"},{"lang":"zh","url":"https://zh.wikipedia.org/wiki/%E5%A7%94%E5%85%A7%E7%91%9E%E6%8B%89%E5%85%B1%E7%94%A2%E9%BB%A8","*":"\u59d4\u5167\u745e\u62c9\u5171\u7522\u9ee8"}]}}}}