{"partyfacts_id":1485,"batchcomplete":"","query":{"normalized":[{"from":"Pirate_Party","to":"Pirate Party"}],"pages":{"27685522":{"pageid":27685522,"ns":0,"title":"Pirate Party","langlinks":[{"lang":"af","url":"https://af.wikipedia.org/wiki/Pirate_Party","*":"Pirate Party"},{"lang":"an","url":"https://an.wikipedia.org/wiki/Partiu_Pirata","*":"Partiu Pirata"},{"lang":"ar","url":"https://ar.wikipedia.org/wiki/%D8%AD%D8%B2%D8%A8_%D8%A7%D9%84%D9%82%D8%B1%D8%A7%D8%B5%D9%86%D8%A9","*":"\u062d\u0632\u0628 \u0627\u0644\u0642\u0631\u0627\u0635\u0646\u0629"},{"lang":"be","url":"https://be.wikipedia.org/wiki/%D0%9F%D1%96%D1%80%D0%B0%D1%86%D0%BA%D0%B0%D1%8F_%D0%BF%D0%B0%D1%80%D1%82%D1%8B%D1%8F","*":"\u041f\u0456\u0440\u0430\u0446\u043a\u0430\u044f \u043f\u0430\u0440\u0442\u044b\u044f"},{"lang":"cs","url":"https://cs.wikipedia.org/wiki/Pir%C3%A1tsk%C3%A1_politika","*":"Pir\u00e1tsk\u00e1 politika"},{"lang":"de","url":"https://de.wikipedia.org/wiki/Piratenpartei","*":"Piratenpartei"},{"lang":"el","url":"https://el.wikipedia.org/wiki/%CE%9A%CF%8C%CE%BC%CE%BC%CE%B1_%CE%A0%CE%B5%CE%B9%CF%81%CE%B1%CF%84%CF%8E%CE%BD","*":"\u039a\u03cc\u03bc\u03bc\u03b1 \u03a0\u03b5\u03b9\u03c1\u03b1\u03c4\u03ce\u03bd"},{"lang":"eo","url":"https://eo.wikipedia.org/wiki/Piratpartio","*":"Piratpartio"},{"lang":"es","url":"https://es.wikipedia.org/wiki/Partido_Pirata","*":"Partido Pirata"},{"lang":"et","url":"https://et.wikipedia.org/wiki/Piraadipartei","*":"Piraadipartei"},{"lang":"fa","url":"https://fa.wikipedia.org/wiki/%D8%AD%D8%B2%D8%A8_%D8%AF%D8%B2%D8%AF%D8%A7%D9%86_%D8%AF%D8%B1%DB%8C%D8%A7%DB%8C%DB%8C","*":"\u062d\u0632\u0628 \u062f\u0632\u062f\u0627\u0646 \u062f\u0631\u06cc\u0627\u06cc\u06cc"},{"lang":"fi","url":"https://fi.wikipedia.org/wiki/Piraattiliike","*":"Piraattiliike"},{"lang":"gl","url":"https://gl.wikipedia.org/wiki/Partido_Pirata","*":"Partido Pirata"},{"lang":"he","url":"https://he.wikipedia.org/wiki/%D7%9E%D7%A4%D7%9C%D7%92%D7%AA_%D7%94%D7%A4%D7%99%D7%A8%D7%90%D7%98%D7%99%D7%9D","*":"\u05de\u05e4\u05dc\u05d2\u05ea \u05d4\u05e4\u05d9\u05e8\u05d0\u05d8\u05d9\u05dd"},{"lang":"hr","url":"https://hr.wikipedia.org/wiki/Piratska_stranka","*":"Piratska stranka"},{"lang":"hu","url":"https://hu.wikipedia.org/wiki/Kal%C3%B3zp%C3%A1rt","*":"Kal\u00f3zp\u00e1rt"},{"lang":"hy","url":"https://hy.wikipedia.org/wiki/%D5%91%D5%A1%D5%B6%D6%81%D5%A1%D5%B0%D5%A5%D5%B6%D5%A1%D5%AF%D5%A1%D5%B6_%D5%AF%D5%B8%D6%82%D5%BD%D5%A1%D5%AF%D6%81%D5%B8%D6%82%D5%A9%D5%B5%D5%B8%D6%82%D5%B6","*":"\u0551\u0561\u0576\u0581\u0561\u0570\u0565\u0576\u0561\u056f\u0561\u0576 \u056f\u0578\u0582\u057d\u0561\u056f\u0581\u0578\u0582\u0569\u0575\u0578\u0582\u0576"},{"lang":"is","url":"https://is.wikipedia.org/wiki/P%C3%ADrataflokkur","*":"P\u00edrataflokkur"},{"lang":"it","url":"https://it.wikipedia.org/wiki/Partito_Pirata","*":"Partito Pirata"},{"lang":"ja","url":"https://ja.wikipedia.org/wiki/%E6%B5%B7%E8%B3%8A%E5%85%9A","*":"\u6d77\u8cca\u515a"},{"lang":"ko","url":"https://ko.wikipedia.org/wiki/%ED%95%B4%EC%A0%81%EB%8B%B9","*":"\ud574\uc801\ub2f9"},{"lang":"lb","url":"https://lb.wikipedia.org/wiki/Piratepartei","*":"Piratepartei"},{"lang":"lt","url":"https://lt.wikipedia.org/wiki/Pirat%C5%B3_partija","*":"Pirat\u0173 partija"},{"lang":"nl","url":"https://nl.wikipedia.org/wiki/Piratenpartij","*":"Piratenpartij"},{"lang":"pa","url":"https://pa.wikipedia.org/wiki/%E0%A8%B8%E0%A8%AE%E0%A9%81%E0%A9%B0%E0%A8%A6%E0%A8%B0%E0%A9%80_%E0%A8%A1%E0%A8%BE%E0%A8%95%E0%A9%82%E0%A8%86%E0%A8%82_%E0%A8%A6%E0%A9%80_%E0%A8%AA%E0%A8%BE%E0%A8%B0%E0%A8%9F%E0%A9%80","*":"\u0a38\u0a2e\u0a41\u0a70\u0a26\u0a30\u0a40 \u0a21\u0a3e\u0a15\u0a42\u0a06\u0a02 \u0a26\u0a40 \u0a2a\u0a3e\u0a30\u0a1f\u0a40"},{"lang":"pl","url":"https://pl.wikipedia.org/wiki/Partia_Pirat%C3%B3w","*":"Partia Pirat\u00f3w"},{"lang":"pnb","url":"https://pnb.wikipedia.org/wiki/%D8%B3%D9%85%D9%86%D8%AF%D8%B1%DB%8C_%DA%88%D8%A7%DA%A9%D9%88%D8%A7%DA%BA_%D8%AF%DB%8C_%D9%BE%D8%A7%D8%B1%D9%B9%DB%8C","*":"\u0633\u0645\u0646\u062f\u0631\u06cc \u0688\u0627\u06a9\u0648\u0627\u06ba \u062f\u06cc \u067e\u0627\u0631\u0679\u06cc"},{"lang":"pt","url":"https://pt.wikipedia.org/wiki/Partido_Pirata","*":"Partido Pirata"},{"lang":"ru","url":"https://ru.wikipedia.org/wiki/%D0%9F%D0%B8%D1%80%D0%B0%D1%82%D1%81%D0%BA%D0%B0%D1%8F_%D0%BF%D0%B0%D1%80%D1%82%D0%B8%D1%8F","*":"\u041f\u0438\u0440\u0430\u0442\u0441\u043a\u0430\u044f \u043f\u0430\u0440\u0442\u0438\u044f"},{"lang":"scn","url":"https://scn.wikipedia.org/wiki/Partitu_Pirata","*":"Partitu Pirata"},{"lang":"sh","url":"https://sh.wikipedia.org/wiki/Piratska_stranka","*":"Piratska stranka"},{"lang":"sv","url":"https://sv.wikipedia.org/wiki/Piratr%C3%B6relsen","*":"Piratr\u00f6relsen"},{"lang":"tr","url":"https://tr.wikipedia.org/wiki/Korsan_Parti","*":"Korsan Parti"},{"lang":"uk","url":"https://uk.wikipedia.org/wiki/%D0%9F%D1%96%D1%80%D0%B0%D1%82%D1%81%D1%8C%D0%BA%D0%B0_%D0%BF%D0%B0%D1%80%D1%82%D1%96%D1%8F","*":"\u041f\u0456\u0440\u0430\u0442\u0441\u044c\u043a\u0430 \u043f\u0430\u0440\u0442\u0456\u044f"},{"lang":"vi","url":"https://vi.wikipedia.org/wiki/%C4%90%E1%BA%A3ng_C%C6%B0%E1%BB%9Bp_bi%E1%BB%83n","*":"\u0110\u1ea3ng C\u01b0\u1edbp bi\u1ec3n"},{"lang":"zh","url":"https://zh.wikipedia.org/wiki/%E6%B5%B7%E7%9B%9C%E9%BB%A8","*":"\u6d77\u76dc\u9ee8"}]}}}}