{"partyfacts_id":149,"batchcomplete":"","query":{"normalized":[{"from":"Bulgarian_Euro-Left","to":"Bulgarian Euro-Left"}],"pages":{"38436712":{"pageid":38436712,"ns":0,"title":"Bulgarian Euro-Left","langlinks":[{"lang":"bg","url":"https://bg.wikipedia.org/wiki/%D0%91%D1%8A%D0%BB%D0%B3%D0%B0%D1%80%D1%81%D0%BA%D0%B0_%D0%B5%D0%B2%D1%80%D0%BE%D0%BB%D0%B5%D0%B2%D0%B8%D1%86%D0%B0","*":"\u0411\u044a\u043b\u0433\u0430\u0440\u0441\u043a\u0430 \u0435\u0432\u0440\u043e\u043b\u0435\u0432\u0438\u0446\u0430"},{"lang":"fr","url":"https://fr.wikipedia.org/wiki/Euro-gauche_bulgare","*":"Euro-gauche bulgare"}]}}}}