{"partyfacts_id":15,"batchcomplete":"","query":{"normalized":[{"from":"Constitutional_Party_(Malta)","to":"Constitutional Party (Malta)"}],"pages":{"19277592":{"pageid":19277592,"ns":0,"title":"Constitutional Party (Malta)","langlinks":[{"lang":"he","url":"https://he.wikipedia.org/wiki/%D7%94%D7%9E%D7%A4%D7%9C%D7%92%D7%94_%D7%94%D7%97%D7%95%D7%A7%D7%AA%D7%99%D7%AA_%D7%A9%D7%9C_%D7%9E%D7%9C%D7%98%D7%94","*":"\u05d4\u05de\u05e4\u05dc\u05d2\u05d4 \u05d4\u05d7\u05d5\u05e7\u05ea\u05d9\u05ea \u05e9\u05dc \u05de\u05dc\u05d8\u05d4"},{"lang":"it","url":"https://it.wikipedia.org/wiki/Partito_Costituzionale_(Malta)","*":"Partito Costituzionale (Malta)"}]}}}}