{"partyfacts_id":1502,"batchcomplete":"","query":{"normalized":[{"from":"German_Party_(1947)","to":"German Party (1947)"}],"pages":{"34977979":{"pageid":34977979,"ns":0,"title":"German Party (1947)","langlinks":[{"lang":"ar","url":"https://ar.wikipedia.org/wiki/%D8%A7%D9%84%D8%AD%D8%B2%D8%A8_%D8%A7%D9%84%D8%A3%D9%84%D9%85%D8%A7%D9%86%D9%8A_(1947)","*":"\u0627\u0644\u062d\u0632\u0628 \u0627\u0644\u0623\u0644\u0645\u0627\u0646\u064a (1947)"},{"lang":"ca","url":"https://ca.wikipedia.org/wiki/Partit_Alemany","*":"Partit Alemany"},{"lang":"de","url":"https://de.wikipedia.org/wiki/Deutsche_Partei","*":"Deutsche Partei"},{"lang":"es","url":"https://es.wikipedia.org/wiki/Partido_Alem%C3%A1n","*":"Partido Alem\u00e1n"},{"lang":"fr","url":"https://fr.wikipedia.org/wiki/Parti_allemand","*":"Parti allemand"},{"lang":"ja","url":"https://ja.wikipedia.org/wiki/%E3%83%89%E3%82%A4%E3%83%84%E5%85%9A","*":"\u30c9\u30a4\u30c4\u515a"},{"lang":"ko","url":"https://ko.wikipedia.org/wiki/%EB%8F%85%EC%9D%BC%EB%8B%B9","*":"\ub3c5\uc77c\ub2f9"},{"lang":"nl","url":"https://nl.wikipedia.org/wiki/Duitse_Partij","*":"Duitse Partij"},{"lang":"nb","url":"https://no.wikipedia.org/wiki/Deutsche_Partei","*":"Deutsche Partei"},{"lang":"pt","url":"https://pt.wikipedia.org/wiki/Partido_Alem%C3%A3o","*":"Partido Alem\u00e3o"},{"lang":"ru","url":"https://ru.wikipedia.org/wiki/%D0%9D%D0%B5%D0%BC%D0%B5%D1%86%D0%BA%D0%B0%D1%8F_%D0%BF%D0%B0%D1%80%D1%82%D0%B8%D1%8F","*":"\u041d\u0435\u043c\u0435\u0446\u043a\u0430\u044f \u043f\u0430\u0440\u0442\u0438\u044f"},{"lang":"sv","url":"https://sv.wikipedia.org/wiki/Deutsche_Partei","*":"Deutsche Partei"}]}}}}