{"partyfacts_id":1505,"batchcomplete":"","query":{"normalized":[{"from":"Italian_Socialist_Party_of_Proletarian_Unity","to":"Italian Socialist Party of Proletarian Unity"}],"pages":{"2845759":{"pageid":2845759,"ns":0,"title":"Italian Socialist Party of Proletarian Unity","langlinks":[{"lang":"ca","url":"https://ca.wikipedia.org/wiki/Partit_Socialista_Itali%C3%A0_d%27Unitat_Prolet%C3%A0ria","*":"Partit Socialista Itali\u00e0 d'Unitat Prolet\u00e0ria"},{"lang":"es","url":"https://es.wikipedia.org/wiki/Partido_Socialista_Italiano_de_Unidad_Proletaria","*":"Partido Socialista Italiano de Unidad Proletaria"},{"lang":"fr","url":"https://fr.wikipedia.org/wiki/Parti_socialiste_italien_d%27unit%C3%A9_prol%C3%A9tarienne","*":"Parti socialiste italien d'unit\u00e9 prol\u00e9tarienne"},{"lang":"gl","url":"https://gl.wikipedia.org/wiki/Partido_Socialista_Italiano_de_Unidade_Proletaria","*":"Partido Socialista Italiano de Unidade Proletaria"},{"lang":"it","url":"https://it.wikipedia.org/wiki/Partito_Socialista_Italiano_di_Unit%C3%A0_Proletaria","*":"Partito Socialista Italiano di Unit\u00e0 Proletaria"},{"lang":"ru","url":"https://ru.wikipedia.org/wiki/%D0%98%D1%82%D0%B0%D0%BB%D1%8C%D1%8F%D0%BD%D1%81%D0%BA%D0%B0%D1%8F_%D1%81%D0%BE%D1%86%D0%B8%D0%B0%D0%BB%D0%B8%D1%81%D1%82%D0%B8%D1%87%D0%B5%D1%81%D0%BA%D0%B0%D1%8F_%D0%BF%D0%B0%D1%80%D1%82%D0%B8%D1%8F_%D0%BF%D1%80%D0%BE%D0%BB%D0%B5%D1%82%D0%B0%D1%80%D1%81%D0%BA%D0%BE%D0%B3%D0%BE_%D0%B5%D0%B4%D0%B8%D0%BD%D1%81%D1%82%D0%B2%D0%B0","*":"\u0418\u0442\u0430\u043b\u044c\u044f\u043d\u0441\u043a\u0430\u044f \u0441\u043e\u0446\u0438\u0430\u043b\u0438\u0441\u0442\u0438\u0447\u0435\u0441\u043a\u0430\u044f \u043f\u0430\u0440\u0442\u0438\u044f \u043f\u0440\u043e\u043b\u0435\u0442\u0430\u0440\u0441\u043a\u043e\u0433\u043e \u0435\u0434\u0438\u043d\u0441\u0442\u0432\u0430"},{"lang":"scn","url":"https://scn.wikipedia.org/wiki/Partitu_Sucialista_Italianu_di_Unitati_Prulitaria","*":"Partitu Sucialista Italianu di Unitati Prulitaria"}]}}}}