{"partyfacts_id":1506,"batchcomplete":"","query":{"normalized":[{"from":"Revolutionary_Communist_League_(France)","to":"Revolutionary Communist League (France)"}],"pages":{"324038":{"pageid":324038,"ns":0,"title":"Revolutionary Communist League (France)","langlinks":[{"lang":"bg","url":"https://bg.wikipedia.org/wiki/%D0%A0%D0%B5%D0%B2%D0%BE%D0%BB%D1%8E%D1%86%D0%B8%D0%BE%D0%BD%D0%BD%D0%B0_%D0%BA%D0%BE%D0%BC%D1%83%D0%BD%D0%B8%D1%81%D1%82%D0%B8%D1%87%D0%B5%D1%81%D0%BA%D0%B0_%D0%BB%D0%B8%D0%B3%D0%B0","*":"\u0420\u0435\u0432\u043e\u043b\u044e\u0446\u0438\u043e\u043d\u043d\u0430 \u043a\u043e\u043c\u0443\u043d\u0438\u0441\u0442\u0438\u0447\u0435\u0441\u043a\u0430 \u043b\u0438\u0433\u0430"},{"lang":"br","url":"https://br.wikipedia.org/wiki/Kevredad_Komunour_Dispac%27helour","*":"Kevredad Komunour Dispac'helour"},{"lang":"ca","url":"https://ca.wikipedia.org/wiki/Lliga_Comunista_Revolucion%C3%A0ria_(Fran%C3%A7a)","*":"Lliga Comunista Revolucion\u00e0ria (Fran\u00e7a)"},{"lang":"cs","url":"https://cs.wikipedia.org/wiki/Ligue_communiste_r%C3%A9volutionnaire","*":"Ligue communiste r\u00e9volutionnaire"},{"lang":"de","url":"https://de.wikipedia.org/wiki/Ligue_communiste_r%C3%A9volutionnaire","*":"Ligue communiste r\u00e9volutionnaire"},{"lang":"eo","url":"https://eo.wikipedia.org/wiki/Ligo_Komunista_Revoluciista","*":"Ligo Komunista Revoluciista"},{"lang":"es","url":"https://es.wikipedia.org/wiki/Liga_Comunista_Revolucionaria_(Francia)","*":"Liga Comunista Revolucionaria (Francia)"},{"lang":"eu","url":"https://eu.wikipedia.org/wiki/Liga_Komunista_Iraultzailea_(Frantzia)","*":"Liga Komunista Iraultzailea (Frantzia)"},{"lang":"fr","url":"https://fr.wikipedia.org/wiki/Ligue_communiste_r%C3%A9volutionnaire","*":"Ligue communiste r\u00e9volutionnaire"},{"lang":"hu","url":"https://hu.wikipedia.org/wiki/Forradalmi_Kommunista_Liga","*":"Forradalmi Kommunista Liga"},{"lang":"ia","url":"https://ia.wikipedia.org/wiki/Liga_Communistic_Revolutionari","*":"Liga Communistic Revolutionari"},{"lang":"it","url":"https://it.wikipedia.org/wiki/Lega_Comunista_Rivoluzionaria_(Francia)","*":"Lega Comunista Rivoluzionaria (Francia)"},{"lang":"ja","url":"https://ja.wikipedia.org/wiki/%E9%9D%A9%E5%91%BD%E7%9A%84%E5%85%B1%E7%94%A3%E4%B8%BB%E7%BE%A9%E8%80%85%E5%90%8C%E7%9B%9F_(%E3%83%95%E3%83%A9%E3%83%B3%E3%82%B9)","*":"\u9769\u547d\u7684\u5171\u7523\u4e3b\u7fa9\u8005\u540c\u76df (\u30d5\u30e9\u30f3\u30b9)"},{"lang":"ko","url":"https://ko.wikipedia.org/wiki/%ED%98%81%EB%AA%85%EC%A0%81%EA%B3%B5%EC%82%B0%EC%A3%BC%EC%9D%98%EC%9E%90%EB%8F%99%EB%A7%B9_(%ED%94%84%EB%9E%91%EC%8A%A4)","*":"\ud601\uba85\uc801\uacf5\uc0b0\uc8fc\uc758\uc790\ub3d9\ub9f9 (\ud504\ub791\uc2a4)"},{"lang":"lb","url":"https://lb.wikipedia.org/wiki/Ligue_communiste_r%C3%A9volutionnaire","*":"Ligue communiste r\u00e9volutionnaire"},{"lang":"nl","url":"https://nl.wikipedia.org/wiki/Ligue_Communiste_R%C3%A9volutionnaire_(Frankrijk)","*":"Ligue Communiste R\u00e9volutionnaire (Frankrijk)"},{"lang":"nb","url":"https://no.wikipedia.org/wiki/Ligue_communiste_r%C3%A9volutionnaire","*":"Ligue communiste r\u00e9volutionnaire"},{"lang":"pl","url":"https://pl.wikipedia.org/wiki/Rewolucyjna_Liga_Komunistyczna_(Francja)","*":"Rewolucyjna Liga Komunistyczna (Francja)"},{"lang":"pt","url":"https://pt.wikipedia.org/wiki/Liga_Comunista_Revolucion%C3%A1ria_(Fran%C3%A7a)","*":"Liga Comunista Revolucion\u00e1ria (Fran\u00e7a)"},{"lang":"ru","url":"https://ru.wikipedia.org/wiki/%D0%A0%D0%B5%D0%B2%D0%BE%D0%BB%D1%8E%D1%86%D0%B8%D0%BE%D0%BD%D0%BD%D0%B0%D1%8F_%D0%BA%D0%BE%D0%BC%D0%BC%D1%83%D0%BD%D0%B8%D1%81%D1%82%D0%B8%D1%87%D0%B5%D1%81%D0%BA%D0%B0%D1%8F_%D0%BB%D0%B8%D0%B3%D0%B0_(%D0%A4%D1%80%D0%B0%D0%BD%D1%86%D0%B8%D1%8F)","*":"\u0420\u0435\u0432\u043e\u043b\u044e\u0446\u0438\u043e\u043d\u043d\u0430\u044f \u043a\u043e\u043c\u043c\u0443\u043d\u0438\u0441\u0442\u0438\u0447\u0435\u0441\u043a\u0430\u044f \u043b\u0438\u0433\u0430 (\u0424\u0440\u0430\u043d\u0446\u0438\u044f)"},{"lang":"sv","url":"https://sv.wikipedia.org/wiki/Ligue_communiste_r%C3%A9volutionnaire","*":"Ligue communiste r\u00e9volutionnaire"},{"lang":"tr","url":"https://tr.wikipedia.org/wiki/Devrimci_Kom%C3%BCnist_Ligi","*":"Devrimci Kom\u00fcnist Ligi"},{"lang":"zh","url":"https://zh.wikipedia.org/wiki/%E9%9D%A9%E5%91%BD%E5%85%B1%E7%94%A2%E4%B8%BB%E7%BE%A9%E8%81%AF%E7%9B%9F_(%E6%B3%95%E5%9C%8B)","*":"\u9769\u547d\u5171\u7522\u4e3b\u7fa9\u806f\u76df (\u6cd5\u570b)"}]}}}}