{"partyfacts_id":1511,"batchcomplete":"","query":{"normalized":[{"from":"Ecological_Movement_of_Romania","to":"Ecological Movement of Romania"}],"pages":{"45016535":{"pageid":45016535,"ns":0,"title":"Ecological Movement of Romania","langlinks":[{"lang":"fr","url":"https://fr.wikipedia.org/wiki/Mouvement_%C3%A9cologiste_de_Roumanie","*":"Mouvement \u00e9cologiste de Roumanie"},{"lang":"it","url":"https://it.wikipedia.org/wiki/Movimento_Ecologista_di_Romania","*":"Movimento Ecologista di Romania"}]}}}}