{"partyfacts_id":1516,"batchcomplete":"","query":{"normalized":[{"from":"Labour_Party_(UK)","to":"Labour Party (UK)"}],"pages":{"19279158":{"pageid":19279158,"ns":0,"title":"Labour Party (UK)","langlinks":[{"lang":"af","url":"https://af.wikipedia.org/wiki/Arbeidersparty_(Verenigde_Koninkryk)","*":"Arbeidersparty (Verenigde Koninkryk)"},{"lang":"ar","url":"https://ar.wikipedia.org/wiki/%D8%AD%D8%B2%D8%A8_%D8%A7%D9%84%D8%B9%D9%85%D8%A7%D9%84_(%D8%A7%D9%84%D9%85%D9%85%D9%84%D9%83%D8%A9_%D8%A7%D9%84%D9%85%D8%AA%D8%AD%D8%AF%D8%A9)","*":"\u062d\u0632\u0628 \u0627\u0644\u0639\u0645\u0627\u0644 (\u0627\u0644\u0645\u0645\u0644\u0643\u0629 \u0627\u0644\u0645\u062a\u062d\u062f\u0629)"},{"lang":"arz","url":"https://arz.wikipedia.org/wiki/%D8%AD%D8%B2%D8%A8_%D8%A7%D9%84%D8%B9%D9%85%D8%A7%D9%84_%D8%A7%D9%84%D8%A8%D8%B1%D9%8A%D8%B7%D8%A7%D9%86%D9%89","*":"\u062d\u0632\u0628 \u0627\u0644\u0639\u0645\u0627\u0644 \u0627\u0644\u0628\u0631\u064a\u0637\u0627\u0646\u0649"},{"lang":"az","url":"https://az.wikipedia.org/wiki/Leyboristl%C9%99r_Partiyas%C4%B1_(B%C3%B6y%C3%BCk_Britaniya)","*":"Leyboristl\u0259r Partiyas\u0131 (B\u00f6y\u00fck Britaniya)"},{"lang":"be","url":"https://be.wikipedia.org/wiki/%D0%9B%D0%B5%D0%B9%D0%B1%D0%B0%D1%80%D1%8B%D1%81%D1%86%D0%BA%D0%B0%D1%8F_%D0%BF%D0%B0%D1%80%D1%82%D1%8B%D1%8F_(%D0%92%D1%8F%D0%BB%D1%96%D0%BA%D0%B0%D0%B1%D1%80%D1%8B%D1%82%D0%B0%D0%BD%D1%96%D1%8F)","*":"\u041b\u0435\u0439\u0431\u0430\u0440\u044b\u0441\u0446\u043a\u0430\u044f \u043f\u0430\u0440\u0442\u044b\u044f (\u0412\u044f\u043b\u0456\u043a\u0430\u0431\u0440\u044b\u0442\u0430\u043d\u0456\u044f)"},{"lang":"bg","url":"https://bg.wikipedia.org/wiki/%D0%9B%D0%B5%D0%B9%D0%B1%D1%8A%D1%80%D0%B8%D1%81%D1%82%D0%BA%D0%B0_%D0%BF%D0%B0%D1%80%D1%82%D0%B8%D1%8F","*":"\u041b\u0435\u0439\u0431\u044a\u0440\u0438\u0441\u0442\u043a\u0430 \u043f\u0430\u0440\u0442\u0438\u044f"},{"lang":"br","url":"https://br.wikipedia.org/wiki/Strollad_al_Labour_(R.U.)","*":"Strollad al Labour (R.U.)"},{"lang":"ca","url":"https://ca.wikipedia.org/wiki/Partit_Laborista_(Regne_Unit)","*":"Partit Laborista (Regne Unit)"},{"lang":"ckb","url":"https://ckb.wikipedia.org/wiki/%D9%BE%D8%A7%D8%B1%D8%AA%DB%8C_%DA%A9%D8%B1%DB%8E%DA%A9%D8%A7%D8%B1%D8%A7%D9%86%DB%8C_%D8%A8%D8%B1%DB%8C%D8%AA%D8%A7%D9%86%DB%8C%D8%A7","*":"\u067e\u0627\u0631\u062a\u06cc \u06a9\u0631\u06ce\u06a9\u0627\u0631\u0627\u0646\u06cc \u0628\u0631\u06cc\u062a\u0627\u0646\u06cc\u0627"},{"lang":"cs","url":"https://cs.wikipedia.org/wiki/Labouristick%C3%A1_strana","*":"Labouristick\u00e1 strana"},{"lang":"cy","url":"https://cy.wikipedia.org/wiki/Y_Blaid_Lafur_(DU)","*":"Y Blaid Lafur (DU)"},{"lang":"da","url":"https://da.wikipedia.org/wiki/Labour_Party","*":"Labour Party"},{"lang":"de","url":"https://de.wikipedia.org/wiki/Labour_Party","*":"Labour Party"},{"lang":"el","url":"https://el.wikipedia.org/wiki/%CE%95%CF%81%CE%B3%CE%B1%CF%84%CE%B9%CE%BA%CF%8C_%CE%9A%CF%8C%CE%BC%CE%BC%CE%B1_(%CE%97%CE%BD%CF%89%CE%BC%CE%AD%CE%BD%CE%BF_%CE%92%CE%B1%CF%83%CE%AF%CE%BB%CE%B5%CE%B9%CE%BF)","*":"\u0395\u03c1\u03b3\u03b1\u03c4\u03b9\u03ba\u03cc \u039a\u03cc\u03bc\u03bc\u03b1 (\u0397\u03bd\u03c9\u03bc\u03ad\u03bd\u03bf \u0392\u03b1\u03c3\u03af\u03bb\u03b5\u03b9\u03bf)"},{"lang":"eo","url":"https://eo.wikipedia.org/wiki/Brita_Laborista_Partio","*":"Brita Laborista Partio"},{"lang":"es","url":"https://es.wikipedia.org/wiki/Partido_Laborista_(Reino_Unido)","*":"Partido Laborista (Reino Unido)"},{"lang":"et","url":"https://et.wikipedia.org/wiki/Leiboristlik_Partei","*":"Leiboristlik Partei"},{"lang":"eu","url":"https://eu.wikipedia.org/wiki/Alderdi_Laborista_(Erresuma_Batua)","*":"Alderdi Laborista (Erresuma Batua)"},{"lang":"fa","url":"https://fa.wikipedia.org/wiki/%D8%AD%D8%B2%D8%A8_%DA%A9%D8%A7%D8%B1%DA%AF%D8%B1_(%D8%A8%D8%B1%DB%8C%D8%AA%D8%A7%D9%86%DB%8C%D8%A7)","*":"\u062d\u0632\u0628 \u06a9\u0627\u0631\u06af\u0631 (\u0628\u0631\u06cc\u062a\u0627\u0646\u06cc\u0627)"},{"lang":"fi","url":"https://fi.wikipedia.org/wiki/Ty%C3%B6v%C3%A4enpuolue_(Yhdistynyt_kuningaskunta)","*":"Ty\u00f6v\u00e4enpuolue (Yhdistynyt kuningaskunta)"},{"lang":"fr","url":"https://fr.wikipedia.org/wiki/Parti_travailliste_(Royaume-Uni)","*":"Parti travailliste (Royaume-Uni)"},{"lang":"ga","url":"https://ga.wikipedia.org/wiki/P%C3%A1irt%C3%AD_an_Lucht_Oibre_(an_R%C3%ADocht_Aontaithe)","*":"P\u00e1irt\u00ed an Lucht Oibre (an R\u00edocht Aontaithe)"},{"lang":"gd","url":"https://gd.wikipedia.org/wiki/Am_P%C3%A0rtaidh_L%C3%A0barach","*":"Am P\u00e0rtaidh L\u00e0barach"},{"lang":"gl","url":"https://gl.wikipedia.org/wiki/Partido_Laborista_(Reino_Unido)","*":"Partido Laborista (Reino Unido)"},{"lang":"he","url":"https://he.wikipedia.org/wiki/%D7%9E%D7%A4%D7%9C%D7%92%D7%AA_%D7%94%D7%9C%D7%99%D7%99%D7%91%D7%95%D7%A8_(%D7%94%D7%9E%D7%9E%D7%9C%D7%9B%D7%94_%D7%94%D7%9E%D7%90%D7%95%D7%97%D7%93%D7%AA)","*":"\u05de\u05e4\u05dc\u05d2\u05ea \u05d4\u05dc\u05d9\u05d9\u05d1\u05d5\u05e8 (\u05d4\u05de\u05de\u05dc\u05db\u05d4 \u05d4\u05de\u05d0\u05d5\u05d7\u05d3\u05ea)"},{"lang":"hi","url":"https://hi.wikipedia.org/wiki/%E0%A4%B2%E0%A5%87%E0%A4%AC%E0%A4%B0_%E0%A4%AA%E0%A4%BE%E0%A4%B0%E0%A5%8D%E0%A4%9F%E0%A5%80","*":"\u0932\u0947\u092c\u0930 \u092a\u093e\u0930\u094d\u091f\u0940"},{"lang":"hr","url":"https://hr.wikipedia.org/wiki/Laburisti%C4%8Dka_stranka_(Ujedinjeno_Kraljevstvo)","*":"Laburisti\u010dka stranka (Ujedinjeno Kraljevstvo)"},{"lang":"hu","url":"https://hu.wikipedia.org/wiki/Munk%C3%A1sp%C3%A1rt_(Egyes%C3%BClt_Kir%C3%A1lys%C3%A1g)","*":"Munk\u00e1sp\u00e1rt (Egyes\u00fclt Kir\u00e1lys\u00e1g)"},{"lang":"id","url":"https://id.wikipedia.org/wiki/Partai_Buruh_(Britania_Raya)","*":"Partai Buruh (Britania Raya)"},{"lang":"is","url":"https://is.wikipedia.org/wiki/Verkamannaflokkurinn_(Bretland)","*":"Verkamannaflokkurinn (Bretland)"},{"lang":"it","url":"https://it.wikipedia.org/wiki/Partito_Laburista_(Regno_Unito)","*":"Partito Laburista (Regno Unito)"},{"lang":"ja","url":"https://ja.wikipedia.org/wiki/%E5%8A%B4%E5%83%8D%E5%85%9A_(%E3%82%A4%E3%82%AE%E3%83%AA%E3%82%B9)","*":"\u52b4\u50cd\u515a (\u30a4\u30ae\u30ea\u30b9)"},{"lang":"ka","url":"https://ka.wikipedia.org/wiki/%E1%83%9A%E1%83%94%E1%83%98%E1%83%91%E1%83%9D%E1%83%A0%E1%83%98%E1%83%A1%E1%83%A2%E1%83%A3%E1%83%9A%E1%83%98_%E1%83%9E%E1%83%90%E1%83%A0%E1%83%A2%E1%83%98%E1%83%90_(%E1%83%92%E1%83%90%E1%83%94%E1%83%A0%E1%83%97%E1%83%98%E1%83%90%E1%83%9C%E1%83%94%E1%83%91%E1%83%A3%E1%83%9A%E1%83%98_%E1%83%A1%E1%83%90%E1%83%9B%E1%83%94%E1%83%A4%E1%83%9D)","*":"\u10da\u10d4\u10d8\u10d1\u10dd\u10e0\u10d8\u10e1\u10e2\u10e3\u10da\u10d8 \u10de\u10d0\u10e0\u10e2\u10d8\u10d0 (\u10d2\u10d0\u10d4\u10e0\u10d7\u10d8\u10d0\u10dc\u10d4\u10d1\u10e3\u10da\u10d8 \u10e1\u10d0\u10db\u10d4\u10e4\u10dd)"},{"lang":"ko","url":"https://ko.wikipedia.org/wiki/%EB%85%B8%EB%8F%99%EB%8B%B9_(%EC%98%81%EA%B5%AD)","*":"\ub178\ub3d9\ub2f9 (\uc601\uad6d)"},{"lang":"kw","url":"https://kw.wikipedia.org/wiki/Parti_Lavur","*":"Parti Lavur"},{"lang":"la","url":"https://la.wikipedia.org/wiki/Factio_laboris_(Britanniarum_Regnum)","*":"Factio laboris (Britanniarum Regnum)"},{"lang":"lb","url":"https://lb.wikipedia.org/wiki/Labour_Party_(Vereenegt_Kinnekr%C3%A4ich)","*":"Labour Party (Vereenegt Kinnekr\u00e4ich)"},{"lang":"lt","url":"https://lt.wikipedia.org/wiki/Leiborist%C5%B3_partija","*":"Leiborist\u0173 partija"},{"lang":"lv","url":"https://lv.wikipedia.org/wiki/Leiboristu_partija_(Apvienot%C4%81_Karaliste)","*":"Leiboristu partija (Apvienot\u0101 Karaliste)"},{"lang":"ml","url":"https://ml.wikipedia.org/wiki/%E0%B4%B2%E0%B5%87%E0%B4%AC%E0%B5%BC_%E0%B4%AA%E0%B4%BE%E0%B5%BC%E0%B4%9F%E0%B5%8D%E0%B4%9F%E0%B4%BF","*":"\u0d32\u0d47\u0d2c\u0d7c \u0d2a\u0d3e\u0d7c\u0d1f\u0d4d\u0d1f\u0d3f"},{"lang":"mr","url":"https://mr.wikipedia.org/wiki/%E0%A4%AE%E0%A4%9C%E0%A5%82%E0%A4%B0_%E0%A4%AA%E0%A4%95%E0%A5%8D%E0%A4%B7","*":"\u092e\u091c\u0942\u0930 \u092a\u0915\u094d\u0937"},{"lang":"ms","url":"https://ms.wikipedia.org/wiki/Parti_Buruh_(United_Kingdom)","*":"Parti Buruh (United Kingdom)"},{"lang":"my","url":"https://my.wikipedia.org/wiki/%E1%80%9C%E1%80%B1%E1%80%98%E1%80%AC%E1%80%95%E1%80%AB%E1%80%90%E1%80%AE","*":"\u101c\u1031\u1018\u102c\u1015\u102b\u1010\u102e"},{"lang":"new","url":"https://new.wikipedia.org/wiki/%E0%A4%B2%E0%A5%87%E0%A4%AC%E0%A4%B0_%E0%A4%AA%E0%A4%BE%E0%A4%B0%E0%A5%8D%E0%A4%9F%E0%A4%BF","*":"\u0932\u0947\u092c\u0930 \u092a\u093e\u0930\u094d\u091f\u093f"},{"lang":"nl","url":"https://nl.wikipedia.org/wiki/Labour_Party_(Verenigd_Koninkrijk)","*":"Labour Party (Verenigd Koninkrijk)"},{"lang":"nn","url":"https://nn.wikipedia.org/wiki/Det_britiske_arbeidarpartiet","*":"Det britiske arbeidarpartiet"},{"lang":"nb","url":"https://no.wikipedia.org/wiki/Labour_Party","*":"Labour Party"},{"lang":"oc","url":"https://oc.wikipedia.org/wiki/Partit_Trabalhista_(Reialme_Unit)","*":"Partit Trabalhista (Reialme Unit)"},{"lang":"pl","url":"https://pl.wikipedia.org/wiki/Partia_Pracy_(Wielka_Brytania)","*":"Partia Pracy (Wielka Brytania)"},{"lang":"pt","url":"https://pt.wikipedia.org/wiki/Partido_Trabalhista_(Reino_Unido)","*":"Partido Trabalhista (Reino Unido)"},{"lang":"ro","url":"https://ro.wikipedia.org/wiki/Partidul_Laburist_(Regatul_Unit)","*":"Partidul Laburist (Regatul Unit)"},{"lang":"ru","url":"https://ru.wikipedia.org/wiki/%D0%9B%D0%B5%D0%B9%D0%B1%D0%BE%D1%80%D0%B8%D1%81%D1%82%D1%81%D0%BA%D0%B0%D1%8F_%D0%BF%D0%B0%D1%80%D1%82%D0%B8%D1%8F_(%D0%92%D0%B5%D0%BB%D0%B8%D0%BA%D0%BE%D0%B1%D1%80%D0%B8%D1%82%D0%B0%D0%BD%D0%B8%D1%8F)","*":"\u041b\u0435\u0439\u0431\u043e\u0440\u0438\u0441\u0442\u0441\u043a\u0430\u044f \u043f\u0430\u0440\u0442\u0438\u044f (\u0412\u0435\u043b\u0438\u043a\u043e\u0431\u0440\u0438\u0442\u0430\u043d\u0438\u044f)"},{"lang":"sco","url":"https://sco.wikipedia.org/wiki/Labour_Pairty_(UK)","*":"Labour Pairty (UK)"},{"lang":"sh","url":"https://sh.wikipedia.org/wiki/Laburisti%C4%8Dka_stranka_(Ujedinjeno_Kraljevstvo)","*":"Laburisti\u010dka stranka (Ujedinjeno Kraljevstvo)"},{"lang":"simple","url":"https://simple.wikipedia.org/wiki/Labour_Party_(UK)","*":"Labour Party (UK)"},{"lang":"sk","url":"https://sk.wikipedia.org/wiki/Labouristick%C3%A1_strana_(Spojen%C3%A9_kr%C3%A1%C4%BEovstvo)","*":"Labouristick\u00e1 strana (Spojen\u00e9 kr\u00e1\u013eovstvo)"},{"lang":"sr","url":"https://sr.wikipedia.org/wiki/%D0%9B%D0%B0%D0%B1%D1%83%D1%80%D0%B8%D1%81%D1%82%D0%B8%D1%87%D0%BA%D0%B0_%D0%BF%D0%B0%D1%80%D1%82%D0%B8%D1%98%D0%B0_(%D0%A3%D1%98%D0%B5%D0%B4%D0%B8%D1%9A%D0%B5%D0%BD%D0%BE_%D0%9A%D1%80%D0%B0%D1%99%D0%B5%D0%B2%D1%81%D1%82%D0%B2%D0%BE)","*":"\u041b\u0430\u0431\u0443\u0440\u0438\u0441\u0442\u0438\u0447\u043a\u0430 \u043f\u0430\u0440\u0442\u0438\u0458\u0430 (\u0423\u0458\u0435\u0434\u0438\u045a\u0435\u043d\u043e \u041a\u0440\u0430\u0459\u0435\u0432\u0441\u0442\u0432\u043e)"},{"lang":"sv","url":"https://sv.wikipedia.org/wiki/Labour","*":"Labour"},{"lang":"ta","url":"https://ta.wikipedia.org/wiki/%E0%AE%A4%E0%AF%8A%E0%AE%B4%E0%AE%BF%E0%AE%B1%E0%AF%8D_%E0%AE%95%E0%AE%9F%E0%AF%8D%E0%AE%9A%E0%AE%BF_(%E0%AE%90%E0%AE%95%E0%AF%8D%E0%AE%95%E0%AE%BF%E0%AE%AF_%E0%AE%87%E0%AE%B0%E0%AE%BE%E0%AE%9A%E0%AF%8D%E0%AE%9A%E0%AE%BF%E0%AE%AF%E0%AE%AE%E0%AF%8D)","*":"\u0ba4\u0bca\u0bb4\u0bbf\u0bb1\u0bcd \u0b95\u0b9f\u0bcd\u0b9a\u0bbf (\u0b90\u0b95\u0bcd\u0b95\u0bbf\u0baf \u0b87\u0bb0\u0bbe\u0b9a\u0bcd\u0b9a\u0bbf\u0baf\u0bae\u0bcd)"},{"lang":"th","url":"https://th.wikipedia.org/wiki/%E0%B8%9E%E0%B8%A3%E0%B8%A3%E0%B8%84%E0%B9%81%E0%B8%A3%E0%B8%87%E0%B8%87%E0%B8%B2%E0%B8%99_(%E0%B8%AA%E0%B8%AB%E0%B8%A3%E0%B8%B2%E0%B8%8A%E0%B8%AD%E0%B8%B2%E0%B8%93%E0%B8%B2%E0%B8%88%E0%B8%B1%E0%B8%81%E0%B8%A3)","*":"\u0e1e\u0e23\u0e23\u0e04\u0e41\u0e23\u0e07\u0e07\u0e32\u0e19 (\u0e2a\u0e2b\u0e23\u0e32\u0e0a\u0e2d\u0e32\u0e13\u0e32\u0e08\u0e31\u0e01\u0e23)"},{"lang":"tr","url":"https://tr.wikipedia.org/wiki/%C4%B0%C5%9F%C3%A7i_Partisi_(Birle%C5%9Fik_Krall%C4%B1k)","*":"\u0130\u015f\u00e7i Partisi (Birle\u015fik Krall\u0131k)"},{"lang":"tt","url":"https://tt.wikipedia.org/wiki/%D0%91%D3%A9%D0%B5%D0%BA%D0%B1%D1%80%D0%B8%D1%82%D0%B0%D0%BD%D0%B8%D1%8F%D0%BD%D0%B5%D2%A3_%D0%9B%D0%B5%D0%B9%D0%B1%D0%BE%D1%80%D0%B8%D1%81%D1%82%D0%BB%D0%B0%D1%80_%D1%84%D0%B8%D1%80%D0%BA%D0%B0%D1%81%D0%B5","*":"\u0411\u04e9\u0435\u043a\u0431\u0440\u0438\u0442\u0430\u043d\u0438\u044f\u043d\u0435\u04a3 \u041b\u0435\u0439\u0431\u043e\u0440\u0438\u0441\u0442\u043b\u0430\u0440 \u0444\u0438\u0440\u043a\u0430\u0441\u0435"},{"lang":"uk","url":"https://uk.wikipedia.org/wiki/%D0%9B%D0%B5%D0%B9%D0%B1%D0%BE%D1%80%D0%B8%D1%81%D1%82%D1%81%D1%8C%D0%BA%D0%B0_%D0%BF%D0%B0%D1%80%D1%82%D1%96%D1%8F_(%D0%92%D0%B5%D0%BB%D0%B8%D0%BA%D0%B0_%D0%91%D1%80%D0%B8%D1%82%D0%B0%D0%BD%D1%96%D1%8F)","*":"\u041b\u0435\u0439\u0431\u043e\u0440\u0438\u0441\u0442\u0441\u044c\u043a\u0430 \u043f\u0430\u0440\u0442\u0456\u044f (\u0412\u0435\u043b\u0438\u043a\u0430 \u0411\u0440\u0438\u0442\u0430\u043d\u0456\u044f)"},{"lang":"ur","url":"https://ur.wikipedia.org/wiki/%D9%84%DB%8C%D8%A8%D8%B1_%D9%BE%D8%A7%D8%B1%D9%B9%DB%8C_(%D9%85%D9%85%D9%84%DA%A9%D8%AA_%D9%85%D8%AA%D8%AD%D8%AF%DB%81)","*":"\u0644\u06cc\u0628\u0631 \u067e\u0627\u0631\u0679\u06cc (\u0645\u0645\u0644\u06a9\u062a \u0645\u062a\u062d\u062f\u06c1)"},{"lang":"uz","url":"https://uz.wikipedia.org/wiki/Leyboristlar_partiyasi","*":"Leyboristlar partiyasi"},{"lang":"vec","url":"https://vec.wikipedia.org/wiki/Partio_Laburista_(Regno_Unio)","*":"Partio Laburista (Regno Unio)"},{"lang":"vi","url":"https://vi.wikipedia.org/wiki/C%C3%B4ng_%C4%90%E1%BA%A3ng_Anh","*":"C\u00f4ng \u0110\u1ea3ng Anh"},{"lang":"wuu","url":"https://wuu.wikipedia.org/wiki/%E5%B7%A5%E5%85%9A_(%E8%8B%B1%E5%9B%BD)","*":"\u5de5\u515a (\u82f1\u56fd)"},{"lang":"zh","url":"https://zh.wikipedia.org/wiki/%E5%B7%A5%E5%85%9A_(%E8%8B%B1%E5%9B%BD)","*":"\u5de5\u515a (\u82f1\u56fd)"},{"lang":"zh-min-nan","url":"https://zh-min-nan.wikipedia.org/wiki/L%C3%B4-t%C5%8Dng_T%C3%B3ng_(Li%C3%A2n-ha%CC%8Dp_%C3%94ng-kok)","*":"L\u00f4-t\u014dng T\u00f3ng (Li\u00e2n-ha\u030dp \u00d4ng-kok)"},{"lang":"zh-yue","url":"https://zh-yue.wikipedia.org/wiki/%E5%B7%A5%E9%BB%A8_(%E8%8B%B1%E5%9C%8B)","*":"\u5de5\u9ee8 (\u82f1\u570b)"}]}}}}