{"partyfacts_id":1517,"batchcomplete":"","query":{"normalized":[{"from":"Union_of_Liberals_and_Leftists","to":"Union of Liberals and Leftists"}],"pages":{"2403269":{"pageid":2403269,"ns":0,"title":"Union of Liberals and Leftists","langlinks":[{"lang":"ca","url":"https://ca.wikipedia.org/wiki/Uni%C3%B3_de_Liberals_i_Esquerrans","*":"Uni\u00f3 de Liberals i Esquerrans"},{"lang":"da","url":"https://da.wikipedia.org/wiki/Sammenslutningen_af_liberale_og_venstreorienterede","*":"Sammenslutningen af liberale og venstreorienterede"},{"lang":"es","url":"https://es.wikipedia.org/wiki/Uni%C3%B3n_de_los_Liberales_y_la_Izquierda","*":"Uni\u00f3n de los Liberales y la Izquierda"},{"lang":"fr","url":"https://fr.wikipedia.org/wiki/Union_des_lib%C3%A9raux_et_de_la_gauche","*":"Union des lib\u00e9raux et de la gauche"},{"lang":"gl","url":"https://gl.wikipedia.org/wiki/Uni%C3%B3n_dos_Liberais_e_da_Esquerda","*":"Uni\u00f3n dos Liberais e da Esquerda"},{"lang":"is","url":"https://is.wikipedia.org/wiki/Samt%C3%B6k_frj%C3%A1lslyndra_og_vinstrimanna","*":"Samt\u00f6k frj\u00e1lslyndra og vinstrimanna"},{"lang":"nb","url":"https://no.wikipedia.org/wiki/Samt%C3%B6k_frj%C3%A1lslyndra_og_vinstri_manna","*":"Samt\u00f6k frj\u00e1lslyndra og vinstri manna"},{"lang":"pl","url":"https://pl.wikipedia.org/wiki/Unia_Lewicowo-Liberalna","*":"Unia Lewicowo-Liberalna"}]}}}}