{"partyfacts_id":153,"batchcomplete":"","query":{"normalized":[{"from":"Liberal_Democratic_Congress","to":"Liberal Democratic Congress"}],"pages":{"656578":{"pageid":656578,"ns":0,"title":"Liberal Democratic Congress","langlinks":[{"lang":"ca","url":"https://ca.wikipedia.org/wiki/Congr%C3%A9s_Liberal_Democr%C3%A0tic","*":"Congr\u00e9s Liberal Democr\u00e0tic"},{"lang":"de","url":"https://de.wikipedia.org/wiki/Kongres_Liberalno-Demokratyczny","*":"Kongres Liberalno-Demokratyczny"},{"lang":"es","url":"https://es.wikipedia.org/wiki/Congreso_Liberal_Democr%C3%A1tico","*":"Congreso Liberal Democr\u00e1tico"},{"lang":"fr","url":"https://fr.wikipedia.org/wiki/Congr%C3%A8s_lib%C3%A9ral-d%C3%A9mocrate","*":"Congr\u00e8s lib\u00e9ral-d\u00e9mocrate"},{"lang":"it","url":"https://it.wikipedia.org/wiki/Congresso_Liberal-Democratico","*":"Congresso Liberal-Democratico"},{"lang":"nl","url":"https://nl.wikipedia.org/wiki/Kongres_Liberalno-Demokratyczny","*":"Kongres Liberalno-Demokratyczny"},{"lang":"pl","url":"https://pl.wikipedia.org/wiki/Kongres_Liberalno-Demokratyczny","*":"Kongres Liberalno-Demokratyczny"}]}}}}