{"partyfacts_id":1531,"batchcomplete":"","query":{"normalized":[{"from":"New_Era_Party","to":"New Era Party"}],"pages":{"495688":{"pageid":495688,"ns":0,"title":"New Era Party","langlinks":[{"lang":"ca","url":"https://ca.wikipedia.org/wiki/Partit_de_la_Nova_Era_(Let%C3%B2nia)","*":"Partit de la Nova Era (Let\u00f2nia)"},{"lang":"cs","url":"https://cs.wikipedia.org/wiki/Jaunais_laiks","*":"Jaunais laiks"},{"lang":"de","url":"https://de.wikipedia.org/wiki/Jaunais_laiks","*":"Jaunais laiks"},{"lang":"fi","url":"https://fi.wikipedia.org/wiki/Jaunais_laiks","*":"Jaunais laiks"},{"lang":"fr","url":"https://fr.wikipedia.org/wiki/Nouvelle_%C3%88re_(parti_politique)","*":"Nouvelle \u00c8re (parti politique)"},{"lang":"it","url":"https://it.wikipedia.org/wiki/Nuova_Era_(partito_politico)","*":"Nuova Era (partito politico)"},{"lang":"lt","url":"https://lt.wikipedia.org/wiki/Naujasis_laikas","*":"Naujasis laikas"},{"lang":"lv","url":"https://lv.wikipedia.org/wiki/Jaunais_laiks","*":"Jaunais laiks"},{"lang":"nl","url":"https://nl.wikipedia.org/wiki/Nieuw_Tijdperk_Partij","*":"Nieuw Tijdperk Partij"},{"lang":"nb","url":"https://no.wikipedia.org/wiki/Jaunais_laiks","*":"Jaunais laiks"},{"lang":"pl","url":"https://pl.wikipedia.org/wiki/Nowa_Era","*":"Nowa Era"},{"lang":"ru","url":"https://ru.wikipedia.org/wiki/%D0%9D%D0%BE%D0%B2%D0%BE%D0%B5_%D0%B2%D1%80%D0%B5%D0%BC%D1%8F_(%D0%9B%D0%B0%D1%82%D0%B2%D0%B8%D1%8F)","*":"\u041d\u043e\u0432\u043e\u0435 \u0432\u0440\u0435\u043c\u044f (\u041b\u0430\u0442\u0432\u0438\u044f)"},{"lang":"sv","url":"https://sv.wikipedia.org/wiki/Ny_era","*":"Ny era"},{"lang":"uk","url":"https://uk.wikipedia.org/wiki/%D0%9D%D0%BE%D0%B2%D0%B8%D0%B9_%D1%87%D0%B0%D1%81_(%D0%9B%D0%B0%D1%82%D0%B2%D1%96%D1%8F)","*":"\u041d\u043e\u0432\u0438\u0439 \u0447\u0430\u0441 (\u041b\u0430\u0442\u0432\u0456\u044f)"},{"lang":"zh","url":"https://zh.wikipedia.org/wiki/%E6%96%B0%E6%97%B6%E4%BB%A3%E5%85%9A","*":"\u65b0\u65f6\u4ee3\u515a"}]}}}}