{"partyfacts_id":1541,"batchcomplete":"","query":{"normalized":[{"from":"National_Union_for_the_Progress_of_Romania","to":"National Union for the Progress of Romania"}],"pages":{"26646984":{"pageid":26646984,"ns":0,"title":"National Union for the Progress of Romania","langlinks":[{"lang":"ar","url":"https://ar.wikipedia.org/wiki/%D8%A7%D9%84%D8%A7%D8%AA%D8%AD%D8%A7%D8%AF_%D8%A7%D9%84%D9%88%D8%B7%D9%86%D9%8A_%D9%85%D9%86_%D8%A3%D8%AC%D9%84_%D8%A7%D9%84%D8%AA%D9%82%D8%AF%D9%85_%D9%81%D9%8A_%D8%B1%D9%88%D9%85%D8%A7%D9%86%D9%8A%D8%A7","*":"\u0627\u0644\u0627\u062a\u062d\u0627\u062f \u0627\u0644\u0648\u0637\u0646\u064a \u0645\u0646 \u0623\u062c\u0644 \u0627\u0644\u062a\u0642\u062f\u0645 \u0641\u064a \u0631\u0648\u0645\u0627\u0646\u064a\u0627"},{"lang":"arz","url":"https://arz.wikipedia.org/wiki/%D8%A7%D9%84%D8%A7%D8%AA%D8%AD%D8%A7%D8%AF_%D8%A7%D9%84%D9%88%D8%B7%D9%86%D9%89_%D8%B9%D9%84%D8%B4%D8%A7%D9%86_%D8%A7%D9%84%D8%AA%D9%82%D8%AF%D9%85_%D9%81%D9%89_%D8%B1%D9%88%D9%85%D8%A7%D9%86%D9%8A%D8%A7","*":"\u0627\u0644\u0627\u062a\u062d\u0627\u062f \u0627\u0644\u0648\u0637\u0646\u0649 \u0639\u0644\u0634\u0627\u0646 \u0627\u0644\u062a\u0642\u062f\u0645 \u0641\u0649 \u0631\u0648\u0645\u0627\u0646\u064a\u0627"},{"lang":"bg","url":"https://bg.wikipedia.org/wiki/%D0%9D%D0%B0%D1%86%D0%B8%D0%BE%D0%BD%D0%B0%D0%BB%D0%B5%D0%BD_%D1%81%D1%8A%D1%8E%D0%B7_%D0%B7%D0%B0_%D0%BD%D0%B0%D0%BF%D1%80%D0%B5%D0%B4%D1%8A%D0%BA_%D0%BD%D0%B0_%D0%A0%D1%83%D0%BC%D1%8A%D0%BD%D0%B8%D1%8F","*":"\u041d\u0430\u0446\u0438\u043e\u043d\u0430\u043b\u0435\u043d \u0441\u044a\u044e\u0437 \u0437\u0430 \u043d\u0430\u043f\u0440\u0435\u0434\u044a\u043a \u043d\u0430 \u0420\u0443\u043c\u044a\u043d\u0438\u044f"},{"lang":"fr","url":"https://fr.wikipedia.org/wiki/Union_nationale_pour_le_progr%C3%A8s_de_la_Roumanie","*":"Union nationale pour le progr\u00e8s de la Roumanie"},{"lang":"it","url":"https://it.wikipedia.org/wiki/Unione_Nazionale_per_il_Progresso_della_Romania","*":"Unione Nazionale per il Progresso della Romania"},{"lang":"la","url":"https://la.wikipedia.org/wiki/Unio_nationalis_pro_progressu_Romaniae","*":"Unio nationalis pro progressu Romaniae"},{"lang":"nl","url":"https://nl.wikipedia.org/wiki/Nationale_Unie_voor_de_vooruitgang_van_Roemeni%C3%AB","*":"Nationale Unie voor de vooruitgang van Roemeni\u00eb"},{"lang":"pl","url":"https://pl.wikipedia.org/wiki/Narodowy_Zwi%C4%85zek_na_rzecz_Rozwoju_Rumunii","*":"Narodowy Zwi\u0105zek na rzecz Rozwoju Rumunii"},{"lang":"pt","url":"https://pt.wikipedia.org/wiki/Uni%C3%A3o_Nacional_para_o_Progresso_da_Rom%C3%AAnia","*":"Uni\u00e3o Nacional para o Progresso da Rom\u00eania"},{"lang":"ro","url":"https://ro.wikipedia.org/wiki/Uniunea_Na%C8%9Bional%C4%83_pentru_Progresul_Rom%C3%A2niei","*":"Uniunea Na\u021bional\u0103 pentru Progresul Rom\u00e2niei"},{"lang":"ru","url":"https://ru.wikipedia.org/wiki/%D0%9D%D0%B0%D1%86%D0%B8%D0%BE%D0%BD%D0%B0%D0%BB%D1%8C%D0%BD%D1%8B%D0%B9_%D1%81%D0%BE%D1%8E%D0%B7_%D0%B7%D0%B0_%D0%BF%D1%80%D0%BE%D0%B3%D1%80%D0%B5%D1%81%D1%81_%D0%A0%D1%83%D0%BC%D1%8B%D0%BD%D0%B8%D0%B8","*":"\u041d\u0430\u0446\u0438\u043e\u043d\u0430\u043b\u044c\u043d\u044b\u0439 \u0441\u043e\u044e\u0437 \u0437\u0430 \u043f\u0440\u043e\u0433\u0440\u0435\u0441\u0441 \u0420\u0443\u043c\u044b\u043d\u0438\u0438"},{"lang":"sv","url":"https://sv.wikipedia.org/wiki/Nationella_unionen_f%C3%B6r_Rum%C3%A4niens_utveckling","*":"Nationella unionen f\u00f6r Rum\u00e4niens utveckling"},{"lang":"uk","url":"https://uk.wikipedia.org/wiki/%D0%9D%D0%B0%D1%86%D1%96%D0%BE%D0%BD%D0%B0%D0%BB%D1%8C%D0%BD%D0%B8%D0%B9_%D1%81%D0%BE%D1%8E%D0%B7_%D0%B7%D0%B0_%D0%BF%D1%80%D0%BE%D0%B3%D1%80%D0%B5%D1%81_%D0%A0%D1%83%D0%BC%D1%83%D0%BD%D1%96%D1%97","*":"\u041d\u0430\u0446\u0456\u043e\u043d\u0430\u043b\u044c\u043d\u0438\u0439 \u0441\u043e\u044e\u0437 \u0437\u0430 \u043f\u0440\u043e\u0433\u0440\u0435\u0441 \u0420\u0443\u043c\u0443\u043d\u0456\u0457"}]}}}}