{"partyfacts_id":1545,"batchcomplete":"","query":{"normalized":[{"from":"The_Left_(Germany)","to":"The Left (Germany)"}],"pages":{"8808937":{"pageid":8808937,"ns":0,"title":"The Left (Germany)","langlinks":[{"lang":"als","url":"https://als.wikipedia.org/wiki/Die_Linke","*":"Die Linke"},{"lang":"an","url":"https://an.wikipedia.org/wiki/Die_Linke","*":"Die Linke"},{"lang":"ar","url":"https://ar.wikipedia.org/wiki/%D8%AD%D8%B2%D8%A8_%D8%A7%D9%84%D9%8A%D8%B3%D8%A7%D8%B1_(%D8%A3%D9%84%D9%85%D8%A7%D9%86%D9%8A%D8%A7)","*":"\u062d\u0632\u0628 \u0627\u0644\u064a\u0633\u0627\u0631 (\u0623\u0644\u0645\u0627\u0646\u064a\u0627)"},{"lang":"arz","url":"https://arz.wikipedia.org/wiki/%D8%A7%D9%84%D8%AD%D8%B2%D8%A8_%D8%A7%D9%84%D9%8A%D8%B3%D8%A7%D8%B1%D9%89_%D8%A7%D9%84%D8%A7%D9%84%D9%85%D8%A7%D9%86%D9%89","*":"\u0627\u0644\u062d\u0632\u0628 \u0627\u0644\u064a\u0633\u0627\u0631\u0649 \u0627\u0644\u0627\u0644\u0645\u0627\u0646\u0649"},{"lang":"bar","url":"https://bar.wikipedia.org/wiki/De_Linke","*":"De Linke"},{"lang":"be","url":"https://be.wikipedia.org/wiki/%D0%9B%D0%B5%D0%B2%D1%8B%D1%8F_(%D0%BF%D0%B0%D1%80%D1%82%D1%8B%D1%8F_%D0%93%D0%B5%D1%80%D0%BC%D0%B0%D0%BD%D1%96%D1%96)","*":"\u041b\u0435\u0432\u044b\u044f (\u043f\u0430\u0440\u0442\u044b\u044f \u0413\u0435\u0440\u043c\u0430\u043d\u0456\u0456)"},{"lang":"be-x-old","url":"https://be-tarask.wikipedia.org/wiki/%D0%9B%D0%B5%D0%B2%D0%B0%D1%8F_(%D0%BF%D0%B0%D1%80%D1%82%D1%8B%D1%8F,_%D0%9D%D1%8F%D0%BC%D0%B5%D1%87%D1%87%D1%8B%D0%BD%D0%B0)","*":"\u041b\u0435\u0432\u0430\u044f (\u043f\u0430\u0440\u0442\u044b\u044f, \u041d\u044f\u043c\u0435\u0447\u0447\u044b\u043d\u0430)"},{"lang":"bg","url":"https://bg.wikipedia.org/wiki/%D0%9B%D0%B5%D0%B2%D0%B8%D1%86%D0%B0_(%D0%93%D0%B5%D1%80%D0%BC%D0%B0%D0%BD%D0%B8%D1%8F)","*":"\u041b\u0435\u0432\u0438\u0446\u0430 (\u0413\u0435\u0440\u043c\u0430\u043d\u0438\u044f)"},{"lang":"br","url":"https://br.wikipedia.org/wiki/Die_Linke","*":"Die Linke"},{"lang":"bs","url":"https://bs.wikipedia.org/wiki/Die_Linke","*":"Die Linke"},{"lang":"ca","url":"https://ca.wikipedia.org/wiki/L%27Esquerra_(Alemanya)","*":"L'Esquerra (Alemanya)"},{"lang":"cs","url":"https://cs.wikipedia.org/wiki/Die_Linke","*":"Die Linke"},{"lang":"da","url":"https://da.wikipedia.org/wiki/Die_Linke","*":"Die Linke"},{"lang":"de","url":"https://de.wikipedia.org/wiki/Die_Linke","*":"Die Linke"},{"lang":"diq","url":"https://diq.wikipedia.org/wiki/%C3%87hep%C4%B1ci_(Almanya)","*":"\u00c7hep\u0131ci (Almanya)"},{"lang":"dsb","url":"https://dsb.wikipedia.org/wiki/Die_Linke","*":"Die Linke"},{"lang":"el","url":"https://el.wikipedia.org/wiki/%CE%97_%CE%91%CF%81%CE%B9%CF%83%CF%84%CE%B5%CF%81%CE%AC_(%CE%93%CE%B5%CF%81%CE%BC%CE%B1%CE%BD%CE%AF%CE%B1)","*":"\u0397 \u0391\u03c1\u03b9\u03c3\u03c4\u03b5\u03c1\u03ac (\u0393\u03b5\u03c1\u03bc\u03b1\u03bd\u03af\u03b1)"},{"lang":"eo","url":"https://eo.wikipedia.org/wiki/Maldekstra_Partio_(Germanio)","*":"Maldekstra Partio (Germanio)"},{"lang":"es","url":"https://es.wikipedia.org/wiki/Die_Linke","*":"Die Linke"},{"lang":"et","url":"https://et.wikipedia.org/wiki/Vasakpartei_(Saksamaa)","*":"Vasakpartei (Saksamaa)"},{"lang":"eu","url":"https://eu.wikipedia.org/wiki/Die_Linke","*":"Die Linke"},{"lang":"fa","url":"https://fa.wikipedia.org/wiki/%DA%86%D9%BE_(%D8%A2%D9%84%D9%85%D8%A7%D9%86)","*":"\u0686\u067e (\u0622\u0644\u0645\u0627\u0646)"},{"lang":"fi","url":"https://fi.wikipedia.org/wiki/Vasemmisto_(saksalainen_puolue)","*":"Vasemmisto (saksalainen puolue)"},{"lang":"fr","url":"https://fr.wikipedia.org/wiki/Die_Linke","*":"Die Linke"},{"lang":"gl","url":"https://gl.wikipedia.org/wiki/Die_Linke","*":"Die Linke"},{"lang":"he","url":"https://he.wikipedia.org/wiki/%D7%93%D7%99_%D7%9C%D7%99%D7%A0%D7%A7%D7%94","*":"\u05d3\u05d9 \u05dc\u05d9\u05e0\u05e7\u05d4"},{"lang":"hr","url":"https://hr.wikipedia.org/wiki/Die_Linke","*":"Die Linke"},{"lang":"hsb","url":"https://hsb.wikipedia.org/wiki/L%C4%9Bwica","*":"L\u011bwica"},{"lang":"hu","url":"https://hu.wikipedia.org/wiki/Baloldali_P%C3%A1rt_(N%C3%A9metorsz%C3%A1g)","*":"Baloldali P\u00e1rt (N\u00e9metorsz\u00e1g)"},{"lang":"id","url":"https://id.wikipedia.org/wiki/Die_Linke","*":"Die Linke"},{"lang":"ie","url":"https://ie.wikipedia.org/wiki/Die_Linke","*":"Die Linke"},{"lang":"it","url":"https://it.wikipedia.org/wiki/Die_Linke","*":"Die Linke"},{"lang":"ja","url":"https://ja.wikipedia.org/wiki/%E5%B7%A6%E7%BF%BC%E5%85%9A_(%E3%83%89%E3%82%A4%E3%83%84)","*":"\u5de6\u7ffc\u515a (\u30c9\u30a4\u30c4)"},{"lang":"ko","url":"https://ko.wikipedia.org/wiki/%EC%A2%8C%ED%8C%8C%EB%8B%B9_(%EB%8F%85%EC%9D%BC)","*":"\uc88c\ud30c\ub2f9 (\ub3c5\uc77c)"},{"lang":"ku","url":"https://ku.wikipedia.org/wiki/Partiya_%C3%87epgir_(Almanya)","*":"Partiya \u00c7epgir (Almanya)"},{"lang":"la","url":"https://la.wikipedia.org/wiki/Sinistra_(factio_politica_Germaniae)","*":"Sinistra (factio politica Germaniae)"},{"lang":"lb","url":"https://lb.wikipedia.org/wiki/Die_Linke","*":"Die Linke"},{"lang":"lmo","url":"https://lmo.wikipedia.org/wiki/Die_Linke","*":"Die Linke"},{"lang":"lt","url":"https://lt.wikipedia.org/wiki/Vokietijos_Kairi%C5%B3j%C5%B3_partija","*":"Vokietijos Kairi\u0173j\u0173 partija"},{"lang":"ms","url":"https://ms.wikipedia.org/wiki/Parti_Kiri_(Jerman)","*":"Parti Kiri (Jerman)"},{"lang":"nds","url":"https://nds.wikipedia.org/wiki/De_Linke","*":"De Linke"},{"lang":"nl","url":"https://nl.wikipedia.org/wiki/Die_Linke","*":"Die Linke"},{"lang":"nn","url":"https://nn.wikipedia.org/wiki/Die_Linke","*":"Die Linke"},{"lang":"nb","url":"https://no.wikipedia.org/wiki/Die_Linke","*":"Die Linke"},{"lang":"pdc","url":"https://pdc.wikipedia.org/wiki/Die_Linke","*":"Die Linke"},{"lang":"pl","url":"https://pl.wikipedia.org/wiki/Die_Linke","*":"Die Linke"},{"lang":"pt","url":"https://pt.wikipedia.org/wiki/A_Esquerda","*":"A Esquerda"},{"lang":"ro","url":"https://ro.wikipedia.org/wiki/Die_Linke","*":"Die Linke"},{"lang":"ru","url":"https://ru.wikipedia.org/wiki/%D0%9B%D0%B5%D0%B2%D0%B0%D1%8F_(%D0%BF%D0%B0%D1%80%D1%82%D0%B8%D1%8F,_%D0%93%D0%B5%D1%80%D0%BC%D0%B0%D0%BD%D0%B8%D1%8F)","*":"\u041b\u0435\u0432\u0430\u044f (\u043f\u0430\u0440\u0442\u0438\u044f, \u0413\u0435\u0440\u043c\u0430\u043d\u0438\u044f)"},{"lang":"sco","url":"https://sco.wikipedia.org/wiki/The_Left_(Germany)","*":"The Left (Germany)"},{"lang":"simple","url":"https://simple.wikipedia.org/wiki/The_Left_(Germany)","*":"The Left (Germany)"},{"lang":"sr","url":"https://sr.wikipedia.org/wiki/%D0%9B%D0%B5%D0%B2%D0%B8%D1%86%D0%B0_(%D0%9D%D0%B5%D0%BC%D0%B0%D1%87%D0%BA%D0%B0)","*":"\u041b\u0435\u0432\u0438\u0446\u0430 (\u041d\u0435\u043c\u0430\u0447\u043a\u0430)"},{"lang":"stq","url":"https://stq.wikipedia.org/wiki/Linkspaat%C3%A4i","*":"Linkspaat\u00e4i"},{"lang":"sv","url":"https://sv.wikipedia.org/wiki/Die_Linke","*":"Die Linke"},{"lang":"tr","url":"https://tr.wikipedia.org/wiki/Sol_Parti_(Almanya)","*":"Sol Parti (Almanya)"},{"lang":"uk","url":"https://uk.wikipedia.org/wiki/%D0%9B%D1%96%D0%B2%D1%96_(%D0%9D%D1%96%D0%BC%D0%B5%D1%87%D1%87%D0%B8%D0%BD%D0%B0)","*":"\u041b\u0456\u0432\u0456 (\u041d\u0456\u043c\u0435\u0447\u0447\u0438\u043d\u0430)"},{"lang":"vi","url":"https://vi.wikipedia.org/wiki/Die_Linke","*":"Die Linke"},{"lang":"wuu","url":"https://wuu.wikipedia.org/wiki/%E5%B7%A6%E7%BF%BC%E5%85%9A_(%E5%BE%B7%E5%9B%BD)","*":"\u5de6\u7ffc\u515a (\u5fb7\u56fd)"},{"lang":"zh","url":"https://zh.wikipedia.org/wiki/%E5%B7%A6%E7%BF%BC%E5%85%9A_(%E5%BE%B7%E5%9B%BD)","*":"\u5de6\u7ffc\u515a (\u5fb7\u56fd)"}]}}}}