{"partyfacts_id":1548,"batchcomplete":"","query":{"normalized":[{"from":"Social_Democratic_Party_in_the_GDR","to":"Social Democratic Party in the GDR"}],"pages":{"12273600":{"pageid":12273600,"ns":0,"title":"Social Democratic Party in the GDR","langlinks":[{"lang":"ar","url":"https://ar.wikipedia.org/wiki/%D8%A7%D9%84%D8%AD%D8%B2%D8%A8_%D8%A7%D9%84%D8%AF%D9%8A%D9%85%D9%82%D8%B1%D8%A7%D8%B7%D9%8A_%D8%A7%D9%84%D8%A7%D8%AC%D8%AA%D9%85%D8%A7%D8%B9%D9%8A_%D9%81%D9%8A_%D8%AC%D9%85%D9%87%D9%88%D8%B1%D9%8A%D8%A9_%D8%A3%D9%84%D9%85%D8%A7%D9%86%D9%8A%D8%A7_%D8%A7%D9%84%D8%AF%D9%8A%D9%85%D9%82%D8%B1%D8%A7%D8%B7%D9%8A%D8%A9","*":"\u0627\u0644\u062d\u0632\u0628 \u0627\u0644\u062f\u064a\u0645\u0642\u0631\u0627\u0637\u064a \u0627\u0644\u0627\u062c\u062a\u0645\u0627\u0639\u064a \u0641\u064a \u062c\u0645\u0647\u0648\u0631\u064a\u0629 \u0623\u0644\u0645\u0627\u0646\u064a\u0627 \u0627\u0644\u062f\u064a\u0645\u0642\u0631\u0627\u0637\u064a\u0629"},{"lang":"de","url":"https://de.wikipedia.org/wiki/Sozialdemokratische_Partei_in_der_DDR","*":"Sozialdemokratische Partei in der DDR"},{"lang":"es","url":"https://es.wikipedia.org/wiki/Partido_Socialdem%C3%B3crata_en_la_RDA","*":"Partido Socialdem\u00f3crata en la RDA"},{"lang":"et","url":"https://et.wikipedia.org/wiki/Saksa_DV_Sotsiaaldemokraatlik_Partei","*":"Saksa DV Sotsiaaldemokraatlik Partei"},{"lang":"fr","url":"https://fr.wikipedia.org/wiki/Parti_social-d%C3%A9mocrate_(RDA)","*":"Parti social-d\u00e9mocrate (RDA)"},{"lang":"nl","url":"https://nl.wikipedia.org/wiki/Sozialdemokratische_Partei_(DDR)","*":"Sozialdemokratische Partei (DDR)"},{"lang":"nb","url":"https://no.wikipedia.org/wiki/Sozialdemokratische_Partei_in_der_DDR","*":"Sozialdemokratische Partei in der DDR"},{"lang":"ru","url":"https://ru.wikipedia.org/wiki/%D0%A1%D0%BE%D1%86%D0%B8%D0%B0%D0%BB-%D0%B4%D0%B5%D0%BC%D0%BE%D0%BA%D1%80%D0%B0%D1%82%D0%B8%D1%87%D0%B5%D1%81%D0%BA%D0%B0%D1%8F_%D0%BF%D0%B0%D1%80%D1%82%D0%B8%D1%8F_%D0%B2_%D0%93%D0%94%D0%A0","*":"\u0421\u043e\u0446\u0438\u0430\u043b-\u0434\u0435\u043c\u043e\u043a\u0440\u0430\u0442\u0438\u0447\u0435\u0441\u043a\u0430\u044f \u043f\u0430\u0440\u0442\u0438\u044f \u0432 \u0413\u0414\u0420"},{"lang":"sv","url":"https://sv.wikipedia.org/wiki/Socialdemokratiska_partiet_i_%C3%96sttyskland","*":"Socialdemokratiska partiet i \u00d6sttyskland"}]}}}}