{"partyfacts_id":1554,"batchcomplete":"","query":{"normalized":[{"from":"Green_Party_(Czech_Republic)","to":"Green Party (Czech Republic)"}],"pages":{"3402439":{"pageid":3402439,"ns":0,"title":"Green Party (Czech Republic)","langlinks":[{"lang":"bg","url":"https://bg.wikipedia.org/wiki/%D0%97%D0%B5%D0%BB%D0%B5%D0%BD%D0%B0_%D0%BF%D0%B0%D1%80%D1%82%D0%B8%D1%8F_(%D0%A7%D0%B5%D1%85%D0%B8%D1%8F)","*":"\u0417\u0435\u043b\u0435\u043d\u0430 \u043f\u0430\u0440\u0442\u0438\u044f (\u0427\u0435\u0445\u0438\u044f)"},{"lang":"ca","url":"https://ca.wikipedia.org/wiki/Partit_Verd_(Rep%C3%BAblica_Txeca)","*":"Partit Verd (Rep\u00fablica Txeca)"},{"lang":"cs","url":"https://cs.wikipedia.org/wiki/Strana_zelen%C3%BDch","*":"Strana zelen\u00fdch"},{"lang":"de","url":"https://de.wikipedia.org/wiki/Strana_zelen%C3%BDch_(Tschechien)","*":"Strana zelen\u00fdch (Tschechien)"},{"lang":"el","url":"https://el.wikipedia.org/wiki/%CE%A0%CF%81%CE%AC%CF%83%CE%B9%CE%BD%CE%BF_%CE%9A%CF%8C%CE%BC%CE%BC%CE%B1_(%CE%A4%CF%83%CE%B5%CF%87%CE%AF%CE%B1)","*":"\u03a0\u03c1\u03ac\u03c3\u03b9\u03bd\u03bf \u039a\u03cc\u03bc\u03bc\u03b1 (\u03a4\u03c3\u03b5\u03c7\u03af\u03b1)"},{"lang":"eo","url":"https://eo.wikipedia.org/wiki/Verda_Partio_(%C4%88e%C4%A5io)","*":"Verda Partio (\u0108e\u0125io)"},{"lang":"es","url":"https://es.wikipedia.org/wiki/Partido_Verde_(Rep%C3%BAblica_Checa)","*":"Partido Verde (Rep\u00fablica Checa)"},{"lang":"et","url":"https://et.wikipedia.org/wiki/Roheline_Partei_(T%C5%A1ehhi)","*":"Roheline Partei (T\u0161ehhi)"},{"lang":"fi","url":"https://fi.wikipedia.org/wiki/Vihre%C3%A4t_(T%C5%A1ekki)","*":"Vihre\u00e4t (T\u0161ekki)"},{"lang":"fr","url":"https://fr.wikipedia.org/wiki/Parti_vert_(Tch%C3%A9quie)","*":"Parti vert (Tch\u00e9quie)"},{"lang":"it","url":"https://it.wikipedia.org/wiki/Partito_dei_Verdi_(Repubblica_Ceca)","*":"Partito dei Verdi (Repubblica Ceca)"},{"lang":"ja","url":"https://ja.wikipedia.org/wiki/%E7%B7%91%E3%81%AE%E5%85%9A_(%E3%83%81%E3%82%A7%E3%82%B3)","*":"\u7dd1\u306e\u515a (\u30c1\u30a7\u30b3)"},{"lang":"ko","url":"https://ko.wikipedia.org/wiki/%EB%85%B9%EC%83%89%EB%8B%B9_(%EC%B2%B4%EC%BD%94)","*":"\ub179\uc0c9\ub2f9 (\uccb4\ucf54)"},{"lang":"lmo","url":"https://lmo.wikipedia.org/wiki/Partii_Verd_Cecch","*":"Partii Verd Cecch"},{"lang":"pl","url":"https://pl.wikipedia.org/wiki/Partia_Zielonych_(Czechy)","*":"Partia Zielonych (Czechy)"},{"lang":"ru","url":"https://ru.wikipedia.org/wiki/%D0%9F%D0%B0%D1%80%D1%82%D0%B8%D1%8F_%D0%B7%D0%B5%D0%BB%D1%91%D0%BD%D1%8B%D1%85_(%D0%A7%D0%B5%D1%85%D0%B8%D1%8F)","*":"\u041f\u0430\u0440\u0442\u0438\u044f \u0437\u0435\u043b\u0451\u043d\u044b\u0445 (\u0427\u0435\u0445\u0438\u044f)"},{"lang":"sv","url":"https://sv.wikipedia.org/wiki/Strana_zelen%C3%BDch","*":"Strana zelen\u00fdch"},{"lang":"uk","url":"https://uk.wikipedia.org/wiki/%D0%9F%D0%B0%D1%80%D1%82%D1%96%D1%8F_%D0%B7%D0%B5%D0%BB%D0%B5%D0%BD%D0%B8%D1%85_(%D0%A7%D0%B5%D1%85%D1%96%D1%8F)","*":"\u041f\u0430\u0440\u0442\u0456\u044f \u0437\u0435\u043b\u0435\u043d\u0438\u0445 (\u0427\u0435\u0445\u0456\u044f)"},{"lang":"zh","url":"https://zh.wikipedia.org/wiki/%E7%B6%A0%E9%BB%A8_(%E6%8D%B7%E5%85%8B)","*":"\u7da0\u9ee8 (\u6377\u514b)"}]}}}}