{"partyfacts_id":1555,"batchcomplete":"","query":{"normalized":[{"from":"Nationalist_Republican_Liberal_Movement","to":"Nationalist Republican Liberal Movement"}],"pages":{"1057893":{"pageid":1057893,"ns":0,"title":"Nationalist Republican Liberal Movement","langlinks":[{"lang":"de","url":"https://de.wikipedia.org/wiki/Movimiento_Liberal_Republicano_Nacionalista","*":"Movimiento Liberal Republicano Nacionalista"},{"lang":"es","url":"https://es.wikipedia.org/wiki/Movimiento_Liberal_Republicano_Nacionalista","*":"Movimiento Liberal Republicano Nacionalista"},{"lang":"fr","url":"https://fr.wikipedia.org/wiki/Mouvement_lib%C3%A9ral_r%C3%A9publicain_nationaliste","*":"Mouvement lib\u00e9ral r\u00e9publicain nationaliste"}]}}}}