{"partyfacts_id":1556,"batchcomplete":"","query":{"normalized":[{"from":"Estonian_Coalition_Party","to":"Estonian Coalition Party"}],"pages":{"4502716":{"pageid":4502716,"ns":0,"title":"Estonian Coalition Party","langlinks":[{"lang":"ca","url":"https://ca.wikipedia.org/wiki/Partit_de_la_Coalici%C3%B3_Estoniana","*":"Partit de la Coalici\u00f3 Estoniana"},{"lang":"de","url":"https://de.wikipedia.org/wiki/Estnische_Koalitionspartei","*":"Estnische Koalitionspartei"},{"lang":"es","url":"https://es.wikipedia.org/wiki/Partido_de_la_Coalici%C3%B3n_Estonia","*":"Partido de la Coalici\u00f3n Estonia"},{"lang":"et","url":"https://et.wikipedia.org/wiki/Eesti_Koonderakond","*":"Eesti Koonderakond"},{"lang":"fi","url":"https://fi.wikipedia.org/wiki/Viron_kokoomuspuolue","*":"Viron kokoomuspuolue"},{"lang":"fr","url":"https://fr.wikipedia.org/wiki/Parti_de_la_coalition_d%27Estonie","*":"Parti de la coalition d'Estonie"},{"lang":"it","url":"https://it.wikipedia.org/wiki/Partito_della_Coalizione_Estone","*":"Partito della Coalizione Estone"},{"lang":"nb","url":"https://no.wikipedia.org/wiki/Det_estiske_samlingspartiet","*":"Det estiske samlingspartiet"},{"lang":"pl","url":"https://pl.wikipedia.org/wiki/Esto%C5%84ska_Partia_Koalicyjna","*":"Esto\u0144ska Partia Koalicyjna"},{"lang":"sv","url":"https://sv.wikipedia.org/wiki/Estniska_koalitionspartiet","*":"Estniska koalitionspartiet"},{"lang":"uk","url":"https://uk.wikipedia.org/wiki/%D0%9A%D0%BE%D0%B0%D0%BB%D1%96%D1%86%D1%96%D0%B9%D0%BD%D0%B0_%D0%BF%D0%B0%D1%80%D1%82%D1%96%D1%8F_%D0%95%D1%81%D1%82%D0%BE%D0%BD%D1%96%D1%97","*":"\u041a\u043e\u0430\u043b\u0456\u0446\u0456\u0439\u043d\u0430 \u043f\u0430\u0440\u0442\u0456\u044f \u0415\u0441\u0442\u043e\u043d\u0456\u0457"}]}}}}