{"partyfacts_id":1558,"batchcomplete":"","query":{"normalized":[{"from":"New_Democratic_Party_(Albania)","to":"New Democratic Party (Albania)"}],"pages":{"1656661":{"pageid":1656661,"ns":0,"title":"New Democratic Party (Albania)","langlinks":[{"lang":"da","url":"https://da.wikipedia.org/wiki/Partia_Demokrate_e_Re","*":"Partia Demokrate e Re"},{"lang":"fr","url":"https://fr.wikipedia.org/wiki/Nouveau_Parti_d%C3%A9mocratique_(Albanie)","*":"Nouveau Parti d\u00e9mocratique (Albanie)"},{"lang":"gl","url":"https://gl.wikipedia.org/wiki/Novo_Partido_Democr%C3%A1tico_(Albania)","*":"Novo Partido Democr\u00e1tico (Albania)"},{"lang":"sq","url":"https://sq.wikipedia.org/wiki/Partia_Demokrate_e_Re_(Shqip%C3%ABri)","*":"Partia Demokrate e Re (Shqip\u00ebri)"},{"lang":"sv","url":"https://sv.wikipedia.org/wiki/Nya_demokratiska_partiet_(Albanien)","*":"Nya demokratiska partiet (Albanien)"}]}}}}