{"partyfacts_id":1565,"batchcomplete":"","query":{"normalized":[{"from":"Law_and_Justice","to":"Law and Justice"}],"pages":{"520309":{"pageid":520309,"ns":0,"title":"Law and Justice","langlinks":[{"lang":"ar","url":"https://ar.wikipedia.org/wiki/%D8%AD%D8%B2%D8%A8_%D8%A7%D9%84%D8%B9%D8%AF%D8%A7%D9%84%D8%A9_%D9%88%D8%A7%D9%84%D9%82%D8%A7%D9%86%D9%88%D9%86_%D8%A7%D9%84%D8%A8%D9%88%D9%84%D9%86%D8%AF%D9%8A","*":"\u062d\u0632\u0628 \u0627\u0644\u0639\u062f\u0627\u0644\u0629 \u0648\u0627\u0644\u0642\u0627\u0646\u0648\u0646 \u0627\u0644\u0628\u0648\u0644\u0646\u062f\u064a"},{"lang":"arz","url":"https://arz.wikipedia.org/wiki/%D8%AD%D8%B2%D8%A8_%D8%A7%D9%84%D8%B9%D8%AF%D8%A7%D9%84%D9%87_%D9%88_%D8%A7%D9%84%D9%82%D8%A7%D9%86%D9%88%D9%86_%D8%A7%D9%84%D8%A8%D9%88%D9%84%D9%86%D8%AF%D9%89","*":"\u062d\u0632\u0628 \u0627\u0644\u0639\u062f\u0627\u0644\u0647 \u0648 \u0627\u0644\u0642\u0627\u0646\u0648\u0646 \u0627\u0644\u0628\u0648\u0644\u0646\u062f\u0649"},{"lang":"be","url":"https://be.wikipedia.org/wiki/%D0%9F%D1%80%D0%B0%D0%B2%D0%B0_%D1%96_%D1%81%D0%BF%D1%80%D0%B0%D0%B2%D1%8F%D0%B4%D0%BB%D1%96%D0%B2%D0%B0%D1%81%D1%86%D1%8C","*":"\u041f\u0440\u0430\u0432\u0430 \u0456 \u0441\u043f\u0440\u0430\u0432\u044f\u0434\u043b\u0456\u0432\u0430\u0441\u0446\u044c"},{"lang":"be-x-old","url":"https://be-tarask.wikipedia.org/wiki/%D0%9F%D1%80%D0%B0%D0%B2%D0%B0_%D1%96_%D1%81%D0%BF%D1%80%D0%B0%D0%B2%D1%8F%D0%B4%D0%BB%D1%96%D0%B2%D0%B0%D1%81%D1%8C%D1%86%D1%8C","*":"\u041f\u0440\u0430\u0432\u0430 \u0456 \u0441\u043f\u0440\u0430\u0432\u044f\u0434\u043b\u0456\u0432\u0430\u0441\u044c\u0446\u044c"},{"lang":"bg","url":"https://bg.wikipedia.org/wiki/%D0%9F%D1%80%D0%B0%D0%B2%D0%BE_%D0%B8_%D1%81%D0%BF%D1%80%D0%B0%D0%B2%D0%B5%D0%B4%D0%BB%D0%B8%D0%B2%D0%BE%D1%81%D1%82","*":"\u041f\u0440\u0430\u0432\u043e \u0438 \u0441\u043f\u0440\u0430\u0432\u0435\u0434\u043b\u0438\u0432\u043e\u0441\u0442"},{"lang":"ca","url":"https://ca.wikipedia.org/wiki/Llei_i_Just%C3%ADcia","*":"Llei i Just\u00edcia"},{"lang":"cs","url":"https://cs.wikipedia.org/wiki/Pr%C3%A1vo_a_spravedlnost","*":"Pr\u00e1vo a spravedlnost"},{"lang":"da","url":"https://da.wikipedia.org/wiki/Lov_og_Retf%C3%A6rdighed","*":"Lov og Retf\u00e6rdighed"},{"lang":"de","url":"https://de.wikipedia.org/wiki/Prawo_i_Sprawiedliwo%C5%9B%C4%87","*":"Prawo i Sprawiedliwo\u015b\u0107"},{"lang":"el","url":"https://el.wikipedia.org/wiki/%CE%9D%CF%8C%CE%BC%CE%BF%CF%82_%CE%BA%CE%B1%CE%B9_%CE%94%CE%B9%CE%BA%CE%B1%CE%B9%CE%BF%CF%83%CF%8D%CE%BD%CE%B7","*":"\u039d\u03cc\u03bc\u03bf\u03c2 \u03ba\u03b1\u03b9 \u0394\u03b9\u03ba\u03b1\u03b9\u03bf\u03c3\u03cd\u03bd\u03b7"},{"lang":"eo","url":"https://eo.wikipedia.org/wiki/Juro_kaj_Justeco","*":"Juro kaj Justeco"},{"lang":"es","url":"https://es.wikipedia.org/wiki/Ley_y_Justicia","*":"Ley y Justicia"},{"lang":"et","url":"https://et.wikipedia.org/wiki/%C3%95igus_ja_%C3%95iglus","*":"\u00d5igus ja \u00d5iglus"},{"lang":"fa","url":"https://fa.wikipedia.org/wiki/%D9%82%D8%A7%D9%86%D9%88%D9%86_%D9%88_%D8%B9%D8%AF%D8%A7%D9%84%D8%AA","*":"\u0642\u0627\u0646\u0648\u0646 \u0648 \u0639\u062f\u0627\u0644\u062a"},{"lang":"fi","url":"https://fi.wikipedia.org/wiki/Laki_ja_oikeus","*":"Laki ja oikeus"},{"lang":"fr","url":"https://fr.wikipedia.org/wiki/Droit_et_justice","*":"Droit et justice"},{"lang":"gl","url":"https://gl.wikipedia.org/wiki/Lei_e_Xustiza","*":"Lei e Xustiza"},{"lang":"he","url":"https://he.wikipedia.org/wiki/%D7%97%D7%95%D7%A7_%D7%95%D7%A6%D7%93%D7%A7","*":"\u05d7\u05d5\u05e7 \u05d5\u05e6\u05d3\u05e7"},{"lang":"hr","url":"https://hr.wikipedia.org/wiki/Pravo_i_pravda","*":"Pravo i pravda"},{"lang":"hsb","url":"https://hsb.wikipedia.org/wiki/Prawo_i_Sprawiedliwo%C5%9B%C4%87","*":"Prawo i Sprawiedliwo\u015b\u0107"},{"lang":"hu","url":"https://hu.wikipedia.org/wiki/Jog_%C3%A9s_Igazs%C3%A1goss%C3%A1g","*":"Jog \u00e9s Igazs\u00e1goss\u00e1g"},{"lang":"ie","url":"https://ie.wikipedia.org/wiki/Jure_e_Justicie","*":"Jure e Justicie"},{"lang":"is","url":"https://is.wikipedia.org/wiki/L%C3%B6g_og_r%C3%A9ttl%C3%A6ti","*":"L\u00f6g og r\u00e9ttl\u00e6ti"},{"lang":"it","url":"https://it.wikipedia.org/wiki/Diritto_e_Giustizia","*":"Diritto e Giustizia"},{"lang":"ja","url":"https://ja.wikipedia.org/wiki/%E6%B3%95%E3%81%A8%E6%AD%A3%E7%BE%A9","*":"\u6cd5\u3068\u6b63\u7fa9"},{"lang":"ko","url":"https://ko.wikipedia.org/wiki/%EB%B2%95%EA%B3%BC_%EC%A0%95%EC%9D%98","*":"\ubc95\uacfc \uc815\uc758"},{"lang":"la","url":"https://la.wikipedia.org/wiki/Ius_et_Iustitia","*":"Ius et Iustitia"},{"lang":"lmo","url":"https://lmo.wikipedia.org/wiki/Diritt_e_Giustizia","*":"Diritt e Giustizia"},{"lang":"lt","url":"https://lt.wikipedia.org/wiki/Teis%C4%97_ir_Teisingumas","*":"Teis\u0117 ir Teisingumas"},{"lang":"lv","url":"https://lv.wikipedia.org/wiki/Likums_un_taisn%C4%ABgums","*":"Likums un taisn\u012bgums"},{"lang":"ms","url":"https://ms.wikipedia.org/wiki/Prawo_i_Sprawiedliwo%C5%9B%C4%87","*":"Prawo i Sprawiedliwo\u015b\u0107"},{"lang":"nl","url":"https://nl.wikipedia.org/wiki/Prawo_i_Sprawiedliwo%C5%9B%C4%87","*":"Prawo i Sprawiedliwo\u015b\u0107"},{"lang":"nn","url":"https://nn.wikipedia.org/wiki/Prawo_i_Sprawiedliwo%C5%9B%C4%87","*":"Prawo i Sprawiedliwo\u015b\u0107"},{"lang":"nb","url":"https://no.wikipedia.org/wiki/Lov_og_rettferdighet","*":"Lov og rettferdighet"},{"lang":"pl","url":"https://pl.wikipedia.org/wiki/Prawo_i_Sprawiedliwo%C5%9B%C4%87","*":"Prawo i Sprawiedliwo\u015b\u0107"},{"lang":"pt","url":"https://pt.wikipedia.org/wiki/Lei_e_Justi%C3%A7a","*":"Lei e Justi\u00e7a"},{"lang":"ro","url":"https://ro.wikipedia.org/wiki/Partidul_Lege_%C8%99i_Justi%C8%9Bie_(Polonia)","*":"Partidul Lege \u0219i Justi\u021bie (Polonia)"},{"lang":"ru","url":"https://ru.wikipedia.org/wiki/%D0%9F%D1%80%D0%B0%D0%B2%D0%BE_%D0%B8_%D1%81%D0%BF%D1%80%D0%B0%D0%B2%D0%B5%D0%B4%D0%BB%D0%B8%D0%B2%D0%BE%D1%81%D1%82%D1%8C","*":"\u041f\u0440\u0430\u0432\u043e \u0438 \u0441\u043f\u0440\u0430\u0432\u0435\u0434\u043b\u0438\u0432\u043e\u0441\u0442\u044c"},{"lang":"scn","url":"https://scn.wikipedia.org/wiki/Drittu_e_Justizzia","*":"Drittu e Justizzia"},{"lang":"sco","url":"https://sco.wikipedia.org/wiki/Law_an_Juistice","*":"Law an Juistice"},{"lang":"sh","url":"https://sh.wikipedia.org/wiki/Pravo_i_pravda","*":"Pravo i pravda"},{"lang":"sk","url":"https://sk.wikipedia.org/wiki/Pr%C3%A1vo_a_spravodlivos%C5%A5","*":"Pr\u00e1vo a spravodlivos\u0165"},{"lang":"sr","url":"https://sr.wikipedia.org/wiki/%D0%9F%D1%80%D0%B0%D0%B2%D0%BE_%D0%B8_%D0%BF%D1%80%D0%B0%D0%B2%D0%B4%D0%B0","*":"\u041f\u0440\u0430\u0432\u043e \u0438 \u043f\u0440\u0430\u0432\u0434\u0430"},{"lang":"sv","url":"https://sv.wikipedia.org/wiki/Lag_och_r%C3%A4ttvisa","*":"Lag och r\u00e4ttvisa"},{"lang":"szl","url":"https://szl.wikipedia.org/wiki/Recht_i_Sprawiedliwo%C5%9B%C4%87","*":"Recht i Sprawiedliwo\u015b\u0107"},{"lang":"tr","url":"https://tr.wikipedia.org/wiki/Hukuk_ve_Adalet","*":"Hukuk ve Adalet"},{"lang":"uk","url":"https://uk.wikipedia.org/wiki/%D0%9F%D1%80%D0%B0%D0%B2%D0%BE_%D1%96_%D1%81%D0%BF%D1%80%D0%B0%D0%B2%D0%B5%D0%B4%D0%BB%D0%B8%D0%B2%D1%96%D1%81%D1%82%D1%8C","*":"\u041f\u0440\u0430\u0432\u043e \u0456 \u0441\u043f\u0440\u0430\u0432\u0435\u0434\u043b\u0438\u0432\u0456\u0441\u0442\u044c"},{"lang":"vi","url":"https://vi.wikipedia.org/wiki/Ph%C3%A1p_lu%E1%BA%ADt_v%C3%A0_C%C3%B4ng_l%C3%BD_(%C4%91%E1%BA%A3ng)","*":"Ph\u00e1p lu\u1eadt v\u00e0 C\u00f4ng l\u00fd (\u0111\u1ea3ng)"},{"lang":"vo","url":"https://vo.wikipedia.org/wiki/Lonem_e_Git","*":"Lonem e Git"},{"lang":"zh","url":"https://zh.wikipedia.org/wiki/%E6%B3%95%E5%BE%8B%E8%88%87%E5%85%AC%E6%AD%A3","*":"\u6cd5\u5f8b\u8207\u516c\u6b63"}]}}}}