{"partyfacts_id":1567,"batchcomplete":"","query":{"normalized":[{"from":"Conservative_Party_(UK)","to":"Conservative Party (UK)"}],"pages":{"32113":{"pageid":32113,"ns":0,"title":"Conservative Party (UK)","langlinks":[{"lang":"af","url":"https://af.wikipedia.org/wiki/Konserwatiewe_Party_(Verenigde_Koninkryk)","*":"Konserwatiewe Party (Verenigde Koninkryk)"},{"lang":"an","url":"https://an.wikipedia.org/wiki/Conservative_Party_(Reino_Uniu)","*":"Conservative Party (Reino Uniu)"},{"lang":"ar","url":"https://ar.wikipedia.org/wiki/%D8%AD%D8%B2%D8%A8_%D8%A7%D9%84%D9%85%D8%AD%D8%A7%D9%81%D8%B8%D9%8A%D9%86_(%D8%A7%D9%84%D9%85%D9%85%D9%84%D9%83%D8%A9_%D8%A7%D9%84%D9%85%D8%AA%D8%AD%D8%AF%D8%A9)","*":"\u062d\u0632\u0628 \u0627\u0644\u0645\u062d\u0627\u0641\u0638\u064a\u0646 (\u0627\u0644\u0645\u0645\u0644\u0643\u0629 \u0627\u0644\u0645\u062a\u062d\u062f\u0629)"},{"lang":"arz","url":"https://arz.wikipedia.org/wiki/%D8%AD%D8%B2%D8%A8_%D8%A7%D9%84%D9%85%D8%AD%D8%A7%D9%81%D8%B8%D9%8A%D9%86_(%D8%A7%D9%84%D9%85%D9%85%D9%84%D9%83%D9%87_%D8%A7%D9%84%D9%85%D8%AA%D8%AD%D8%AF%D9%87)","*":"\u062d\u0632\u0628 \u0627\u0644\u0645\u062d\u0627\u0641\u0638\u064a\u0646 (\u0627\u0644\u0645\u0645\u0644\u0643\u0647 \u0627\u0644\u0645\u062a\u062d\u062f\u0647)"},{"lang":"az","url":"https://az.wikipedia.org/wiki/M%C3%BChafiz%C9%99karlar_Partiyas%C4%B1_(B%C3%B6y%C3%BCk_Britaniya)","*":"M\u00fchafiz\u0259karlar Partiyas\u0131 (B\u00f6y\u00fck Britaniya)"},{"lang":"ba","url":"https://ba.wikipedia.org/wiki/%D0%91%D3%A9%D0%B9%D3%A9%D0%BA_%D0%91%D1%80%D0%B8%D1%82%D0%B0%D0%BD%D0%B8%D1%8F%D0%BD%D1%8B%D2%A3_%D0%9A%D0%BE%D0%BD%D1%81%D0%B5%D1%80%D0%B2%D0%B0%D1%82%D0%B8%D0%B2_%D1%84%D0%B8%D1%80%D2%A1%D3%99%D2%BB%D0%B5","*":"\u0411\u04e9\u0439\u04e9\u043a \u0411\u0440\u0438\u0442\u0430\u043d\u0438\u044f\u043d\u044b\u04a3 \u041a\u043e\u043d\u0441\u0435\u0440\u0432\u0430\u0442\u0438\u0432 \u0444\u0438\u0440\u04a1\u04d9\u04bb\u0435"},{"lang":"be","url":"https://be.wikipedia.org/wiki/%D0%9A%D0%B0%D0%BD%D1%81%D0%B5%D1%80%D0%B2%D0%B0%D1%82%D1%8B%D1%9E%D0%BD%D0%B0%D1%8F_%D0%BF%D0%B0%D1%80%D1%82%D1%8B%D1%8F_(%D0%92%D1%8F%D0%BB%D1%96%D0%BA%D0%B0%D0%B1%D1%80%D1%8B%D1%82%D0%B0%D0%BD%D1%96%D1%8F)","*":"\u041a\u0430\u043d\u0441\u0435\u0440\u0432\u0430\u0442\u044b\u045e\u043d\u0430\u044f \u043f\u0430\u0440\u0442\u044b\u044f (\u0412\u044f\u043b\u0456\u043a\u0430\u0431\u0440\u044b\u0442\u0430\u043d\u0456\u044f)"},{"lang":"bg","url":"https://bg.wikipedia.org/wiki/%D0%9A%D0%BE%D0%BD%D1%81%D0%B5%D1%80%D0%B2%D0%B0%D1%82%D0%B8%D0%B2%D0%BD%D0%B0_%D0%BF%D0%B0%D1%80%D1%82%D0%B8%D1%8F_(%D0%9E%D0%B1%D0%B5%D0%B4%D0%B8%D0%BD%D0%B5%D0%BD%D0%BE_%D0%BA%D1%80%D0%B0%D0%BB%D1%81%D1%82%D0%B2%D0%BE)","*":"\u041a\u043e\u043d\u0441\u0435\u0440\u0432\u0430\u0442\u0438\u0432\u043d\u0430 \u043f\u0430\u0440\u0442\u0438\u044f (\u041e\u0431\u0435\u0434\u0438\u043d\u0435\u043d\u043e \u043a\u0440\u0430\u043b\u0441\u0442\u0432\u043e)"},{"lang":"bn","url":"https://bn.wikipedia.org/wiki/%E0%A6%95%E0%A6%A8%E0%A6%9C%E0%A6%BE%E0%A6%B0%E0%A6%AD%E0%A7%87%E0%A6%9F%E0%A6%BF%E0%A6%AD_%E0%A6%AA%E0%A6%BE%E0%A6%B0%E0%A7%8D%E0%A6%9F%E0%A6%BF","*":"\u0995\u09a8\u099c\u09be\u09b0\u09ad\u09c7\u099f\u09bf\u09ad \u09aa\u09be\u09b0\u09cd\u099f\u09bf"},{"lang":"br","url":"https://br.wikipedia.org/wiki/Strollad_Mirour_(R.U.)","*":"Strollad Mirour (R.U.)"},{"lang":"ca","url":"https://ca.wikipedia.org/wiki/Partit_Conservador_(Regne_Unit)","*":"Partit Conservador (Regne Unit)"},{"lang":"cs","url":"https://cs.wikipedia.org/wiki/Konzervativn%C3%AD_strana_(Spojen%C3%A9_kr%C3%A1lovstv%C3%AD)","*":"Konzervativn\u00ed strana (Spojen\u00e9 kr\u00e1lovstv\u00ed)"},{"lang":"cy","url":"https://cy.wikipedia.org/wiki/Y_Blaid_Geidwadol_(DU)","*":"Y Blaid Geidwadol (DU)"},{"lang":"da","url":"https://da.wikipedia.org/wiki/Konservative_Parti_(Storbritannien)","*":"Konservative Parti (Storbritannien)"},{"lang":"de","url":"https://de.wikipedia.org/wiki/Conservative_Party","*":"Conservative Party"},{"lang":"el","url":"https://el.wikipedia.org/wiki/%CE%A3%CF%85%CE%BD%CF%84%CE%B7%CF%81%CE%B7%CF%84%CE%B9%CE%BA%CF%8C_%CE%9A%CF%8C%CE%BC%CE%BC%CE%B1_(%CE%97%CE%BD%CF%89%CE%BC%CE%AD%CE%BD%CE%BF_%CE%92%CE%B1%CF%83%CE%AF%CE%BB%CE%B5%CE%B9%CE%BF)","*":"\u03a3\u03c5\u03bd\u03c4\u03b7\u03c1\u03b7\u03c4\u03b9\u03ba\u03cc \u039a\u03cc\u03bc\u03bc\u03b1 (\u0397\u03bd\u03c9\u03bc\u03ad\u03bd\u03bf \u0392\u03b1\u03c3\u03af\u03bb\u03b5\u03b9\u03bf)"},{"lang":"eo","url":"https://eo.wikipedia.org/wiki/Konservisma_Partio_(Britio)","*":"Konservisma Partio (Britio)"},{"lang":"es","url":"https://es.wikipedia.org/wiki/Partido_Conservador_(Reino_Unido)","*":"Partido Conservador (Reino Unido)"},{"lang":"et","url":"https://et.wikipedia.org/wiki/Konservatiivne_Partei","*":"Konservatiivne Partei"},{"lang":"eu","url":"https://eu.wikipedia.org/wiki/Erresuma_Batuko_Alderdi_Kontserbadorea","*":"Erresuma Batuko Alderdi Kontserbadorea"},{"lang":"fa","url":"https://fa.wikipedia.org/wiki/%D8%AD%D8%B2%D8%A8_%D9%85%D8%AD%D8%A7%D9%81%D8%B8%D9%87%E2%80%8C%DA%A9%D8%A7%D8%B1_(%D8%A8%D8%B1%DB%8C%D8%AA%D8%A7%D9%86%DB%8C%D8%A7)","*":"\u062d\u0632\u0628 \u0645\u062d\u0627\u0641\u0638\u0647\u200c\u06a9\u0627\u0631 (\u0628\u0631\u06cc\u062a\u0627\u0646\u06cc\u0627)"},{"lang":"fi","url":"https://fi.wikipedia.org/wiki/Konservatiivipuolue_(Yhdistynyt_kuningaskunta)","*":"Konservatiivipuolue (Yhdistynyt kuningaskunta)"},{"lang":"fo","url":"https://fo.wikipedia.org/wiki/Konservativi_Flokkurin_(UK)","*":"Konservativi Flokkurin (UK)"},{"lang":"fr","url":"https://fr.wikipedia.org/wiki/Parti_conservateur_(Royaume-Uni)","*":"Parti conservateur (Royaume-Uni)"},{"lang":"ga","url":"https://ga.wikipedia.org/wiki/An_P%C3%A1irt%C3%AD_Coime%C3%A1dach_(An_R%C3%ADocht_Aontaithe)","*":"An P\u00e1irt\u00ed Coime\u00e1dach (An R\u00edocht Aontaithe)"},{"lang":"gl","url":"https://gl.wikipedia.org/wiki/Partido_Conservador_(Reino_Unido)","*":"Partido Conservador (Reino Unido)"},{"lang":"he","url":"https://he.wikipedia.org/wiki/%D7%94%D7%9E%D7%A4%D7%9C%D7%92%D7%94_%D7%94%D7%A9%D7%9E%D7%A8%D7%A0%D7%99%D7%AA_(%D7%94%D7%9E%D7%9E%D7%9C%D7%9B%D7%94_%D7%94%D7%9E%D7%90%D7%95%D7%97%D7%93%D7%AA)","*":"\u05d4\u05de\u05e4\u05dc\u05d2\u05d4 \u05d4\u05e9\u05de\u05e8\u05e0\u05d9\u05ea (\u05d4\u05de\u05de\u05dc\u05db\u05d4 \u05d4\u05de\u05d0\u05d5\u05d7\u05d3\u05ea)"},{"lang":"hr","url":"https://hr.wikipedia.org/wiki/Konzervativna_stranka_(UK)","*":"Konzervativna stranka (UK)"},{"lang":"hu","url":"https://hu.wikipedia.org/wiki/Konzervat%C3%ADv_P%C3%A1rt_(Egyes%C3%BClt_Kir%C3%A1lys%C3%A1g)","*":"Konzervat\u00edv P\u00e1rt (Egyes\u00fclt Kir\u00e1lys\u00e1g)"},{"lang":"hy","url":"https://hy.wikipedia.org/wiki/%D5%84%D5%A5%D5%AE_%D4%B2%D6%80%D5%AB%D5%BF%D5%A1%D5%B6%D5%AB%D5%A1%D5%B5%D5%AB_%D5%BA%D5%A1%D5%B0%D5%BA%D5%A1%D5%B6%D5%B8%D5%B2%D5%A1%D5%AF%D5%A1%D5%B6_%D5%AF%D5%B8%D6%82%D5%BD%D5%A1%D5%AF%D6%81%D5%B8%D6%82%D5%A9%D5%B5%D5%B8%D6%82%D5%B6","*":"\u0544\u0565\u056e \u0532\u0580\u056b\u057f\u0561\u0576\u056b\u0561\u0575\u056b \u057a\u0561\u0570\u057a\u0561\u0576\u0578\u0572\u0561\u056f\u0561\u0576 \u056f\u0578\u0582\u057d\u0561\u056f\u0581\u0578\u0582\u0569\u0575\u0578\u0582\u0576"},{"lang":"id","url":"https://id.wikipedia.org/wiki/Partai_Konservatif_(Britania_Raya)","*":"Partai Konservatif (Britania Raya)"},{"lang":"is","url":"https://is.wikipedia.org/wiki/%C3%8Dhaldsflokkurinn_(Bretland)","*":"\u00cdhaldsflokkurinn (Bretland)"},{"lang":"it","url":"https://it.wikipedia.org/wiki/Partito_Conservatore_(Regno_Unito)","*":"Partito Conservatore (Regno Unito)"},{"lang":"ja","url":"https://ja.wikipedia.org/wiki/%E4%BF%9D%E5%AE%88%E5%85%9A_(%E3%82%A4%E3%82%AE%E3%83%AA%E3%82%B9)","*":"\u4fdd\u5b88\u515a (\u30a4\u30ae\u30ea\u30b9)"},{"lang":"ka","url":"https://ka.wikipedia.org/wiki/%E1%83%99%E1%83%9D%E1%83%9C%E1%83%A1%E1%83%94%E1%83%A0%E1%83%95%E1%83%90%E1%83%A2%E1%83%98%E1%83%A3%E1%83%9A%E1%83%98_%E1%83%9E%E1%83%90%E1%83%A0%E1%83%A2%E1%83%98%E1%83%90_(%E1%83%92%E1%83%90%E1%83%94%E1%83%A0%E1%83%97%E1%83%98%E1%83%90%E1%83%9C%E1%83%94%E1%83%91%E1%83%A3%E1%83%9A%E1%83%98_%E1%83%A1%E1%83%90%E1%83%9B%E1%83%94%E1%83%A4%E1%83%9D)","*":"\u10d9\u10dd\u10dc\u10e1\u10d4\u10e0\u10d5\u10d0\u10e2\u10d8\u10e3\u10da\u10d8 \u10de\u10d0\u10e0\u10e2\u10d8\u10d0 (\u10d2\u10d0\u10d4\u10e0\u10d7\u10d8\u10d0\u10dc\u10d4\u10d1\u10e3\u10da\u10d8 \u10e1\u10d0\u10db\u10d4\u10e4\u10dd)"},{"lang":"ko","url":"https://ko.wikipedia.org/wiki/%EB%B3%B4%EC%88%98%EB%8B%B9_(%EC%98%81%EA%B5%AD)","*":"\ubcf4\uc218\ub2f9 (\uc601\uad6d)"},{"lang":"kw","url":"https://kw.wikipedia.org/wiki/Parti_Gwithadorek","*":"Parti Gwithadorek"},{"lang":"la","url":"https://la.wikipedia.org/wiki/Factio_conservativa_(Britanniarum_Regnum)","*":"Factio conservativa (Britanniarum Regnum)"},{"lang":"lb","url":"https://lb.wikipedia.org/wiki/Conservative_Party_(Vereenegt_Kinnekr%C3%A4ich)","*":"Conservative Party (Vereenegt Kinnekr\u00e4ich)"},{"lang":"lmo","url":"https://lmo.wikipedia.org/wiki/Partii_Conservator_del_Regn_Unii","*":"Partii Conservator del Regn Unii"},{"lang":"lt","url":"https://lt.wikipedia.org/wiki/Konservatori%C5%B3_partija_(Jungtin%C4%97_Karalyst%C4%97)","*":"Konservatori\u0173 partija (Jungtin\u0117 Karalyst\u0117)"},{"lang":"lv","url":"https://lv.wikipedia.org/wiki/Konservat%C4%ABv%C4%81_partija_(Apvienot%C4%81_Karaliste)","*":"Konservat\u012bv\u0101 partija (Apvienot\u0101 Karaliste)"},{"lang":"mk","url":"https://mk.wikipedia.org/wiki/%D0%9A%D0%BE%D0%BD%D0%B7%D0%B5%D1%80%D0%B2%D0%B0%D1%82%D0%B8%D0%B2%D0%BD%D0%B0_%D0%BF%D0%B0%D1%80%D1%82%D0%B8%D1%98%D0%B0_(%D0%9E%D0%B1%D0%B5%D0%B4%D0%B8%D0%BD%D0%B5%D1%82%D0%BE_%D0%9A%D1%80%D0%B0%D0%BB%D1%81%D1%82%D0%B2%D0%BE)","*":"\u041a\u043e\u043d\u0437\u0435\u0440\u0432\u0430\u0442\u0438\u0432\u043d\u0430 \u043f\u0430\u0440\u0442\u0438\u0458\u0430 (\u041e\u0431\u0435\u0434\u0438\u043d\u0435\u0442\u043e \u041a\u0440\u0430\u043b\u0441\u0442\u0432\u043e)"},{"lang":"ml","url":"https://ml.wikipedia.org/wiki/%E0%B4%95%E0%B5%BA%E0%B4%B8%E0%B5%BC%E0%B4%B5%E0%B5%87%E0%B4%B1%E0%B5%8D%E0%B4%B1%E0%B4%BF%E0%B4%B5%E0%B5%8D_%E0%B4%AA%E0%B4%BE%E0%B5%BC%E0%B4%9F%E0%B5%8D%E0%B4%9F%E0%B4%BF_(%E0%B4%AF%E0%B5%81%E0%B4%A3%E0%B5%88%E0%B4%B1%E0%B5%8D%E0%B4%B1%E0%B4%A1%E0%B5%8D_%E0%B4%95%E0%B4%BF%E0%B4%99%E0%B5%8D%E0%B4%A1%E0%B4%82)","*":"\u0d15\u0d7a\u0d38\u0d7c\u0d35\u0d47\u0d31\u0d4d\u0d31\u0d3f\u0d35\u0d4d \u0d2a\u0d3e\u0d7c\u0d1f\u0d4d\u0d1f\u0d3f (\u0d2f\u0d41\u0d23\u0d48\u0d31\u0d4d\u0d31\u0d21\u0d4d \u0d15\u0d3f\u0d19\u0d4d\u0d21\u0d02)"},{"lang":"mr","url":"https://mr.wikipedia.org/wiki/%E0%A4%B9%E0%A5%81%E0%A4%9C%E0%A5%82%E0%A4%B0_%E0%A4%AA%E0%A4%95%E0%A5%8D%E0%A4%B7","*":"\u0939\u0941\u091c\u0942\u0930 \u092a\u0915\u094d\u0937"},{"lang":"ms","url":"https://ms.wikipedia.org/wiki/Parti_Konservatif_(United_Kingdom)","*":"Parti Konservatif (United Kingdom)"},{"lang":"my","url":"https://my.wikipedia.org/wiki/%E1%80%80%E1%80%BD%E1%80%94%E1%80%BA%E1%80%86%E1%80%AC%E1%80%97%E1%80%B1%E1%80%B8%E1%80%90%E1%80%85%E1%80%BA%E1%80%95%E1%80%AB%E1%80%90%E1%80%AE","*":"\u1000\u103d\u1014\u103a\u1006\u102c\u1017\u1031\u1038\u1010\u1005\u103a\u1015\u102b\u1010\u102e"},{"lang":"ne","url":"https://ne.wikipedia.org/wiki/%E0%A4%95%E0%A4%A8%E0%A5%8D%E0%A4%9C%E0%A4%B0%E0%A5%8D%E0%A4%AD%E0%A5%87%E0%A4%9F%E0%A4%BF%E0%A4%AD_%E0%A4%AA%E0%A4%BE%E0%A4%B0%E0%A5%8D%E0%A4%9F%E0%A5%80_(%E0%A4%B8%E0%A4%82%E0%A4%AF%E0%A5%81%E0%A4%95%E0%A5%8D%E0%A4%A4_%E0%A4%85%E0%A4%A7%E0%A4%BF%E0%A4%B0%E0%A4%BE%E0%A4%9C%E0%A5%8D%E0%A4%AF)","*":"\u0915\u0928\u094d\u091c\u0930\u094d\u092d\u0947\u091f\u093f\u092d \u092a\u093e\u0930\u094d\u091f\u0940 (\u0938\u0902\u092f\u0941\u0915\u094d\u0924 \u0905\u0927\u093f\u0930\u093e\u091c\u094d\u092f)"},{"lang":"nl","url":"https://nl.wikipedia.org/wiki/Conservative_Party_(Verenigd_Koninkrijk)","*":"Conservative Party (Verenigd Koninkrijk)"},{"lang":"nn","url":"https://nn.wikipedia.org/wiki/Det_konservative_partiet_i_Storbritannia","*":"Det konservative partiet i Storbritannia"},{"lang":"nb","url":"https://no.wikipedia.org/wiki/Det_konservative_parti_(Storbritannia)","*":"Det konservative parti (Storbritannia)"},{"lang":"pl","url":"https://pl.wikipedia.org/wiki/Partia_Konserwatywna_(Wielka_Brytania)","*":"Partia Konserwatywna (Wielka Brytania)"},{"lang":"pnb","url":"https://pnb.wikipedia.org/wiki/%DA%A9%D9%86%D8%B2%D8%B1%D9%88%DB%8C%D9%B9%D9%88_%D9%BE%D8%A7%D8%B1%D9%B9%DB%8C_(%D8%A8%D8%B1%D8%B7%D8%A7%D9%86%DB%8C%DB%81)","*":"\u06a9\u0646\u0632\u0631\u0648\u06cc\u0679\u0648 \u067e\u0627\u0631\u0679\u06cc (\u0628\u0631\u0637\u0627\u0646\u06cc\u06c1)"},{"lang":"pt","url":"https://pt.wikipedia.org/wiki/Partido_Conservador_(Reino_Unido)","*":"Partido Conservador (Reino Unido)"},{"lang":"ro","url":"https://ro.wikipedia.org/wiki/Partidul_Conservator_(Regatul_Unit)","*":"Partidul Conservator (Regatul Unit)"},{"lang":"ru","url":"https://ru.wikipedia.org/wiki/%D0%9A%D0%BE%D0%BD%D1%81%D0%B5%D1%80%D0%B2%D0%B0%D1%82%D0%B8%D0%B2%D0%BD%D0%B0%D1%8F_%D0%BF%D0%B0%D1%80%D1%82%D0%B8%D1%8F_%D0%92%D0%B5%D0%BB%D0%B8%D0%BA%D0%BE%D0%B1%D1%80%D0%B8%D1%82%D0%B0%D0%BD%D0%B8%D0%B8","*":"\u041a\u043e\u043d\u0441\u0435\u0440\u0432\u0430\u0442\u0438\u0432\u043d\u0430\u044f \u043f\u0430\u0440\u0442\u0438\u044f \u0412\u0435\u043b\u0438\u043a\u043e\u0431\u0440\u0438\u0442\u0430\u043d\u0438\u0438"},{"lang":"sco","url":"https://sco.wikipedia.org/wiki/Tory_an_Unionist_Pairty","*":"Tory an Unionist Pairty"},{"lang":"sh","url":"https://sh.wikipedia.org/wiki/Konzervativna_stranka_(Ujedinjeno_Kraljevstvo)","*":"Konzervativna stranka (Ujedinjeno Kraljevstvo)"},{"lang":"simple","url":"https://simple.wikipedia.org/wiki/Conservative_Party_(UK)","*":"Conservative Party (UK)"},{"lang":"sk","url":"https://sk.wikipedia.org/wiki/Konzervat%C3%ADvna_strana_(Spojen%C3%A9_kr%C3%A1%C4%BEovstvo)","*":"Konzervat\u00edvna strana (Spojen\u00e9 kr\u00e1\u013eovstvo)"},{"lang":"sq","url":"https://sq.wikipedia.org/wiki/Partia_Konservatore_e_Mbret%C3%ABris%C3%AB_s%C3%AB_Bashkuar","*":"Partia Konservatore e Mbret\u00ebris\u00eb s\u00eb Bashkuar"},{"lang":"sr","url":"https://sr.wikipedia.org/wiki/%D0%9A%D0%BE%D0%BD%D0%B7%D0%B5%D1%80%D0%B2%D0%B0%D1%82%D0%B8%D0%B2%D0%BD%D0%B0_%D0%BF%D0%B0%D1%80%D1%82%D0%B8%D1%98%D0%B0_(%D0%A3%D1%98%D0%B5%D0%B4%D0%B8%D1%9A%D0%B5%D0%BD%D0%BE_%D0%9A%D1%80%D0%B0%D1%99%D0%B5%D0%B2%D1%81%D1%82%D0%B2%D0%BE)","*":"\u041a\u043e\u043d\u0437\u0435\u0440\u0432\u0430\u0442\u0438\u0432\u043d\u0430 \u043f\u0430\u0440\u0442\u0438\u0458\u0430 (\u0423\u0458\u0435\u0434\u0438\u045a\u0435\u043d\u043e \u041a\u0440\u0430\u0459\u0435\u0432\u0441\u0442\u0432\u043e)"},{"lang":"sv","url":"https://sv.wikipedia.org/wiki/Konservativa_partiet_(Storbritannien)","*":"Konservativa partiet (Storbritannien)"},{"lang":"ta","url":"https://ta.wikipedia.org/wiki/%E0%AE%95%E0%AE%A9%E0%AF%8D%E0%AE%9A%E0%AE%B0%E0%AF%8D%E0%AE%B5%E0%AF%87%E0%AE%9F%E0%AF%8D%E0%AE%9F%E0%AE%BF%E0%AE%B5%E0%AF%8D_%E0%AE%95%E0%AE%9F%E0%AF%8D%E0%AE%9A%E0%AE%BF_(%E0%AE%90%E0%AE%95%E0%AF%8D%E0%AE%95%E0%AE%BF%E0%AE%AF_%E0%AE%87%E0%AE%B0%E0%AE%BE%E0%AE%9A%E0%AF%8D%E0%AE%9A%E0%AE%BF%E0%AE%AF%E0%AE%AE%E0%AF%8D)","*":"\u0b95\u0ba9\u0bcd\u0b9a\u0bb0\u0bcd\u0bb5\u0bc7\u0b9f\u0bcd\u0b9f\u0bbf\u0bb5\u0bcd \u0b95\u0b9f\u0bcd\u0b9a\u0bbf (\u0b90\u0b95\u0bcd\u0b95\u0bbf\u0baf \u0b87\u0bb0\u0bbe\u0b9a\u0bcd\u0b9a\u0bbf\u0baf\u0bae\u0bcd)"},{"lang":"th","url":"https://th.wikipedia.org/wiki/%E0%B8%9E%E0%B8%A3%E0%B8%A3%E0%B8%84%E0%B8%AD%E0%B8%99%E0%B8%B8%E0%B8%A3%E0%B8%B1%E0%B8%81%E0%B8%A9%E0%B8%99%E0%B8%B4%E0%B8%A2%E0%B8%A1_(%E0%B8%AA%E0%B8%AB%E0%B8%A3%E0%B8%B2%E0%B8%8A%E0%B8%AD%E0%B8%B2%E0%B8%93%E0%B8%B2%E0%B8%88%E0%B8%B1%E0%B8%81%E0%B8%A3)","*":"\u0e1e\u0e23\u0e23\u0e04\u0e2d\u0e19\u0e38\u0e23\u0e31\u0e01\u0e29\u0e19\u0e34\u0e22\u0e21 (\u0e2a\u0e2b\u0e23\u0e32\u0e0a\u0e2d\u0e32\u0e13\u0e32\u0e08\u0e31\u0e01\u0e23)"},{"lang":"tr","url":"https://tr.wikipedia.org/wiki/Muhafazak%C3%A2r_Parti_(Birle%C5%9Fik_Krall%C4%B1k)","*":"Muhafazak\u00e2r Parti (Birle\u015fik Krall\u0131k)"},{"lang":"tt","url":"https://tt.wikipedia.org/wiki/Konservativ_firq%C3%A4_(B%C3%B6yekbritani%C3%A4)","*":"Konservativ firq\u00e4 (B\u00f6yekbritani\u00e4)"},{"lang":"uk","url":"https://uk.wikipedia.org/wiki/%D0%9A%D0%BE%D0%BD%D1%81%D0%B5%D1%80%D0%B2%D0%B0%D1%82%D0%B8%D0%B2%D0%BD%D0%B0_%D0%BF%D0%B0%D1%80%D1%82%D1%96%D1%8F_(%D0%92%D0%B5%D0%BB%D0%B8%D0%BA%D0%B0_%D0%91%D1%80%D0%B8%D1%82%D0%B0%D0%BD%D1%96%D1%8F)","*":"\u041a\u043e\u043d\u0441\u0435\u0440\u0432\u0430\u0442\u0438\u0432\u043d\u0430 \u043f\u0430\u0440\u0442\u0456\u044f (\u0412\u0435\u043b\u0438\u043a\u0430 \u0411\u0440\u0438\u0442\u0430\u043d\u0456\u044f)"},{"lang":"ur","url":"https://ur.wikipedia.org/wiki/%DA%A9%D9%86%D8%B2%D8%B1%D9%88%DB%8C%D9%B9%D9%88_%D9%BE%D8%A7%D8%B1%D9%B9%DB%8C_(%D8%A8%D8%B1%D8%B7%D8%A7%D9%86%DB%8C%DB%81)","*":"\u06a9\u0646\u0632\u0631\u0648\u06cc\u0679\u0648 \u067e\u0627\u0631\u0679\u06cc (\u0628\u0631\u0637\u0627\u0646\u06cc\u06c1)"},{"lang":"vec","url":"https://vec.wikipedia.org/wiki/Partio_Conservatore_(Regno_Unio)","*":"Partio Conservatore (Regno Unio)"},{"lang":"vi","url":"https://vi.wikipedia.org/wiki/%C4%90%E1%BA%A3ng_B%E1%BA%A3o_th%E1%BB%A7_(Anh)","*":"\u0110\u1ea3ng B\u1ea3o th\u1ee7 (Anh)"},{"lang":"wuu","url":"https://wuu.wikipedia.org/wiki/%E4%BF%9D%E5%AE%88%E5%85%9A_(%E8%8B%B1%E5%9B%BD)","*":"\u4fdd\u5b88\u515a (\u82f1\u56fd)"},{"lang":"xmf","url":"https://xmf.wikipedia.org/wiki/%E1%83%99%E1%83%9D%E1%83%9C%E1%83%A1%E1%83%94%E1%83%A0%E1%83%95%E1%83%90%E1%83%A2%E1%83%98%E1%83%A3%E1%83%9A%E1%83%98_%E1%83%9E%E1%83%90%E1%83%A0%E1%83%A2%E1%83%98%E1%83%90_(%E1%83%92%E1%83%9D%E1%83%90%E1%83%A0%E1%83%97%E1%83%9D%E1%83%98%E1%83%90%E1%83%9C%E1%83%90%E1%83%A4%E1%83%98%E1%83%9A%E1%83%98_%E1%83%9D%E1%83%9B%E1%83%90%E1%83%A4%E1%83%94)","*":"\u10d9\u10dd\u10dc\u10e1\u10d4\u10e0\u10d5\u10d0\u10e2\u10d8\u10e3\u10da\u10d8 \u10de\u10d0\u10e0\u10e2\u10d8\u10d0 (\u10d2\u10dd\u10d0\u10e0\u10d7\u10dd\u10d8\u10d0\u10dc\u10d0\u10e4\u10d8\u10da\u10d8 \u10dd\u10db\u10d0\u10e4\u10d4)"},{"lang":"yi","url":"https://yi.wikipedia.org/wiki/%D7%A7%D7%90%D7%A0%D7%A1%D7%A2%D7%A8%D7%95%D7%95%D7%90%D7%98%D7%99%D7%95%D7%95_%D7%A4%D7%90%D7%A8%D7%98%D7%99%D7%99_(%D7%A4%D7%90%D7%A8%D7%90%D7%99%D7%99%D7%A0%D7%99%D7%92%D7%98%D7%A2_%D7%A7%D7%A2%D7%A0%D7%99%D7%92%D7%A8%D7%99%D7%99%D7%9A)","*":"\u05e7\u05d0\u05e0\u05e1\u05e2\u05e8\u05d5\u05d5\u05d0\u05d8\u05d9\u05d5\u05d5 \u05e4\u05d0\u05e8\u05d8\u05d9\u05d9 (\u05e4\u05d0\u05e8\u05d0\u05d9\u05d9\u05e0\u05d9\u05d2\u05d8\u05e2 \u05e7\u05e2\u05e0\u05d9\u05d2\u05e8\u05d9\u05d9\u05da)"},{"lang":"zh","url":"https://zh.wikipedia.org/wiki/%E4%BF%9D%E5%AE%88%E9%BB%A8_(%E8%8B%B1%E5%9C%8B)","*":"\u4fdd\u5b88\u9ee8 (\u82f1\u570b)"},{"lang":"zh-min-nan","url":"https://zh-min-nan.wikipedia.org/wiki/P%C3%B3-si%C3%BA_T%C3%B3ng_(Li%C3%A2n-ha%CC%8Dp_%C3%94ng-kok)","*":"P\u00f3-si\u00fa T\u00f3ng (Li\u00e2n-ha\u030dp \u00d4ng-kok)"},{"lang":"zh-yue","url":"https://zh-yue.wikipedia.org/wiki/%E4%BF%9D%E5%AE%88%E9%BB%A8_(%E8%8B%B1%E5%9C%8B)","*":"\u4fdd\u5b88\u9ee8 (\u82f1\u570b)"}]}}}}