{"partyfacts_id":1571,"batchcomplete":"","query":{"normalized":[{"from":"All_India_Anna_Dravida_Munnetra_Kazhagam#Election_history","to":"All India Anna Dravida Munnetra Kazhagam"}],"pages":{"410046":{"pageid":410046,"ns":0,"title":"All India Anna Dravida Munnetra Kazhagam","langlinks":[{"lang":"bn","url":"https://bn.wikipedia.org/wiki/%E0%A6%B8%E0%A6%B0%E0%A7%8D%E0%A6%AC%E0%A6%AD%E0%A6%BE%E0%A6%B0%E0%A6%A4%E0%A7%80%E0%A6%AF%E0%A6%BC_%E0%A6%86%E0%A6%A8%E0%A7%8D%E0%A6%A8%E0%A6%BE_%E0%A6%A6%E0%A7%8D%E0%A6%B0%E0%A6%BE%E0%A6%AC%E0%A6%BF%E0%A6%A1%E0%A6%BC_%E0%A6%AE%E0%A7%81%E0%A6%A8%E0%A7%87%E0%A6%A4%E0%A7%8D%E0%A6%B0_%E0%A6%95%E0%A6%A1%E0%A6%BC%E0%A6%97%E0%A6%AE","*":"\u09b8\u09b0\u09cd\u09ac\u09ad\u09be\u09b0\u09a4\u09c0\u09af\u09bc \u0986\u09a8\u09cd\u09a8\u09be \u09a6\u09cd\u09b0\u09be\u09ac\u09bf\u09a1\u09bc \u09ae\u09c1\u09a8\u09c7\u09a4\u09cd\u09b0 \u0995\u09a1\u09bc\u0997\u09ae"},{"lang":"ca","url":"https://ca.wikipedia.org/wiki/All_India_Anna_Dravida_Munnetra_Kazhagam","*":"All India Anna Dravida Munnetra Kazhagam"},{"lang":"de","url":"https://de.wikipedia.org/wiki/All_India_Anna_Dravida_Munnetra_Kazhagam","*":"All India Anna Dravida Munnetra Kazhagam"},{"lang":"es","url":"https://es.wikipedia.org/wiki/All_India_Anna_Dravida_Munnetra_Kazhagam","*":"All India Anna Dravida Munnetra Kazhagam"},{"lang":"fa","url":"https://fa.wikipedia.org/wiki/%D8%A2%D9%86%D8%A7_%D8%AF%D8%B1%D8%A7%D9%88%DB%8C%D8%AF%D8%A7_%D9%85%D9%88%D9%86%D8%AA%D8%B1%D8%A7_%DA%A9%D8%A7%DA%98%D8%A7%DA%AF%D8%A7%D9%85_%D8%B3%D8%B1%D8%A7%D8%B3%D8%B1%DB%8C_%D9%87%D9%86%D8%AF","*":"\u0622\u0646\u0627 \u062f\u0631\u0627\u0648\u06cc\u062f\u0627 \u0645\u0648\u0646\u062a\u0631\u0627 \u06a9\u0627\u0698\u0627\u06af\u0627\u0645 \u0633\u0631\u0627\u0633\u0631\u06cc \u0647\u0646\u062f"},{"lang":"fi","url":"https://fi.wikipedia.org/wiki/All_India_Anna_Dravida_Munnetra_Kazhagam","*":"All India Anna Dravida Munnetra Kazhagam"},{"lang":"fr","url":"https://fr.wikipedia.org/wiki/All_India_Anna_Dravida_Munnetra_Kazhagam","*":"All India Anna Dravida Munnetra Kazhagam"},{"lang":"hi","url":"https://hi.wikipedia.org/wiki/%E0%A4%91%E0%A4%B2_%E0%A4%87%E0%A4%82%E0%A4%A1%E0%A4%BF%E0%A4%AF%E0%A4%BE_%E0%A4%85%E0%A4%A8%E0%A5%8D%E0%A4%A8%E0%A4%BE_%E0%A4%A6%E0%A5%8D%E0%A4%B0%E0%A4%B5%E0%A4%BF%E0%A4%A1%E0%A4%BC_%E0%A4%AE%E0%A5%81%E0%A4%A8%E0%A5%87%E0%A4%A4%E0%A5%8D%E0%A4%B0_%E0%A4%95%E0%A4%A1%E0%A4%BC%E0%A4%97%E0%A4%AE","*":"\u0911\u0932 \u0907\u0902\u0921\u093f\u092f\u093e \u0905\u0928\u094d\u0928\u093e \u0926\u094d\u0930\u0935\u093f\u0921\u093c \u092e\u0941\u0928\u0947\u0924\u094d\u0930 \u0915\u0921\u093c\u0917\u092e"},{"lang":"id","url":"https://id.wikipedia.org/wiki/All_India_Anna_Dravida_Munnetra_Kazhagam","*":"All India Anna Dravida Munnetra Kazhagam"},{"lang":"ja","url":"https://ja.wikipedia.org/wiki/%E5%85%A8%E3%82%A4%E3%83%B3%E3%83%89%E3%83%BB%E3%82%A2%E3%83%B3%E3%83%8A%E3%83%BC%E3%83%BB%E3%83%89%E3%83%A9%E3%83%BC%E3%83%B4%E3%82%A3%E3%83%80%E9%80%B2%E6%AD%A9%E5%85%9A","*":"\u5168\u30a4\u30f3\u30c9\u30fb\u30a2\u30f3\u30ca\u30fc\u30fb\u30c9\u30e9\u30fc\u30f4\u30a3\u30c0\u9032\u6b69\u515a"},{"lang":"ko","url":"https://ko.wikipedia.org/wiki/%EC%A0%84%EC%9D%B8%EB%8F%84_%EC%95%88%EB%82%98_%EB%93%9C%EB%9D%BC%EB%B9%84%EB%8B%A4_%EC%A7%84%EB%B3%B4%EB%8B%B9","*":"\uc804\uc778\ub3c4 \uc548\ub098 \ub4dc\ub77c\ube44\ub2e4 \uc9c4\ubcf4\ub2f9"},{"lang":"mai","url":"https://mai.wikipedia.org/wiki/%E0%A4%85%E0%A4%B2_%E0%A4%87%E0%A4%A8%E0%A5%8D%E0%A4%A1%E0%A4%BF%E0%A4%AF%E0%A4%BE_%E0%A4%85%E0%A4%A8%E0%A5%8D%E0%A4%A8%E0%A4%BE_%E0%A4%A6%E0%A5%8D%E0%A4%B0%E0%A4%B5%E0%A4%BF%E0%A4%A1%E0%A4%BC_%E0%A4%AE%E0%A5%81%E0%A4%A8%E0%A5%87%E0%A4%A4%E0%A5%8D%E0%A4%B0_%E0%A4%95%E0%A4%A1%E0%A4%BC%E0%A4%97%E0%A4%AE","*":"\u0905\u0932 \u0907\u0928\u094d\u0921\u093f\u092f\u093e \u0905\u0928\u094d\u0928\u093e \u0926\u094d\u0930\u0935\u093f\u0921\u093c \u092e\u0941\u0928\u0947\u0924\u094d\u0930 \u0915\u0921\u093c\u0917\u092e"},{"lang":"ml","url":"https://ml.wikipedia.org/wiki/%E0%B4%93%E0%B5%BE_%E0%B4%87%E0%B4%A8%E0%B5%8D%E0%B4%A4%E0%B5%8D%E0%B4%AF_%E0%B4%85%E0%B4%A3%E0%B5%8D%E0%B4%A3%E0%B4%BE_%E0%B4%A6%E0%B5%8D%E0%B4%B0%E0%B4%BE%E0%B4%B5%E0%B4%BF%E0%B4%A1_%E0%B4%AE%E0%B5%81%E0%B4%A8%E0%B5%8D%E0%B4%A8%E0%B5%87%E0%B4%B1%E0%B5%8D%E0%B4%B1_%E0%B4%95%E0%B4%B4%E0%B4%95%E0%B4%82","*":"\u0d13\u0d7e \u0d07\u0d28\u0d4d\u0d24\u0d4d\u0d2f \u0d05\u0d23\u0d4d\u0d23\u0d3e \u0d26\u0d4d\u0d30\u0d3e\u0d35\u0d3f\u0d21 \u0d2e\u0d41\u0d28\u0d4d\u0d28\u0d47\u0d31\u0d4d\u0d31 \u0d15\u0d34\u0d15\u0d02"},{"lang":"mr","url":"https://mr.wikipedia.org/wiki/%E0%A4%85%E0%A4%96%E0%A4%BF%E0%A4%B2_%E0%A4%AD%E0%A4%BE%E0%A4%B0%E0%A4%A4%E0%A5%80%E0%A4%AF_%E0%A4%85%E0%A4%A3%E0%A5%8D%E0%A4%A3%E0%A4%BE_%E0%A4%A6%E0%A5%8D%E0%A4%B0%E0%A4%B5%E0%A4%BF%E0%A4%A1_%E0%A4%AE%E0%A5%81%E0%A4%A8%E0%A5%8D%E0%A4%A8%E0%A5%87%E0%A4%A4%E0%A5%8D%E0%A4%B0_%E0%A4%95%E0%A4%B3%E0%A4%98%E0%A4%AE","*":"\u0905\u0916\u093f\u0932 \u092d\u093e\u0930\u0924\u0940\u092f \u0905\u0923\u094d\u0923\u093e \u0926\u094d\u0930\u0935\u093f\u0921 \u092e\u0941\u0928\u094d\u0928\u0947\u0924\u094d\u0930 \u0915\u0933\u0918\u092e"},{"lang":"ne","url":"https://ne.wikipedia.org/wiki/%E0%A4%85%E0%A4%B2_%E0%A4%87%E0%A4%A8%E0%A5%8D%E0%A4%A1%E0%A4%BF%E0%A4%AF%E0%A4%BE_%E0%A4%85%E0%A4%A8%E0%A5%8D%E0%A4%A8%E0%A4%BE_%E0%A4%A6%E0%A5%8D%E0%A4%B0%E0%A4%B5%E0%A4%BF%E0%A4%A1_%E0%A4%AE%E0%A5%81%E0%A4%A8%E0%A5%87%E0%A4%A4%E0%A5%8D%E0%A4%B0_%E0%A4%95%E0%A4%A1%E0%A4%97%E0%A4%AE","*":"\u0905\u0932 \u0907\u0928\u094d\u0921\u093f\u092f\u093e \u0905\u0928\u094d\u0928\u093e \u0926\u094d\u0930\u0935\u093f\u0921 \u092e\u0941\u0928\u0947\u0924\u094d\u0930 \u0915\u0921\u0917\u092e"},{"lang":"nl","url":"https://nl.wikipedia.org/wiki/All_India_Anna_Dravida_Munnetra_Kazhagam","*":"All India Anna Dravida Munnetra Kazhagam"},{"lang":"nb","url":"https://no.wikipedia.org/wiki/All_India_Anna_Dravida_Munnetra_Kazhagam","*":"All India Anna Dravida Munnetra Kazhagam"},{"lang":"pa","url":"https://pa.wikipedia.org/wiki/%E0%A8%86%E0%A8%B2_%E0%A8%87%E0%A9%B0%E0%A8%A1%E0%A9%80%E0%A8%86_%E0%A8%85%E0%A9%B0%E0%A8%A8%E0%A8%BE_%E0%A8%A6%E0%A9%8D%E0%A8%B0%E0%A8%BE%E0%A8%B5%E0%A8%BF%E0%A9%9C_%E0%A8%AE%E0%A9%81%E0%A8%A8%E0%A9%87%E0%A8%A4%E0%A8%B0_%E0%A8%95%E0%A9%9C%E0%A8%97%E0%A8%AE","*":"\u0a06\u0a32 \u0a07\u0a70\u0a21\u0a40\u0a06 \u0a05\u0a70\u0a28\u0a3e \u0a26\u0a4d\u0a30\u0a3e\u0a35\u0a3f\u0a5c \u0a2e\u0a41\u0a28\u0a47\u0a24\u0a30 \u0a15\u0a5c\u0a17\u0a2e"},{"lang":"pl","url":"https://pl.wikipedia.org/wiki/Og%C3%B3lnoindyjska_Partia_Ludu_Drawid%C3%B3w","*":"Og\u00f3lnoindyjska Partia Ludu Drawid\u00f3w"},{"lang":"pms","url":"https://pms.wikipedia.org/wiki/AIADMK","*":"AIADMK"},{"lang":"pt","url":"https://pt.wikipedia.org/wiki/All_India_Anna_Dravida_Munnetra_Kazhagam","*":"All India Anna Dravida Munnetra Kazhagam"},{"lang":"ro","url":"https://ro.wikipedia.org/wiki/All_India_Anna_Dravida_Munnetra_Kazhagam","*":"All India Anna Dravida Munnetra Kazhagam"},{"lang":"ru","url":"https://ru.wikipedia.org/wiki/%D0%90%D0%98%D0%90%D0%94%D0%9C%D0%9A","*":"\u0410\u0418\u0410\u0414\u041c\u041a"},{"lang":"sa","url":"https://sa.wikipedia.org/wiki/%E0%A4%B8%E0%A4%B0%E0%A5%8D%E0%A4%B5%E0%A4%AD%E0%A4%BE%E0%A4%B0%E0%A4%A4%E0%A5%80%E0%A4%AF-%E0%A4%85%E0%A4%A3%E0%A5%8D%E0%A4%A3%E0%A4%BE_%E0%A4%A6%E0%A5%8D%E0%A4%B0%E0%A4%BE%E0%A4%B5%E0%A4%BF%E0%A4%A1_%E0%A4%AE%E0%A5%81%E0%A4%A8%E0%A5%8D%E0%A4%A8%E0%A5%87%E0%A4%A4%E0%A5%8D%E0%A4%B0_%E0%A4%95%E0%A4%B3%E0%A4%97%E0%A4%AE%E0%A5%8D_(%E0%A4%8F_%E0%A4%86%E0%A4%87_%E0%A4%8F_%E0%A4%A1%E0%A4%BF_%E0%A4%8F%E0%A4%AE%E0%A5%8D_%E0%A4%95%E0%A5%87)","*":"\u0938\u0930\u094d\u0935\u092d\u093e\u0930\u0924\u0940\u092f-\u0905\u0923\u094d\u0923\u093e \u0926\u094d\u0930\u093e\u0935\u093f\u0921 \u092e\u0941\u0928\u094d\u0928\u0947\u0924\u094d\u0930 \u0915\u0933\u0917\u092e\u094d (\u090f \u0906\u0907 \u090f \u0921\u093f \u090f\u092e\u094d \u0915\u0947)"},{"lang":"simple","url":"https://simple.wikipedia.org/wiki/Anna_Dravida_Munnetra_Kazhagam","*":"Anna Dravida Munnetra Kazhagam"},{"lang":"sv","url":"https://sv.wikipedia.org/wiki/All_India_Anna_Dravida_Munnetra_Kazhagam","*":"All India Anna Dravida Munnetra Kazhagam"},{"lang":"ta","url":"https://ta.wikipedia.org/wiki/%E0%AE%85%E0%AE%A9%E0%AF%88%E0%AE%A4%E0%AF%8D%E0%AE%A4%E0%AE%BF%E0%AE%A8%E0%AF%8D%E0%AE%A4%E0%AE%BF%E0%AE%AF_%E0%AE%85%E0%AE%A3%E0%AF%8D%E0%AE%A3%E0%AE%BE_%E0%AE%A4%E0%AE%BF%E0%AE%B0%E0%AE%BE%E0%AE%B5%E0%AE%BF%E0%AE%9F_%E0%AE%AE%E0%AF%81%E0%AE%A9%E0%AF%8D%E0%AE%A9%E0%AF%87%E0%AE%B1%E0%AF%8D%E0%AE%B1%E0%AE%95%E0%AF%8D_%E0%AE%95%E0%AE%B4%E0%AE%95%E0%AE%AE%E0%AF%8D","*":"\u0b85\u0ba9\u0bc8\u0ba4\u0bcd\u0ba4\u0bbf\u0ba8\u0bcd\u0ba4\u0bbf\u0baf \u0b85\u0ba3\u0bcd\u0ba3\u0bbe \u0ba4\u0bbf\u0bb0\u0bbe\u0bb5\u0bbf\u0b9f \u0bae\u0bc1\u0ba9\u0bcd\u0ba9\u0bc7\u0bb1\u0bcd\u0bb1\u0b95\u0bcd \u0b95\u0bb4\u0b95\u0bae\u0bcd"},{"lang":"te","url":"https://te.wikipedia.org/wiki/%E0%B0%86%E0%B0%B2%E0%B1%8D_%E0%B0%87%E0%B0%82%E0%B0%A1%E0%B0%BF%E0%B0%AF%E0%B0%BE_%E0%B0%85%E0%B0%A8%E0%B1%8D%E0%B0%A8%E0%B0%BE_%E0%B0%A6%E0%B1%8D%E0%B0%B0%E0%B0%B5%E0%B0%BF%E0%B0%A1_%E0%B0%AE%E0%B1%81%E0%B0%A8%E0%B1%8D%E0%B0%A8%E0%B1%87%E0%B0%9F%E0%B1%8D%E0%B0%B0_%E0%B0%95%E0%B0%9C%E0%B0%97%E0%B0%82","*":"\u0c06\u0c32\u0c4d \u0c07\u0c02\u0c21\u0c3f\u0c2f\u0c3e \u0c05\u0c28\u0c4d\u0c28\u0c3e \u0c26\u0c4d\u0c30\u0c35\u0c3f\u0c21 \u0c2e\u0c41\u0c28\u0c4d\u0c28\u0c47\u0c1f\u0c4d\u0c30 \u0c15\u0c1c\u0c17\u0c02"},{"lang":"tl","url":"https://tl.wikipedia.org/wiki/All_India_Anna_Dravida_Munnetra_Kazhagam","*":"All India Anna Dravida Munnetra Kazhagam"},{"lang":"tr","url":"https://tr.wikipedia.org/wiki/All_India_Anna_Dravida_Munnetra_Kazhagam","*":"All India Anna Dravida Munnetra Kazhagam"}]}}}}