{"partyfacts_id":1577,"batchcomplete":"","query":{"normalized":[{"from":"Colombian_Conservative_Party","to":"Colombian Conservative Party"}],"pages":{"1458424":{"pageid":1458424,"ns":0,"title":"Colombian Conservative Party","langlinks":[{"lang":"ar","url":"https://ar.wikipedia.org/wiki/%D8%AD%D8%B2%D8%A8_%D8%A7%D9%84%D9%85%D8%AD%D8%A7%D9%81%D8%B8%D9%8A%D9%86_%D8%A7%D9%84%D9%83%D9%88%D9%84%D9%88%D9%85%D8%A8%D9%8A","*":"\u062d\u0632\u0628 \u0627\u0644\u0645\u062d\u0627\u0641\u0638\u064a\u0646 \u0627\u0644\u0643\u0648\u0644\u0648\u0645\u0628\u064a"},{"lang":"az","url":"https://az.wikipedia.org/wiki/Kolumbiya_Konservativ_Partiyas%C4%B1","*":"Kolumbiya Konservativ Partiyas\u0131"},{"lang":"de","url":"https://de.wikipedia.org/wiki/Partido_Conservador_Colombiano","*":"Partido Conservador Colombiano"},{"lang":"es","url":"https://es.wikipedia.org/wiki/Partido_Conservador_Colombiano","*":"Partido Conservador Colombiano"},{"lang":"fr","url":"https://fr.wikipedia.org/wiki/Parti_conservateur_colombien","*":"Parti conservateur colombien"},{"lang":"gd","url":"https://gd.wikipedia.org/wiki/P%C3%A0rtaidh_Gl%C3%A8idhteachail_Choloimbia","*":"P\u00e0rtaidh Gl\u00e8idhteachail Choloimbia"},{"lang":"hu","url":"https://hu.wikipedia.org/wiki/Kolumbiai_Konzervat%C3%ADv_P%C3%A1rt","*":"Kolumbiai Konzervat\u00edv P\u00e1rt"},{"lang":"id","url":"https://id.wikipedia.org/wiki/Partai_Konservatif_Kolombia","*":"Partai Konservatif Kolombia"},{"lang":"it","url":"https://it.wikipedia.org/wiki/Partito_Conservatore_Colombiano","*":"Partito Conservatore Colombiano"},{"lang":"ko","url":"https://ko.wikipedia.org/wiki/%EC%BD%9C%EB%A1%AC%EB%B9%84%EC%95%84_%EB%B3%B4%EC%88%98%EB%8B%B9","*":"\ucf5c\ub86c\ube44\uc544 \ubcf4\uc218\ub2f9"},{"lang":"nl","url":"https://nl.wikipedia.org/wiki/Colombiaanse_Conservatieve_Partij","*":"Colombiaanse Conservatieve Partij"},{"lang":"pl","url":"https://pl.wikipedia.org/wiki/Kolumbijska_Partia_Konserwatywna","*":"Kolumbijska Partia Konserwatywna"},{"lang":"pt","url":"https://pt.wikipedia.org/wiki/Partido_Conservador_Colombiano","*":"Partido Conservador Colombiano"},{"lang":"ru","url":"https://ru.wikipedia.org/wiki/%D0%9A%D0%BE%D0%BB%D1%83%D0%BC%D0%B1%D0%B8%D0%B9%D1%81%D0%BA%D0%B0%D1%8F_%D0%BA%D0%BE%D0%BD%D1%81%D0%B5%D1%80%D0%B2%D0%B0%D1%82%D0%B8%D0%B2%D0%BD%D0%B0%D1%8F_%D0%BF%D0%B0%D1%80%D1%82%D0%B8%D1%8F","*":"\u041a\u043e\u043b\u0443\u043c\u0431\u0438\u0439\u0441\u043a\u0430\u044f \u043a\u043e\u043d\u0441\u0435\u0440\u0432\u0430\u0442\u0438\u0432\u043d\u0430\u044f \u043f\u0430\u0440\u0442\u0438\u044f"},{"lang":"zh","url":"https://zh.wikipedia.org/wiki/%E5%93%A5%E4%BC%A6%E6%AF%94%E4%BA%9A%E4%BF%9D%E5%AE%88%E5%85%9A","*":"\u54e5\u4f26\u6bd4\u4e9a\u4fdd\u5b88\u515a"}]}}}}