{"partyfacts_id":1588,"batchcomplete":"","query":{"normalized":[{"from":"Left_and_Democrats","to":"Left and Democrats"}],"pages":{"11638902":{"pageid":11638902,"ns":0,"title":"Left and Democrats","langlinks":[{"lang":"ca","url":"https://ca.wikipedia.org/wiki/Esquerra_i_Dem%C3%B2crates","*":"Esquerra i Dem\u00f2crates"},{"lang":"de","url":"https://de.wikipedia.org/wiki/Lewica_i_Demokraci","*":"Lewica i Demokraci"},{"lang":"es","url":"https://es.wikipedia.org/wiki/Izquierda_y_Dem%C3%B3cratas","*":"Izquierda y Dem\u00f3cratas"},{"lang":"fr","url":"https://fr.wikipedia.org/wiki/Gauche_et_d%C3%A9mocrates","*":"Gauche et d\u00e9mocrates"},{"lang":"gl","url":"https://gl.wikipedia.org/wiki/Esquerda_e_Dem%C3%B3cratas","*":"Esquerda e Dem\u00f3cratas"},{"lang":"it","url":"https://it.wikipedia.org/wiki/Sinistra_e_Democratici","*":"Sinistra e Democratici"},{"lang":"nl","url":"https://nl.wikipedia.org/wiki/Links_en_Democraten","*":"Links en Democraten"},{"lang":"nb","url":"https://no.wikipedia.org/wiki/Lewica_i_Demokraci","*":"Lewica i Demokraci"},{"lang":"pl","url":"https://pl.wikipedia.org/wiki/Lewica_i_Demokraci","*":"Lewica i Demokraci"},{"lang":"sv","url":"https://sv.wikipedia.org/wiki/V%C3%A4nstern_och_demokraterna","*":"V\u00e4nstern och demokraterna"}]}}}}