{"partyfacts_id":1592,"batchcomplete":"","query":{"normalized":[{"from":"Pan_Africanist_Congress_of_Azania","to":"Pan Africanist Congress of Azania"}],"pages":{"454106":{"pageid":454106,"ns":0,"title":"Pan Africanist Congress of Azania","langlinks":[{"lang":"af","url":"https://af.wikipedia.org/wiki/Pan_Africanist_Congress_of_Azania","*":"Pan Africanist Congress of Azania"},{"lang":"ca","url":"https://ca.wikipedia.org/wiki/Congr%C3%A9s_Panafricanista_d%27Az%C3%A0nia","*":"Congr\u00e9s Panafricanista d'Az\u00e0nia"},{"lang":"de","url":"https://de.wikipedia.org/wiki/Pan_Africanist_Congress","*":"Pan Africanist Congress"},{"lang":"eo","url":"https://eo.wikipedia.org/wiki/Pan_Africanist_Congress_of_Azania","*":"Pan Africanist Congress of Azania"},{"lang":"es","url":"https://es.wikipedia.org/wiki/Congreso_Panafricanista_de_Azania","*":"Congreso Panafricanista de Azania"},{"lang":"fa","url":"https://fa.wikipedia.org/wiki/%DA%A9%D9%86%DA%AF%D8%B1%D9%87_%D9%BE%D8%A7%D9%86%E2%80%8C%D8%A2%D9%81%D8%B1%DB%8C%D9%82%D8%A7_%D8%A2%D8%B2%D8%A7%D9%86%DB%8C%D8%A7","*":"\u06a9\u0646\u06af\u0631\u0647 \u067e\u0627\u0646\u200c\u0622\u0641\u0631\u06cc\u0642\u0627 \u0622\u0632\u0627\u0646\u06cc\u0627"},{"lang":"fi","url":"https://fi.wikipedia.org/wiki/Azanian_panafrikkalainen_kongressi","*":"Azanian panafrikkalainen kongressi"},{"lang":"fr","url":"https://fr.wikipedia.org/wiki/Congr%C3%A8s_panafricain_d%27Azanie","*":"Congr\u00e8s panafricain d'Azanie"},{"lang":"it","url":"https://it.wikipedia.org/wiki/Congresso_Panafricano","*":"Congresso Panafricano"},{"lang":"ml","url":"https://ml.wikipedia.org/wiki/%E0%B4%AA%E0%B4%BE%E0%B5%BB_%E0%B4%86%E0%B4%AB%E0%B5%8D%E0%B4%B0%E0%B4%BF%E0%B4%95%E0%B5%8D%E0%B4%95%E0%B4%A8%E0%B4%BF%E0%B4%B8%E0%B5%8D%E0%B4%B1%E0%B5%8D%E0%B4%B1%E0%B5%8D%E2%80%8C_%E0%B4%95%E0%B5%8B%E0%B5%BA%E0%B4%97%E0%B5%8D%E0%B4%B0%E0%B4%B8%E0%B5%8D%E2%80%8C","*":"\u0d2a\u0d3e\u0d7b \u0d06\u0d2b\u0d4d\u0d30\u0d3f\u0d15\u0d4d\u0d15\u0d28\u0d3f\u0d38\u0d4d\u0d31\u0d4d\u0d31\u0d4d\u200c \u0d15\u0d4b\u0d7a\u0d17\u0d4d\u0d30\u0d38\u0d4d\u200c"},{"lang":"nl","url":"https://nl.wikipedia.org/wiki/Pan-Afrikaans_Congres","*":"Pan-Afrikaans Congres"},{"lang":"nb","url":"https://no.wikipedia.org/wiki/Pan_Africanist_Congress","*":"Pan Africanist Congress"},{"lang":"pl","url":"https://pl.wikipedia.org/wiki/Kongres_Panafryka%C5%84ski","*":"Kongres Panafryka\u0144ski"},{"lang":"sk","url":"https://sk.wikipedia.org/wiki/Panafrick%C3%BD_kongres_(politick%C3%A1_strana)","*":"Panafrick\u00fd kongres (politick\u00e1 strana)"},{"lang":"sv","url":"https://sv.wikipedia.org/wiki/Pan_Africanist_Congress","*":"Pan Africanist Congress"},{"lang":"zh","url":"https://zh.wikipedia.org/wiki/%E9%98%BF%E6%89%8E%E5%B0%BC%E4%BA%9A%E6%B3%9B%E9%9D%9E%E4%B8%BB%E4%B9%89%E8%80%85%E5%A4%A7%E4%BC%9A","*":"\u963f\u624e\u5c3c\u4e9a\u6cdb\u975e\u4e3b\u4e49\u8005\u5927\u4f1a"}]}}}}