{"partyfacts_id":1600,"batchcomplete":"","query":{"normalized":[{"from":"Democratic_Renewal_Party_(Portugal)","to":"Democratic Renewal Party (Portugal)"}],"pages":{"4204154":{"pageid":4204154,"ns":0,"title":"Democratic Renewal Party (Portugal)","langlinks":[{"lang":"de","url":"https://de.wikipedia.org/wiki/Partido_Renovador_Democr%C3%A1tico","*":"Partido Renovador Democr\u00e1tico"},{"lang":"es","url":"https://es.wikipedia.org/wiki/Partido_Renovador_Democr%C3%A1tico","*":"Partido Renovador Democr\u00e1tico"},{"lang":"fr","url":"https://fr.wikipedia.org/wiki/Parti_r%C3%A9novateur_d%C3%A9mocratique","*":"Parti r\u00e9novateur d\u00e9mocratique"},{"lang":"it","url":"https://it.wikipedia.org/wiki/Partito_Rinnovatore_Democratico","*":"Partito Rinnovatore Democratico"},{"lang":"pl","url":"https://pl.wikipedia.org/wiki/Demokratyczna_Partia_Odnowy","*":"Demokratyczna Partia Odnowy"},{"lang":"pt","url":"https://pt.wikipedia.org/wiki/Partido_Renovador_Democr%C3%A1tico_(Portugal)","*":"Partido Renovador Democr\u00e1tico (Portugal)"},{"lang":"sv","url":"https://sv.wikipedia.org/wiki/Partido_Renovador_Democr%C3%A1tico","*":"Partido Renovador Democr\u00e1tico"}]}}}}