{"partyfacts_id":1602,"batchcomplete":"","query":{"normalized":[{"from":"Reformed_Political_League","to":"Reformed Political League"}],"pages":{"30870624":{"pageid":30870624,"ns":0,"title":"Reformed Political League","langlinks":[{"lang":"ca","url":"https://ca.wikipedia.org/wiki/Uni%C3%B3_Pol%C3%ADtica_Reformada","*":"Uni\u00f3 Pol\u00edtica Reformada"},{"lang":"de","url":"https://de.wikipedia.org/wiki/Gereformeerd_Politiek_Verbond","*":"Gereformeerd Politiek Verbond"},{"lang":"fr","url":"https://fr.wikipedia.org/wiki/Ligue_politique_r%C3%A9form%C3%A9e","*":"Ligue politique r\u00e9form\u00e9e"},{"lang":"it","url":"https://it.wikipedia.org/wiki/Alleanza_Politica_Riformata","*":"Alleanza Politica Riformata"},{"lang":"nl","url":"https://nl.wikipedia.org/wiki/Gereformeerd_Politiek_Verbond","*":"Gereformeerd Politiek Verbond"},{"lang":"pl","url":"https://pl.wikipedia.org/wiki/Gereformeerd_Politiek_Verbond","*":"Gereformeerd Politiek Verbond"},{"lang":"sv","url":"https://sv.wikipedia.org/wiki/Reformerta_Politiska_F%C3%B6rbundet","*":"Reformerta Politiska F\u00f6rbundet"}]}}}}