{"partyfacts_id":1609,"batchcomplete":"","query":{"normalized":[{"from":"Conservative_Party_(South_Africa)","to":"Conservative Party (South Africa)"}],"pages":{"663468":{"pageid":663468,"ns":0,"title":"Conservative Party (South Africa)","langlinks":[{"lang":"af","url":"https://af.wikipedia.org/wiki/Konserwatiewe_Party","*":"Konserwatiewe Party"},{"lang":"de","url":"https://de.wikipedia.org/wiki/Konserwatiewe_Party","*":"Konserwatiewe Party"},{"lang":"eo","url":"https://eo.wikipedia.org/wiki/Konservisma_Partio_(Sud-Afriko)","*":"Konservisma Partio (Sud-Afriko)"},{"lang":"es","url":"https://es.wikipedia.org/wiki/Partido_Conservador_(Sud%C3%A1frica)","*":"Partido Conservador (Sud\u00e1frica)"},{"lang":"fi","url":"https://fi.wikipedia.org/wiki/Etel%C3%A4-Afrikan_konservatiivinen_puolue","*":"Etel\u00e4-Afrikan konservatiivinen puolue"},{"lang":"fr","url":"https://fr.wikipedia.org/wiki/Parti_conservateur_d%27Afrique_du_Sud","*":"Parti conservateur d'Afrique du Sud"},{"lang":"it","url":"https://it.wikipedia.org/wiki/Partito_Conservatore_(Sudafrica)","*":"Partito Conservatore (Sudafrica)"},{"lang":"nl","url":"https://nl.wikipedia.org/wiki/Konserwatiewe_Party","*":"Konserwatiewe Party"},{"lang":"ru","url":"https://ru.wikipedia.org/wiki/%D0%9A%D0%BE%D0%BD%D1%81%D0%B5%D1%80%D0%B2%D0%B0%D1%82%D0%B8%D0%B2%D0%BD%D0%B0%D1%8F_%D0%BF%D0%B0%D1%80%D1%82%D0%B8%D1%8F_(%D0%AE%D0%90%D0%A0)","*":"\u041a\u043e\u043d\u0441\u0435\u0440\u0432\u0430\u0442\u0438\u0432\u043d\u0430\u044f \u043f\u0430\u0440\u0442\u0438\u044f (\u042e\u0410\u0420)"},{"lang":"sv","url":"https://sv.wikipedia.org/wiki/Konservativa_partiet_(Sydafrika)","*":"Konservativa partiet (Sydafrika)"}]}}}}