{"partyfacts_id":161,"batchcomplete":"","query":{"normalized":[{"from":"National_Union_Party_(Costa_Rica)","to":"National Union Party (Costa Rica)"}],"pages":{"4605382":{"pageid":4605382,"ns":0,"title":"National Union Party (Costa Rica)","langlinks":[{"lang":"es","url":"https://es.wikipedia.org/wiki/Partido_Uni%C3%B3n_Nacional_(Costa_Rica)","*":"Partido Uni\u00f3n Nacional (Costa Rica)"},{"lang":"fr","url":"https://fr.wikipedia.org/wiki/Parti_d%27union_nationale","*":"Parti d'union nationale"}]}}}}