{"partyfacts_id":1616,"batchcomplete":"","query":{"normalized":[{"from":"Cooperation_and_Brotherhood","to":"Cooperation and Brotherhood"}],"pages":{"8418591":{"pageid":8418591,"ns":0,"title":"Cooperation and Brotherhood","langlinks":[{"lang":"ca","url":"https://ca.wikipedia.org/wiki/Cooperaci%C3%B3_i_Germandat","*":"Cooperaci\u00f3 i Germandat"},{"lang":"cs","url":"https://cs.wikipedia.org/wiki/%C5%A0ituf_ve-achva","*":"\u0160ituf ve-achva"},{"lang":"de","url":"https://de.wikipedia.org/wiki/Schituf_weAchwa","*":"Schituf weAchwa"},{"lang":"fr","url":"https://fr.wikipedia.org/wiki/Coop%C3%A9ration_et_Fraternit%C3%A9","*":"Coop\u00e9ration et Fraternit\u00e9"},{"lang":"he","url":"https://he.wikipedia.org/wiki/%D7%A9%D7%99%D7%AA%D7%95%D7%A3_%D7%95%D7%90%D7%97%D7%95%D7%95%D7%94","*":"\u05e9\u05d9\u05ea\u05d5\u05e3 \u05d5\u05d0\u05d7\u05d5\u05d5\u05d4"},{"lang":"pl","url":"https://pl.wikipedia.org/wiki/Wsp%C3%B3%C5%82praca_i_Braterstwo","*":"Wsp\u00f3\u0142praca i Braterstwo"}]}}}}