{"partyfacts_id":1617,"batchcomplete":"","query":{"normalized":[{"from":"Slovak_Democratic_and_Christian_Union_\u2013_Democratic_Party","to":"Slovak Democratic and Christian Union \u2013 Democratic Party"}],"pages":{"424641":{"pageid":424641,"ns":0,"title":"Slovak Democratic and Christian Union \u2013 Democratic Party","langlinks":[{"lang":"be-x-old","url":"https://be-tarask.wikipedia.org/wiki/%D0%A1%D0%BB%D0%B0%D0%B2%D0%B0%D1%86%D0%BA%D0%B0%D1%8F_%D0%B4%D1%8D%D0%BC%D0%B0%D0%BA%D1%80%D0%B0%D1%82%D1%8B%D1%87%D0%BD%D0%B0%D1%8F_%D1%96_%D1%85%D1%80%D1%8B%D1%81%D1%8C%D1%86%D1%96%D1%8F%D0%BD%D1%81%D0%BA%D0%B0%D1%8F_%D1%83%D0%BD%D1%96%D1%8F_%E2%80%94_%D0%94%D1%8D%D0%BC%D0%B0%D0%BA%D1%80%D0%B0%D1%82%D1%8B%D1%87%D0%BD%D0%B0%D1%8F_%D0%BF%D0%B0%D1%80%D1%82%D1%8B%D1%8F","*":"\u0421\u043b\u0430\u0432\u0430\u0446\u043a\u0430\u044f \u0434\u044d\u043c\u0430\u043a\u0440\u0430\u0442\u044b\u0447\u043d\u0430\u044f \u0456 \u0445\u0440\u044b\u0441\u044c\u0446\u0456\u044f\u043d\u0441\u043a\u0430\u044f \u0443\u043d\u0456\u044f \u2014 \u0414\u044d\u043c\u0430\u043a\u0440\u0430\u0442\u044b\u0447\u043d\u0430\u044f \u043f\u0430\u0440\u0442\u044b\u044f"},{"lang":"ca","url":"https://ca.wikipedia.org/wiki/Uni%C3%B3_Democr%C3%A0tica_i_Cristiana_Eslovaca_%E2%80%93_Partit_Democr%C3%A0tic","*":"Uni\u00f3 Democr\u00e0tica i Cristiana Eslovaca \u2013 Partit Democr\u00e0tic"},{"lang":"cs","url":"https://cs.wikipedia.org/wiki/Slovensk%C3%A1_demokratick%C3%A1_a_kres%C5%A5ansk%C3%A1_%C3%BAnia_%E2%80%93_Demokratick%C3%A1_strana","*":"Slovensk\u00e1 demokratick\u00e1 a kres\u0165ansk\u00e1 \u00fania \u2013 Demokratick\u00e1 strana"},{"lang":"de","url":"https://de.wikipedia.org/wiki/Slovensk%C3%A1_demokratick%C3%A1_a_kres%C5%A5ansk%C3%A1_%C3%BAnia_%E2%80%93_Demokratick%C3%A1_strana","*":"Slovensk\u00e1 demokratick\u00e1 a kres\u0165ansk\u00e1 \u00fania \u2013 Demokratick\u00e1 strana"},{"lang":"es","url":"https://es.wikipedia.org/wiki/Uni%C3%B3n_Dem%C3%B3crata_y_Cristiana_Eslovaca-Partido_Democr%C3%A1tico","*":"Uni\u00f3n Dem\u00f3crata y Cristiana Eslovaca-Partido Democr\u00e1tico"},{"lang":"fi","url":"https://fi.wikipedia.org/wiki/Slovakian_demokraattinen_ja_kristillinen_liitto_%E2%80%93_Demokraattinen_puolue","*":"Slovakian demokraattinen ja kristillinen liitto \u2013 Demokraattinen puolue"},{"lang":"fr","url":"https://fr.wikipedia.org/wiki/Union_d%C3%A9mocrate_et_chr%C3%A9tienne_slovaque_-_Parti_d%C3%A9mocrate","*":"Union d\u00e9mocrate et chr\u00e9tienne slovaque - Parti d\u00e9mocrate"},{"lang":"hu","url":"https://hu.wikipedia.org/wiki/Szlov%C3%A1k_Demokratikus_%C3%A9s_Kereszt%C3%A9ny_Uni%C3%B3_%E2%80%93_Demokrata_P%C3%A1rt","*":"Szlov\u00e1k Demokratikus \u00e9s Kereszt\u00e9ny Uni\u00f3 \u2013 Demokrata P\u00e1rt"},{"lang":"it","url":"https://it.wikipedia.org/wiki/Unione_Democratica_e_Cristiana_Slovacca_-_Partito_Democratico","*":"Unione Democratica e Cristiana Slovacca - Partito Democratico"},{"lang":"ja","url":"https://ja.wikipedia.org/wiki/%E3%82%B9%E3%83%AD%E3%83%90%E3%82%AD%E3%82%A2%E6%B0%91%E4%B8%BB%E3%82%AD%E3%83%AA%E3%82%B9%E3%83%88%E6%95%99%E9%80%A3%E5%90%88%E3%83%BB%E6%B0%91%E4%B8%BB%E5%85%9A","*":"\u30b9\u30ed\u30d0\u30ad\u30a2\u6c11\u4e3b\u30ad\u30ea\u30b9\u30c8\u6559\u9023\u5408\u30fb\u6c11\u4e3b\u515a"},{"lang":"ko","url":"https://ko.wikipedia.org/wiki/%EC%8A%AC%EB%A1%9C%EB%B0%94%ED%82%A4%EC%95%84_%EB%AF%BC%EC%A3%BC%EA%B8%B0%EB%8F%85%EA%B5%90%EC%97%B0%ED%95%A9-%EB%AF%BC%EC%A3%BC%EB%8B%B9","*":"\uc2ac\ub85c\ubc14\ud0a4\uc544 \ubbfc\uc8fc\uae30\ub3c5\uad50\uc5f0\ud569-\ubbfc\uc8fc\ub2f9"},{"lang":"lt","url":"https://lt.wikipedia.org/wiki/Slovak%C5%B3_demokrat%C5%B3_ir_krik%C5%A1%C4%8Dioni%C5%B3_s%C4%85junga_-_Demokratin%C4%97_partija","*":"Slovak\u0173 demokrat\u0173 ir krik\u0161\u010dioni\u0173 s\u0105junga - Demokratin\u0117 partija"},{"lang":"pl","url":"https://pl.wikipedia.org/wiki/S%C5%82owacka_Unia_Chrze%C5%9Bcija%C5%84ska_i_Demokratyczna_%E2%80%93_Partia_Demokratyczna","*":"S\u0142owacka Unia Chrze\u015bcija\u0144ska i Demokratyczna \u2013 Partia Demokratyczna"},{"lang":"pt","url":"https://pt.wikipedia.org/wiki/Uni%C3%A3o_Democrata-Crist%C3%A3_Eslovaca_-_Partido_Democr%C3%A1tico","*":"Uni\u00e3o Democrata-Crist\u00e3 Eslovaca - Partido Democr\u00e1tico"},{"lang":"ru","url":"https://ru.wikipedia.org/wiki/%D0%A1%D0%BB%D0%BE%D0%B2%D0%B0%D1%86%D0%BA%D0%B8%D0%B9_%D0%B4%D0%B5%D0%BC%D0%BE%D0%BA%D1%80%D0%B0%D1%82%D0%B8%D1%87%D0%B5%D1%81%D0%BA%D0%B8%D0%B9_%D0%B8_%D1%85%D1%80%D0%B8%D1%81%D1%82%D0%B8%D0%B0%D0%BD%D1%81%D0%BA%D0%B8%D0%B9_%D1%81%D0%BE%D1%8E%D0%B7_%E2%80%94_%D0%94%D0%B5%D0%BC%D0%BE%D0%BA%D1%80%D0%B0%D1%82%D0%B8%D1%87%D0%B5%D1%81%D0%BA%D0%B0%D1%8F_%D0%BF%D0%B0%D1%80%D1%82%D0%B8%D1%8F","*":"\u0421\u043b\u043e\u0432\u0430\u0446\u043a\u0438\u0439 \u0434\u0435\u043c\u043e\u043a\u0440\u0430\u0442\u0438\u0447\u0435\u0441\u043a\u0438\u0439 \u0438 \u0445\u0440\u0438\u0441\u0442\u0438\u0430\u043d\u0441\u043a\u0438\u0439 \u0441\u043e\u044e\u0437 \u2014 \u0414\u0435\u043c\u043e\u043a\u0440\u0430\u0442\u0438\u0447\u0435\u0441\u043a\u0430\u044f \u043f\u0430\u0440\u0442\u0438\u044f"},{"lang":"sk","url":"https://sk.wikipedia.org/wiki/Slovensk%C3%A1_demokratick%C3%A1_a_kres%C5%A5ansk%C3%A1_%C3%BAnia_%E2%80%93_Demokratick%C3%A1_strana","*":"Slovensk\u00e1 demokratick\u00e1 a kres\u0165ansk\u00e1 \u00fania \u2013 Demokratick\u00e1 strana"},{"lang":"sv","url":"https://sv.wikipedia.org/wiki/Slovakiska_demokratiska_och_kristliga_unionen_%E2%80%93_Demokratiska_partiet","*":"Slovakiska demokratiska och kristliga unionen \u2013 Demokratiska partiet"},{"lang":"uk","url":"https://uk.wikipedia.org/wiki/%D0%A1%D0%BB%D0%BE%D0%B2%D0%B0%D1%86%D1%8C%D0%BA%D0%B8%D0%B9_%D0%B4%D0%B5%D0%BC%D0%BE%D0%BA%D1%80%D0%B0%D1%82%D0%B8%D1%87%D0%BD%D0%B8%D0%B9_%D1%96_%D1%85%D1%80%D0%B8%D1%81%D1%82%D0%B8%D1%8F%D0%BD%D1%81%D1%8C%D0%BA%D0%B8%D0%B9_%D1%81%D0%BE%D1%8E%D0%B7_%E2%80%94_%D0%94%D0%B5%D0%BC%D0%BE%D0%BA%D1%80%D0%B0%D1%82%D0%B8%D1%87%D0%BD%D0%B0_%D0%BF%D0%B0%D1%80%D1%82%D1%96%D1%8F","*":"\u0421\u043b\u043e\u0432\u0430\u0446\u044c\u043a\u0438\u0439 \u0434\u0435\u043c\u043e\u043a\u0440\u0430\u0442\u0438\u0447\u043d\u0438\u0439 \u0456 \u0445\u0440\u0438\u0441\u0442\u0438\u044f\u043d\u0441\u044c\u043a\u0438\u0439 \u0441\u043e\u044e\u0437 \u2014 \u0414\u0435\u043c\u043e\u043a\u0440\u0430\u0442\u0438\u0447\u043d\u0430 \u043f\u0430\u0440\u0442\u0456\u044f"},{"lang":"zh","url":"https://zh.wikipedia.org/wiki/%E6%96%AF%E6%B4%9B%E4%BC%90%E5%85%8B%E6%B0%91%E4%B8%BB%E8%88%87%E5%9F%BA%E7%9D%A3%E6%95%99%E8%81%AF%E7%9B%9F%EF%BC%8D%E6%B0%91%E4%B8%BB%E9%BB%A8","*":"\u65af\u6d1b\u4f10\u514b\u6c11\u4e3b\u8207\u57fa\u7763\u6559\u806f\u76df\uff0d\u6c11\u4e3b\u9ee8"}]}}}}