{"partyfacts_id":162,"batchcomplete":"","query":{"normalized":[{"from":"Communist_Party_of_Chile","to":"Communist Party of Chile"}],"pages":{"1579860":{"pageid":1579860,"ns":0,"title":"Communist Party of Chile","langlinks":[{"lang":"ar","url":"https://ar.wikipedia.org/wiki/%D8%A7%D9%84%D8%AD%D8%B2%D8%A8_%D8%A7%D9%84%D8%B4%D9%8A%D9%88%D8%B9%D9%8A_%D8%A7%D9%84%D8%AA%D8%B4%D9%8A%D9%84%D9%8A","*":"\u0627\u0644\u062d\u0632\u0628 \u0627\u0644\u0634\u064a\u0648\u0639\u064a \u0627\u0644\u062a\u0634\u064a\u0644\u064a"},{"lang":"bn","url":"https://bn.wikipedia.org/wiki/%E0%A6%9A%E0%A6%BF%E0%A6%B2%E0%A6%BF%E0%A6%B0_%E0%A6%95%E0%A6%AE%E0%A6%BF%E0%A6%89%E0%A6%A8%E0%A6%BF%E0%A6%B8%E0%A7%8D%E0%A6%9F_%E0%A6%AA%E0%A6%BE%E0%A6%B0%E0%A7%8D%E0%A6%9F%E0%A6%BF","*":"\u099a\u09bf\u09b2\u09bf\u09b0 \u0995\u09ae\u09bf\u0989\u09a8\u09bf\u09b8\u09cd\u099f \u09aa\u09be\u09b0\u09cd\u099f\u09bf"},{"lang":"ca","url":"https://ca.wikipedia.org/wiki/Partit_Comunista_de_Xile","*":"Partit Comunista de Xile"},{"lang":"da","url":"https://da.wikipedia.org/wiki/Chiles_Kommunistiske_Parti","*":"Chiles Kommunistiske Parti"},{"lang":"de","url":"https://de.wikipedia.org/wiki/Partido_Comunista_de_Chile","*":"Partido Comunista de Chile"},{"lang":"el","url":"https://el.wikipedia.org/wiki/%CE%9A%CE%BF%CE%BC%CE%BC%CE%BF%CF%85%CE%BD%CE%B9%CF%83%CF%84%CE%B9%CE%BA%CF%8C_%CE%9A%CF%8C%CE%BC%CE%BC%CE%B1_%CF%84%CE%B7%CF%82_%CE%A7%CE%B9%CE%BB%CE%AE%CF%82","*":"\u039a\u03bf\u03bc\u03bc\u03bf\u03c5\u03bd\u03b9\u03c3\u03c4\u03b9\u03ba\u03cc \u039a\u03cc\u03bc\u03bc\u03b1 \u03c4\u03b7\u03c2 \u03a7\u03b9\u03bb\u03ae\u03c2"},{"lang":"eo","url":"https://eo.wikipedia.org/wiki/Komunista_Partio_de_%C4%88ilio","*":"Komunista Partio de \u0108ilio"},{"lang":"es","url":"https://es.wikipedia.org/wiki/Partido_Comunista_de_Chile","*":"Partido Comunista de Chile"},{"lang":"fa","url":"https://fa.wikipedia.org/wiki/%D8%AD%D8%B2%D8%A8_%DA%A9%D9%85%D9%88%D9%86%DB%8C%D8%B3%D8%AA_%D8%B4%DB%8C%D9%84%DB%8C","*":"\u062d\u0632\u0628 \u06a9\u0645\u0648\u0646\u06cc\u0633\u062a \u0634\u06cc\u0644\u06cc"},{"lang":"fi","url":"https://fi.wikipedia.org/wiki/Chilen_kommunistinen_puolue","*":"Chilen kommunistinen puolue"},{"lang":"fr","url":"https://fr.wikipedia.org/wiki/Parti_communiste_du_Chili","*":"Parti communiste du Chili"},{"lang":"gl","url":"https://gl.wikipedia.org/wiki/Partido_Comunista_de_Chile","*":"Partido Comunista de Chile"},{"lang":"hi","url":"https://hi.wikipedia.org/wiki/%E0%A4%9A%E0%A4%BF%E0%A4%B2%E0%A5%80_%E0%A4%95%E0%A5%80_%E0%A4%95%E0%A4%AE%E0%A5%8D%E0%A4%AF%E0%A5%81%E0%A4%A8%E0%A4%BF%E0%A4%B8%E0%A5%8D%E0%A4%9F_%E0%A4%AA%E0%A4%BE%E0%A4%B0%E0%A5%8D%E0%A4%9F%E0%A5%80","*":"\u091a\u093f\u0932\u0940 \u0915\u0940 \u0915\u092e\u094d\u092f\u0941\u0928\u093f\u0938\u094d\u091f \u092a\u093e\u0930\u094d\u091f\u0940"},{"lang":"id","url":"https://id.wikipedia.org/wiki/Partai_Komunis_Chili","*":"Partai Komunis Chili"},{"lang":"it","url":"https://it.wikipedia.org/wiki/Partito_Comunista_del_Cile","*":"Partito Comunista del Cile"},{"lang":"ja","url":"https://ja.wikipedia.org/wiki/%E3%83%81%E3%83%AA%E5%85%B1%E7%94%A3%E5%85%9A","*":"\u30c1\u30ea\u5171\u7523\u515a"},{"lang":"ko","url":"https://ko.wikipedia.org/wiki/%EC%B9%A0%EB%A0%88_%EA%B3%B5%EC%82%B0%EB%8B%B9","*":"\uce60\ub808 \uacf5\uc0b0\ub2f9"},{"lang":"ne","url":"https://ne.wikipedia.org/wiki/%E0%A4%9A%E0%A4%BF%E0%A4%B2%E0%A5%80_%E0%A4%95%E0%A4%AE%E0%A5%8D%E0%A4%AF%E0%A5%81%E0%A4%A8%E0%A4%BF%E0%A4%B8%E0%A5%8D%E0%A4%9F_%E0%A4%AA%E0%A4%BE%E0%A4%B0%E0%A5%8D%E0%A4%9F%E0%A5%80","*":"\u091a\u093f\u0932\u0940 \u0915\u092e\u094d\u092f\u0941\u0928\u093f\u0938\u094d\u091f \u092a\u093e\u0930\u094d\u091f\u0940"},{"lang":"nl","url":"https://nl.wikipedia.org/wiki/Communistische_Partij_van_Chili","*":"Communistische Partij van Chili"},{"lang":"nb","url":"https://no.wikipedia.org/wiki/Partido_Comunista_de_Chile","*":"Partido Comunista de Chile"},{"lang":"pl","url":"https://pl.wikipedia.org/wiki/Komunistyczna_Partia_Chile","*":"Komunistyczna Partia Chile"},{"lang":"pms","url":"https://pms.wikipedia.org/wiki/Part%C3%AC_Comunista_%C3%ABd_Cile","*":"Part\u00ec Comunista \u00ebd Cile"},{"lang":"pt","url":"https://pt.wikipedia.org/wiki/Partido_Comunista_do_Chile","*":"Partido Comunista do Chile"},{"lang":"ro","url":"https://ro.wikipedia.org/wiki/Partidul_Comunist_din_Chile","*":"Partidul Comunist din Chile"},{"lang":"ru","url":"https://ru.wikipedia.org/wiki/%D0%9A%D0%BE%D0%BC%D0%BC%D1%83%D0%BD%D0%B8%D1%81%D1%82%D0%B8%D1%87%D0%B5%D1%81%D0%BA%D0%B0%D1%8F_%D0%BF%D0%B0%D1%80%D1%82%D0%B8%D1%8F_%D0%A7%D0%B8%D0%BB%D0%B8","*":"\u041a\u043e\u043c\u043c\u0443\u043d\u0438\u0441\u0442\u0438\u0447\u0435\u0441\u043a\u0430\u044f \u043f\u0430\u0440\u0442\u0438\u044f \u0427\u0438\u043b\u0438"},{"lang":"sh","url":"https://sh.wikipedia.org/wiki/Komunisti%C4%8Dka_partija_%C4%8Cilea","*":"Komunisti\u010dka partija \u010cilea"},{"lang":"simple","url":"https://simple.wikipedia.org/wiki/Communist_Party_of_Chile","*":"Communist Party of Chile"},{"lang":"sr","url":"https://sr.wikipedia.org/wiki/%D0%9A%D0%BE%D0%BC%D1%83%D0%BD%D0%B8%D1%81%D1%82%D0%B8%D1%87%D0%BA%D0%B0_%D0%BF%D0%B0%D1%80%D1%82%D0%B8%D1%98%D0%B0_%D0%A7%D0%B8%D0%BB%D0%B5%D0%B0","*":"\u041a\u043e\u043c\u0443\u043d\u0438\u0441\u0442\u0438\u0447\u043a\u0430 \u043f\u0430\u0440\u0442\u0438\u0458\u0430 \u0427\u0438\u043b\u0435\u0430"},{"lang":"sv","url":"https://sv.wikipedia.org/wiki/Chiles_kommunistiska_parti","*":"Chiles kommunistiska parti"},{"lang":"ta","url":"https://ta.wikipedia.org/wiki/%E0%AE%9A%E0%AE%BF%E0%AE%B2%E0%AE%BF_%E0%AE%95%E0%AE%AE%E0%AF%8D%E0%AE%AF%E0%AF%82%E0%AE%A9%E0%AE%BF%E0%AE%B8%E0%AF%8D%E0%AE%9F%E0%AF%8D_%E0%AE%95%E0%AE%9F%E0%AF%8D%E0%AE%9A%E0%AE%BF","*":"\u0b9a\u0bbf\u0bb2\u0bbf \u0b95\u0bae\u0bcd\u0baf\u0bc2\u0ba9\u0bbf\u0bb8\u0bcd\u0b9f\u0bcd \u0b95\u0b9f\u0bcd\u0b9a\u0bbf"},{"lang":"th","url":"https://th.wikipedia.org/wiki/%E0%B8%9E%E0%B8%A3%E0%B8%A3%E0%B8%84%E0%B8%84%E0%B8%AD%E0%B8%A1%E0%B8%A1%E0%B8%B4%E0%B8%A7%E0%B8%99%E0%B8%B4%E0%B8%AA%E0%B8%95%E0%B9%8C%E0%B8%8A%E0%B8%B4%E0%B8%A5%E0%B8%B5","*":"\u0e1e\u0e23\u0e23\u0e04\u0e04\u0e2d\u0e21\u0e21\u0e34\u0e27\u0e19\u0e34\u0e2a\u0e15\u0e4c\u0e0a\u0e34\u0e25\u0e35"},{"lang":"tl","url":"https://tl.wikipedia.org/wiki/Partido_Komunista_ng_Chile","*":"Partido Komunista ng Chile"},{"lang":"tr","url":"https://tr.wikipedia.org/wiki/%C5%9Eili_Kom%C3%BCnist_Partisi","*":"\u015eili Kom\u00fcnist Partisi"},{"lang":"uk","url":"https://uk.wikipedia.org/wiki/%D0%9A%D0%BE%D0%BC%D1%83%D0%BD%D1%96%D1%81%D1%82%D0%B8%D1%87%D0%BD%D0%B0_%D0%BF%D0%B0%D1%80%D1%82%D1%96%D1%8F_%D0%A7%D0%B8%D0%BB%D1%96","*":"\u041a\u043e\u043c\u0443\u043d\u0456\u0441\u0442\u0438\u0447\u043d\u0430 \u043f\u0430\u0440\u0442\u0456\u044f \u0427\u0438\u043b\u0456"},{"lang":"zh","url":"https://zh.wikipedia.org/wiki/%E6%99%BA%E5%88%A9%E5%85%B1%E7%94%A2%E9%BB%A8","*":"\u667a\u5229\u5171\u7522\u9ee8"}]}}}}