{"partyfacts_id":1632,"batchcomplete":"","query":{"normalized":[{"from":"New_Party_(Latvia)","to":"New Party (Latvia)"}],"pages":{"28139587":{"pageid":28139587,"ns":0,"title":"New Party (Latvia)","langlinks":[{"lang":"ca","url":"https://ca.wikipedia.org/wiki/Nou_Partit_(Let%C3%B2nia)","*":"Nou Partit (Let\u00f2nia)"},{"lang":"de","url":"https://de.wikipedia.org/wiki/Jaun%C4%81_partija","*":"Jaun\u0101 partija"},{"lang":"fr","url":"https://fr.wikipedia.org/wiki/Nouveau_Parti_chr%C3%A9tien","*":"Nouveau Parti chr\u00e9tien"},{"lang":"it","url":"https://it.wikipedia.org/wiki/Partito_Nuovo_(Lettonia)","*":"Partito Nuovo (Lettonia)"},{"lang":"lv","url":"https://lv.wikipedia.org/wiki/Jaun%C4%81_partija","*":"Jaun\u0101 partija"},{"lang":"pl","url":"https://pl.wikipedia.org/wiki/Nowa_Partia_(%C5%81otwa)","*":"Nowa Partia (\u0141otwa)"}]}}}}