{"partyfacts_id":1635,"batchcomplete":"","query":{"normalized":[{"from":"Party_of_Italian_Communists","to":"Party of Italian Communists"}],"pages":{"1558386":{"pageid":1558386,"ns":0,"title":"Party of Italian Communists","langlinks":[{"lang":"ca","url":"https://ca.wikipedia.org/wiki/Partit_dels_Comunistes_Italians","*":"Partit dels Comunistes Italians"},{"lang":"cs","url":"https://cs.wikipedia.org/wiki/Partito_dei_Comunisti_Italiani","*":"Partito dei Comunisti Italiani"},{"lang":"da","url":"https://da.wikipedia.org/wiki/Partito_dei_Comunisti_Italiani","*":"Partito dei Comunisti Italiani"},{"lang":"de","url":"https://de.wikipedia.org/wiki/Partito_dei_Comunisti_Italiani","*":"Partito dei Comunisti Italiani"},{"lang":"es","url":"https://es.wikipedia.org/wiki/Partido_de_los_Comunistas_Italianos","*":"Partido de los Comunistas Italianos"},{"lang":"fr","url":"https://fr.wikipedia.org/wiki/Parti_des_communistes_italiens","*":"Parti des communistes italiens"},{"lang":"it","url":"https://it.wikipedia.org/wiki/Partito_dei_Comunisti_Italiani","*":"Partito dei Comunisti Italiani"},{"lang":"ja","url":"https://ja.wikipedia.org/wiki/%E3%82%A4%E3%82%BF%E3%83%AA%E3%82%A2%E5%85%B1%E7%94%A3%E5%85%9A_(2016-)","*":"\u30a4\u30bf\u30ea\u30a2\u5171\u7523\u515a (2016-)"},{"lang":"nl","url":"https://nl.wikipedia.org/wiki/Partij_van_Italiaanse_Communisten","*":"Partij van Italiaanse Communisten"},{"lang":"nb","url":"https://no.wikipedia.org/wiki/Partito_dei_Comunisti_Italiani","*":"Partito dei Comunisti Italiani"},{"lang":"pl","url":"https://pl.wikipedia.org/wiki/Partia_Komunist%C3%B3w_W%C5%82oskich","*":"Partia Komunist\u00f3w W\u0142oskich"},{"lang":"pt","url":"https://pt.wikipedia.org/wiki/Partido_dos_Comunistas_Italianos","*":"Partido dos Comunistas Italianos"},{"lang":"ru","url":"https://ru.wikipedia.org/wiki/%D0%9F%D0%B0%D1%80%D1%82%D0%B8%D1%8F_%D0%B8%D1%82%D0%B0%D0%BB%D1%8C%D1%8F%D0%BD%D1%81%D0%BA%D0%B8%D1%85_%D0%BA%D0%BE%D0%BC%D0%BC%D1%83%D0%BD%D0%B8%D1%81%D1%82%D0%BE%D0%B2","*":"\u041f\u0430\u0440\u0442\u0438\u044f \u0438\u0442\u0430\u043b\u044c\u044f\u043d\u0441\u043a\u0438\u0445 \u043a\u043e\u043c\u043c\u0443\u043d\u0438\u0441\u0442\u043e\u0432"},{"lang":"scn","url":"https://scn.wikipedia.org/wiki/Partitu_d%C3%AE_Cumunisti_Taliani","*":"Partitu d\u00ee Cumunisti Taliani"},{"lang":"sr","url":"https://sr.wikipedia.org/wiki/%D0%9F%D0%B0%D1%80%D1%82%D0%B8%D1%98%D0%B0_%D0%B8%D1%82%D0%B0%D0%BB%D0%B8%D1%98%D0%B0%D0%BD%D1%81%D0%BA%D0%B8%D1%85_%D0%BA%D0%BE%D0%BC%D1%83%D0%BD%D0%B8%D1%81%D1%82%D0%B0","*":"\u041f\u0430\u0440\u0442\u0438\u0458\u0430 \u0438\u0442\u0430\u043b\u0438\u0458\u0430\u043d\u0441\u043a\u0438\u0445 \u043a\u043e\u043c\u0443\u043d\u0438\u0441\u0442\u0430"},{"lang":"sv","url":"https://sv.wikipedia.org/wiki/Italienska_kommunisternas_parti","*":"Italienska kommunisternas parti"},{"lang":"tr","url":"https://tr.wikipedia.org/wiki/%C4%B0talyan_Kom%C3%BCnistleri_Partisi","*":"\u0130talyan Kom\u00fcnistleri Partisi"},{"lang":"zh","url":"https://zh.wikipedia.org/wiki/%E6%84%8F%E5%A4%A7%E5%88%A9%E5%85%B1%E4%BA%A7%E5%85%9A%E4%BA%BA%E5%85%9A","*":"\u610f\u5927\u5229\u5171\u4ea7\u515a\u4eba\u515a"}]}}}}