{"partyfacts_id":1636,"batchcomplete":"","query":{"normalized":[{"from":"Unity_for_Human_Rights_Party","to":"Unity for Human Rights Party"}],"pages":{"401533":{"pageid":401533,"ns":0,"title":"Unity for Human Rights Party","langlinks":[{"lang":"ca","url":"https://ca.wikipedia.org/wiki/Partit_per_la_Unitat_dels_Drets_Humans","*":"Partit per la Unitat dels Drets Humans"},{"lang":"de","url":"https://de.wikipedia.org/wiki/Partia_Bashkimi_p%C3%ABr_t%C3%AB_Drejtat_e_Njeriut","*":"Partia Bashkimi p\u00ebr t\u00eb Drejtat e Njeriut"},{"lang":"el","url":"https://el.wikipedia.org/wiki/%CE%9A%CF%8C%CE%BC%CE%BC%CE%B1_%CE%88%CE%BD%CF%89%CF%83%CE%B7%CF%82_%CE%91%CE%BD%CE%B8%CF%81%CF%89%CF%80%CE%AF%CE%BD%CF%89%CE%BD_%CE%94%CE%B9%CE%BA%CE%B1%CE%B9%CF%89%CE%BC%CE%AC%CF%84%CF%89%CE%BD","*":"\u039a\u03cc\u03bc\u03bc\u03b1 \u0388\u03bd\u03c9\u03c3\u03b7\u03c2 \u0391\u03bd\u03b8\u03c1\u03c9\u03c0\u03af\u03bd\u03c9\u03bd \u0394\u03b9\u03ba\u03b1\u03b9\u03c9\u03bc\u03ac\u03c4\u03c9\u03bd"},{"lang":"fr","url":"https://fr.wikipedia.org/wiki/Parti_de_l%27Union_pour_les_droits_de_l%27homme","*":"Parti de l'Union pour les droits de l'homme"},{"lang":"gl","url":"https://gl.wikipedia.org/wiki/Partido_da_Uni%C3%B3n_polos_Dereitos_do_Home","*":"Partido da Uni\u00f3n polos Dereitos do Home"},{"lang":"it","url":"https://it.wikipedia.org/wiki/Partito_dell%27Unione_per_i_Diritti_Umani","*":"Partito dell'Unione per i Diritti Umani"},{"lang":"pl","url":"https://pl.wikipedia.org/wiki/Partia_Unii_na_rzecz_Praw_Cz%C5%82owieka","*":"Partia Unii na rzecz Praw Cz\u0142owieka"},{"lang":"ru","url":"https://ru.wikipedia.org/wiki/%D0%9F%D0%B0%D1%80%D1%82%D0%B8%D1%8F_%D0%B5%D0%B4%D0%B8%D0%BD%D1%81%D1%82%D0%B2%D0%B0_%D0%B2_%D0%B7%D0%B0%D1%89%D0%B8%D1%82%D1%83_%D0%BF%D1%80%D0%B0%D0%B2_%D1%87%D0%B5%D0%BB%D0%BE%D0%B2%D0%B5%D0%BA%D0%B0","*":"\u041f\u0430\u0440\u0442\u0438\u044f \u0435\u0434\u0438\u043d\u0441\u0442\u0432\u0430 \u0432 \u0437\u0430\u0449\u0438\u0442\u0443 \u043f\u0440\u0430\u0432 \u0447\u0435\u043b\u043e\u0432\u0435\u043a\u0430"},{"lang":"sq","url":"https://sq.wikipedia.org/wiki/Partia_Bashkimi_p%C3%ABr_t%C3%AB_Drejtat_e_Njeriut","*":"Partia Bashkimi p\u00ebr t\u00eb Drejtat e Njeriut"},{"lang":"sv","url":"https://sv.wikipedia.org/wiki/Enhetspartiet_f%C3%B6r_m%C3%A4nskliga_r%C3%A4ttigheter","*":"Enhetspartiet f\u00f6r m\u00e4nskliga r\u00e4ttigheter"},{"lang":"uk","url":"https://uk.wikipedia.org/wiki/%D0%9F%D0%B0%D1%80%D1%82%D1%96%D1%8F_%D1%94%D0%B4%D0%BD%D0%BE%D1%81%D1%82%D1%96_%D0%BD%D0%B0_%D0%B7%D0%B0%D1%85%D0%B8%D1%81%D1%82_%D0%BF%D1%80%D0%B0%D0%B2_%D0%BB%D1%8E%D0%B4%D0%B8%D0%BD%D0%B8","*":"\u041f\u0430\u0440\u0442\u0456\u044f \u0454\u0434\u043d\u043e\u0441\u0442\u0456 \u043d\u0430 \u0437\u0430\u0445\u0438\u0441\u0442 \u043f\u0440\u0430\u0432 \u043b\u044e\u0434\u0438\u043d\u0438"}]}}}}