{"partyfacts_id":1637,"batchcomplete":"","query":{"normalized":[{"from":"Basque_Nationalist_Party","to":"Basque Nationalist Party"}],"pages":{"357480":{"pageid":357480,"ns":0,"title":"Basque Nationalist Party","langlinks":[{"lang":"ar","url":"https://ar.wikipedia.org/wiki/%D8%A7%D9%84%D8%AD%D8%B2%D8%A8_%D8%A7%D9%84%D9%82%D9%88%D9%85%D9%8A_%D8%A7%D9%84%D8%A8%D8%A7%D8%B3%D9%83%D9%8A","*":"\u0627\u0644\u062d\u0632\u0628 \u0627\u0644\u0642\u0648\u0645\u064a \u0627\u0644\u0628\u0627\u0633\u0643\u064a"},{"lang":"ast","url":"https://ast.wikipedia.org/wiki/Part%C3%ADu_Nacionalista_Vascu","*":"Part\u00edu Nacionalista Vascu"},{"lang":"az","url":"https://az.wikipedia.org/wiki/Bask_Milliyy%C9%99t%C3%A7i_Partiyas%C4%B1","*":"Bask Milliyy\u0259t\u00e7i Partiyas\u0131"},{"lang":"be-x-old","url":"https://be-tarask.wikipedia.org/wiki/%D0%91%D0%B0%D1%81%D1%86%D0%BA%D0%B0%D1%8F_%D0%9D%D0%B0%D1%86%D1%8B%D1%8F%D0%BD%D0%B0%D0%BB%D1%96%D1%81%D1%82%D1%8B%D1%87%D0%BD%D0%B0%D1%8F_%D0%9F%D0%B0%D1%80%D1%82%D1%8B%D1%8F","*":"\u0411\u0430\u0441\u0446\u043a\u0430\u044f \u041d\u0430\u0446\u044b\u044f\u043d\u0430\u043b\u0456\u0441\u0442\u044b\u0447\u043d\u0430\u044f \u041f\u0430\u0440\u0442\u044b\u044f"},{"lang":"br","url":"https://br.wikipedia.org/wiki/Strollad_Broadelour_Euskarat","*":"Strollad Broadelour Euskarat"},{"lang":"ca","url":"https://ca.wikipedia.org/wiki/Partit_Nacionalista_Basc","*":"Partit Nacionalista Basc"},{"lang":"cs","url":"https://cs.wikipedia.org/wiki/Baskick%C3%A1_n%C3%A1rodn%C3%AD_strana","*":"Baskick\u00e1 n\u00e1rodn\u00ed strana"},{"lang":"cy","url":"https://cy.wikipedia.org/wiki/Plaid_Genedlaethol_Gwlad_y_Basg","*":"Plaid Genedlaethol Gwlad y Basg"},{"lang":"de","url":"https://de.wikipedia.org/wiki/Eusko_Alderdi_Jeltzalea-Partido_Nacionalista_Vasco","*":"Eusko Alderdi Jeltzalea-Partido Nacionalista Vasco"},{"lang":"el","url":"https://el.wikipedia.org/wiki/%CE%92%CE%B1%CF%83%CE%BA%CE%B9%CE%BA%CF%8C_%CE%95%CE%B8%CE%BD%CE%B9%CE%BA%CE%B9%CF%83%CF%84%CE%B9%CE%BA%CF%8C_%CE%9A%CF%8C%CE%BC%CE%BC%CE%B1","*":"\u0392\u03b1\u03c3\u03ba\u03b9\u03ba\u03cc \u0395\u03b8\u03bd\u03b9\u03ba\u03b9\u03c3\u03c4\u03b9\u03ba\u03cc \u039a\u03cc\u03bc\u03bc\u03b1"},{"lang":"eo","url":"https://eo.wikipedia.org/wiki/E%C5%ADska_Naciisma_Partio","*":"E\u016dska Naciisma Partio"},{"lang":"es","url":"https://es.wikipedia.org/wiki/Partido_Nacionalista_Vasco","*":"Partido Nacionalista Vasco"},{"lang":"eu","url":"https://eu.wikipedia.org/wiki/Euzko_Alderdi_Jeltzalea","*":"Euzko Alderdi Jeltzalea"},{"lang":"fa","url":"https://fa.wikipedia.org/wiki/%D8%AD%D8%B2%D8%A8_%D9%85%D9%84%DB%8C%E2%80%8C%DA%AF%D8%B1%D8%A7%DB%8C_%D8%A8%D8%A7%D8%B3%DA%A9","*":"\u062d\u0632\u0628 \u0645\u0644\u06cc\u200c\u06af\u0631\u0627\u06cc \u0628\u0627\u0633\u06a9"},{"lang":"fi","url":"https://fi.wikipedia.org/wiki/Baskien_kansallispuolue","*":"Baskien kansallispuolue"},{"lang":"fr","url":"https://fr.wikipedia.org/wiki/Parti_nationaliste_basque","*":"Parti nationaliste basque"},{"lang":"gl","url":"https://gl.wikipedia.org/wiki/Partido_Nacionalista_Vasco","*":"Partido Nacionalista Vasco"},{"lang":"hr","url":"https://hr.wikipedia.org/wiki/Baskijska_nacionalisti%C4%8Dka_stranka","*":"Baskijska nacionalisti\u010dka stranka"},{"lang":"hu","url":"https://hu.wikipedia.org/wiki/Baszk_Nacionalista_P%C3%A1rt","*":"Baszk Nacionalista P\u00e1rt"},{"lang":"id","url":"https://id.wikipedia.org/wiki/Partai_Nasional_Basque","*":"Partai Nasional Basque"},{"lang":"it","url":"https://it.wikipedia.org/wiki/Partito_Nazionalista_Basco","*":"Partito Nazionalista Basco"},{"lang":"ja","url":"https://ja.wikipedia.org/wiki/%E3%83%90%E3%82%B9%E3%82%AF%E6%B0%91%E6%97%8F%E4%B8%BB%E7%BE%A9%E5%85%9A","*":"\u30d0\u30b9\u30af\u6c11\u65cf\u4e3b\u7fa9\u515a"},{"lang":"ko","url":"https://ko.wikipedia.org/wiki/%EB%B0%94%EC%8A%A4%ED%81%AC_%EA%B5%AD%EB%AF%BC%EB%8B%B9","*":"\ubc14\uc2a4\ud06c \uad6d\ubbfc\ub2f9"},{"lang":"ms","url":"https://ms.wikipedia.org/wiki/Parti_Nasionalis_Basque","*":"Parti Nasionalis Basque"},{"lang":"nl","url":"https://nl.wikipedia.org/wiki/Eusko_Alderdi_Jeltzalea","*":"Eusko Alderdi Jeltzalea"},{"lang":"nb","url":"https://no.wikipedia.org/wiki/Det_baskiske_nasjonalistparti","*":"Det baskiske nasjonalistparti"},{"lang":"oc","url":"https://oc.wikipedia.org/wiki/Partit_Nacionalista_Basc","*":"Partit Nacionalista Basc"},{"lang":"pl","url":"https://pl.wikipedia.org/wiki/Nacjonalistyczna_Partia_Bask%C3%B3w","*":"Nacjonalistyczna Partia Bask\u00f3w"},{"lang":"pt","url":"https://pt.wikipedia.org/wiki/Partido_Nacionalista_Basco","*":"Partido Nacionalista Basco"},{"lang":"ru","url":"https://ru.wikipedia.org/wiki/%D0%91%D0%B0%D1%81%D0%BA%D1%81%D0%BA%D0%B0%D1%8F_%D0%BD%D0%B0%D1%86%D0%B8%D0%BE%D0%BD%D0%B0%D0%BB%D0%B8%D1%81%D1%82%D0%B8%D1%87%D0%B5%D1%81%D0%BA%D0%B0%D1%8F_%D0%BF%D0%B0%D1%80%D1%82%D0%B8%D1%8F","*":"\u0411\u0430\u0441\u043a\u0441\u043a\u0430\u044f \u043d\u0430\u0446\u0438\u043e\u043d\u0430\u043b\u0438\u0441\u0442\u0438\u0447\u0435\u0441\u043a\u0430\u044f \u043f\u0430\u0440\u0442\u0438\u044f"},{"lang":"scn","url":"https://scn.wikipedia.org/wiki/Partitu_Nazziunalista_Bascu","*":"Partitu Nazziunalista Bascu"},{"lang":"sh","url":"https://sh.wikipedia.org/wiki/Baskijska_nacionalisti%C4%8Dka_stranka","*":"Baskijska nacionalisti\u010dka stranka"},{"lang":"sv","url":"https://sv.wikipedia.org/wiki/Baskiska_nationalistpartiet","*":"Baskiska nationalistpartiet"},{"lang":"tr","url":"https://tr.wikipedia.org/wiki/Bask_Milliyet%C3%A7i_Partisi","*":"Bask Milliyet\u00e7i Partisi"},{"lang":"uk","url":"https://uk.wikipedia.org/wiki/%D0%91%D0%B0%D1%81%D0%BA%D1%81%D1%8C%D0%BA%D0%B0_%D0%BD%D0%B0%D1%86%D1%96%D0%BE%D0%BD%D0%B0%D0%BB%D1%96%D1%81%D1%82%D0%B8%D1%87%D0%BD%D0%B0_%D0%BF%D0%B0%D1%80%D1%82%D1%96%D1%8F","*":"\u0411\u0430\u0441\u043a\u0441\u044c\u043a\u0430 \u043d\u0430\u0446\u0456\u043e\u043d\u0430\u043b\u0456\u0441\u0442\u0438\u0447\u043d\u0430 \u043f\u0430\u0440\u0442\u0456\u044f"},{"lang":"zh","url":"https://zh.wikipedia.org/wiki/%E5%B7%B4%E6%96%AF%E5%85%8B%E6%B0%91%E6%97%8F%E4%B8%BB%E4%B9%89%E5%85%9A","*":"\u5df4\u65af\u514b\u6c11\u65cf\u4e3b\u4e49\u515a"}]}}}}