{"partyfacts_id":1647,"batchcomplete":"","query":{"normalized":[{"from":"Communist_Party_of_Luxembourg","to":"Communist Party of Luxembourg"}],"pages":{"1840612":{"pageid":1840612,"ns":0,"title":"Communist Party of Luxembourg","langlinks":[{"lang":"ca","url":"https://ca.wikipedia.org/wiki/Partit_Comunista_de_Luxemburg","*":"Partit Comunista de Luxemburg"},{"lang":"de","url":"https://de.wikipedia.org/wiki/Kommunistesch_Partei_L%C3%ABtzebuerg","*":"Kommunistesch Partei L\u00ebtzebuerg"},{"lang":"es","url":"https://es.wikipedia.org/wiki/Partido_Comunista_de_Luxemburgo","*":"Partido Comunista de Luxemburgo"},{"lang":"fr","url":"https://fr.wikipedia.org/wiki/Parti_communiste_luxembourgeois","*":"Parti communiste luxembourgeois"},{"lang":"id","url":"https://id.wikipedia.org/wiki/Partai_Komunis_Luksemburg","*":"Partai Komunis Luksemburg"},{"lang":"ja","url":"https://ja.wikipedia.org/wiki/%E3%83%AB%E3%82%AF%E3%82%BB%E3%83%B3%E3%83%96%E3%83%AB%E3%82%AF%E5%85%B1%E7%94%A3%E5%85%9A","*":"\u30eb\u30af\u30bb\u30f3\u30d6\u30eb\u30af\u5171\u7523\u515a"},{"lang":"ky","url":"https://ky.wikipedia.org/wiki/%D0%9B%D1%8E%D0%BA%D1%81%D0%B5%D0%BC%D0%B1%D1%83%D1%80%D0%B3_%D0%BA%D0%BE%D0%BC%D0%BC%D1%83%D0%BD%D0%B8%D1%81%D1%82%D0%B8%D0%BA_%D0%BF%D0%B0%D1%80%D1%82%D0%B8%D1%8F%D1%81%D1%8B","*":"\u041b\u044e\u043a\u0441\u0435\u043c\u0431\u0443\u0440\u0433 \u043a\u043e\u043c\u043c\u0443\u043d\u0438\u0441\u0442\u0438\u043a \u043f\u0430\u0440\u0442\u0438\u044f\u0441\u044b"},{"lang":"lb","url":"https://lb.wikipedia.org/wiki/Kommunistesch_Partei_L%C3%ABtzebuerg","*":"Kommunistesch Partei L\u00ebtzebuerg"},{"lang":"nl","url":"https://nl.wikipedia.org/wiki/Communistische_Partij_van_Luxemburg","*":"Communistische Partij van Luxemburg"},{"lang":"pl","url":"https://pl.wikipedia.org/wiki/Komunistyczna_Partia_Luksemburga","*":"Komunistyczna Partia Luksemburga"},{"lang":"pt","url":"https://pt.wikipedia.org/wiki/Partido_Comunista_do_Luxemburgo","*":"Partido Comunista do Luxemburgo"},{"lang":"ru","url":"https://ru.wikipedia.org/wiki/%D0%9A%D0%BE%D0%BC%D0%BC%D1%83%D0%BD%D0%B8%D1%81%D1%82%D0%B8%D1%87%D0%B5%D1%81%D0%BA%D0%B0%D1%8F_%D0%BF%D0%B0%D1%80%D1%82%D0%B8%D1%8F_%D0%9B%D1%8E%D0%BA%D1%81%D0%B5%D0%BC%D0%B1%D1%83%D1%80%D0%B3%D0%B0","*":"\u041a\u043e\u043c\u043c\u0443\u043d\u0438\u0441\u0442\u0438\u0447\u0435\u0441\u043a\u0430\u044f \u043f\u0430\u0440\u0442\u0438\u044f \u041b\u044e\u043a\u0441\u0435\u043c\u0431\u0443\u0440\u0433\u0430"},{"lang":"uk","url":"https://uk.wikipedia.org/wiki/%D0%9A%D0%BE%D0%BC%D1%83%D0%BD%D1%96%D1%81%D1%82%D0%B8%D1%87%D0%BD%D0%B0_%D0%BF%D0%B0%D1%80%D1%82%D1%96%D1%8F_%D0%9B%D1%8E%D0%BA%D1%81%D0%B5%D0%BC%D0%B1%D1%83%D1%80%D0%B3%D1%83","*":"\u041a\u043e\u043c\u0443\u043d\u0456\u0441\u0442\u0438\u0447\u043d\u0430 \u043f\u0430\u0440\u0442\u0456\u044f \u041b\u044e\u043a\u0441\u0435\u043c\u0431\u0443\u0440\u0433\u0443"},{"lang":"zh","url":"https://zh.wikipedia.org/wiki/%E7%9B%A7%E6%A3%AE%E5%A0%A1%E5%85%B1%E7%94%A2%E9%BB%A8","*":"\u76e7\u68ee\u5821\u5171\u7522\u9ee8"}]}}}}