{"partyfacts_id":1649,"batchcomplete":"","query":{"normalized":[{"from":"Centre_Agreement","to":"Centre Agreement"}],"pages":{"5731480":{"pageid":5731480,"ns":0,"title":"Centre Agreement","langlinks":[{"lang":"ca","url":"https://ca.wikipedia.org/wiki/Entesa_Centrista_(Pol%C3%B2nia)","*":"Entesa Centrista (Pol\u00f2nia)"},{"lang":"de","url":"https://de.wikipedia.org/wiki/Porozumienie_Centrum","*":"Porozumienie Centrum"},{"lang":"fr","url":"https://fr.wikipedia.org/wiki/Accord_du_centre","*":"Accord du centre"},{"lang":"it","url":"https://it.wikipedia.org/wiki/Accordo_di_Centro","*":"Accordo di Centro"},{"lang":"nl","url":"https://nl.wikipedia.org/wiki/Porozumienie_Centrum","*":"Porozumienie Centrum"},{"lang":"pl","url":"https://pl.wikipedia.org/wiki/Porozumienie_Centrum","*":"Porozumienie Centrum"}]}}}}