{"partyfacts_id":165,"batchcomplete":"","query":{"normalized":[{"from":"European_Democratic_Party_(Czech_Republic)","to":"European Democratic Party (Czech Republic)"}],"pages":{"20323347":{"pageid":20323347,"ns":0,"title":"European Democratic Party (Czech Republic)","langlinks":[{"lang":"cs","url":"https://cs.wikipedia.org/wiki/Evropsk%C3%A1_demokratick%C3%A1_strana_(%C4%8Cesko)","*":"Evropsk\u00e1 demokratick\u00e1 strana (\u010cesko)"},{"lang":"fr","url":"https://fr.wikipedia.org/wiki/Parti_d%C3%A9mocrate_europ%C3%A9en_(Tch%C3%A9quie)","*":"Parti d\u00e9mocrate europ\u00e9en (Tch\u00e9quie)"},{"lang":"pl","url":"https://pl.wikipedia.org/wiki/Europejska_Partia_Demokratyczna_(Czechy)","*":"Europejska Partia Demokratyczna (Czechy)"}]}}}}