{"partyfacts_id":1656,"batchcomplete":"","query":{"normalized":[{"from":"Trots_op_Nederland","to":"Trots op Nederland"}],"pages":{"13787376":{"pageid":13787376,"ns":0,"title":"Trots op Nederland","langlinks":[{"lang":"de","url":"https://de.wikipedia.org/wiki/Trots_op_Nederland","*":"Trots op Nederland"},{"lang":"fr","url":"https://fr.wikipedia.org/wiki/Fiers_des_Pays-Bas","*":"Fiers des Pays-Bas"},{"lang":"nl","url":"https://nl.wikipedia.org/wiki/Trots_op_Nederland","*":"Trots op Nederland"},{"lang":"sh","url":"https://sh.wikipedia.org/wiki/Ponosni_na_Nizozemsku","*":"Ponosni na Nizozemsku"}]}}}}