{"partyfacts_id":1658,"batchcomplete":"","query":{"normalized":[{"from":"Broad_Front_(Uruguay)","to":"Broad Front (Uruguay)"}],"pages":{"2659851":{"pageid":2659851,"ns":0,"title":"Broad Front (Uruguay)","langlinks":[{"lang":"bn","url":"https://bn.wikipedia.org/wiki/%E0%A6%AC%E0%A7%8D%E0%A6%B0%E0%A6%A1_%E0%A6%AB%E0%A7%8D%E0%A6%B0%E0%A6%A8%E0%A7%8D%E0%A6%9F(%E0%A6%89%E0%A6%B0%E0%A7%81%E0%A6%97%E0%A7%81%E0%A6%AF%E0%A6%BC%E0%A7%87)","*":"\u09ac\u09cd\u09b0\u09a1 \u09ab\u09cd\u09b0\u09a8\u09cd\u099f(\u0989\u09b0\u09c1\u0997\u09c1\u09af\u09bc\u09c7)"},{"lang":"ca","url":"https://ca.wikipedia.org/wiki/Front_Ampli","*":"Front Ampli"},{"lang":"de","url":"https://de.wikipedia.org/wiki/Frente_Amplio_(Uruguay)","*":"Frente Amplio (Uruguay)"},{"lang":"es","url":"https://es.wikipedia.org/wiki/Frente_Amplio_(Uruguay)","*":"Frente Amplio (Uruguay)"},{"lang":"fa","url":"https://fa.wikipedia.org/wiki/%D8%AC%D8%A8%D9%87%D9%87_%DA%AF%D8%B3%D8%AA%D8%B1%D8%AF%D9%87_(%D8%A7%D8%B1%D9%88%DA%AF%D9%88%D8%A6%D9%87)","*":"\u062c\u0628\u0647\u0647 \u06af\u0633\u062a\u0631\u062f\u0647 (\u0627\u0631\u0648\u06af\u0648\u0626\u0647)"},{"lang":"fr","url":"https://fr.wikipedia.org/wiki/Front_large_(Uruguay)","*":"Front large (Uruguay)"},{"lang":"gl","url":"https://gl.wikipedia.org/wiki/Fronte_Ampla","*":"Fronte Ampla"},{"lang":"hr","url":"https://hr.wikipedia.org/wiki/%C5%A0iroki_front_(Urugvaj)","*":"\u0160iroki front (Urugvaj)"},{"lang":"it","url":"https://it.wikipedia.org/wiki/Fronte_Ampio_(Uruguay)","*":"Fronte Ampio (Uruguay)"},{"lang":"ja","url":"https://ja.wikipedia.org/wiki/%E6%8B%A1%E5%A4%A7%E6%88%A6%E7%B7%9A_(%E3%82%A6%E3%83%AB%E3%82%B0%E3%82%A2%E3%82%A4)","*":"\u62e1\u5927\u6226\u7dda (\u30a6\u30eb\u30b0\u30a2\u30a4)"},{"lang":"ko","url":"https://ko.wikipedia.org/wiki/%EA%B4%91%EC%97%AD%EC%A0%84%EC%84%A0_(%EC%9A%B0%EB%A3%A8%EA%B3%BC%EC%9D%B4)","*":"\uad11\uc5ed\uc804\uc120 (\uc6b0\ub8e8\uacfc\uc774)"},{"lang":"nl","url":"https://nl.wikipedia.org/wiki/Breed_Front","*":"Breed Front"},{"lang":"nb","url":"https://no.wikipedia.org/wiki/Frente_Amplio_(Uruguay)","*":"Frente Amplio (Uruguay)"},{"lang":"pl","url":"https://pl.wikipedia.org/wiki/Szeroki_Front","*":"Szeroki Front"},{"lang":"pt","url":"https://pt.wikipedia.org/wiki/Frente_Ampla_(Uruguai)","*":"Frente Ampla (Uruguai)"},{"lang":"ru","url":"https://ru.wikipedia.org/wiki/%D0%A8%D0%B8%D1%80%D0%BE%D0%BA%D0%B8%D0%B9_%D1%84%D1%80%D0%BE%D0%BD%D1%82","*":"\u0428\u0438\u0440\u043e\u043a\u0438\u0439 \u0444\u0440\u043e\u043d\u0442"},{"lang":"simple","url":"https://simple.wikipedia.org/wiki/Broad_Front_(Uruguay)","*":"Broad Front (Uruguay)"},{"lang":"sv","url":"https://sv.wikipedia.org/wiki/Frente_Amplio","*":"Frente Amplio"},{"lang":"tr","url":"https://tr.wikipedia.org/wiki/Frente_Amplio","*":"Frente Amplio"},{"lang":"uk","url":"https://uk.wikipedia.org/wiki/%D0%A8%D0%B8%D1%80%D0%BE%D0%BA%D0%B8%D0%B9_%D1%84%D1%80%D0%BE%D0%BD%D1%82","*":"\u0428\u0438\u0440\u043e\u043a\u0438\u0439 \u0444\u0440\u043e\u043d\u0442"},{"lang":"vi","url":"https://vi.wikipedia.org/wiki/M%E1%BA%B7t_tr%E1%BA%ADn_R%E1%BB%99ng_(Uruguay)","*":"M\u1eb7t tr\u1eadn R\u1ed9ng (Uruguay)"},{"lang":"zh","url":"https://zh.wikipedia.org/wiki/%E5%B9%BF%E6%B3%9B%E9%98%B5%E7%BA%BF_(%E4%B9%8C%E6%8B%89%E5%9C%AD)","*":"\u5e7f\u6cdb\u9635\u7ebf (\u4e4c\u62c9\u572d)"}]}}}}