{"partyfacts_id":1659,"batchcomplete":"","query":{"normalized":[{"from":"The_Greens_\u2013_The_Green_Alternative","to":"The Greens \u2013 The Green Alternative"}],"pages":{"403401":{"pageid":403401,"ns":0,"title":"The Greens \u2013 The Green Alternative","langlinks":[{"lang":"ar","url":"https://ar.wikipedia.org/wiki/%D8%A7%D9%84%D8%AE%D8%B6%D8%B1_-_%D8%A7%D9%84%D8%A8%D8%AF%D9%8A%D9%84_%D8%A7%D9%84%D8%AE%D8%B6%D8%B1","*":"\u0627\u0644\u062e\u0636\u0631 - \u0627\u0644\u0628\u062f\u064a\u0644 \u0627\u0644\u062e\u0636\u0631"},{"lang":"bar","url":"https://bar.wikipedia.org/wiki/De_Greanan_(%C3%96stareich)","*":"De Greanan (\u00d6stareich)"},{"lang":"bn","url":"https://bn.wikipedia.org/wiki/%E0%A6%85%E0%A6%B8%E0%A7%8D%E0%A6%9F%E0%A7%8D%E0%A6%B0%E0%A7%80%E0%A6%AF%E0%A6%BC_%E0%A6%B8%E0%A6%AC%E0%A7%81%E0%A6%9C_%E0%A6%AA%E0%A6%BE%E0%A6%B0%E0%A7%8D%E0%A6%9F%E0%A6%BF","*":"\u0985\u09b8\u09cd\u099f\u09cd\u09b0\u09c0\u09af\u09bc \u09b8\u09ac\u09c1\u099c \u09aa\u09be\u09b0\u09cd\u099f\u09bf"},{"lang":"ca","url":"https://ca.wikipedia.org/wiki/Els_Verds_(%C3%80ustria)","*":"Els Verds (\u00c0ustria)"},{"lang":"cs","url":"https://cs.wikipedia.org/wiki/Zelen%C3%AD_%E2%80%93_Zelen%C3%A1_alternativa","*":"Zelen\u00ed \u2013 Zelen\u00e1 alternativa"},{"lang":"da","url":"https://da.wikipedia.org/wiki/Die_Gr%C3%BCnen_(%C3%98strig)","*":"Die Gr\u00fcnen (\u00d8strig)"},{"lang":"de","url":"https://de.wikipedia.org/wiki/Die_Gr%C3%BCnen_%E2%80%93_Die_Gr%C3%BCne_Alternative","*":"Die Gr\u00fcnen \u2013 Die Gr\u00fcne Alternative"},{"lang":"el","url":"https://el.wikipedia.org/wiki/%CE%9F%CE%B9_%CE%A0%CF%81%CE%AC%CF%83%CE%B9%CE%BD%CE%BF%CE%B9_-_%CE%97_%CE%A0%CF%81%CE%AC%CF%83%CE%B9%CE%BD%CE%B7_%CE%95%CE%BD%CE%B1%CE%BB%CE%BB%CE%B1%CE%BA%CF%84%CE%B9%CE%BA%CE%AE","*":"\u039f\u03b9 \u03a0\u03c1\u03ac\u03c3\u03b9\u03bd\u03bf\u03b9 - \u0397 \u03a0\u03c1\u03ac\u03c3\u03b9\u03bd\u03b7 \u0395\u03bd\u03b1\u03bb\u03bb\u03b1\u03ba\u03c4\u03b9\u03ba\u03ae"},{"lang":"eo","url":"https://eo.wikipedia.org/wiki/La_Verduloj_%E2%80%93_La_Verda_Alternativo","*":"La Verduloj \u2013 La Verda Alternativo"},{"lang":"es","url":"https://es.wikipedia.org/wiki/Los_Verdes-La_Alternativa_Verde","*":"Los Verdes-La Alternativa Verde"},{"lang":"fa","url":"https://fa.wikipedia.org/wiki/%D8%B3%D8%A8%D8%B2%D9%87%D8%A7_%E2%80%93_%D8%B3%D8%A8%D8%B2%D9%87%D8%A7%DB%8C_%D8%A2%D9%84%D8%AA%D8%B1%D9%86%D8%A7%D8%AA%DB%8C%D9%88","*":"\u0633\u0628\u0632\u0647\u0627 \u2013 \u0633\u0628\u0632\u0647\u0627\u06cc \u0622\u0644\u062a\u0631\u0646\u0627\u062a\u06cc\u0648"},{"lang":"fi","url":"https://fi.wikipedia.org/wiki/Vihre%C3%A4t_(It%C3%A4valta)","*":"Vihre\u00e4t (It\u00e4valta)"},{"lang":"fr","url":"https://fr.wikipedia.org/wiki/Les_Verts_-_L%27Alternative_verte","*":"Les Verts - L'Alternative verte"},{"lang":"he","url":"https://he.wikipedia.org/wiki/%D7%9E%D7%A4%D7%9C%D7%92%D7%AA_%D7%94%D7%99%D7%A8%D7%95%D7%A7%D7%99%D7%9D_(%D7%90%D7%95%D7%A1%D7%98%D7%A8%D7%99%D7%94)","*":"\u05de\u05e4\u05dc\u05d2\u05ea \u05d4\u05d9\u05e8\u05d5\u05e7\u05d9\u05dd (\u05d0\u05d5\u05e1\u05d8\u05e8\u05d9\u05d4)"},{"lang":"hi","url":"https://hi.wikipedia.org/wiki/%E0%A4%B9%E0%A4%B0%E0%A4%AF%E0%A4%BE%E0%A4%B2%E0%A5%80%E0%A4%93%E0%A4%82_-_%E0%A4%B9%E0%A4%B0%E0%A4%BE_%E0%A4%B5%E0%A4%BF%E0%A4%95%E0%A4%B2%E0%A5%8D%E0%A4%AA","*":"\u0939\u0930\u092f\u093e\u0932\u0940\u0913\u0902 - \u0939\u0930\u093e \u0935\u093f\u0915\u0932\u094d\u092a"},{"lang":"hu","url":"https://hu.wikipedia.org/wiki/Osztr%C3%A1k_Z%C3%B6ld_P%C3%A1rt","*":"Osztr\u00e1k Z\u00f6ld P\u00e1rt"},{"lang":"id","url":"https://id.wikipedia.org/wiki/Partai_Hijau_Austria","*":"Partai Hijau Austria"},{"lang":"it","url":"https://it.wikipedia.org/wiki/I_Verdi_(Austria)","*":"I Verdi (Austria)"},{"lang":"ja","url":"https://ja.wikipedia.org/wiki/%E7%B7%91%E3%81%AE%E5%85%9A_(%E3%82%AA%E3%83%BC%E3%82%B9%E3%83%88%E3%83%AA%E3%82%A2)","*":"\u7dd1\u306e\u515a (\u30aa\u30fc\u30b9\u30c8\u30ea\u30a2)"},{"lang":"kk","url":"https://kk.wikipedia.org/wiki/%D0%96%D0%B0%D1%81%D1%8B%D0%BB%D0%B4%D0%B0%D1%80","*":"\u0416\u0430\u0441\u044b\u043b\u0434\u0430\u0440"},{"lang":"ko","url":"https://ko.wikipedia.org/wiki/%EB%85%B9%EC%83%89_-_%EB%85%B9%EC%83%89_%EB%8C%80%EC%95%88","*":"\ub179\uc0c9 - \ub179\uc0c9 \ub300\uc548"},{"lang":"la","url":"https://la.wikipedia.org/wiki/Virides_%E2%80%93_Optio_viridis","*":"Virides \u2013 Optio viridis"},{"lang":"nl","url":"https://nl.wikipedia.org/wiki/Die_Gr%C3%BCnen_-_Die_Gr%C3%BCne_Alternative","*":"Die Gr\u00fcnen - Die Gr\u00fcne Alternative"},{"lang":"nb","url":"https://no.wikipedia.org/wiki/Die_Gr%C3%BCnen_%E2%80%93_Die_gr%C3%BCne_Alternative","*":"Die Gr\u00fcnen \u2013 Die gr\u00fcne Alternative"},{"lang":"pl","url":"https://pl.wikipedia.org/wiki/Zieloni_(Austria)","*":"Zieloni (Austria)"},{"lang":"pms","url":"https://pms.wikipedia.org/wiki/Gr%C3%BCnen","*":"Gr\u00fcnen"},{"lang":"pt","url":"https://pt.wikipedia.org/wiki/Os_Verdes_-_Alternativa_Verde","*":"Os Verdes - Alternativa Verde"},{"lang":"ro","url":"https://ro.wikipedia.org/wiki/Verzii_%E2%80%93_Alternativa_Verde","*":"Verzii \u2013 Alternativa Verde"},{"lang":"ru","url":"https://ru.wikipedia.org/wiki/%D0%97%D0%B5%D0%BB%D1%91%D0%BD%D1%8B%D0%B5_%E2%80%94_%D0%97%D0%B5%D0%BB%D1%91%D0%BD%D0%B0%D1%8F_%D0%B0%D0%BB%D1%8C%D1%82%D0%B5%D1%80%D0%BD%D0%B0%D1%82%D0%B8%D0%B2%D0%B0","*":"\u0417\u0435\u043b\u0451\u043d\u044b\u0435 \u2014 \u0417\u0435\u043b\u0451\u043d\u0430\u044f \u0430\u043b\u044c\u0442\u0435\u0440\u043d\u0430\u0442\u0438\u0432\u0430"},{"lang":"scn","url":"https://scn.wikipedia.org/wiki/Die_Gr%C3%BCnen_(Austria)","*":"Die Gr\u00fcnen (Austria)"},{"lang":"sco","url":"https://sco.wikipedia.org/wiki/The_Greens_%E2%80%93_The_Green_Alternative","*":"The Greens \u2013 The Green Alternative"},{"lang":"simple","url":"https://simple.wikipedia.org/wiki/The_Greens_%E2%80%93_The_Green_Alternative","*":"The Greens \u2013 The Green Alternative"},{"lang":"sv","url":"https://sv.wikipedia.org/wiki/De_gr%C3%B6na_(%C3%96sterrike)","*":"De gr\u00f6na (\u00d6sterrike)"},{"lang":"ta","url":"https://ta.wikipedia.org/wiki/%E0%AE%86%E0%AE%B8%E0%AF%8D%E0%AE%A4%E0%AE%BF%E0%AE%B0%E0%AE%BF%E0%AE%AF%E0%AE%AA%E0%AF%8D_%E0%AE%AA%E0%AE%9A%E0%AF%81%E0%AE%AE%E0%AF%88%E0%AE%95%E0%AF%8D_%E0%AE%95%E0%AE%9F%E0%AF%8D%E0%AE%9A%E0%AE%BF","*":"\u0b86\u0bb8\u0bcd\u0ba4\u0bbf\u0bb0\u0bbf\u0baf\u0baa\u0bcd \u0baa\u0b9a\u0bc1\u0bae\u0bc8\u0b95\u0bcd \u0b95\u0b9f\u0bcd\u0b9a\u0bbf"},{"lang":"tl","url":"https://tl.wikipedia.org/wiki/Die_Gr%C3%BCnen_-_Die_Gr%C3%BCne_Alternative","*":"Die Gr\u00fcnen - Die Gr\u00fcne Alternative"},{"lang":"tr","url":"https://tr.wikipedia.org/wiki/Ye%C5%9Filler_-_Ye%C5%9Fil_Alternatif","*":"Ye\u015filler - Ye\u015fil Alternatif"},{"lang":"uk","url":"https://uk.wikipedia.org/wiki/%D0%9F%D0%B0%D1%80%D1%82%D1%96%D1%8F_%D0%97%D0%B5%D0%BB%D0%B5%D0%BD%D0%B8%D1%85_(%D0%90%D0%B2%D1%81%D1%82%D1%80%D1%96%D1%8F)","*":"\u041f\u0430\u0440\u0442\u0456\u044f \u0417\u0435\u043b\u0435\u043d\u0438\u0445 (\u0410\u0432\u0441\u0442\u0440\u0456\u044f)"},{"lang":"zh","url":"https://zh.wikipedia.org/wiki/%E7%BB%BF%E5%85%9A%EF%BC%8D%E7%BB%BF%E8%89%B2%E6%9B%BF%E4%BB%A3","*":"\u7eff\u515a\uff0d\u7eff\u8272\u66ff\u4ee3"}]}}}}