{"partyfacts_id":1671,"batchcomplete":"","query":{"pages":{"33391083":{"pageid":33391083,"ns":0,"title":"Amaiur","langlinks":[{"lang":"an","url":"https://an.wikipedia.org/wiki/Amaiur_(coalici%C3%B3n_politica)","*":"Amaiur (coalici\u00f3n politica)"},{"lang":"ast","url":"https://ast.wikipedia.org/wiki/Amaiur","*":"Amaiur"},{"lang":"ca","url":"https://ca.wikipedia.org/wiki/Amaiur_(coalici%C3%B3)","*":"Amaiur (coalici\u00f3)"},{"lang":"de","url":"https://de.wikipedia.org/wiki/Amaiur","*":"Amaiur"},{"lang":"es","url":"https://es.wikipedia.org/wiki/Amaiur","*":"Amaiur"},{"lang":"eu","url":"https://eu.wikipedia.org/wiki/Amaiur_(koalizioa)","*":"Amaiur (koalizioa)"},{"lang":"fr","url":"https://fr.wikipedia.org/wiki/Amaiur_(coalition_politique)","*":"Amaiur (coalition politique)"},{"lang":"gl","url":"https://gl.wikipedia.org/wiki/Amaiur_(coalici%C3%B3n)","*":"Amaiur (coalici\u00f3n)"},{"lang":"it","url":"https://it.wikipedia.org/wiki/Amaiur","*":"Amaiur"},{"lang":"ja","url":"https://ja.wikipedia.org/wiki/%E3%82%A2%E3%83%9E%E3%83%A6%E3%83%BC%E3%83%AB","*":"\u30a2\u30de\u30e6\u30fc\u30eb"},{"lang":"pl","url":"https://pl.wikipedia.org/wiki/Amaiur","*":"Amaiur"},{"lang":"pt","url":"https://pt.wikipedia.org/wiki/Amaiur","*":"Amaiur"},{"lang":"ru","url":"https://ru.wikipedia.org/wiki/%D0%90%D0%BC%D0%B0%D0%B9%D1%83%D1%80","*":"\u0410\u043c\u0430\u0439\u0443\u0440"},{"lang":"sr","url":"https://sr.wikipedia.org/wiki/%D0%90%D0%BC%D0%B0%D0%B8%D1%98%D1%83%D1%80","*":"\u0410\u043c\u0430\u0438\u0458\u0443\u0440"},{"lang":"vec","url":"https://vec.wikipedia.org/wiki/Amaiur","*":"Amaiur"}]}}}}