{"partyfacts_id":1673,"batchcomplete":"","query":{"normalized":[{"from":"Party_of_Democratic_Progress","to":"Party of Democratic Progress"}],"pages":{"2002224":{"pageid":2002224,"ns":0,"title":"Party of Democratic Progress","langlinks":[{"lang":"ar","url":"https://ar.wikipedia.org/wiki/%D8%AD%D8%B2%D8%A8_%D8%A7%D9%84%D8%AA%D9%82%D8%AF%D9%85_%D8%A7%D9%84%D8%AF%D9%8A%D9%85%D9%82%D8%B1%D8%A7%D8%B7%D9%8A_(%D8%A7%D9%84%D8%A8%D9%88%D8%B3%D9%86%D8%A9_%D9%88%D8%A7%D9%84%D9%87%D8%B1%D8%B3%D9%83)","*":"\u062d\u0632\u0628 \u0627\u0644\u062a\u0642\u062f\u0645 \u0627\u0644\u062f\u064a\u0645\u0642\u0631\u0627\u0637\u064a (\u0627\u0644\u0628\u0648\u0633\u0646\u0629 \u0648\u0627\u0644\u0647\u0631\u0633\u0643)"},{"lang":"bs","url":"https://bs.wikipedia.org/wiki/Partija_demokratskog_progresa","*":"Partija demokratskog progresa"},{"lang":"ca","url":"https://ca.wikipedia.org/wiki/Partit_del_Progr%C3%A9s_Democr%C3%A0tic","*":"Partit del Progr\u00e9s Democr\u00e0tic"},{"lang":"de","url":"https://de.wikipedia.org/wiki/Partija_demokratskog_progresa","*":"Partija demokratskog progresa"},{"lang":"el","url":"https://el.wikipedia.org/wiki/%CE%9A%CF%8C%CE%BC%CE%BC%CE%B1_%CE%94%CE%B7%CE%BC%CE%BF%CE%BA%CF%81%CE%B1%CF%84%CE%B9%CE%BA%CE%AE%CF%82_%CE%A0%CF%81%CE%BF%CF%8C%CE%B4%CE%BF%CF%85","*":"\u039a\u03cc\u03bc\u03bc\u03b1 \u0394\u03b7\u03bc\u03bf\u03ba\u03c1\u03b1\u03c4\u03b9\u03ba\u03ae\u03c2 \u03a0\u03c1\u03bf\u03cc\u03b4\u03bf\u03c5"},{"lang":"es","url":"https://es.wikipedia.org/wiki/Partido_del_Progreso_Democr%C3%A1tico","*":"Partido del Progreso Democr\u00e1tico"},{"lang":"et","url":"https://et.wikipedia.org/wiki/Demokraatliku_Progressi_Partei","*":"Demokraatliku Progressi Partei"},{"lang":"fr","url":"https://fr.wikipedia.org/wiki/Parti_du_progr%C3%A8s_d%C3%A9mocratique_(Bosnie-Herz%C3%A9govine)","*":"Parti du progr\u00e8s d\u00e9mocratique (Bosnie-Herz\u00e9govine)"},{"lang":"he","url":"https://he.wikipedia.org/wiki/%D7%94%D7%9E%D7%A4%D7%9C%D7%92%D7%94_%D7%9C%D7%A7%D7%99%D7%93%D7%95%D7%9D_%D7%93%D7%9E%D7%95%D7%A7%D7%A8%D7%98%D7%99","*":"\u05d4\u05de\u05e4\u05dc\u05d2\u05d4 \u05dc\u05e7\u05d9\u05d3\u05d5\u05dd \u05d3\u05de\u05d5\u05e7\u05e8\u05d8\u05d9"},{"lang":"it","url":"https://it.wikipedia.org/wiki/Partito_del_Progresso_Democratico","*":"Partito del Progresso Democratico"},{"lang":"ru","url":"https://ru.wikipedia.org/wiki/%D0%9F%D0%B0%D1%80%D1%82%D0%B8%D1%8F_%D0%B4%D0%B5%D0%BC%D0%BE%D0%BA%D1%80%D0%B0%D1%82%D0%B8%D1%87%D0%B5%D1%81%D0%BA%D0%BE%D0%B3%D0%BE_%D0%BF%D1%80%D0%BE%D0%B3%D1%80%D0%B5%D1%81%D1%81%D0%B0","*":"\u041f\u0430\u0440\u0442\u0438\u044f \u0434\u0435\u043c\u043e\u043a\u0440\u0430\u0442\u0438\u0447\u0435\u0441\u043a\u043e\u0433\u043e \u043f\u0440\u043e\u0433\u0440\u0435\u0441\u0441\u0430"},{"lang":"sr","url":"https://sr.wikipedia.org/wiki/%D0%9F%D0%B0%D1%80%D1%82%D0%B8%D1%98%D0%B0_%D0%B4%D0%B5%D0%BC%D0%BE%D0%BA%D1%80%D0%B0%D1%82%D1%81%D0%BA%D0%BE%D0%B3_%D0%BF%D1%80%D0%BE%D0%B3%D1%80%D0%B5%D1%81%D0%B0","*":"\u041f\u0430\u0440\u0442\u0438\u0458\u0430 \u0434\u0435\u043c\u043e\u043a\u0440\u0430\u0442\u0441\u043a\u043e\u0433 \u043f\u0440\u043e\u0433\u0440\u0435\u0441\u0430"},{"lang":"tr","url":"https://tr.wikipedia.org/wiki/Demokratik_%C4%B0lerleme_Partisi","*":"Demokratik \u0130lerleme Partisi"},{"lang":"uk","url":"https://uk.wikipedia.org/wiki/%D0%9F%D0%B0%D1%80%D1%82%D1%96%D1%8F_%D0%B4%D0%B5%D0%BC%D0%BE%D0%BA%D1%80%D0%B0%D1%82%D0%B8%D1%87%D0%BD%D0%BE%D0%B3%D0%BE_%D0%BF%D1%80%D0%BE%D0%B3%D1%80%D0%B5%D1%81%D1%83","*":"\u041f\u0430\u0440\u0442\u0456\u044f \u0434\u0435\u043c\u043e\u043a\u0440\u0430\u0442\u0438\u0447\u043d\u043e\u0433\u043e \u043f\u0440\u043e\u0433\u0440\u0435\u0441\u0443"}]}}}}