{"partyfacts_id":1675,"batchcomplete":"","query":{"normalized":[{"from":"English_Democrats","to":"English Democrats"}],"pages":{"424825":{"pageid":424825,"ns":0,"title":"English Democrats","langlinks":[{"lang":"br","url":"https://br.wikipedia.org/wiki/Strollad_Broadel_Saoz_(1997-2002)_ha_Strollad_an_Demokrated_Saoz_(abaoe_2002)","*":"Strollad Broadel Saoz (1997-2002) ha Strollad an Demokrated Saoz (abaoe 2002)"},{"lang":"de","url":"https://de.wikipedia.org/wiki/English_Democrats","*":"English Democrats"},{"lang":"es","url":"https://es.wikipedia.org/wiki/Partido_de_los_Dem%C3%B3cratas_Ingleses","*":"Partido de los Dem\u00f3cratas Ingleses"},{"lang":"fr","url":"https://fr.wikipedia.org/wiki/Parti_des_d%C3%A9mocrates_anglais","*":"Parti des d\u00e9mocrates anglais"},{"lang":"ko","url":"https://ko.wikipedia.org/wiki/%EC%9E%89%EA%B8%80%EB%9E%9C%EB%93%9C_%EB%AF%BC%EC%A3%BC%EB%8B%B9","*":"\uc789\uae00\ub79c\ub4dc \ubbfc\uc8fc\ub2f9"},{"lang":"sv","url":"https://sv.wikipedia.org/wiki/English_Democrats_Party","*":"English Democrats Party"}]}}}}