{"partyfacts_id":1688,"batchcomplete":"","query":{"normalized":[{"from":"Portuguese_Democratic_Movement","to":"Portuguese Democratic Movement"}],"pages":{"30865899":{"pageid":30865899,"ns":0,"title":"Portuguese Democratic Movement","langlinks":[{"lang":"de","url":"https://de.wikipedia.org/wiki/Movimento_Democr%C3%A1tico_Portugu%C3%AAs","*":"Movimento Democr\u00e1tico Portugu\u00eas"},{"lang":"es","url":"https://es.wikipedia.org/wiki/Movimiento_Democr%C3%A1tico_Portugu%C3%A9s","*":"Movimiento Democr\u00e1tico Portugu\u00e9s"},{"lang":"fr","url":"https://fr.wikipedia.org/wiki/Mouvement_d%C3%A9mocratique_portugais","*":"Mouvement d\u00e9mocratique portugais"},{"lang":"it","url":"https://it.wikipedia.org/wiki/Movimento_Democratico_Portoghese","*":"Movimento Democratico Portoghese"},{"lang":"pl","url":"https://pl.wikipedia.org/wiki/Portugalski_Ruch_Demokratyczny","*":"Portugalski Ruch Demokratyczny"},{"lang":"pt","url":"https://pt.wikipedia.org/wiki/Movimento_Democr%C3%A1tico_Portugu%C3%AAs_/_Comiss%C3%A3o_Democr%C3%A1tica_Eleitoral","*":"Movimento Democr\u00e1tico Portugu\u00eas / Comiss\u00e3o Democr\u00e1tica Eleitoral"}]}}}}