{"partyfacts_id":1696,"batchcomplete":"","query":{"normalized":[{"from":"Italian_Social_Movement","to":"Italian Social Movement"}],"pages":{"33643342":{"pageid":33643342,"ns":0,"title":"Italian Social Movement","langlinks":[{"lang":"ar","url":"https://ar.wikipedia.org/wiki/%D8%A7%D9%84%D8%AD%D8%B1%D9%83%D8%A9_%D8%A7%D9%84%D8%A7%D8%AC%D8%AA%D9%85%D8%A7%D8%B9%D9%8A%D8%A9_%D8%A7%D9%84%D8%A5%D9%8A%D8%B7%D8%A7%D9%84%D9%8A%D8%A9","*":"\u0627\u0644\u062d\u0631\u0643\u0629 \u0627\u0644\u0627\u062c\u062a\u0645\u0627\u0639\u064a\u0629 \u0627\u0644\u0625\u064a\u0637\u0627\u0644\u064a\u0629"},{"lang":"bg","url":"https://bg.wikipedia.org/wiki/%D0%98%D1%82%D0%B0%D0%BB%D0%B8%D0%B0%D0%BD%D1%81%D0%BA%D0%BE_%D1%81%D0%BE%D1%86%D0%B8%D0%B0%D0%BB%D0%BD%D0%BE_%D0%B4%D0%B2%D0%B8%D0%B6%D0%B5%D0%BD%D0%B8%D0%B5","*":"\u0418\u0442\u0430\u043b\u0438\u0430\u043d\u0441\u043a\u043e \u0441\u043e\u0446\u0438\u0430\u043b\u043d\u043e \u0434\u0432\u0438\u0436\u0435\u043d\u0438\u0435"},{"lang":"ca","url":"https://ca.wikipedia.org/wiki/Moviment_Social_Itali%C3%A0","*":"Moviment Social Itali\u00e0"},{"lang":"da","url":"https://da.wikipedia.org/wiki/Movimento_Sociale_Italiano","*":"Movimento Sociale Italiano"},{"lang":"de","url":"https://de.wikipedia.org/wiki/Movimento_Sociale_Italiano","*":"Movimento Sociale Italiano"},{"lang":"es","url":"https://es.wikipedia.org/wiki/Movimiento_Social_Italiano","*":"Movimiento Social Italiano"},{"lang":"fi","url":"https://fi.wikipedia.org/wiki/Italian_sosiaalinen_liike","*":"Italian sosiaalinen liike"},{"lang":"fr","url":"https://fr.wikipedia.org/wiki/Mouvement_social_italien_%E2%80%93_Droite_nationale","*":"Mouvement social italien \u2013 Droite nationale"},{"lang":"gl","url":"https://gl.wikipedia.org/wiki/Movemento_Social_Italiano-Dereita_Nacional","*":"Movemento Social Italiano-Dereita Nacional"},{"lang":"hu","url":"https://hu.wikipedia.org/wiki/Olasz_Szoci%C3%A1lis_Mozgalom","*":"Olasz Szoci\u00e1lis Mozgalom"},{"lang":"it","url":"https://it.wikipedia.org/wiki/Movimento_Sociale_Italiano_-_Destra_Nazionale","*":"Movimento Sociale Italiano - Destra Nazionale"},{"lang":"ja","url":"https://ja.wikipedia.org/wiki/%E3%82%A4%E3%82%BF%E3%83%AA%E3%82%A2%E7%A4%BE%E4%BC%9A%E9%81%8B%E5%8B%95","*":"\u30a4\u30bf\u30ea\u30a2\u793e\u4f1a\u904b\u52d5"},{"lang":"ko","url":"https://ko.wikipedia.org/wiki/%EC%9D%B4%ED%83%88%EB%A6%AC%EC%95%84_%EC%82%AC%ED%9A%8C%EC%9A%B4%EB%8F%99","*":"\uc774\ud0c8\ub9ac\uc544 \uc0ac\ud68c\uc6b4\ub3d9"},{"lang":"la","url":"https://la.wikipedia.org/wiki/Motus_socialis_Italicus","*":"Motus socialis Italicus"},{"lang":"lmo","url":"https://lmo.wikipedia.org/wiki/Moviment_Social_Italian","*":"Moviment Social Italian"},{"lang":"nl","url":"https://nl.wikipedia.org/wiki/Movimento_Sociale_Italiano","*":"Movimento Sociale Italiano"},{"lang":"nb","url":"https://no.wikipedia.org/wiki/Movimento_Sociale_Italiano","*":"Movimento Sociale Italiano"},{"lang":"pl","url":"https://pl.wikipedia.org/wiki/W%C5%82oski_Ruch_Spo%C5%82eczny","*":"W\u0142oski Ruch Spo\u0142eczny"},{"lang":"pt","url":"https://pt.wikipedia.org/wiki/Movimento_Social_Italiano-Direita_Nacional","*":"Movimento Social Italiano-Direita Nacional"},{"lang":"ru","url":"https://ru.wikipedia.org/wiki/%D0%98%D1%82%D0%B0%D0%BB%D1%8C%D1%8F%D0%BD%D1%81%D0%BA%D0%BE%D0%B5_%D1%81%D0%BE%D1%86%D0%B8%D0%B0%D0%BB%D1%8C%D0%BD%D0%BE%D0%B5_%D0%B4%D0%B2%D0%B8%D0%B6%D0%B5%D0%BD%D0%B8%D0%B5","*":"\u0418\u0442\u0430\u043b\u044c\u044f\u043d\u0441\u043a\u043e\u0435 \u0441\u043e\u0446\u0438\u0430\u043b\u044c\u043d\u043e\u0435 \u0434\u0432\u0438\u0436\u0435\u043d\u0438\u0435"},{"lang":"scn","url":"https://scn.wikipedia.org/wiki/Muvimentu_Suciali_Italianu","*":"Muvimentu Suciali Italianu"},{"lang":"sh","url":"https://sh.wikipedia.org/wiki/Italijanski_socijalni_pokret-Nacionalna_desnica","*":"Italijanski socijalni pokret-Nacionalna desnica"},{"lang":"sr","url":"https://sr.wikipedia.org/wiki/%D0%98%D1%82%D0%B0%D0%BB%D0%B8%D1%98%D0%B0%D0%BD%D1%81%D0%BA%D0%B8_%D1%81%D0%BE%D1%86%D0%B8%D1%98%D0%B0%D0%BB%D0%BD%D0%B8_%D0%BF%D0%BE%D0%BA%D1%80%D0%B5%D1%82","*":"\u0418\u0442\u0430\u043b\u0438\u0458\u0430\u043d\u0441\u043a\u0438 \u0441\u043e\u0446\u0438\u0458\u0430\u043b\u043d\u0438 \u043f\u043e\u043a\u0440\u0435\u0442"},{"lang":"sv","url":"https://sv.wikipedia.org/wiki/Movimento_Sociale_Italiano","*":"Movimento Sociale Italiano"},{"lang":"uk","url":"https://uk.wikipedia.org/wiki/%D0%86%D1%82%D0%B0%D0%BB%D1%96%D0%B9%D1%81%D1%8C%D0%BA%D0%B8%D0%B9_%D1%81%D0%BE%D1%86%D1%96%D0%B0%D0%BB%D1%8C%D0%BD%D0%B8%D0%B9_%D1%80%D1%83%D1%85","*":"\u0406\u0442\u0430\u043b\u0456\u0439\u0441\u044c\u043a\u0438\u0439 \u0441\u043e\u0446\u0456\u0430\u043b\u044c\u043d\u0438\u0439 \u0440\u0443\u0445"},{"lang":"vec","url":"https://vec.wikipedia.org/wiki/Movimento_Socia%C5%82e_Italian","*":"Movimento Socia\u0142e Italian"},{"lang":"zh","url":"https://zh.wikipedia.org/wiki/%E6%84%8F%E5%A4%A7%E5%88%A9%E7%A4%BE%E4%BC%9A%E8%BF%90%E5%8A%A8","*":"\u610f\u5927\u5229\u793e\u4f1a\u8fd0\u52a8"}]}}}}