{"partyfacts_id":17,"batchcomplete":"","query":{"normalized":[{"from":"Dravida_Munnetra_Kazhagam","to":"Dravida Munnetra Kazhagam"}],"pages":{"410048":{"pageid":410048,"ns":0,"title":"Dravida Munnetra Kazhagam","langlinks":[{"lang":"ca","url":"https://ca.wikipedia.org/wiki/Dravidar_Munnetra_Kazhagam","*":"Dravidar Munnetra Kazhagam"},{"lang":"de","url":"https://de.wikipedia.org/wiki/Dravida_Munnetra_Kazhagam","*":"Dravida Munnetra Kazhagam"},{"lang":"fi","url":"https://fi.wikipedia.org/wiki/Dravida_Munnetra_Kazhagam","*":"Dravida Munnetra Kazhagam"},{"lang":"fr","url":"https://fr.wikipedia.org/wiki/Dravida_Munnetra_Kazhagam","*":"Dravida Munnetra Kazhagam"},{"lang":"hi","url":"https://hi.wikipedia.org/wiki/%E0%A4%A6%E0%A5%8D%E0%A4%B0%E0%A4%B5%E0%A4%BF%E0%A4%A1%E0%A4%BC_%E0%A4%AE%E0%A5%81%E0%A4%A8%E0%A5%8D%E0%A4%A8%E0%A5%87%E0%A4%A4%E0%A5%8D%E0%A4%B0_%E0%A4%95%E0%A4%A1%E0%A4%BC%E0%A4%97%E0%A4%AE","*":"\u0926\u094d\u0930\u0935\u093f\u0921\u093c \u092e\u0941\u0928\u094d\u0928\u0947\u0924\u094d\u0930 \u0915\u0921\u093c\u0917\u092e"},{"lang":"id","url":"https://id.wikipedia.org/wiki/Dravida_Munnetra_Kazhagam","*":"Dravida Munnetra Kazhagam"},{"lang":"ja","url":"https://ja.wikipedia.org/wiki/%E3%83%89%E3%83%A9%E3%83%BC%E3%83%B4%E3%82%A3%E3%83%80%E9%80%B2%E6%AD%A9%E5%85%9A","*":"\u30c9\u30e9\u30fc\u30f4\u30a3\u30c0\u9032\u6b69\u515a"},{"lang":"ml","url":"https://ml.wikipedia.org/wiki/%E0%B4%A6%E0%B5%8D%E0%B4%B0%E0%B4%BE%E0%B4%B5%E0%B4%BF%E0%B4%A1_%E0%B4%AE%E0%B5%81%E0%B4%A8%E0%B5%8D%E0%B4%A8%E0%B5%87%E0%B4%B1%E0%B5%8D%E0%B4%B1_%E0%B4%95%E0%B4%B4%E0%B4%95%E0%B4%82","*":"\u0d26\u0d4d\u0d30\u0d3e\u0d35\u0d3f\u0d21 \u0d2e\u0d41\u0d28\u0d4d\u0d28\u0d47\u0d31\u0d4d\u0d31 \u0d15\u0d34\u0d15\u0d02"},{"lang":"mr","url":"https://mr.wikipedia.org/wiki/%E0%A4%A6%E0%A5%8D%E0%A4%B0%E0%A4%B5%E0%A4%BF%E0%A4%A1_%E0%A4%AE%E0%A5%81%E0%A4%A8%E0%A5%8D%E0%A4%A8%E0%A5%87%E0%A4%9F%E0%A5%8D%E0%A4%B0_%E0%A4%95%E0%A4%B3%E0%A4%97%E0%A4%AE","*":"\u0926\u094d\u0930\u0935\u093f\u0921 \u092e\u0941\u0928\u094d\u0928\u0947\u091f\u094d\u0930 \u0915\u0933\u0917\u092e"},{"lang":"pa","url":"https://pa.wikipedia.org/wiki/%E0%A8%A6%E0%A9%8D%E0%A8%B0%E0%A8%BE%E0%A8%B5%E0%A8%BF%E0%A9%9C_%E0%A8%AE%E0%A9%81%E0%A8%A8%E0%A9%87%E0%A8%A4%E0%A8%B0_%E0%A8%95%E0%A9%9C%E0%A8%97%E0%A8%AE","*":"\u0a26\u0a4d\u0a30\u0a3e\u0a35\u0a3f\u0a5c \u0a2e\u0a41\u0a28\u0a47\u0a24\u0a30 \u0a15\u0a5c\u0a17\u0a2e"},{"lang":"pt","url":"https://pt.wikipedia.org/wiki/Dravida_Munnetra_Kazhagam","*":"Dravida Munnetra Kazhagam"},{"lang":"ru","url":"https://ru.wikipedia.org/wiki/%D0%94%D1%80%D0%B0%D0%B2%D0%B8%D0%B4%D0%B0_%D0%BC%D1%83%D0%BD%D0%BD%D0%B5%D1%82%D1%80%D0%B0_%D0%BA%D0%B0%D0%B6%D0%B0%D0%B3%D0%B0%D0%BC","*":"\u0414\u0440\u0430\u0432\u0438\u0434\u0430 \u043c\u0443\u043d\u043d\u0435\u0442\u0440\u0430 \u043a\u0430\u0436\u0430\u0433\u0430\u043c"},{"lang":"sa","url":"https://sa.wikipedia.org/wiki/%E0%A4%A6%E0%A5%8D%E0%A4%B0%E0%A4%BE%E0%A4%B5%E0%A4%BF%E0%A4%A1%E0%A4%AE%E0%A5%81%E0%A4%A8%E0%A5%8D%E0%A4%A8%E0%A5%87%E0%A4%A4%E0%A5%8D%E0%A4%B0%E0%A4%95%E0%A4%B3%E0%A4%97%E0%A4%AE%E0%A5%8D(%E0%A4%A1%E0%A4%BF.%E0%A4%8F%E0%A4%AE%E0%A5%8D.%E0%A4%95%E0%A5%87)","*":"\u0926\u094d\u0930\u093e\u0935\u093f\u0921\u092e\u0941\u0928\u094d\u0928\u0947\u0924\u094d\u0930\u0915\u0933\u0917\u092e\u094d(\u0921\u093f.\u090f\u092e\u094d.\u0915\u0947)"},{"lang":"simple","url":"https://simple.wikipedia.org/wiki/Dravida_Munnetra_Kazhagam","*":"Dravida Munnetra Kazhagam"},{"lang":"sv","url":"https://sv.wikipedia.org/wiki/Dravida_Munnetra_Kazhagam","*":"Dravida Munnetra Kazhagam"},{"lang":"ta","url":"https://ta.wikipedia.org/wiki/%E0%AE%A4%E0%AE%BF%E0%AE%B0%E0%AE%BE%E0%AE%B5%E0%AE%BF%E0%AE%9F_%E0%AE%AE%E0%AF%81%E0%AE%A9%E0%AF%8D%E0%AE%A9%E0%AF%87%E0%AE%B1%E0%AF%8D%E0%AE%B1%E0%AE%95%E0%AF%8D_%E0%AE%95%E0%AE%B4%E0%AE%95%E0%AE%AE%E0%AF%8D","*":"\u0ba4\u0bbf\u0bb0\u0bbe\u0bb5\u0bbf\u0b9f \u0bae\u0bc1\u0ba9\u0bcd\u0ba9\u0bc7\u0bb1\u0bcd\u0bb1\u0b95\u0bcd \u0b95\u0bb4\u0b95\u0bae\u0bcd"},{"lang":"te","url":"https://te.wikipedia.org/wiki/%E0%B0%A6%E0%B1%8D%E0%B0%B0%E0%B0%B5%E0%B0%BF%E0%B0%A1_%E0%B0%AE%E0%B1%81%E0%B0%A8%E0%B1%8D%E0%B0%A8%E0%B1%87%E0%B0%9F%E0%B1%8D%E0%B0%B0_%E0%B0%95%E0%B0%9C%E0%B0%97%E0%B0%82_(%E0%B0%A1%E0%B1%80%E0%B0%8E%E0%B0%82%E0%B0%95%E0%B1%87)","*":"\u0c26\u0c4d\u0c30\u0c35\u0c3f\u0c21 \u0c2e\u0c41\u0c28\u0c4d\u0c28\u0c47\u0c1f\u0c4d\u0c30 \u0c15\u0c1c\u0c17\u0c02 (\u0c21\u0c40\u0c0e\u0c02\u0c15\u0c47)"},{"lang":"uk","url":"https://uk.wikipedia.org/wiki/%D0%94%D1%80%D0%B0%D0%B2%D1%96%D0%B4%D0%B0_%D0%9C%D1%83%D0%BD%D0%BD%D0%B5%D1%82%D1%80%D0%B0_%D0%9A%D0%B0%D1%80%D0%B0%D0%BA%D0%B0%D0%BC","*":"\u0414\u0440\u0430\u0432\u0456\u0434\u0430 \u041c\u0443\u043d\u043d\u0435\u0442\u0440\u0430 \u041a\u0430\u0440\u0430\u043a\u0430\u043c"},{"lang":"zh","url":"https://zh.wikipedia.org/wiki/%E8%BE%BE%E7%BD%97%E6%AF%97%E8%8D%BC%E8%BF%9B%E6%AD%A5%E8%81%94%E7%9B%9F","*":"\u8fbe\u7f57\u6bd7\u837c\u8fdb\u6b65\u8054\u76df"}]}}}}