{"partyfacts_id":170,"batchcomplete":"","query":{"normalized":[{"from":"National_Unity_Front","to":"National Unity Front"}],"pages":{"4604078":{"pageid":4604078,"ns":0,"title":"National Unity Front","langlinks":[{"lang":"ar","url":"https://ar.wikipedia.org/wiki/%D8%AC%D8%A8%D9%87%D8%A9_%D8%A7%D9%84%D9%88%D8%AD%D8%AF%D8%A9_%D8%A7%D9%84%D9%88%D8%B7%D9%86%D9%8A%D8%A9","*":"\u062c\u0628\u0647\u0629 \u0627\u0644\u0648\u062d\u062f\u0629 \u0627\u0644\u0648\u0637\u0646\u064a\u0629"},{"lang":"ca","url":"https://ca.wikipedia.org/wiki/Front_d%27Unitat_Nacional","*":"Front d'Unitat Nacional"},{"lang":"de","url":"https://de.wikipedia.org/wiki/Unidad_Nacional_(Bolivien)","*":"Unidad Nacional (Bolivien)"},{"lang":"es","url":"https://es.wikipedia.org/wiki/Frente_de_Unidad_Nacional","*":"Frente de Unidad Nacional"},{"lang":"fr","url":"https://fr.wikipedia.org/wiki/Front_d%27unit%C3%A9_nationale_(Bolivie)","*":"Front d'unit\u00e9 nationale (Bolivie)"},{"lang":"it","url":"https://it.wikipedia.org/wiki/Fronte_di_Unit%C3%A0_Nazionale","*":"Fronte di Unit\u00e0 Nazionale"},{"lang":"ru","url":"https://ru.wikipedia.org/wiki/%D0%A4%D1%80%D0%BE%D0%BD%D1%82_%D0%BD%D0%B0%D1%86%D0%B8%D0%BE%D0%BD%D0%B0%D0%BB%D1%8C%D0%BD%D0%BE%D0%B3%D0%BE_%D0%B5%D0%B4%D0%B8%D0%BD%D1%81%D1%82%D0%B2%D0%B0_(%D0%91%D0%BE%D0%BB%D0%B8%D0%B2%D0%B8%D1%8F)","*":"\u0424\u0440\u043e\u043d\u0442 \u043d\u0430\u0446\u0438\u043e\u043d\u0430\u043b\u044c\u043d\u043e\u0433\u043e \u0435\u0434\u0438\u043d\u0441\u0442\u0432\u0430 (\u0411\u043e\u043b\u0438\u0432\u0438\u044f)"}]}}}}