{"partyfacts_id":1702,"batchcomplete":"","query":{"normalized":[{"from":"Latvian_Farmers'_Union","to":"Latvian Farmers' Union"}],"pages":{"1906475":{"pageid":1906475,"ns":0,"title":"Latvian Farmers' Union","langlinks":[{"lang":"ca","url":"https://ca.wikipedia.org/wiki/Uni%C3%B3_d%27Agricultors_Letons","*":"Uni\u00f3 d'Agricultors Letons"},{"lang":"da","url":"https://da.wikipedia.org/wiki/Latvijas_Zemnieku_savien%C4%ABba","*":"Latvijas Zemnieku savien\u012bba"},{"lang":"de","url":"https://de.wikipedia.org/wiki/Latvijas_Zemnieku_savien%C4%ABba","*":"Latvijas Zemnieku savien\u012bba"},{"lang":"eo","url":"https://eo.wikipedia.org/wiki/Latvia_Kamparana_Unio","*":"Latvia Kamparana Unio"},{"lang":"fr","url":"https://fr.wikipedia.org/wiki/Union_des_paysans_de_Lettonie","*":"Union des paysans de Lettonie"},{"lang":"it","url":"https://it.wikipedia.org/wiki/Unione_degli_Agricoltori_della_Lettonia","*":"Unione degli Agricoltori della Lettonia"},{"lang":"ja","url":"https://ja.wikipedia.org/wiki/%E3%83%A9%E3%83%88%E3%83%93%E3%82%A2%E8%BE%B2%E6%B0%91%E9%80%A3%E5%90%88","*":"\u30e9\u30c8\u30d3\u30a2\u8fb2\u6c11\u9023\u5408"},{"lang":"ko","url":"https://ko.wikipedia.org/wiki/%EB%9D%BC%ED%8A%B8%EB%B9%84%EC%95%84_%EB%86%8D%EB%AF%BC%EC%97%B0%ED%95%A9","*":"\ub77c\ud2b8\ube44\uc544 \ub18d\ubbfc\uc5f0\ud569"},{"lang":"lt","url":"https://lt.wikipedia.org/wiki/Latvijos_valstie%C4%8Di%C5%B3_s%C4%85junga","*":"Latvijos valstie\u010di\u0173 s\u0105junga"},{"lang":"lv","url":"https://lv.wikipedia.org/wiki/Latvijas_Zemnieku_savien%C4%ABba","*":"Latvijas Zemnieku savien\u012bba"},{"lang":"nb","url":"https://no.wikipedia.org/wiki/Latvijas_Zemnieku_savien%C4%ABba","*":"Latvijas Zemnieku savien\u012bba"},{"lang":"pl","url":"https://pl.wikipedia.org/wiki/%C5%81otewski_Zwi%C4%85zek_Rolnik%C3%B3w","*":"\u0141otewski Zwi\u0105zek Rolnik\u00f3w"},{"lang":"ru","url":"https://ru.wikipedia.org/wiki/%D0%9A%D1%80%D0%B5%D1%81%D1%82%D1%8C%D1%8F%D0%BD%D1%81%D0%BA%D0%B8%D0%B9_%D1%81%D0%BE%D1%8E%D0%B7_%D0%9B%D0%B0%D1%82%D0%B2%D0%B8%D0%B8","*":"\u041a\u0440\u0435\u0441\u0442\u044c\u044f\u043d\u0441\u043a\u0438\u0439 \u0441\u043e\u044e\u0437 \u041b\u0430\u0442\u0432\u0438\u0438"},{"lang":"uk","url":"https://uk.wikipedia.org/wiki/%D0%A1%D0%B5%D0%BB%D1%8F%D0%BD%D1%81%D1%8C%D0%BA%D0%B8%D0%B9_%D1%81%D0%BE%D1%8E%D0%B7_%D0%9B%D0%B0%D1%82%D0%B2%D1%96%D1%97","*":"\u0421\u0435\u043b\u044f\u043d\u0441\u044c\u043a\u0438\u0439 \u0441\u043e\u044e\u0437 \u041b\u0430\u0442\u0432\u0456\u0457"},{"lang":"zh","url":"https://zh.wikipedia.org/wiki/%E6%8B%89%E8%84%B1%E7%BB%B4%E4%BA%9A%E5%86%9C%E6%B0%91%E8%81%94%E7%9B%9F","*":"\u62c9\u8131\u7ef4\u4e9a\u519c\u6c11\u8054\u76df"}]}}}}