{"partyfacts_id":1703,"batchcomplete":"","query":{"normalized":[{"from":"Innovation_and_Unity_Party","to":"Innovation and Unity Party"}],"pages":{"2251700":{"pageid":2251700,"ns":0,"title":"Innovation and Unity Party","langlinks":[{"lang":"es","url":"https://es.wikipedia.org/wiki/Partido_Innovaci%C3%B3n_y_Unidad","*":"Partido Innovaci\u00f3n y Unidad"},{"lang":"fr","url":"https://fr.wikipedia.org/wiki/Parti_Innovation_et_Unit%C3%A9","*":"Parti Innovation et Unit\u00e9"},{"lang":"it","url":"https://it.wikipedia.org/wiki/Partito_di_Innovazione_e_Unit%C3%A0","*":"Partito di Innovazione e Unit\u00e0"}]}}}}