{"partyfacts_id":1705,"batchcomplete":"","query":{"normalized":[{"from":"United_People_Alliance","to":"United People Alliance"}],"pages":{"30862370":{"pageid":30862370,"ns":0,"title":"United People Alliance","langlinks":[{"lang":"de","url":"https://de.wikipedia.org/wiki/Alian%C3%A7a_Povo_Unido","*":"Alian\u00e7a Povo Unido"},{"lang":"es","url":"https://es.wikipedia.org/wiki/Alianza_Pueblo_Unido","*":"Alianza Pueblo Unido"},{"lang":"fr","url":"https://fr.wikipedia.org/wiki/Alliance_du_peuple_uni","*":"Alliance du peuple uni"},{"lang":"it","url":"https://it.wikipedia.org/wiki/Alleanza_del_Popolo_Unito","*":"Alleanza del Popolo Unito"},{"lang":"pt","url":"https://pt.wikipedia.org/wiki/Alian%C3%A7a_Povo_Unido","*":"Alian\u00e7a Povo Unido"}]}}}}