{"partyfacts_id":1707,"batchcomplete":"","query":{"normalized":[{"from":"Mayors_and_Independents","to":"Mayors and Independents"}],"pages":{"29339964":{"pageid":29339964,"ns":0,"title":"Mayors and Independents","langlinks":[{"lang":"ca","url":"https://ca.wikipedia.org/wiki/Batlles_i_Independents","*":"Batlles i Independents"},{"lang":"cs","url":"https://cs.wikipedia.org/wiki/Starostov%C3%A9_a_nez%C3%A1visl%C3%AD","*":"Starostov\u00e9 a nez\u00e1visl\u00ed"},{"lang":"de","url":"https://de.wikipedia.org/wiki/Starostov%C3%A9_a_nez%C3%A1visl%C3%AD","*":"Starostov\u00e9 a nez\u00e1visl\u00ed"},{"lang":"es","url":"https://es.wikipedia.org/wiki/Alcaldes_e_independientes","*":"Alcaldes e independientes"},{"lang":"fr","url":"https://fr.wikipedia.org/wiki/Maires_et_Ind%C3%A9pendants","*":"Maires et Ind\u00e9pendants"},{"lang":"it","url":"https://it.wikipedia.org/wiki/Sindaci_e_Indipendenti","*":"Sindaci e Indipendenti"},{"lang":"ko","url":"https://ko.wikipedia.org/wiki/%EC%8B%9C%EC%9E%A5%EA%B3%BC_%EB%8F%85%EB%A6%BD","*":"\uc2dc\uc7a5\uacfc \ub3c5\ub9bd"},{"lang":"lmo","url":"https://lmo.wikipedia.org/wiki/Sindegh_e_Independent","*":"Sindegh e Independent"},{"lang":"pl","url":"https://pl.wikipedia.org/wiki/Burmistrzowie_i_Niezale%C5%BCni","*":"Burmistrzowie i Niezale\u017cni"},{"lang":"ru","url":"https://ru.wikipedia.org/wiki/%D0%A1%D1%82%D0%B0%D1%80%D0%BE%D1%81%D1%82%D1%8B_%D0%B8_%D0%BD%D0%B5%D0%B7%D0%B0%D0%B2%D0%B8%D1%81%D0%B8%D0%BC%D1%8B%D0%B5","*":"\u0421\u0442\u0430\u0440\u043e\u0441\u0442\u044b \u0438 \u043d\u0435\u0437\u0430\u0432\u0438\u0441\u0438\u043c\u044b\u0435"},{"lang":"sk","url":"https://sk.wikipedia.org/wiki/Starostovia_a_nez%C3%A1visl%C3%AD","*":"Starostovia a nez\u00e1visl\u00ed"}]}}}}