{"partyfacts_id":1709,"batchcomplete":"","query":{"normalized":[{"from":"Nationalist_Republican_Alliance","to":"Nationalist Republican Alliance"}],"pages":{"542175":{"pageid":542175,"ns":0,"title":"Nationalist Republican Alliance","langlinks":[{"lang":"bg","url":"https://bg.wikipedia.org/wiki/%D0%9D%D0%B0%D1%86%D0%B8%D0%BE%D0%BD%D0%B0%D0%BB%D0%B8%D1%81%D1%82%D0%B8%D1%87%D0%B5%D1%81%D0%BA%D0%B8_%D1%80%D0%B5%D0%BF%D1%83%D0%B1%D0%BB%D0%B8%D0%BA%D0%B0%D0%BD%D1%81%D0%BA%D0%B8_%D0%B0%D0%BB%D0%B8%D0%B0%D0%BD%D1%81","*":"\u041d\u0430\u0446\u0438\u043e\u043d\u0430\u043b\u0438\u0441\u0442\u0438\u0447\u0435\u0441\u043a\u0438 \u0440\u0435\u043f\u0443\u0431\u043b\u0438\u043a\u0430\u043d\u0441\u043a\u0438 \u0430\u043b\u0438\u0430\u043d\u0441"},{"lang":"ca","url":"https://ca.wikipedia.org/wiki/Alianza_Republicana_Nacionalista","*":"Alianza Republicana Nacionalista"},{"lang":"da","url":"https://da.wikipedia.org/wiki/Alianza_Republicana_Nacionalista","*":"Alianza Republicana Nacionalista"},{"lang":"de","url":"https://de.wikipedia.org/wiki/Alianza_Republicana_Nacionalista","*":"Alianza Republicana Nacionalista"},{"lang":"el","url":"https://el.wikipedia.org/wiki/%CE%95%CE%B8%CE%BD%CE%B9%CE%BA%CE%B9%CF%83%CF%84%CE%B9%CE%BA%CE%AE_%CE%A1%CE%B5%CF%80%CE%BF%CF%85%CE%BC%CF%80%CE%BB%CE%B9%CE%BA%CE%B1%CE%BD%CE%B9%CE%BA%CE%AE_%CE%A3%CF%85%CE%BC%CE%BC%CE%B1%CF%87%CE%AF%CE%B1","*":"\u0395\u03b8\u03bd\u03b9\u03ba\u03b9\u03c3\u03c4\u03b9\u03ba\u03ae \u03a1\u03b5\u03c0\u03bf\u03c5\u03bc\u03c0\u03bb\u03b9\u03ba\u03b1\u03bd\u03b9\u03ba\u03ae \u03a3\u03c5\u03bc\u03bc\u03b1\u03c7\u03af\u03b1"},{"lang":"es","url":"https://es.wikipedia.org/wiki/Alianza_Republicana_Nacionalista","*":"Alianza Republicana Nacionalista"},{"lang":"eu","url":"https://eu.wikipedia.org/wiki/ARENA","*":"ARENA"},{"lang":"fi","url":"https://fi.wikipedia.org/wiki/Arena_(puolue)","*":"Arena (puolue)"},{"lang":"fr","url":"https://fr.wikipedia.org/wiki/Alliance_r%C3%A9publicaine_nationaliste","*":"Alliance r\u00e9publicaine nationaliste"},{"lang":"it","url":"https://it.wikipedia.org/wiki/Alleanza_Repubblicana_Nazionalista","*":"Alleanza Repubblicana Nazionalista"},{"lang":"ko","url":"https://ko.wikipedia.org/wiki/%EB%AF%BC%EC%A1%B1%EC%A3%BC%EC%9D%98_%EA%B3%B5%ED%99%94%EB%8F%99%EB%A7%B9","*":"\ubbfc\uc871\uc8fc\uc758 \uacf5\ud654\ub3d9\ub9f9"},{"lang":"nl","url":"https://nl.wikipedia.org/wiki/Nationalistische_Republikeinse_Alliantie","*":"Nationalistische Republikeinse Alliantie"},{"lang":"pl","url":"https://pl.wikipedia.org/wiki/Narodowy_Sojusz_Republika%C5%84ski","*":"Narodowy Sojusz Republika\u0144ski"},{"lang":"pt","url":"https://pt.wikipedia.org/wiki/Alian%C3%A7a_Republicana_Nacionalista","*":"Alian\u00e7a Republicana Nacionalista"},{"lang":"ru","url":"https://ru.wikipedia.org/wiki/%D0%9D%D0%B0%D1%86%D0%B8%D0%BE%D0%BD%D0%B0%D0%BB%D0%B8%D1%81%D1%82%D0%B8%D1%87%D0%B5%D1%81%D0%BA%D0%B8%D0%B9_%D1%80%D0%B5%D1%81%D0%BF%D1%83%D0%B1%D0%BB%D0%B8%D0%BA%D0%B0%D0%BD%D1%81%D0%BA%D0%B8%D0%B9_%D0%B0%D0%BB%D1%8C%D1%8F%D0%BD%D1%81","*":"\u041d\u0430\u0446\u0438\u043e\u043d\u0430\u043b\u0438\u0441\u0442\u0438\u0447\u0435\u0441\u043a\u0438\u0439 \u0440\u0435\u0441\u043f\u0443\u0431\u043b\u0438\u043a\u0430\u043d\u0441\u043a\u0438\u0439 \u0430\u043b\u044c\u044f\u043d\u0441"},{"lang":"sv","url":"https://sv.wikipedia.org/wiki/ARENA","*":"ARENA"},{"lang":"uk","url":"https://uk.wikipedia.org/wiki/%D0%9D%D0%B0%D1%86%D1%96%D0%BE%D0%BD%D0%B0%D0%BB%D1%8C%D0%BD%D0%B8%D0%B9_%D1%80%D0%B5%D1%81%D0%BF%D1%83%D0%B1%D0%BB%D1%96%D0%BA%D0%B0%D0%BD%D1%81%D1%8C%D0%BA%D0%B8%D0%B9_%D0%B0%D0%BB%D1%8C%D1%8F%D0%BD%D1%81","*":"\u041d\u0430\u0446\u0456\u043e\u043d\u0430\u043b\u044c\u043d\u0438\u0439 \u0440\u0435\u0441\u043f\u0443\u0431\u043b\u0456\u043a\u0430\u043d\u0441\u044c\u043a\u0438\u0439 \u0430\u043b\u044c\u044f\u043d\u0441"},{"lang":"zh","url":"https://zh.wikipedia.org/wiki/%E6%B0%91%E6%97%8F%E4%B8%BB%E4%B9%89%E5%85%B1%E5%92%8C%E8%81%94%E7%9B%9F","*":"\u6c11\u65cf\u4e3b\u4e49\u5171\u548c\u8054\u76df"}]}}}}