{"batchcomplete":"","query":{"normalized":[{"from":"Green_Party_of_Switzerland","to":"Green Party of Switzerland"}],"pages":{"345746":{"pageid":345746,"ns":0,"title":"Green Party of Switzerland","langlinks":[{"lang":"als","url":"https://als.wikipedia.org/wiki/Gr%C3%BCne_Partei_der_Schweiz","*":"Gr\u00fcne Partei der Schweiz"},{"lang":"bg","url":"https://bg.wikipedia.org/wiki/%D0%97%D0%B5%D0%BB%D0%B5%D0%BD%D0%B0_%D0%BF%D0%B0%D1%80%D1%82%D0%B8%D1%8F_%D0%BD%D0%B0_%D0%A8%D0%B2%D0%B5%D0%B9%D1%86%D0%B0%D1%80%D0%B8%D1%8F","*":"\u0417\u0435\u043b\u0435\u043d\u0430 \u043f\u0430\u0440\u0442\u0438\u044f \u043d\u0430 \u0428\u0432\u0435\u0439\u0446\u0430\u0440\u0438\u044f"},{"lang":"ca","url":"https://ca.wikipedia.org/wiki/Partit_Verd_de_Su%C3%AFssa","*":"Partit Verd de Su\u00efssa"},{"lang":"cs","url":"https://cs.wikipedia.org/wiki/%C5%A0v%C3%BDcarsk%C3%A1_strana_zelen%C3%BDch","*":"\u0160v\u00fdcarsk\u00e1 strana zelen\u00fdch"},{"lang":"de","url":"https://de.wikipedia.org/wiki/Gr%C3%BCne_Schweiz","*":"Gr\u00fcne Schweiz"},{"lang":"eo","url":"https://eo.wikipedia.org/wiki/Verda_Partio_de_Svislando","*":"Verda Partio de Svislando"},{"lang":"es","url":"https://es.wikipedia.org/wiki/Los_Verdes_(Suiza)","*":"Los Verdes (Suiza)"},{"lang":"fi","url":"https://fi.wikipedia.org/wiki/Sveitsin_vihre%C3%A4_puolue","*":"Sveitsin vihre\u00e4 puolue"},{"lang":"fr","url":"https://fr.wikipedia.org/wiki/Les_Verts_(Suisse)","*":"Les Verts (Suisse)"},{"lang":"frp","url":"https://frp.wikipedia.org/wiki/Parti_v%C3%A8rt_de_la_Suisse","*":"Parti v\u00e8rt de la Suisse"},{"lang":"it","url":"https://it.wikipedia.org/wiki/Partito_Ecologista_Svizzero","*":"Partito Ecologista Svizzero"},{"lang":"ja","url":"https://ja.wikipedia.org/wiki/%E3%82%B9%E3%82%A4%E3%82%B9%E7%B7%91%E3%81%AE%E5%85%9A","*":"\u30b9\u30a4\u30b9\u7dd1\u306e\u515a"},{"lang":"ko","url":"https://ko.wikipedia.org/wiki/%EC%8A%A4%EC%9C%84%EC%8A%A4_%EB%85%B9%EC%83%89%EB%8B%B9","*":"\uc2a4\uc704\uc2a4 \ub179\uc0c9\ub2f9"},{"lang":"la","url":"https://la.wikipedia.org/wiki/Factio_viridis_Helvetiae","*":"Factio viridis Helvetiae"},{"lang":"nl","url":"https://nl.wikipedia.org/wiki/Groene_Partij_van_Zwitserland","*":"Groene Partij van Zwitserland"},{"lang":"nb","url":"https://no.wikipedia.org/wiki/Gr%C3%BCne_/_Les_Verts_/_La_Verda_/_Verdi","*":"Gr\u00fcne / Les Verts / La Verda / Verdi"},{"lang":"pl","url":"https://pl.wikipedia.org/wiki/Zieloni_(Szwajcaria)","*":"Zieloni (Szwajcaria)"},{"lang":"pt","url":"https://pt.wikipedia.org/wiki/Partido_Verde_da_Su%C3%AD%C3%A7a","*":"Partido Verde da Su\u00ed\u00e7a"},{"lang":"rm","url":"https://rm.wikipedia.org/wiki/Partida_ecologica_svizra","*":"Partida ecologica svizra"},{"lang":"ru","url":"https://ru.wikipedia.org/wiki/%D0%97%D0%B5%D0%BB%D1%91%D0%BD%D0%B0%D1%8F_%D0%BF%D0%B0%D1%80%D1%82%D0%B8%D1%8F_%D0%A8%D0%B2%D0%B5%D0%B9%D1%86%D0%B0%D1%80%D0%B8%D0%B8","*":"\u0417\u0435\u043b\u0451\u043d\u0430\u044f \u043f\u0430\u0440\u0442\u0438\u044f \u0428\u0432\u0435\u0439\u0446\u0430\u0440\u0438\u0438"},{"lang":"sv","url":"https://sv.wikipedia.org/wiki/Schweiz_gr%C3%B6na_parti","*":"Schweiz gr\u00f6na parti"},{"lang":"zh","url":"https://zh.wikipedia.org/wiki/%E7%91%9E%E5%A3%AB%E7%B6%A0%E9%BB%A8","*":"\u745e\u58eb\u7da0\u9ee8"}]}}}}