{"batchcomplete":"","query":{"normalized":[{"from":"Civic_Democratic_Alliance","to":"Civic Democratic Alliance"}],"pages":{"424615":{"pageid":424615,"ns":0,"title":"Civic Democratic Alliance","langlinks":[{"lang":"ca","url":"https://ca.wikipedia.org/wiki/Alian%C3%A7a_C%C3%ADvica_Democr%C3%A0tica","*":"Alian\u00e7a C\u00edvica Democr\u00e0tica"},{"lang":"cs","url":"https://cs.wikipedia.org/wiki/Ob%C4%8Dansk%C3%A1_demokratick%C3%A1_aliance","*":"Ob\u010dansk\u00e1 demokratick\u00e1 aliance"},{"lang":"de","url":"https://de.wikipedia.org/wiki/Ob%C4%8Dansk%C3%A1_demokratick%C3%A1_aliance","*":"Ob\u010dansk\u00e1 demokratick\u00e1 aliance"},{"lang":"fr","url":"https://fr.wikipedia.org/wiki/Alliance_civique_d%C3%A9mocratique","*":"Alliance civique d\u00e9mocratique"},{"lang":"it","url":"https://it.wikipedia.org/wiki/Alleanza_Democratica_Civica","*":"Alleanza Democratica Civica"},{"lang":"ja","url":"https://ja.wikipedia.org/wiki/%E5%B8%82%E6%B0%91%E6%B0%91%E4%B8%BB%E5%90%8C%E7%9B%9F","*":"\u5e02\u6c11\u6c11\u4e3b\u540c\u76df"},{"lang":"pl","url":"https://pl.wikipedia.org/wiki/Obywatelski_Sojusz_Demokratyczny","*":"Obywatelski Sojusz Demokratyczny"}]}}}}