{"batchcomplete":"","query":{"normalized":[{"from":"All-German_Bloc/League_of_Expellees_and_Deprived_of_Rights","to":"All-German Bloc/League of Expellees and Deprived of Rights"}],"pages":{"2792132":{"pageid":2792132,"ns":0,"title":"All-German Bloc/League of Expellees and Deprived of Rights","langlinks":[{"lang":"ca","url":"https://ca.wikipedia.org/wiki/Lliga_dels_Expulsats","*":"Lliga dels Expulsats"},{"lang":"de","url":"https://de.wikipedia.org/wiki/Gesamtdeutscher_Block/Bund_der_Heimatvertriebenen_und_Entrechteten","*":"Gesamtdeutscher Block/Bund der Heimatvertriebenen und Entrechteten"},{"lang":"es","url":"https://es.wikipedia.org/wiki/Bloque_Pangerm%C3%A1nico/Liga_de_los_Expulsados_y_Privados_de_derechos","*":"Bloque Pangerm\u00e1nico/Liga de los Expulsados y Privados de derechos"},{"lang":"fr","url":"https://fr.wikipedia.org/wiki/Bloc_des_r%C3%A9fugi%C3%A9s","*":"Bloc des r\u00e9fugi\u00e9s"},{"lang":"gl","url":"https://gl.wikipedia.org/wiki/Bloque_dos_Refuxiados_e_Expatriados","*":"Bloque dos Refuxiados e Expatriados"},{"lang":"nl","url":"https://nl.wikipedia.org/wiki/Gesamtdeutscher_Block/Bund_der_Heimatvertriebenen_und_Entrechteten","*":"Gesamtdeutscher Block/Bund der Heimatvertriebenen und Entrechteten"},{"lang":"nb","url":"https://no.wikipedia.org/wiki/Gesamtdeutscher_Block/Bund_der_Heimatvertriebenen_und_Entrechteten","*":"Gesamtdeutscher Block/Bund der Heimatvertriebenen und Entrechteten"},{"lang":"pl","url":"https://pl.wikipedia.org/wiki/Blok_Wszechniemiecki/Blok_Wyp%C4%99dzonych_ze_Stron_Ojczystych_i_Pozbawionych_Praw","*":"Blok Wszechniemiecki/Blok Wyp\u0119dzonych ze Stron Ojczystych i Pozbawionych Praw"},{"lang":"pt","url":"https://pt.wikipedia.org/wiki/Bloco_dos_Refugiados_e_Expatriados","*":"Bloco dos Refugiados e Expatriados"},{"lang":"sv","url":"https://sv.wikipedia.org/wiki/Gesamtdeutscher_Block/Bund_der_Heimatvertriebenen_und_Entrechteten","*":"Gesamtdeutscher Block/Bund der Heimatvertriebenen und Entrechteten"}]}}}}