{"batchcomplete":"","query":{"normalized":[{"from":"Galician_Nationalist_Bloc","to":"Galician Nationalist Bloc"}],"pages":{"424775":{"pageid":424775,"ns":0,"title":"Galician Nationalist Bloc","langlinks":[{"lang":"an","url":"https://an.wikipedia.org/wiki/Bloque_Nacionalista_Galego","*":"Bloque Nacionalista Galego"},{"lang":"ast","url":"https://ast.wikipedia.org/wiki/Bloque_Nacionalista_Galego","*":"Bloque Nacionalista Galego"},{"lang":"br","url":"https://br.wikipedia.org/wiki/Bloque_Nacionalista_Galego","*":"Bloque Nacionalista Galego"},{"lang":"ca","url":"https://ca.wikipedia.org/wiki/Bloc_Nacionalista_Gallec","*":"Bloc Nacionalista Gallec"},{"lang":"de","url":"https://de.wikipedia.org/wiki/Bloque_Nacionalista_Galego","*":"Bloque Nacionalista Galego"},{"lang":"eo","url":"https://eo.wikipedia.org/wiki/Galega_Naciisma_Bloko","*":"Galega Naciisma Bloko"},{"lang":"es","url":"https://es.wikipedia.org/wiki/Bloque_Nacionalista_Galego","*":"Bloque Nacionalista Galego"},{"lang":"eu","url":"https://eu.wikipedia.org/wiki/Galiziako_Bloke_Nazionalista","*":"Galiziako Bloke Nazionalista"},{"lang":"fr","url":"https://fr.wikipedia.org/wiki/Bloc_nationaliste_galicien","*":"Bloc nationaliste galicien"},{"lang":"gl","url":"https://gl.wikipedia.org/wiki/Bloque_Nacionalista_Galego","*":"Bloque Nacionalista Galego"},{"lang":"it","url":"https://it.wikipedia.org/wiki/Blocco_Nazionalista_Galiziano","*":"Blocco Nazionalista Galiziano"},{"lang":"ja","url":"https://ja.wikipedia.org/wiki/%E3%82%AC%E3%83%AA%E3%82%B7%E3%82%A2%E6%B0%91%E6%97%8F%E4%B8%BB%E7%BE%A9%E3%83%96%E3%83%AD%E3%83%83%E3%82%AF","*":"\u30ac\u30ea\u30b7\u30a2\u6c11\u65cf\u4e3b\u7fa9\u30d6\u30ed\u30c3\u30af"},{"lang":"nl","url":"https://nl.wikipedia.org/wiki/Bloque_Nacionalista_Galego","*":"Bloque Nacionalista Galego"},{"lang":"nb","url":"https://no.wikipedia.org/wiki/Bloque_Nacionalista_Galego","*":"Bloque Nacionalista Galego"},{"lang":"oc","url":"https://oc.wikipedia.org/wiki/Bloque_Nacionalista_Galego","*":"Bloque Nacionalista Galego"},{"lang":"pl","url":"https://pl.wikipedia.org/wiki/Galicyjski_Blok_Nacjonalistyczny","*":"Galicyjski Blok Nacjonalistyczny"},{"lang":"pt","url":"https://pt.wikipedia.org/wiki/Bloco_Nacionalista_Galego","*":"Bloco Nacionalista Galego"},{"lang":"ru","url":"https://ru.wikipedia.org/wiki/%D0%93%D0%B0%D0%BB%D0%B8%D1%81%D0%B8%D0%B9%D1%81%D0%BA%D0%B8%D0%B9_%D0%BD%D0%B0%D1%86%D0%B8%D0%BE%D0%BD%D0%B0%D0%BB%D0%B8%D1%81%D1%82%D0%B8%D1%87%D0%B5%D1%81%D0%BA%D0%B8%D0%B9_%D0%B1%D0%BB%D0%BE%D0%BA","*":"\u0413\u0430\u043b\u0438\u0441\u0438\u0439\u0441\u043a\u0438\u0439 \u043d\u0430\u0446\u0438\u043e\u043d\u0430\u043b\u0438\u0441\u0442\u0438\u0447\u0435\u0441\u043a\u0438\u0439 \u0431\u043b\u043e\u043a"},{"lang":"sv","url":"https://sv.wikipedia.org/wiki/Bloque_Nacionalista_Galego","*":"Bloque Nacionalista Galego"},{"lang":"tr","url":"https://tr.wikipedia.org/wiki/Gali%C3%A7ya_Milliyet%C3%A7i_Bloku","*":"Gali\u00e7ya Milliyet\u00e7i Bloku"},{"lang":"zh","url":"https://zh.wikipedia.org/wiki/%E5%8A%A0%E5%88%A9%E8%A5%BF%E4%BA%9A%E6%B0%91%E6%97%8F%E4%B8%BB%E4%B9%89%E9%9B%86%E5%9B%A2","*":"\u52a0\u5229\u897f\u4e9a\u6c11\u65cf\u4e3b\u4e49\u96c6\u56e2"}]}}}}