{"batchcomplete":"","query":{"normalized":[{"from":"Labour_Party_(Lithuania)","to":"Labour Party (Lithuania)"}],"pages":{"783242":{"pageid":783242,"ns":0,"title":"Labour Party (Lithuania)","langlinks":[{"lang":"bg","url":"https://bg.wikipedia.org/wiki/%D0%9F%D0%B0%D1%80%D1%82%D0%B8%D1%8F_%D0%BD%D0%B0_%D1%82%D1%80%D1%83%D0%B4%D0%B0_(%D0%9B%D0%B8%D1%82%D0%B2%D0%B0)","*":"\u041f\u0430\u0440\u0442\u0438\u044f \u043d\u0430 \u0442\u0440\u0443\u0434\u0430 (\u041b\u0438\u0442\u0432\u0430)"},{"lang":"ca","url":"https://ca.wikipedia.org/wiki/Partit_del_Treball_(Litu%C3%A0nia)","*":"Partit del Treball (Litu\u00e0nia)"},{"lang":"de","url":"https://de.wikipedia.org/wiki/Darbo_partija_(leiboristai)","*":"Darbo partija (leiboristai)"},{"lang":"el","url":"https://el.wikipedia.org/wiki/%CE%95%CF%81%CE%B3%CE%B1%CF%84%CE%B9%CE%BA%CF%8C_%CE%9A%CF%8C%CE%BC%CE%BC%CE%B1_(%CE%9B%CE%B9%CE%B8%CE%BF%CF%85%CE%B1%CE%BD%CE%AF%CE%B1)","*":"\u0395\u03c1\u03b3\u03b1\u03c4\u03b9\u03ba\u03cc \u039a\u03cc\u03bc\u03bc\u03b1 (\u039b\u03b9\u03b8\u03bf\u03c5\u03b1\u03bd\u03af\u03b1)"},{"lang":"eo","url":"https://eo.wikipedia.org/wiki/Partio_de_Laboro_(Litovio)","*":"Partio de Laboro (Litovio)"},{"lang":"es","url":"https://es.wikipedia.org/wiki/Partido_del_Trabajo_(Lituania)","*":"Partido del Trabajo (Lituania)"},{"lang":"fi","url":"https://fi.wikipedia.org/wiki/Ty%C3%B6v%C3%A4enpuolue_(Liettua)","*":"Ty\u00f6v\u00e4enpuolue (Liettua)"},{"lang":"fr","url":"https://fr.wikipedia.org/wiki/Parti_du_travail_(Lituanie)","*":"Parti du travail (Lituanie)"},{"lang":"gl","url":"https://gl.wikipedia.org/wiki/Partido_do_Traballo_(Lituania)","*":"Partido do Traballo (Lituania)"},{"lang":"he","url":"https://he.wikipedia.org/wiki/%D7%9E%D7%A4%D7%9C%D7%92%D7%AA_%D7%94%D7%A2%D7%91%D7%95%D7%93%D7%94_(%D7%9C%D7%99%D7%98%D7%90)","*":"\u05de\u05e4\u05dc\u05d2\u05ea \u05d4\u05e2\u05d1\u05d5\u05d3\u05d4 (\u05dc\u05d9\u05d8\u05d0)"},{"lang":"hu","url":"https://hu.wikipedia.org/wiki/Munk%C3%A1sp%C3%A1rt_(Litv%C3%A1nia)","*":"Munk\u00e1sp\u00e1rt (Litv\u00e1nia)"},{"lang":"it","url":"https://it.wikipedia.org/wiki/Partito_del_Lavoro_(Lituania)","*":"Partito del Lavoro (Lituania)"},{"lang":"ja","url":"https://ja.wikipedia.org/wiki/%E5%8A%B4%E5%83%8D%E5%85%9A_(%E3%83%AA%E3%83%88%E3%82%A2%E3%83%8B%E3%82%A2)","*":"\u52b4\u50cd\u515a (\u30ea\u30c8\u30a2\u30cb\u30a2)"},{"lang":"ka","url":"https://ka.wikipedia.org/wiki/%E1%83%9A%E1%83%98%E1%83%94%E1%83%A2%E1%83%A3%E1%83%95%E1%83%98%E1%83%A1_%E1%83%A8%E1%83%A0%E1%83%9D%E1%83%9B%E1%83%98%E1%83%A1_%E1%83%9E%E1%83%90%E1%83%A0%E1%83%A2%E1%83%98%E1%83%90","*":"\u10da\u10d8\u10d4\u10e2\u10e3\u10d5\u10d8\u10e1 \u10e8\u10e0\u10dd\u10db\u10d8\u10e1 \u10de\u10d0\u10e0\u10e2\u10d8\u10d0"},{"lang":"ko","url":"https://ko.wikipedia.org/wiki/%EB%85%B8%EB%8F%99%EB%8B%B9_(%EB%A6%AC%ED%88%AC%EC%95%84%EB%8B%88%EC%95%84)","*":"\ub178\ub3d9\ub2f9 (\ub9ac\ud22c\uc544\ub2c8\uc544)"},{"lang":"lt","url":"https://lt.wikipedia.org/wiki/Darbo_partija","*":"Darbo partija"},{"lang":"lv","url":"https://lv.wikipedia.org/wiki/Darba_partija_(Lietuva)","*":"Darba partija (Lietuva)"},{"lang":"nl","url":"https://nl.wikipedia.org/wiki/Darbo_Partija","*":"Darbo Partija"},{"lang":"pl","url":"https://pl.wikipedia.org/wiki/Partia_Pracy_(Litwa)","*":"Partia Pracy (Litwa)"},{"lang":"pt","url":"https://pt.wikipedia.org/wiki/Partido_Trabalhista_(Litu%C3%A2nia)","*":"Partido Trabalhista (Litu\u00e2nia)"},{"lang":"ru","url":"https://ru.wikipedia.org/wiki/%D0%9F%D0%B0%D1%80%D1%82%D0%B8%D1%8F_%D1%82%D1%80%D1%83%D0%B4%D0%B0_(%D0%9B%D0%B8%D1%82%D0%B2%D0%B0)","*":"\u041f\u0430\u0440\u0442\u0438\u044f \u0442\u0440\u0443\u0434\u0430 (\u041b\u0438\u0442\u0432\u0430)"},{"lang":"sv","url":"https://sv.wikipedia.org/wiki/Darbo_Partija","*":"Darbo Partija"},{"lang":"uk","url":"https://uk.wikipedia.org/wiki/%D0%9F%D0%B0%D1%80%D1%82%D1%96%D1%8F_%D0%BF%D1%80%D0%B0%D1%86%D1%96_(%D0%9B%D0%B8%D1%82%D0%B2%D0%B0)","*":"\u041f\u0430\u0440\u0442\u0456\u044f \u043f\u0440\u0430\u0446\u0456 (\u041b\u0438\u0442\u0432\u0430)"},{"lang":"zh","url":"https://zh.wikipedia.org/wiki/%E5%8A%B3%E5%8A%A8%E5%85%9A_(%E7%AB%8B%E9%99%B6%E5%AE%9B)","*":"\u52b3\u52a8\u515a (\u7acb\u9676\u5b9b)"}]}}}}