{"batchcomplete":"","query":{"normalized":[{"from":"Young_Lithuania","to":"Young Lithuania"}],"pages":{"35797496":{"pageid":35797496,"ns":0,"title":"Young Lithuania","langlinks":[{"lang":"ca","url":"https://ca.wikipedia.org/wiki/Jove_Litu%C3%A0nia","*":"Jove Litu\u00e0nia"},{"lang":"eo","url":"https://eo.wikipedia.org/wiki/Juna_Litovio","*":"Juna Litovio"},{"lang":"hr","url":"https://hr.wikipedia.org/wiki/Mlada_Litva","*":"Mlada Litva"},{"lang":"it","url":"https://it.wikipedia.org/wiki/Giovane_Lituania","*":"Giovane Lituania"},{"lang":"lt","url":"https://lt.wikipedia.org/wiki/Partija_%E2%80%9EJaunoji_Lietuva%E2%80%9C","*":"Partija \u201eJaunoji Lietuva\u201c"},{"lang":"pl","url":"https://pl.wikipedia.org/wiki/M%C5%82oda_Litwa","*":"M\u0142oda Litwa"}]}}}}