{"batchcomplete":"","query":{"normalized":[{"from":"Bulgarian_Business_Bloc","to":"Bulgarian Business Bloc"}],"pages":{"40325713":{"pageid":40325713,"ns":0,"title":"Bulgarian Business Bloc","langlinks":[{"lang":"bg","url":"https://bg.wikipedia.org/wiki/%D0%91%D1%8A%D0%BB%D0%B3%D0%B0%D1%80%D1%81%D0%BA%D0%B8_%D0%B1%D0%B8%D0%B7%D0%BD%D0%B5%D1%81_%D0%B1%D0%BB%D0%BE%D0%BA","*":"\u0411\u044a\u043b\u0433\u0430\u0440\u0441\u043a\u0438 \u0431\u0438\u0437\u043d\u0435\u0441 \u0431\u043b\u043e\u043a"},{"lang":"es","url":"https://es.wikipedia.org/wiki/Bloque_Econ%C3%B3mico_B%C3%BAlgaro","*":"Bloque Econ\u00f3mico B\u00falgaro"},{"lang":"hu","url":"https://hu.wikipedia.org/wiki/Bolg%C3%A1r_%C3%9Czleti_Blokk","*":"Bolg\u00e1r \u00dczleti Blokk"},{"lang":"ru","url":"https://ru.wikipedia.org/wiki/%D0%91%D0%BE%D0%BB%D0%B3%D0%B0%D1%80%D1%81%D0%BA%D0%B8%D0%B9_%D0%B1%D0%B8%D0%B7%D0%BD%D0%B5%D1%81-%D0%B1%D0%BB%D0%BE%D0%BA","*":"\u0411\u043e\u043b\u0433\u0430\u0440\u0441\u043a\u0438\u0439 \u0431\u0438\u0437\u043d\u0435\u0441-\u0431\u043b\u043e\u043a"}]}}}}