{"batchcomplete":"","query":{"normalized":[{"from":"Democratic_Socialist_Party_(Ireland)","to":"Democratic Socialist Party (Ireland)"}],"pages":{"2334696":{"pageid":2334696,"ns":0,"title":"Democratic Socialist Party (Ireland)","langlinks":[{"lang":"ca","url":"https://ca.wikipedia.org/wiki/Partit_Socialista_Democr%C3%A0tic","*":"Partit Socialista Democr\u00e0tic"},{"lang":"de","url":"https://de.wikipedia.org/wiki/Democratic_Socialist_Party","*":"Democratic Socialist Party"},{"lang":"es","url":"https://es.wikipedia.org/wiki/Partido_Socialista_Democr%C3%A1tico_(Irlanda)","*":"Partido Socialista Democr\u00e1tico (Irlanda)"}]}}}}