{"batchcomplete":"","query":{"normalized":[{"from":"Democratic_Women's_League_of_Germany","to":"Democratic Women's League of Germany"}],"pages":{"336937":{"pageid":336937,"ns":0,"title":"Democratic Women's League of Germany","langlinks":[{"lang":"ar","url":"https://ar.wikipedia.org/wiki/%D8%A7%D9%84%D8%B1%D8%A7%D8%A8%D8%B7%D8%A9_%D8%A7%D9%84%D9%86%D8%B3%D8%A7%D8%A6%D9%8A%D8%A9_%D8%A7%D9%84%D8%AF%D9%8A%D9%85%D9%82%D8%B1%D8%A7%D8%B7%D9%8A%D8%A9_(%D8%A3%D9%84%D9%85%D8%A7%D9%86%D9%8A%D8%A7)","*":"\u0627\u0644\u0631\u0627\u0628\u0637\u0629 \u0627\u0644\u0646\u0633\u0627\u0626\u064a\u0629 \u0627\u0644\u062f\u064a\u0645\u0642\u0631\u0627\u0637\u064a\u0629 (\u0623\u0644\u0645\u0627\u0646\u064a\u0627)"},{"lang":"ca","url":"https://ca.wikipedia.org/wiki/Federaci%C3%B3_Democr%C3%A0tica_de_Dones_d%27Alemanya","*":"Federaci\u00f3 Democr\u00e0tica de Dones d'Alemanya"},{"lang":"de","url":"https://de.wikipedia.org/wiki/Demokratischer_Frauenbund_Deutschlands","*":"Demokratischer Frauenbund Deutschlands"},{"lang":"es","url":"https://es.wikipedia.org/wiki/Federaci%C3%B3n_Democr%C3%A1tica_de_Mujeres_de_Alemania","*":"Federaci\u00f3n Democr\u00e1tica de Mujeres de Alemania"},{"lang":"fi","url":"https://fi.wikipedia.org/wiki/Saksan_demokraattinen_naisliitto","*":"Saksan demokraattinen naisliitto"},{"lang":"fr","url":"https://fr.wikipedia.org/wiki/Ligue_d%C3%A9mocratique_des_femmes_d%27Allemagne","*":"Ligue d\u00e9mocratique des femmes d'Allemagne"},{"lang":"it","url":"https://it.wikipedia.org/wiki/Demokratischer_Frauenbund_Deutschlands","*":"Demokratischer Frauenbund Deutschlands"},{"lang":"nl","url":"https://nl.wikipedia.org/wiki/Demokratischer_Frauenbund_Deutschlands","*":"Demokratischer Frauenbund Deutschlands"},{"lang":"nb","url":"https://no.wikipedia.org/wiki/Demokratischer_Frauenbund_Deutschlands","*":"Demokratischer Frauenbund Deutschlands"},{"lang":"ru","url":"https://ru.wikipedia.org/wiki/%D0%94%D0%B5%D0%BC%D0%BE%D0%BA%D1%80%D0%B0%D1%82%D0%B8%D1%87%D0%B5%D1%81%D0%BA%D0%B8%D0%B9_%D0%B6%D0%B5%D0%BD%D1%81%D0%BA%D0%B8%D0%B9_%D1%81%D0%BE%D1%8E%D0%B7_%D0%93%D0%B5%D1%80%D0%BC%D0%B0%D0%BD%D0%B8%D0%B8","*":"\u0414\u0435\u043c\u043e\u043a\u0440\u0430\u0442\u0438\u0447\u0435\u0441\u043a\u0438\u0439 \u0436\u0435\u043d\u0441\u043a\u0438\u0439 \u0441\u043e\u044e\u0437 \u0413\u0435\u0440\u043c\u0430\u043d\u0438\u0438"},{"lang":"sv","url":"https://sv.wikipedia.org/wiki/Demokratischer_Frauenbund_Deutschlands","*":"Demokratischer Frauenbund Deutschlands"}]}}}}