{"batchcomplete":"","query":{"normalized":[{"from":"Party_for_Democratic_Prosperity","to":"Party for Democratic Prosperity"}],"pages":{"1453846":{"pageid":1453846,"ns":0,"title":"Party for Democratic Prosperity","langlinks":[{"lang":"bg","url":"https://bg.wikipedia.org/wiki/%D0%9F%D0%B0%D1%80%D1%82%D0%B8%D1%8F_%D0%B7%D0%B0_%D0%B4%D0%B5%D0%BC%D0%BE%D0%BA%D1%80%D0%B0%D1%82%D0%B8%D1%87%D0%B5%D0%BD_%D0%BF%D1%80%D0%BE%D1%81%D0%BF%D0%B5%D1%80%D0%B8%D1%82%D0%B5%D1%82","*":"\u041f\u0430\u0440\u0442\u0438\u044f \u0437\u0430 \u0434\u0435\u043c\u043e\u043a\u0440\u0430\u0442\u0438\u0447\u0435\u043d \u043f\u0440\u043e\u0441\u043f\u0435\u0440\u0438\u0442\u0435\u0442"},{"lang":"ca","url":"https://ca.wikipedia.org/wiki/Partit_per_la_Prosperitat_Democr%C3%A0tica","*":"Partit per la Prosperitat Democr\u00e0tica"},{"lang":"de","url":"https://de.wikipedia.org/wiki/Partei_f%C3%BCr_Demokratische_Prosperit%C3%A4t","*":"Partei f\u00fcr Demokratische Prosperit\u00e4t"},{"lang":"fr","url":"https://fr.wikipedia.org/wiki/Parti_pour_la_prosp%C3%A9rit%C3%A9_d%C3%A9mocratique","*":"Parti pour la prosp\u00e9rit\u00e9 d\u00e9mocratique"},{"lang":"it","url":"https://it.wikipedia.org/wiki/Partito_per_la_Prosperit%C3%A0_Democratica","*":"Partito per la Prosperit\u00e0 Democratica"},{"lang":"mk","url":"https://mk.wikipedia.org/wiki/%D0%9F%D0%B0%D1%80%D1%82%D0%B8%D1%98%D0%B0_%D0%B7%D0%B0_%D0%B4%D0%B5%D0%BC%D0%BE%D0%BA%D1%80%D0%B0%D1%82%D1%81%D0%BA%D0%B8_%D0%BF%D1%80%D0%BE%D1%81%D0%BF%D0%B5%D1%80%D0%B8%D1%82%D0%B5%D1%82","*":"\u041f\u0430\u0440\u0442\u0438\u0458\u0430 \u0437\u0430 \u0434\u0435\u043c\u043e\u043a\u0440\u0430\u0442\u0441\u043a\u0438 \u043f\u0440\u043e\u0441\u043f\u0435\u0440\u0438\u0442\u0435\u0442"},{"lang":"ru","url":"https://ru.wikipedia.org/wiki/%D0%9F%D0%B0%D1%80%D1%82%D0%B8%D1%8F_%D0%B4%D0%B5%D0%BC%D0%BE%D0%BA%D1%80%D0%B0%D1%82%D0%B8%D1%87%D0%B5%D1%81%D0%BA%D0%BE%D0%B3%D0%BE_%D0%BF%D1%80%D0%BE%D1%86%D0%B2%D0%B5%D1%82%D0%B0%D0%BD%D0%B8%D1%8F","*":"\u041f\u0430\u0440\u0442\u0438\u044f \u0434\u0435\u043c\u043e\u043a\u0440\u0430\u0442\u0438\u0447\u0435\u0441\u043a\u043e\u0433\u043e \u043f\u0440\u043e\u0446\u0432\u0435\u0442\u0430\u043d\u0438\u044f"},{"lang":"sv","url":"https://sv.wikipedia.org/wiki/Partiet_f%C3%B6r_demokratiskt_v%C3%A4lst%C3%A5nd","*":"Partiet f\u00f6r demokratiskt v\u00e4lst\u00e5nd"},{"lang":"uk","url":"https://uk.wikipedia.org/wiki/%D0%9F%D0%B0%D1%80%D1%82%D1%96%D1%8F_%D0%B4%D0%B5%D0%BC%D0%BE%D0%BA%D1%80%D0%B0%D1%82%D0%B8%D1%87%D0%BD%D0%BE%D0%B3%D0%BE_%D0%BF%D1%80%D0%BE%D1%86%D0%B2%D1%96%D1%82%D0%B0%D0%BD%D0%BD%D1%8F","*":"\u041f\u0430\u0440\u0442\u0456\u044f \u0434\u0435\u043c\u043e\u043a\u0440\u0430\u0442\u0438\u0447\u043d\u043e\u0433\u043e \u043f\u0440\u043e\u0446\u0432\u0456\u0442\u0430\u043d\u043d\u044f"}]}}}}