{"batchcomplete":"","query":{"normalized":[{"from":"Romanian_Social_Democratic_Party_(1990\u20132001)","to":"Romanian Social Democratic Party (1990\u20132001)"}],"pages":{"43407305":{"pageid":43407305,"ns":0,"title":"Romanian Social Democratic Party (1990\u20132001)","langlinks":[{"lang":"fr","url":"https://fr.wikipedia.org/wiki/Parti_social-d%C3%A9mocrate_roumain_(1990-2001)","*":"Parti social-d\u00e9mocrate roumain (1990-2001)"},{"lang":"it","url":"https://it.wikipedia.org/wiki/Partito_Social_Democratico_Romeno_(1990-2001)","*":"Partito Social Democratico Romeno (1990-2001)"},{"lang":"pl","url":"https://pl.wikipedia.org/wiki/Rumu%C5%84ska_Partia_Socjaldemokratyczna","*":"Rumu\u0144ska Partia Socjaldemokratyczna"},{"lang":"ro","url":"https://ro.wikipedia.org/wiki/Partidul_Social-Democrat_Rom%C3%A2n","*":"Partidul Social-Democrat Rom\u00e2n"}]}}}}