{"batchcomplete":"","query":{"pages":{"206984":{"pageid":206984,"ns":0,"title":"Likud","langlinks":[{"lang":"af","url":"https://af.wikipedia.org/wiki/Likoed","*":"Likoed"},{"lang":"ar","url":"https://ar.wikipedia.org/wiki/%D9%84%D9%8A%D9%83%D9%88%D8%AF","*":"\u0644\u064a\u0643\u0648\u062f"},{"lang":"arz","url":"https://arz.wikipedia.org/wiki/%D8%A7%D9%84%D9%84%D9%8A%D9%83%D9%88%D8%AF","*":"\u0627\u0644\u0644\u064a\u0643\u0648\u062f"},{"lang":"ast","url":"https://ast.wikipedia.org/wiki/Likud","*":"Likud"},{"lang":"az","url":"https://az.wikipedia.org/wiki/Likud","*":"Likud"},{"lang":"be-x-old","url":"https://be-tarask.wikipedia.org/wiki/%D0%9B%D1%96%D0%BA%D1%83%D0%B4","*":"\u041b\u0456\u043a\u0443\u0434"},{"lang":"bg","url":"https://bg.wikipedia.org/wiki/%D0%9B%D0%B8%D0%BA%D1%83%D0%B4","*":"\u041b\u0438\u043a\u0443\u0434"},{"lang":"bn","url":"https://bn.wikipedia.org/wiki/%E0%A6%B2%E0%A6%BF%E0%A6%95%E0%A7%81%E0%A6%A6","*":"\u09b2\u09bf\u0995\u09c1\u09a6"},{"lang":"br","url":"https://br.wikipedia.org/wiki/Likoud","*":"Likoud"},{"lang":"ca","url":"https://ca.wikipedia.org/wiki/Likud","*":"Likud"},{"lang":"cs","url":"https://cs.wikipedia.org/wiki/Likud","*":"Likud"},{"lang":"da","url":"https://da.wikipedia.org/wiki/Likud","*":"Likud"},{"lang":"de","url":"https://de.wikipedia.org/wiki/Likud","*":"Likud"},{"lang":"el","url":"https://el.wikipedia.org/wiki/%CE%9B%CE%B9%CE%BA%CE%BF%CF%8D%CE%BD%CF%84","*":"\u039b\u03b9\u03ba\u03bf\u03cd\u03bd\u03c4"},{"lang":"eo","url":"https://eo.wikipedia.org/wiki/Likud","*":"Likud"},{"lang":"es","url":"https://es.wikipedia.org/wiki/Likud","*":"Likud"},{"lang":"et","url":"https://et.wikipedia.org/wiki/Likud","*":"Likud"},{"lang":"eu","url":"https://eu.wikipedia.org/wiki/Likud","*":"Likud"},{"lang":"fa","url":"https://fa.wikipedia.org/wiki/%D9%84%DB%8C%DA%A9%D9%88%D8%AF","*":"\u0644\u06cc\u06a9\u0648\u062f"},{"lang":"fi","url":"https://fi.wikipedia.org/wiki/Likud","*":"Likud"},{"lang":"fo","url":"https://fo.wikipedia.org/wiki/Likud","*":"Likud"},{"lang":"fr","url":"https://fr.wikipedia.org/wiki/Likoud","*":"Likoud"},{"lang":"gl","url":"https://gl.wikipedia.org/wiki/Likud","*":"Likud"},{"lang":"he","url":"https://he.wikipedia.org/wiki/%D7%94%D7%9C%D7%99%D7%9B%D7%95%D7%93","*":"\u05d4\u05dc\u05d9\u05db\u05d5\u05d3"},{"lang":"hi","url":"https://hi.wikipedia.org/wiki/%E0%A4%B2%E0%A4%BF%E0%A4%95%E0%A5%81%E0%A4%A1","*":"\u0932\u093f\u0915\u0941\u0921"},{"lang":"hr","url":"https://hr.wikipedia.org/wiki/Likud","*":"Likud"},{"lang":"hu","url":"https://hu.wikipedia.org/wiki/Likud","*":"Likud"},{"lang":"id","url":"https://id.wikipedia.org/wiki/Likud","*":"Likud"},{"lang":"is","url":"https://is.wikipedia.org/wiki/Likud","*":"Likud"},{"lang":"it","url":"https://it.wikipedia.org/wiki/Likud","*":"Likud"},{"lang":"ja","url":"https://ja.wikipedia.org/wiki/%E3%83%AA%E3%82%AF%E3%83%BC%E3%83%89","*":"\u30ea\u30af\u30fc\u30c9"},{"lang":"jv","url":"https://jv.wikipedia.org/wiki/Likud","*":"Likud"},{"lang":"ka","url":"https://ka.wikipedia.org/wiki/%E1%83%9A%E1%83%98%E1%83%99%E1%83%A3%E1%83%93%E1%83%98","*":"\u10da\u10d8\u10d9\u10e3\u10d3\u10d8"},{"lang":"ko","url":"https://ko.wikipedia.org/wiki/%EB%A6%AC%EC%BF%A0%EB%93%9C","*":"\ub9ac\ucfe0\ub4dc"},{"lang":"la","url":"https://la.wikipedia.org/wiki/Likud","*":"Likud"},{"lang":"lad","url":"https://lad.wikipedia.org/wiki/Likud","*":"Likud"},{"lang":"lv","url":"https://lv.wikipedia.org/wiki/Likud","*":"Likud"},{"lang":"mk","url":"https://mk.wikipedia.org/wiki/%D0%9B%D0%B8%D0%BA%D1%83%D0%B4","*":"\u041b\u0438\u043a\u0443\u0434"},{"lang":"mn","url":"https://mn.wikipedia.org/wiki/%D0%9B%D0%B8%D0%BA%D1%83%D0%B4","*":"\u041b\u0438\u043a\u0443\u0434"},{"lang":"mr","url":"https://mr.wikipedia.org/wiki/%E0%A4%B2%E0%A4%BF%E0%A4%95%E0%A5%81%E0%A4%A1","*":"\u0932\u093f\u0915\u0941\u0921"},{"lang":"ms","url":"https://ms.wikipedia.org/wiki/Likud","*":"Likud"},{"lang":"nl","url":"https://nl.wikipedia.org/wiki/Likoed","*":"Likoed"},{"lang":"nn","url":"https://nn.wikipedia.org/wiki/Likud","*":"Likud"},{"lang":"nb","url":"https://no.wikipedia.org/wiki/Likud","*":"Likud"},{"lang":"pl","url":"https://pl.wikipedia.org/wiki/Likud","*":"Likud"},{"lang":"pt","url":"https://pt.wikipedia.org/wiki/Likud","*":"Likud"},{"lang":"ro","url":"https://ro.wikipedia.org/wiki/Likud","*":"Likud"},{"lang":"ru","url":"https://ru.wikipedia.org/wiki/%D0%9B%D0%B8%D0%BA%D1%83%D0%B4","*":"\u041b\u0438\u043a\u0443\u0434"},{"lang":"sh","url":"https://sh.wikipedia.org/wiki/Likud","*":"Likud"},{"lang":"simple","url":"https://simple.wikipedia.org/wiki/Likud","*":"Likud"},{"lang":"sk","url":"https://sk.wikipedia.org/wiki/Likud","*":"Likud"},{"lang":"sr","url":"https://sr.wikipedia.org/wiki/%D0%9B%D0%B8%D0%BA%D1%83%D0%B4","*":"\u041b\u0438\u043a\u0443\u0434"},{"lang":"sv","url":"https://sv.wikipedia.org/wiki/Likud","*":"Likud"},{"lang":"tr","url":"https://tr.wikipedia.org/wiki/Likud","*":"Likud"},{"lang":"uk","url":"https://uk.wikipedia.org/wiki/%D0%9B%D1%96%D0%BA%D1%83%D0%B4","*":"\u041b\u0456\u043a\u0443\u0434"},{"lang":"ur","url":"https://ur.wikipedia.org/wiki/%D9%84%DB%8C%DA%A9%D9%88%D8%AF","*":"\u0644\u06cc\u06a9\u0648\u062f"},{"lang":"vec","url":"https://vec.wikipedia.org/wiki/Likud","*":"Likud"},{"lang":"wuu","url":"https://wuu.wikipedia.org/wiki/%E5%88%A9%E5%BA%93%E5%BE%B7%E5%85%9A","*":"\u5229\u5e93\u5fb7\u515a"},{"lang":"yi","url":"https://yi.wikipedia.org/wiki/%D7%9C%D7%99%D7%9B%D7%95%D7%93","*":"\u05dc\u05d9\u05db\u05d5\u05d3"},{"lang":"zh","url":"https://zh.wikipedia.org/wiki/%E5%88%A9%E5%BA%93%E5%BE%B7%E9%9B%86%E5%9B%A2","*":"\u5229\u5e93\u5fb7\u96c6\u56e2"},{"lang":"zh-yue","url":"https://zh-yue.wikipedia.org/wiki/%E5%88%A9%E5%BA%AB%E5%BE%B7%E9%9B%86%E5%9C%98","*":"\u5229\u5eab\u5fb7\u96c6\u5718"}]}}}}