{"batchcomplete":"","query":{"normalized":[{"from":"Socialist_Party_of_Slovenia","to":"Socialist Party of Slovenia"}],"pages":{"29423062":{"pageid":29423062,"ns":0,"title":"Socialist Party of Slovenia","langlinks":[{"lang":"it","url":"https://it.wikipedia.org/wiki/Partito_Socialista_di_Slovenia","*":"Partito Socialista di Slovenia"},{"lang":"nl","url":"https://nl.wikipedia.org/wiki/Socialistische_Partij_van_Sloveni%C3%AB","*":"Socialistische Partij van Sloveni\u00eb"},{"lang":"sh","url":"https://sh.wikipedia.org/wiki/Socijalisti%C4%8Dka_stranka_Slovenije","*":"Socijalisti\u010dka stranka Slovenije"},{"lang":"sl","url":"https://sl.wikipedia.org/wiki/Socialisti%C4%8Dna_stranka_Slovenije","*":"Socialisti\u010dna stranka Slovenije"}]}}}}