{"batchcomplete":"","query":{"normalized":[{"from":"Estonian_Greens","to":"Estonian Greens"}],"pages":{"7413932":{"pageid":7413932,"ns":0,"title":"Estonian Greens","langlinks":[{"lang":"ca","url":"https://ca.wikipedia.org/wiki/Partit_Verd_Estoni%C3%A0","*":"Partit Verd Estoni\u00e0"},{"lang":"cs","url":"https://cs.wikipedia.org/wiki/Erakond_Eestimaa_Rohelised","*":"Erakond Eestimaa Rohelised"},{"lang":"de","url":"https://de.wikipedia.org/wiki/Eestimaa_Rohelised","*":"Eestimaa Rohelised"},{"lang":"el","url":"https://el.wikipedia.org/wiki/%CE%95%CF%83%CE%B8%CE%BF%CE%BD%CE%BF%CE%AF_%CE%A0%CF%81%CE%AC%CF%83%CE%B9%CE%BD%CE%BF%CE%B9","*":"\u0395\u03c3\u03b8\u03bf\u03bd\u03bf\u03af \u03a0\u03c1\u03ac\u03c3\u03b9\u03bd\u03bf\u03b9"},{"lang":"eo","url":"https://eo.wikipedia.org/wiki/Estoniaj_Verduloj","*":"Estoniaj Verduloj"},{"lang":"es","url":"https://es.wikipedia.org/wiki/Verdes_Estonios","*":"Verdes Estonios"},{"lang":"et","url":"https://et.wikipedia.org/wiki/Erakond_Eestimaa_Rohelised","*":"Erakond Eestimaa Rohelised"},{"lang":"fi","url":"https://fi.wikipedia.org/wiki/Viron_vihre%C3%A4t","*":"Viron vihre\u00e4t"},{"lang":"fr","url":"https://fr.wikipedia.org/wiki/Parti_vert_estonien","*":"Parti vert estonien"},{"lang":"it","url":"https://it.wikipedia.org/wiki/Verdi_Estoni","*":"Verdi Estoni"},{"lang":"pl","url":"https://pl.wikipedia.org/wiki/Esto%C5%84ska_Partia_Zielonych","*":"Esto\u0144ska Partia Zielonych"},{"lang":"ru","url":"https://ru.wikipedia.org/wiki/%D0%9F%D0%B0%D1%80%D1%82%D0%B8%D1%8F_%D0%B7%D0%B5%D0%BB%D1%91%D0%BD%D1%8B%D1%85_(%D0%AD%D1%81%D1%82%D0%BE%D0%BD%D0%B8%D1%8F)","*":"\u041f\u0430\u0440\u0442\u0438\u044f \u0437\u0435\u043b\u0451\u043d\u044b\u0445 (\u042d\u0441\u0442\u043e\u043d\u0438\u044f)"},{"lang":"sv","url":"https://sv.wikipedia.org/wiki/Erakond_Eestimaa_Rohelised","*":"Erakond Eestimaa Rohelised"},{"lang":"zh","url":"https://zh.wikipedia.org/wiki/%E6%84%9B%E6%B2%99%E5%B0%BC%E4%BA%9E%E7%B6%A0%E9%BB%A8","*":"\u611b\u6c99\u5c3c\u4e9e\u7da0\u9ee8"}]}}}}