{"batchcomplete":"","query":{"normalized":[{"from":"Left_Alliance_(Finland)","to":"Left Alliance (Finland)"}],"pages":{"224534":{"pageid":224534,"ns":0,"title":"Left Alliance (Finland)","langlinks":[{"lang":"ar","url":"https://ar.wikipedia.org/wiki/%D8%AA%D8%AD%D8%A7%D9%84%D9%81_%D8%A7%D9%84%D9%8A%D8%B3%D8%A7%D8%B1","*":"\u062a\u062d\u0627\u0644\u0641 \u0627\u0644\u064a\u0633\u0627\u0631"},{"lang":"arz","url":"https://arz.wikipedia.org/wiki/%D8%AA%D8%AD%D8%A7%D9%84%D9%81_%D8%A7%D9%84%D9%8A%D8%B3%D8%A7%D8%B1_(%D9%81%D9%8A%D9%86%D9%84%D8%A7%D9%86%D8%AF%D8%A7)","*":"\u062a\u062d\u0627\u0644\u0641 \u0627\u0644\u064a\u0633\u0627\u0631 (\u0641\u064a\u0646\u0644\u0627\u0646\u062f\u0627)"},{"lang":"ca","url":"https://ca.wikipedia.org/wiki/Alian%C3%A7a_d%27Esquerra_(Finl%C3%A0ndia)","*":"Alian\u00e7a d'Esquerra (Finl\u00e0ndia)"},{"lang":"cs","url":"https://cs.wikipedia.org/wiki/Svaz_levice","*":"Svaz levice"},{"lang":"da","url":"https://da.wikipedia.org/wiki/Venstreforbundet_(Finland)","*":"Venstreforbundet (Finland)"},{"lang":"de","url":"https://de.wikipedia.org/wiki/Linksb%C3%BCndnis_(Finnland)","*":"Linksb\u00fcndnis (Finnland)"},{"lang":"el","url":"https://el.wikipedia.org/wiki/%CE%91%CF%81%CE%B9%CF%83%CF%84%CE%B5%CF%81%CE%AE_%CE%A3%CF%85%CE%BC%CE%BC%CE%B1%CF%87%CE%AF%CE%B1_(%CE%A6%CE%B9%CE%BD%CE%BB%CE%B1%CE%BD%CE%B4%CE%AF%CE%B1)","*":"\u0391\u03c1\u03b9\u03c3\u03c4\u03b5\u03c1\u03ae \u03a3\u03c5\u03bc\u03bc\u03b1\u03c7\u03af\u03b1 (\u03a6\u03b9\u03bd\u03bb\u03b1\u03bd\u03b4\u03af\u03b1)"},{"lang":"eo","url":"https://eo.wikipedia.org/wiki/Maldekstra_Ligo_(Finnlando)","*":"Maldekstra Ligo (Finnlando)"},{"lang":"es","url":"https://es.wikipedia.org/wiki/Alianza_de_la_Izquierda","*":"Alianza de la Izquierda"},{"lang":"et","url":"https://et.wikipedia.org/wiki/Vasakliit","*":"Vasakliit"},{"lang":"fa","url":"https://fa.wikipedia.org/wiki/%D8%A7%D8%A6%D8%AA%D9%84%D8%A7%D9%81_%DA%86%D9%BE_(%D9%81%D9%86%D9%84%D8%A7%D9%86%D8%AF)","*":"\u0627\u0626\u062a\u0644\u0627\u0641 \u0686\u067e (\u0641\u0646\u0644\u0627\u0646\u062f)"},{"lang":"fi","url":"https://fi.wikipedia.org/wiki/Vasemmistoliitto","*":"Vasemmistoliitto"},{"lang":"fr","url":"https://fr.wikipedia.org/wiki/Alliance_de_gauche_(Finlande)","*":"Alliance de gauche (Finlande)"},{"lang":"hu","url":"https://hu.wikipedia.org/wiki/Finn_Baloldali_Sz%C3%B6vets%C3%A9g","*":"Finn Baloldali Sz\u00f6vets\u00e9g"},{"lang":"it","url":"https://it.wikipedia.org/wiki/Alleanza_di_Sinistra","*":"Alleanza di Sinistra"},{"lang":"ja","url":"https://ja.wikipedia.org/wiki/%E5%B7%A6%E7%BF%BC%E5%90%8C%E7%9B%9F_(%E3%83%95%E3%82%A3%E3%83%B3%E3%83%A9%E3%83%B3%E3%83%89)","*":"\u5de6\u7ffc\u540c\u76df (\u30d5\u30a3\u30f3\u30e9\u30f3\u30c9)"},{"lang":"ko","url":"https://ko.wikipedia.org/wiki/%EC%A2%8C%ED%8C%8C%EB%8F%99%EB%A7%B9_(%ED%95%80%EB%9E%80%EB%93%9C)","*":"\uc88c\ud30c\ub3d9\ub9f9 (\ud540\ub780\ub4dc)"},{"lang":"nl","url":"https://nl.wikipedia.org/wiki/Linkse_Alliantie","*":"Linkse Alliantie"},{"lang":"nn","url":"https://nn.wikipedia.org/wiki/Venstreforbundet","*":"Venstreforbundet"},{"lang":"nb","url":"https://no.wikipedia.org/wiki/V%C3%A4nsterf%C3%B6rbundet","*":"V\u00e4nsterf\u00f6rbundet"},{"lang":"pl","url":"https://pl.wikipedia.org/wiki/Sojusz_Lewicy","*":"Sojusz Lewicy"},{"lang":"pt","url":"https://pt.wikipedia.org/wiki/Alian%C3%A7a_de_Esquerda","*":"Alian\u00e7a de Esquerda"},{"lang":"ru","url":"https://ru.wikipedia.org/wiki/%D0%9B%D0%B5%D0%B2%D1%8B%D0%B9_%D1%81%D0%BE%D1%8E%D0%B7","*":"\u041b\u0435\u0432\u044b\u0439 \u0441\u043e\u044e\u0437"},{"lang":"se","url":"https://se.wikipedia.org/wiki/Gurutlihttu","*":"Gurutlihttu"},{"lang":"smn","url":"https://smn.wikipedia.org/wiki/%C4%8Ci%C5%BEetlitto","*":"\u010ci\u017eetlitto"},{"lang":"sv","url":"https://sv.wikipedia.org/wiki/V%C3%A4nsterf%C3%B6rbundet","*":"V\u00e4nsterf\u00f6rbundet"},{"lang":"tr","url":"https://tr.wikipedia.org/wiki/Sol_%C4%B0ttifak_(Finlandiya)","*":"Sol \u0130ttifak (Finlandiya)"},{"lang":"uk","url":"https://uk.wikipedia.org/wiki/%D0%9B%D1%96%D0%B2%D0%B8%D0%B9_%D1%81%D0%BE%D1%8E%D0%B7_(%D0%A4%D1%96%D0%BD%D0%BB%D1%8F%D0%BD%D0%B4%D1%96%D1%8F)","*":"\u041b\u0456\u0432\u0438\u0439 \u0441\u043e\u044e\u0437 (\u0424\u0456\u043d\u043b\u044f\u043d\u0434\u0456\u044f)"},{"lang":"zh","url":"https://zh.wikipedia.org/wiki/%E5%B7%A6%E7%BF%BC%E8%81%94%E7%9B%9F_(%E8%8A%AC%E5%85%B0)","*":"\u5de6\u7ffc\u8054\u76df (\u82ac\u5170)"}]}}}}