{"batchcomplete":"","query":{"normalized":[{"from":"Pacifist_Socialist_Party","to":"Pacifist Socialist Party"}],"pages":{"914522":{"pageid":914522,"ns":0,"title":"Pacifist Socialist Party","langlinks":[{"lang":"ca","url":"https://ca.wikipedia.org/wiki/Partit_Socialista_Pacifista","*":"Partit Socialista Pacifista"},{"lang":"de","url":"https://de.wikipedia.org/wiki/Pacifistisch_Socialistische_Partij","*":"Pacifistisch Socialistische Partij"},{"lang":"fr","url":"https://fr.wikipedia.org/wiki/Parti_socialiste_pacifiste","*":"Parti socialiste pacifiste"},{"lang":"it","url":"https://it.wikipedia.org/wiki/Partito_Pacifista-Socialista","*":"Partito Pacifista-Socialista"},{"lang":"nl","url":"https://nl.wikipedia.org/wiki/Pacifistisch_Socialistische_Partij","*":"Pacifistisch Socialistische Partij"},{"lang":"ru","url":"https://ru.wikipedia.org/wiki/%D0%9F%D0%B0%D1%86%D0%B8%D1%84%D0%B8%D1%81%D1%82%D1%81%D0%BA%D0%B0%D1%8F_%D1%81%D0%BE%D1%86%D0%B8%D0%B0%D0%BB%D0%B8%D1%81%D1%82%D0%B8%D1%87%D0%B5%D1%81%D0%BA%D0%B0%D1%8F_%D0%BF%D0%B0%D1%80%D1%82%D0%B8%D1%8F","*":"\u041f\u0430\u0446\u0438\u0444\u0438\u0441\u0442\u0441\u043a\u0430\u044f \u0441\u043e\u0446\u0438\u0430\u043b\u0438\u0441\u0442\u0438\u0447\u0435\u0441\u043a\u0430\u044f \u043f\u0430\u0440\u0442\u0438\u044f"},{"lang":"sv","url":"https://sv.wikipedia.org/wiki/Pacifistiska_socialistpartiet","*":"Pacifistiska socialistpartiet"},{"lang":"uk","url":"https://uk.wikipedia.org/wiki/%D0%9F%D0%B0%D1%86%D0%B8%D1%84%D1%96%D1%81%D1%82%D1%81%D1%8C%D0%BA%D0%B0_%D1%81%D0%BE%D1%86%D1%96%D0%B0%D0%BB%D1%96%D1%81%D1%82%D0%B8%D1%87%D0%BD%D0%B0_%D0%BF%D0%B0%D1%80%D1%82%D1%96%D1%8F","*":"\u041f\u0430\u0446\u0438\u0444\u0456\u0441\u0442\u0441\u044c\u043a\u0430 \u0441\u043e\u0446\u0456\u0430\u043b\u0456\u0441\u0442\u0438\u0447\u043d\u0430 \u043f\u0430\u0440\u0442\u0456\u044f"}]}}}}