{"batchcomplete":"","query":{"normalized":[{"from":"Democratic_Unification_Party","to":"Democratic Unification Party"}],"pages":{"944447":{"pageid":944447,"ns":0,"title":"Democratic Unification Party","langlinks":[{"lang":"es","url":"https://es.wikipedia.org/wiki/Unificaci%C3%B3n_Democr%C3%A1tica","*":"Unificaci\u00f3n Democr\u00e1tica"},{"lang":"fr","url":"https://fr.wikipedia.org/wiki/Unification_d%C3%A9mocratique","*":"Unification d\u00e9mocratique"},{"lang":"it","url":"https://it.wikipedia.org/wiki/Partito_di_Unificazione_Democratica","*":"Partito di Unificazione Democratica"},{"lang":"sv","url":"https://sv.wikipedia.org/wiki/Unificaci%C3%B3n_Democr%C3%A1tica","*":"Unificaci\u00f3n Democr\u00e1tica"},{"lang":"zh","url":"https://zh.wikipedia.org/wiki/%E6%B0%91%E4%B8%BB%E7%BB%9F%E4%B8%80","*":"\u6c11\u4e3b\u7edf\u4e00"}]}}}}