{"batchcomplete":"","query":{"normalized":[{"from":"Yisrael_BaAliyah","to":"Yisrael BaAliyah"}],"pages":{"1483002":{"pageid":1483002,"ns":0,"title":"Yisrael BaAliyah","langlinks":[{"lang":"ar","url":"https://ar.wikipedia.org/wiki/%D8%A5%D8%B3%D8%B1%D8%A7%D8%A6%D9%8A%D9%84_%D8%A8%D8%B9%D8%A7%D9%84%D9%8A%D8%A7%D9%87","*":"\u0625\u0633\u0631\u0627\u0626\u064a\u0644 \u0628\u0639\u0627\u0644\u064a\u0627\u0647"},{"lang":"ca","url":"https://ca.wikipedia.org/wiki/Israel_ba-Aliy%C3%A0","*":"Israel ba-Aliy\u00e0"},{"lang":"cs","url":"https://cs.wikipedia.org/wiki/Jisra%27el_ba-alija","*":"Jisra'el ba-alija"},{"lang":"de","url":"https://de.wikipedia.org/wiki/Jisra%E2%80%99el_ba-Alija","*":"Jisra\u2019el ba-Alija"},{"lang":"es","url":"https://es.wikipedia.org/wiki/Israel_ba-Aliy%C3%A1","*":"Israel ba-Aliy\u00e1"},{"lang":"fr","url":"https://fr.wikipedia.org/wiki/Yisrael_Ba%27aliyah","*":"Yisrael Ba'aliyah"},{"lang":"he","url":"https://he.wikipedia.org/wiki/%D7%99%D7%A9%D7%A8%D7%90%D7%9C_%D7%91%D7%A2%D7%9C%D7%99%D7%94","*":"\u05d9\u05e9\u05e8\u05d0\u05dc \u05d1\u05e2\u05dc\u05d9\u05d4"},{"lang":"pl","url":"https://pl.wikipedia.org/wiki/Jisra%E2%80%99el_ba-Alijja","*":"Jisra\u2019el ba-Alijja"},{"lang":"ru","url":"https://ru.wikipedia.org/wiki/%D0%98%D1%81%D1%80%D0%B0%D1%8D%D0%BB%D1%8C_%D0%B1%D0%B0-%D0%90%D0%BB%D0%B8%D1%8F","*":"\u0418\u0441\u0440\u0430\u044d\u043b\u044c \u0431\u0430-\u0410\u043b\u0438\u044f"},{"lang":"sv","url":"https://sv.wikipedia.org/wiki/Yisrael_Ba%27aliyah","*":"Yisrael Ba'aliyah"}]}}}}