{"batchcomplete":"","query":{"normalized":[{"from":"Party_of_Democratic_Socialism_(Germany)","to":"Party of Democratic Socialism (Germany)"}],"pages":{"23326":{"pageid":23326,"ns":0,"title":"Party of Democratic Socialism (Germany)","langlinks":[{"lang":"als","url":"https://als.wikipedia.org/wiki/Partei_des_Demokratischen_Sozialismus","*":"Partei des Demokratischen Sozialismus"},{"lang":"arz","url":"https://arz.wikipedia.org/wiki/%D8%AD%D8%B2%D8%A8_%D8%A7%D9%84%D8%A7%D8%B4%D8%AA%D8%B1%D8%A7%D9%83%D9%8A%D9%87_%D8%A7%D9%84%D8%AF%D9%8A%D9%85%D9%88%D9%82%D8%B1%D8%A7%D8%B7%D9%8A%D9%87","*":"\u062d\u0632\u0628 \u0627\u0644\u0627\u0634\u062a\u0631\u0627\u0643\u064a\u0647 \u0627\u0644\u062f\u064a\u0645\u0648\u0642\u0631\u0627\u0637\u064a\u0647"},{"lang":"ca","url":"https://ca.wikipedia.org/wiki/Die_Linkspartei","*":"Die Linkspartei"},{"lang":"cs","url":"https://cs.wikipedia.org/wiki/Die_Linkspartei.PDS","*":"Die Linkspartei.PDS"},{"lang":"da","url":"https://da.wikipedia.org/wiki/Partei_des_Demokratischen_Sozialismus","*":"Partei des Demokratischen Sozialismus"},{"lang":"de","url":"https://de.wikipedia.org/wiki/Partei_des_Demokratischen_Sozialismus","*":"Partei des Demokratischen Sozialismus"},{"lang":"el","url":"https://el.wikipedia.org/wiki/%CE%9A%CF%8C%CE%BC%CE%BC%CE%B1_%CE%94%CE%B7%CE%BC%CE%BF%CE%BA%CF%81%CE%B1%CF%84%CE%B9%CE%BA%CE%BF%CF%8D_%CE%A3%CE%BF%CF%83%CE%B9%CE%B1%CE%BB%CE%B9%CF%83%CE%BC%CE%BF%CF%8D_(%CE%93%CE%B5%CF%81%CE%BC%CE%B1%CE%BD%CE%AF%CE%B1)","*":"\u039a\u03cc\u03bc\u03bc\u03b1 \u0394\u03b7\u03bc\u03bf\u03ba\u03c1\u03b1\u03c4\u03b9\u03ba\u03bf\u03cd \u03a3\u03bf\u03c3\u03b9\u03b1\u03bb\u03b9\u03c3\u03bc\u03bf\u03cd (\u0393\u03b5\u03c1\u03bc\u03b1\u03bd\u03af\u03b1)"},{"lang":"es","url":"https://es.wikipedia.org/wiki/Partido_del_Socialismo_Democr%C3%A1tico","*":"Partido del Socialismo Democr\u00e1tico"},{"lang":"et","url":"https://et.wikipedia.org/wiki/Demokraatliku_Sotsialismi_Partei","*":"Demokraatliku Sotsialismi Partei"},{"lang":"eu","url":"https://eu.wikipedia.org/wiki/Sozialismo_Demokratikoaren_Alderdia","*":"Sozialismo Demokratikoaren Alderdia"},{"lang":"fi","url":"https://fi.wikipedia.org/wiki/Demokraattisen_sosialismin_puolue","*":"Demokraattisen sosialismin puolue"},{"lang":"fr","url":"https://fr.wikipedia.org/wiki/Parti_du_socialisme_d%C3%A9mocratique_(Allemagne)","*":"Parti du socialisme d\u00e9mocratique (Allemagne)"},{"lang":"he","url":"https://he.wikipedia.org/wiki/%D7%9E%D7%A4%D7%9C%D7%92%D7%AA_%D7%94%D7%A1%D7%95%D7%A6%D7%99%D7%90%D7%9C%D7%99%D7%96%D7%9D_%D7%94%D7%93%D7%9E%D7%95%D7%A7%D7%A8%D7%98%D7%99","*":"\u05de\u05e4\u05dc\u05d2\u05ea \u05d4\u05e1\u05d5\u05e6\u05d9\u05d0\u05dc\u05d9\u05d6\u05dd \u05d4\u05d3\u05de\u05d5\u05e7\u05e8\u05d8\u05d9"},{"lang":"hu","url":"https://hu.wikipedia.org/wiki/Demokratikus_Szocializmus_P%C3%A1rtja","*":"Demokratikus Szocializmus P\u00e1rtja"},{"lang":"it","url":"https://it.wikipedia.org/wiki/Partito_del_Socialismo_Democratico","*":"Partito del Socialismo Democratico"},{"lang":"ja","url":"https://ja.wikipedia.org/wiki/%E6%B0%91%E4%B8%BB%E7%A4%BE%E4%BC%9A%E5%85%9A_(%E3%83%89%E3%82%A4%E3%83%84)","*":"\u6c11\u4e3b\u793e\u4f1a\u515a (\u30c9\u30a4\u30c4)"},{"lang":"ko","url":"https://ko.wikipedia.org/wiki/%EB%AF%BC%EC%A3%BC%EC%82%AC%ED%9A%8C%EB%8B%B9_(%EB%8F%85%EC%9D%BC)","*":"\ubbfc\uc8fc\uc0ac\ud68c\ub2f9 (\ub3c5\uc77c)"},{"lang":"ksh","url":"https://ksh.wikipedia.org/wiki/Partei_des_Demokratischen_Sozialismus","*":"Partei des Demokratischen Sozialismus"},{"lang":"ku","url":"https://ku.wikipedia.org/wiki/PDS","*":"PDS"},{"lang":"la","url":"https://la.wikipedia.org/wiki/Factio_socialismi_democratici","*":"Factio socialismi democratici"},{"lang":"lmo","url":"https://lmo.wikipedia.org/wiki/Partei_des_Demokratischen_Sozialismus","*":"Partei des Demokratischen Sozialismus"},{"lang":"mk","url":"https://mk.wikipedia.org/wiki/%D0%9B%D0%B5%D0%B2%D0%B8%D1%87%D0%B0%D1%80%D1%81%D0%BA%D0%B0%D1%82%D0%B0_%D0%BF%D0%B0%D1%80%D1%82%D0%B8%D1%98%D0%B0.%D0%9F%D0%94%D0%A1","*":"\u041b\u0435\u0432\u0438\u0447\u0430\u0440\u0441\u043a\u0430\u0442\u0430 \u043f\u0430\u0440\u0442\u0438\u0458\u0430.\u041f\u0414\u0421"},{"lang":"nl","url":"https://nl.wikipedia.org/wiki/Partei_des_Demokratischen_Sozialismus","*":"Partei des Demokratischen Sozialismus"},{"lang":"nb","url":"https://no.wikipedia.org/wiki/Die_Linkspartei","*":"Die Linkspartei"},{"lang":"pl","url":"https://pl.wikipedia.org/wiki/Die_Linkspartei.PDS","*":"Die Linkspartei.PDS"},{"lang":"pt","url":"https://pt.wikipedia.org/wiki/Partido_do_Socialismo_Democr%C3%A1tico","*":"Partido do Socialismo Democr\u00e1tico"},{"lang":"ru","url":"https://ru.wikipedia.org/wiki/%D0%9F%D0%B0%D1%80%D1%82%D0%B8%D1%8F_%D0%B4%D0%B5%D0%BC%D0%BE%D0%BA%D1%80%D0%B0%D1%82%D0%B8%D1%87%D0%B5%D1%81%D0%BA%D0%BE%D0%B3%D0%BE_%D1%81%D0%BE%D1%86%D0%B8%D0%B0%D0%BB%D0%B8%D0%B7%D0%BC%D0%B0","*":"\u041f\u0430\u0440\u0442\u0438\u044f \u0434\u0435\u043c\u043e\u043a\u0440\u0430\u0442\u0438\u0447\u0435\u0441\u043a\u043e\u0433\u043e \u0441\u043e\u0446\u0438\u0430\u043b\u0438\u0437\u043c\u0430"},{"lang":"simple","url":"https://simple.wikipedia.org/wiki/The_Left_Party.PDS","*":"The Left Party.PDS"},{"lang":"sv","url":"https://sv.wikipedia.org/wiki/Partei_des_Demokratischen_Sozialismus","*":"Partei des Demokratischen Sozialismus"},{"lang":"tr","url":"https://tr.wikipedia.org/wiki/Demokratik_Sosyalizm_Partisi_(Almanya)","*":"Demokratik Sosyalizm Partisi (Almanya)"},{"lang":"zh","url":"https://zh.wikipedia.org/wiki/%E6%B0%91%E4%B8%BB%E7%A4%BE%E4%BC%9A%E4%B8%BB%E4%B9%89%E5%85%9A_(%E5%BE%B7%E5%9B%BD)","*":"\u6c11\u4e3b\u793e\u4f1a\u4e3b\u4e49\u515a (\u5fb7\u56fd)"}]}}}}