{"batchcomplete":"","query":{"normalized":[{"from":"Harmony_Centre","to":"Harmony Centre"}],"pages":{"4591044":{"pageid":4591044,"ns":0,"title":"Harmony Centre","langlinks":[{"lang":"bg","url":"https://bg.wikipedia.org/wiki/%D0%A6%D0%B5%D0%BD%D1%82%D1%8A%D1%80_%D0%BD%D0%B0_%D1%81%D1%8A%D0%B3%D0%BB%D0%B0%D1%81%D0%B8%D0%B5%D1%82%D0%BE","*":"\u0426\u0435\u043d\u0442\u044a\u0440 \u043d\u0430 \u0441\u044a\u0433\u043b\u0430\u0441\u0438\u0435\u0442\u043e"},{"lang":"ca","url":"https://ca.wikipedia.org/wiki/Centre_de_l%27Harmonia","*":"Centre de l'Harmonia"},{"lang":"cs","url":"https://cs.wikipedia.org/wiki/Centrum_shody","*":"Centrum shody"},{"lang":"da","url":"https://da.wikipedia.org/wiki/Saska%C5%86as_Centrs","*":"Saska\u0146as Centrs"},{"lang":"de","url":"https://de.wikipedia.org/wiki/Saska%C5%86as_Centrs","*":"Saska\u0146as Centrs"},{"lang":"eo","url":"https://eo.wikipedia.org/wiki/Centro_de_Harmonio","*":"Centro de Harmonio"},{"lang":"et","url":"https://et.wikipedia.org/wiki/Koosmeele_Keskus","*":"Koosmeele Keskus"},{"lang":"fi","url":"https://fi.wikipedia.org/wiki/Harmoniakeskus","*":"Harmoniakeskus"},{"lang":"fr","url":"https://fr.wikipedia.org/wiki/Centre_de_l%27harmonie","*":"Centre de l'harmonie"},{"lang":"it","url":"https://it.wikipedia.org/wiki/Centro_dell%27Armonia","*":"Centro dell'Armonia"},{"lang":"lt","url":"https://lt.wikipedia.org/wiki/Santarv%C4%97s_centras","*":"Santarv\u0117s centras"},{"lang":"lv","url":"https://lv.wikipedia.org/wiki/Saska%C5%86as_Centrs","*":"Saska\u0146as Centrs"},{"lang":"nl","url":"https://nl.wikipedia.org/wiki/Harmonie_Centrum","*":"Harmonie Centrum"},{"lang":"nb","url":"https://no.wikipedia.org/wiki/Saska%C5%86as_Centrs","*":"Saska\u0146as Centrs"},{"lang":"pl","url":"https://pl.wikipedia.org/wiki/Centrum_Zgody","*":"Centrum Zgody"},{"lang":"ru","url":"https://ru.wikipedia.org/wiki/%D0%A6%D0%B5%D0%BD%D1%82%D1%80_%D1%81%D0%BE%D0%B3%D0%BB%D0%B0%D1%81%D0%B8%D1%8F","*":"\u0426\u0435\u043d\u0442\u0440 \u0441\u043e\u0433\u043b\u0430\u0441\u0438\u044f"},{"lang":"sh","url":"https://sh.wikipedia.org/wiki/Centar_harmonije","*":"Centar harmonije"},{"lang":"sv","url":"https://sv.wikipedia.org/wiki/Harmonicenter","*":"Harmonicenter"},{"lang":"uk","url":"https://uk.wikipedia.org/wiki/%D0%A6%D0%B5%D0%BD%D1%82%D1%80_%D0%B7%D0%BB%D0%B0%D0%B3%D0%BE%D0%B4%D0%B8","*":"\u0426\u0435\u043d\u0442\u0440 \u0437\u043b\u0430\u0433\u043e\u0434\u0438"},{"lang":"vi","url":"https://vi.wikipedia.org/wiki/Trung_t%C3%A2m_H%C3%A0i_h%C3%B2a","*":"Trung t\u00e2m H\u00e0i h\u00f2a"},{"lang":"zh","url":"https://zh.wikipedia.org/wiki/%E5%92%8C%E8%B0%90%E4%B8%AD%E5%BF%83","*":"\u548c\u8c10\u4e2d\u5fc3"}]}}}}