{"batchcomplete":"","query":{"normalized":[{"from":"United_Torah_Judaism","to":"United Torah Judaism"}],"pages":{"279725":{"pageid":279725,"ns":0,"title":"United Torah Judaism","langlinks":[{"lang":"ar","url":"https://ar.wikipedia.org/wiki/%D9%8A%D9%87%D8%AF%D9%88%D8%AA_%D9%87%D8%AA%D9%88%D8%B1%D8%A7%D8%A9","*":"\u064a\u0647\u062f\u0648\u062a \u0647\u062a\u0648\u0631\u0627\u0629"},{"lang":"arz","url":"https://arz.wikipedia.org/wiki/%D9%8A%D9%87%D8%AF%D9%88%D8%AA_%D9%87%D8%AA%D9%88%D8%B1%D8%A7%D8%A9","*":"\u064a\u0647\u062f\u0648\u062a \u0647\u062a\u0648\u0631\u0627\u0629"},{"lang":"ca","url":"https://ca.wikipedia.org/wiki/Judaisme_Unit_de_la_Tor%C3%A0","*":"Judaisme Unit de la Tor\u00e0"},{"lang":"cs","url":"https://cs.wikipedia.org/wiki/Sjednocen%C3%BD_judaismus_T%C3%B3ry","*":"Sjednocen\u00fd judaismus T\u00f3ry"},{"lang":"de","url":"https://de.wikipedia.org/wiki/Vereinigtes_Thora-Judentum","*":"Vereinigtes Thora-Judentum"},{"lang":"es","url":"https://es.wikipedia.org/wiki/Juda%C3%ADsmo_Unido_de_la_Tor%C3%A1","*":"Juda\u00edsmo Unido de la Tor\u00e1"},{"lang":"fa","url":"https://fa.wikipedia.org/wiki/%D8%A7%D8%AA%D8%AD%D8%A7%D8%AF_%DB%8C%D9%87%D9%88%D8%AF%DB%8C%D8%AA_%D8%AA%D9%88%D8%B1%D8%A7%D8%AA%DB%8C","*":"\u0627\u062a\u062d\u0627\u062f \u06cc\u0647\u0648\u062f\u06cc\u062a \u062a\u0648\u0631\u0627\u062a\u06cc"},{"lang":"fr","url":"https://fr.wikipedia.org/wiki/Juda%C3%AFsme_unifi%C3%A9_de_la_Torah","*":"Juda\u00efsme unifi\u00e9 de la Torah"},{"lang":"he","url":"https://he.wikipedia.org/wiki/%D7%99%D7%94%D7%93%D7%95%D7%AA_%D7%94%D7%AA%D7%95%D7%A8%D7%94","*":"\u05d9\u05d4\u05d3\u05d5\u05ea \u05d4\u05ea\u05d5\u05e8\u05d4"},{"lang":"id","url":"https://id.wikipedia.org/wiki/Taurat_Yudaisme_Bersatu","*":"Taurat Yudaisme Bersatu"},{"lang":"it","url":"https://it.wikipedia.org/wiki/Giudaismo_Unito_nella_Torah","*":"Giudaismo Unito nella Torah"},{"lang":"ja","url":"https://ja.wikipedia.org/wiki/%E3%83%A6%E3%83%80%E3%83%A4%E3%83%BB%E3%83%88%E3%83%BC%E3%83%A9%E9%80%A3%E5%90%88","*":"\u30e6\u30c0\u30e4\u30fb\u30c8\u30fc\u30e9\u9023\u5408"},{"lang":"ko","url":"https://ko.wikipedia.org/wiki/%EC%9C%A0%EB%8C%80%EA%B5%90_%ED%86%A0%EB%9D%BC_%EC%97%B0%ED%95%A9","*":"\uc720\ub300\uad50 \ud1a0\ub77c \uc5f0\ud569"},{"lang":"nl","url":"https://nl.wikipedia.org/wiki/Verenigd_Thora-Jodendom","*":"Verenigd Thora-Jodendom"},{"lang":"pl","url":"https://pl.wikipedia.org/wiki/Zjednoczony_Judaizm_Tory","*":"Zjednoczony Judaizm Tory"},{"lang":"pt","url":"https://pt.wikipedia.org/wiki/Juda%C3%ADsmo_Unido_da_Tor%C3%A1","*":"Juda\u00edsmo Unido da Tor\u00e1"},{"lang":"ru","url":"https://ru.wikipedia.org/wiki/%D0%AF%D1%85%D0%B0%D0%B4%D1%83%D1%82_%D1%85%D0%B0-%D0%A2%D0%BE%D1%80%D0%B0","*":"\u042f\u0445\u0430\u0434\u0443\u0442 \u0445\u0430-\u0422\u043e\u0440\u0430"},{"lang":"simple","url":"https://simple.wikipedia.org/wiki/United_Torah_Judaism","*":"United Torah Judaism"},{"lang":"sv","url":"https://sv.wikipedia.org/wiki/Torahpartiet","*":"Torahpartiet"},{"lang":"tr","url":"https://tr.wikipedia.org/wiki/Yahadut_Hatora_Hameuhedet","*":"Yahadut Hatora Hameuhedet"},{"lang":"yi","url":"https://yi.wikipedia.org/wiki/%D7%99%D7%94%D7%93%D7%95%D7%AA_%D7%94%D7%AA%D7%95%D7%A8%D7%94","*":"\u05d9\u05d4\u05d3\u05d5\u05ea \u05d4\u05ea\u05d5\u05e8\u05d4"},{"lang":"zh","url":"https://zh.wikipedia.org/wiki/%E8%81%AF%E5%90%88%E5%A6%A5%E6%8B%89%E7%8C%B6%E5%A4%AA%E6%95%99","*":"\u806f\u5408\u59a5\u62c9\u7336\u592a\u6559"}]}}}}