{"batchcomplete":"","query":{"normalized":[{"from":"Coexistence_(political_party)","to":"Coexistence (political party)"}],"pages":{"40341252":{"pageid":40341252,"ns":0,"title":"Coexistence (political party)","langlinks":[{"lang":"cs","url":"https://cs.wikipedia.org/wiki/Spolu%C5%BEitie","*":"Spolu\u017eitie"},{"lang":"es","url":"https://es.wikipedia.org/wiki/Egy%C3%BCtt%C3%A9l%C3%A9s","*":"Egy\u00fctt\u00e9l\u00e9s"},{"lang":"hu","url":"https://hu.wikipedia.org/wiki/Egy%C3%BCtt%C3%A9l%C3%A9s","*":"Egy\u00fctt\u00e9l\u00e9s"},{"lang":"it","url":"https://it.wikipedia.org/wiki/Coesistenza_(partito_politico)","*":"Coesistenza (partito politico)"},{"lang":"pl","url":"https://pl.wikipedia.org/wiki/Coexistentia","*":"Coexistentia"},{"lang":"sk","url":"https://sk.wikipedia.org/wiki/Spolu%C5%BEitie","*":"Spolu\u017eitie"}]}}}}