{"batchcomplete":"","query":{"normalized":[{"from":"Valencian_Union","to":"Valencian Union"}],"pages":{"725842":{"pageid":725842,"ns":0,"title":"Valencian Union","langlinks":[{"lang":"ca","url":"https://ca.wikipedia.org/wiki/Uni%C3%B3_Valenciana","*":"Uni\u00f3 Valenciana"},{"lang":"es","url":"https://es.wikipedia.org/wiki/Uni%C3%B3n_Valenciana","*":"Uni\u00f3n Valenciana"},{"lang":"fr","url":"https://fr.wikipedia.org/wiki/Union_valencienne","*":"Union valencienne"},{"lang":"gl","url":"https://gl.wikipedia.org/wiki/Uni%C3%B3_Valenciana","*":"Uni\u00f3 Valenciana"},{"lang":"it","url":"https://it.wikipedia.org/wiki/Unione_Valenciana","*":"Unione Valenciana"}]}}}}