{"batchcomplete":"","query":{"normalized":[{"from":"New_Democracy_Party_(Portugal)","to":"New Democracy Party (Portugal)"}],"pages":{"1964737":{"pageid":1964737,"ns":0,"title":"New Democracy Party (Portugal)","langlinks":[{"lang":"de","url":"https://de.wikipedia.org/wiki/Partido_da_Nova_Democracia","*":"Partido da Nova Democracia"},{"lang":"es","url":"https://es.wikipedia.org/wiki/Nueva_Democracia_(Portugal)","*":"Nueva Democracia (Portugal)"},{"lang":"fr","url":"https://fr.wikipedia.org/wiki/Parti_de_la_nouvelle_d%C3%A9mocratie","*":"Parti de la nouvelle d\u00e9mocratie"},{"lang":"it","url":"https://it.wikipedia.org/wiki/Partito_della_Nuova_Democrazia_(Portogallo)","*":"Partito della Nuova Democrazia (Portogallo)"},{"lang":"pl","url":"https://pl.wikipedia.org/wiki/Partia_Nowej_Demokracji","*":"Partia Nowej Demokracji"},{"lang":"pt","url":"https://pt.wikipedia.org/wiki/Partido_da_Nova_Democracia","*":"Partido da Nova Democracia"}]}}}}