{"batchcomplete":"","query":{"normalized":[{"from":"Finnish_People's_Democratic_League","to":"Finnish People's Democratic League"}],"pages":{"1517649":{"pageid":1517649,"ns":0,"title":"Finnish People's Democratic League","langlinks":[{"lang":"ar","url":"https://ar.wikipedia.org/wiki/%D8%B1%D8%A7%D8%A8%D8%B7%D8%A9_%D8%A7%D9%84%D8%B4%D8%B9%D8%A8_%D8%A7%D9%84%D9%81%D9%86%D9%84%D9%86%D8%AF%D9%8A_%D8%A7%D9%84%D8%AF%D9%8A%D9%85%D9%82%D8%B1%D8%A7%D8%B7%D9%8A%D8%A9","*":"\u0631\u0627\u0628\u0637\u0629 \u0627\u0644\u0634\u0639\u0628 \u0627\u0644\u0641\u0646\u0644\u0646\u062f\u064a \u0627\u0644\u062f\u064a\u0645\u0642\u0631\u0627\u0637\u064a\u0629"},{"lang":"ca","url":"https://ca.wikipedia.org/wiki/Lliga_Democr%C3%A0tica_Popular_Finlandesa","*":"Lliga Democr\u00e0tica Popular Finlandesa"},{"lang":"de","url":"https://de.wikipedia.org/wiki/Demokratische_Union_des_Finnischen_Volkes","*":"Demokratische Union des Finnischen Volkes"},{"lang":"et","url":"https://et.wikipedia.org/wiki/Soome_Rahva_Demokraatlik_Liit","*":"Soome Rahva Demokraatlik Liit"},{"lang":"fi","url":"https://fi.wikipedia.org/wiki/Suomen_Kansan_Demokraattinen_Liitto","*":"Suomen Kansan Demokraattinen Liitto"},{"lang":"fr","url":"https://fr.wikipedia.org/wiki/Ligue_d%C3%A9mocratique_du_peuple_finlandais","*":"Ligue d\u00e9mocratique du peuple finlandais"},{"lang":"hu","url":"https://hu.wikipedia.org/wiki/Finnorsz%C3%A1g_N%C3%A9pi_Demokratikus_Sz%C3%B6vets%C3%A9ge","*":"Finnorsz\u00e1g N\u00e9pi Demokratikus Sz\u00f6vets\u00e9ge"},{"lang":"it","url":"https://it.wikipedia.org/wiki/Lega_Democratica_Popolare_Finlandese","*":"Lega Democratica Popolare Finlandese"},{"lang":"ko","url":"https://ko.wikipedia.org/wiki/%ED%95%80%EB%9E%80%EB%93%9C_%EC%9D%B8%EB%AF%BC%EB%AF%BC%EC%A3%BC%EB%8F%99%EB%A7%B9","*":"\ud540\ub780\ub4dc \uc778\ubbfc\ubbfc\uc8fc\ub3d9\ub9f9"},{"lang":"nl","url":"https://nl.wikipedia.org/wiki/Finse_Volksdemocratische_Liga","*":"Finse Volksdemocratische Liga"},{"lang":"nb","url":"https://no.wikipedia.org/wiki/Demokratiska_F%C3%B6rbundet_f%C3%B6r_Finlands_Folk","*":"Demokratiska F\u00f6rbundet f\u00f6r Finlands Folk"},{"lang":"pt","url":"https://pt.wikipedia.org/wiki/Liga_Democr%C3%A1tica_do_Povo_Finland%C3%AAs","*":"Liga Democr\u00e1tica do Povo Finland\u00eas"},{"lang":"ru","url":"https://ru.wikipedia.org/wiki/%D0%94%D0%B5%D0%BC%D0%BE%D0%BA%D1%80%D0%B0%D1%82%D0%B8%D1%87%D0%B5%D1%81%D0%BA%D0%B8%D0%B9_%D1%81%D0%BE%D1%8E%D0%B7_%D0%BD%D0%B0%D1%80%D0%BE%D0%B4%D0%B0_%D0%A4%D0%B8%D0%BD%D0%BB%D1%8F%D0%BD%D0%B4%D0%B8%D0%B8","*":"\u0414\u0435\u043c\u043e\u043a\u0440\u0430\u0442\u0438\u0447\u0435\u0441\u043a\u0438\u0439 \u0441\u043e\u044e\u0437 \u043d\u0430\u0440\u043e\u0434\u0430 \u0424\u0438\u043d\u043b\u044f\u043d\u0434\u0438\u0438"},{"lang":"sv","url":"https://sv.wikipedia.org/wiki/Demokratiska_f%C3%B6rbundet_f%C3%B6r_Finlands_folk","*":"Demokratiska f\u00f6rbundet f\u00f6r Finlands folk"},{"lang":"tr","url":"https://tr.wikipedia.org/wiki/Finlandiya_Halk_Demokratik_Birli%C4%9Fi","*":"Finlandiya Halk Demokratik Birli\u011fi"}]}}}}