{"batchcomplete":"","query":{"normalized":[{"from":"Green_Party_of_Aotearoa_New_Zealand","to":"Green Party of Aotearoa New Zealand"}],"pages":{"340989":{"pageid":340989,"ns":0,"title":"Green Party of Aotearoa New Zealand","langlinks":[{"lang":"ang","url":"https://ang.wikipedia.org/wiki/N%C4%ABwes_S%C7%A3landes_Gr%C4%93ne_St%C4%93orm%C7%A3lh%C4%93ap","*":"N\u012bwes S\u01e3landes Gr\u0113ne St\u0113orm\u01e3lh\u0113ap"},{"lang":"bg","url":"https://bg.wikipedia.org/wiki/%D0%97%D0%B5%D0%BB%D0%B5%D0%BD%D0%B0_%D0%BF%D0%B0%D1%80%D1%82%D0%B8%D1%8F_%D0%BD%D0%B0_%D0%90%D0%BE%D1%82%D0%B5%D0%B0%D1%80%D0%BE%D0%B0_%D0%9D%D0%BE%D0%B2%D0%B0_%D0%97%D0%B5%D0%BB%D0%B0%D0%BD%D0%B4%D0%B8%D1%8F","*":"\u0417\u0435\u043b\u0435\u043d\u0430 \u043f\u0430\u0440\u0442\u0438\u044f \u043d\u0430 \u0410\u043e\u0442\u0435\u0430\u0440\u043e\u0430 \u041d\u043e\u0432\u0430 \u0417\u0435\u043b\u0430\u043d\u0434\u0438\u044f"},{"lang":"ca","url":"https://ca.wikipedia.org/wiki/Partit_Verd_d%27Aotearoa_Nova_Zelanda","*":"Partit Verd d'Aotearoa Nova Zelanda"},{"lang":"de","url":"https://de.wikipedia.org/wiki/Green_Party_of_Aotearoa_New_Zealand","*":"Green Party of Aotearoa New Zealand"},{"lang":"es","url":"https://es.wikipedia.org/wiki/Partido_Verde_de_Aotearoa_Nueva_Zelanda","*":"Partido Verde de Aotearoa Nueva Zelanda"},{"lang":"fi","url":"https://fi.wikipedia.org/wiki/Uuden-Seelannin_vihre%C3%A4_puolue","*":"Uuden-Seelannin vihre\u00e4 puolue"},{"lang":"fr","url":"https://fr.wikipedia.org/wiki/Parti_vert_d%27Aotearoa_Nouvelle-Z%C3%A9lande","*":"Parti vert d'Aotearoa Nouvelle-Z\u00e9lande"},{"lang":"it","url":"https://it.wikipedia.org/wiki/Partito_Verde_della_Nuova_Zelanda","*":"Partito Verde della Nuova Zelanda"},{"lang":"ja","url":"https://ja.wikipedia.org/wiki/%E7%B7%91%E3%81%AE%E5%85%9A_(%E3%83%8B%E3%83%A5%E3%83%BC%E3%82%B8%E3%83%BC%E3%83%A9%E3%83%B3%E3%83%89)","*":"\u7dd1\u306e\u515a (\u30cb\u30e5\u30fc\u30b8\u30fc\u30e9\u30f3\u30c9)"},{"lang":"ko","url":"https://ko.wikipedia.org/wiki/%EC%95%84%EC%98%A4%ED%85%8C%EC%95%84%EB%A1%9C%EC%95%84_%EB%89%B4%EC%A7%88%EB%9E%9C%EB%93%9C_%EB%85%B9%EC%83%89%EB%8B%B9","*":"\uc544\uc624\ud14c\uc544\ub85c\uc544 \ub274\uc9c8\ub79c\ub4dc \ub179\uc0c9\ub2f9"},{"lang":"pl","url":"https://pl.wikipedia.org/wiki/Partia_Zielonych_(Nowa_Zelandia)","*":"Partia Zielonych (Nowa Zelandia)"},{"lang":"pt","url":"https://pt.wikipedia.org/wiki/Partido_Verde_da_Nova_Zel%C3%A2ndia","*":"Partido Verde da Nova Zel\u00e2ndia"},{"lang":"ru","url":"https://ru.wikipedia.org/wiki/%D0%9F%D0%B0%D1%80%D1%82%D0%B8%D1%8F_%D0%B7%D0%B5%D0%BB%D1%91%D0%BD%D1%8B%D1%85_%D0%9D%D0%BE%D0%B2%D0%BE%D0%B9_%D0%97%D0%B5%D0%BB%D0%B0%D0%BD%D0%B4%D0%B8%D0%B8","*":"\u041f\u0430\u0440\u0442\u0438\u044f \u0437\u0435\u043b\u0451\u043d\u044b\u0445 \u041d\u043e\u0432\u043e\u0439 \u0417\u0435\u043b\u0430\u043d\u0434\u0438\u0438"},{"lang":"sh","url":"https://sh.wikipedia.org/wiki/Zelena_stranka_Aotearoe_Novog_Zelanda","*":"Zelena stranka Aotearoe Novog Zelanda"},{"lang":"simple","url":"https://simple.wikipedia.org/wiki/Green_Party_of_Aotearoa_New_Zealand","*":"Green Party of Aotearoa New Zealand"},{"lang":"sv","url":"https://sv.wikipedia.org/wiki/Green_Party_of_Aotearoa_New_Zealand","*":"Green Party of Aotearoa New Zealand"},{"lang":"zh","url":"https://zh.wikipedia.org/wiki/%E5%A5%A5%E7%89%B9%E4%BA%9A%E7%BD%97%E7%93%A6%E6%96%B0%E8%A5%BF%E5%85%B0%E7%BB%BF%E5%85%9A","*":"\u5965\u7279\u4e9a\u7f57\u74e6\u65b0\u897f\u5170\u7eff\u515a"}]}}}}