{"batchcomplete":"","query":{"normalized":[{"from":"Citizens'_Convergence","to":"Citizens' Convergence"}],"pages":{"2228568":{"pageid":2228568,"ns":0,"title":"Citizens' Convergence","langlinks":[{"lang":"ar","url":"https://ar.wikipedia.org/wiki/%D8%AA%D9%82%D8%A7%D8%B1%D8%A8_%D8%A7%D9%84%D9%85%D9%88%D8%A7%D8%B7%D9%86%D9%8A%D9%86","*":"\u062a\u0642\u0627\u0631\u0628 \u0627\u0644\u0645\u0648\u0627\u0637\u0646\u064a\u0646"},{"lang":"es","url":"https://es.wikipedia.org/wiki/Partido_Convergencia_Ciudadana","*":"Partido Convergencia Ciudadana"},{"lang":"fr","url":"https://fr.wikipedia.org/wiki/Convergence_citoyenne","*":"Convergence citoyenne"}]}}}}