{"batchcomplete":"","query":{"normalized":[{"from":"The_Greens_(France)","to":"The Greens (France)"}],"pages":{"52043":{"pageid":52043,"ns":0,"title":"The Greens (France)","langlinks":[{"lang":"ar","url":"https://ar.wikipedia.org/wiki/%D8%AD%D8%B2%D8%A8_%D8%A7%D9%84%D8%AE%D8%B6%D8%B1_%D8%A7%D9%84%D9%81%D8%B1%D9%86%D8%B3%D9%8A","*":"\u062d\u0632\u0628 \u0627\u0644\u062e\u0636\u0631 \u0627\u0644\u0641\u0631\u0646\u0633\u064a"},{"lang":"br","url":"https://br.wikipedia.org/wiki/Ar_Re_C%27hlas","*":"Ar Re C'hlas"},{"lang":"ca","url":"https://ca.wikipedia.org/wiki/Els_Verds_(Fran%C3%A7a)","*":"Els Verds (Fran\u00e7a)"},{"lang":"cs","url":"https://cs.wikipedia.org/wiki/Les_Verts","*":"Les Verts"},{"lang":"da","url":"https://da.wikipedia.org/wiki/Les_Verts","*":"Les Verts"},{"lang":"de","url":"https://de.wikipedia.org/wiki/Les_Verts","*":"Les Verts"},{"lang":"el","url":"https://el.wikipedia.org/wiki/%CE%9F%CE%B9_%CE%A0%CF%81%CE%AC%CF%83%CE%B9%CE%BD%CE%BF%CE%B9_(%CE%93%CE%B1%CE%BB%CE%BB%CE%AF%CE%B1)","*":"\u039f\u03b9 \u03a0\u03c1\u03ac\u03c3\u03b9\u03bd\u03bf\u03b9 (\u0393\u03b1\u03bb\u03bb\u03af\u03b1)"},{"lang":"eo","url":"https://eo.wikipedia.org/wiki/La_Verduloj_(Francio)","*":"La Verduloj (Francio)"},{"lang":"es","url":"https://es.wikipedia.org/wiki/Los_Verdes_(Francia)","*":"Los Verdes (Francia)"},{"lang":"eu","url":"https://eu.wikipedia.org/wiki/Berdeak_(Frantzia)","*":"Berdeak (Frantzia)"},{"lang":"fa","url":"https://fa.wikipedia.org/wiki/%D8%AD%D8%B2%D8%A8_%D8%B3%D8%A8%D8%B2%D9%87%D8%A7_(%D9%81%D8%B1%D8%A7%D9%86%D8%B3%D9%87)","*":"\u062d\u0632\u0628 \u0633\u0628\u0632\u0647\u0627 (\u0641\u0631\u0627\u0646\u0633\u0647)"},{"lang":"fr","url":"https://fr.wikipedia.org/wiki/Les_Verts_(France)","*":"Les Verts (France)"},{"lang":"it","url":"https://it.wikipedia.org/wiki/I_Verdi_(Francia)","*":"I Verdi (Francia)"},{"lang":"ja","url":"https://ja.wikipedia.org/wiki/%E7%B7%91%E3%81%AE%E5%85%9A_(%E3%83%95%E3%83%A9%E3%83%B3%E3%82%B9)","*":"\u7dd1\u306e\u515a (\u30d5\u30e9\u30f3\u30b9)"},{"lang":"nl","url":"https://nl.wikipedia.org/wiki/Les_Verts","*":"Les Verts"},{"lang":"nb","url":"https://no.wikipedia.org/wiki/De_gr%C3%B8nne_(Frankrike)","*":"De gr\u00f8nne (Frankrike)"},{"lang":"oc","url":"https://oc.wikipedia.org/wiki/Los_Verds_(Fran%C3%A7a)","*":"Los Verds (Fran\u00e7a)"},{"lang":"pl","url":"https://pl.wikipedia.org/wiki/Zieloni_(Francja)","*":"Zieloni (Francja)"},{"lang":"pt","url":"https://pt.wikipedia.org/wiki/Os_Verdes_(Fran%C3%A7a)","*":"Os Verdes (Fran\u00e7a)"},{"lang":"ru","url":"https://ru.wikipedia.org/wiki/%D0%97%D0%B5%D0%BB%D1%91%D0%BD%D1%8B%D0%B5_(%D0%A4%D1%80%D0%B0%D0%BD%D1%86%D0%B8%D1%8F)","*":"\u0417\u0435\u043b\u0451\u043d\u044b\u0435 (\u0424\u0440\u0430\u043d\u0446\u0438\u044f)"},{"lang":"sv","url":"https://sv.wikipedia.org/wiki/L%27%C3%89cologie_Les_Verts","*":"L'\u00c9cologie Les Verts"},{"lang":"tr","url":"https://tr.wikipedia.org/wiki/Les_Verts","*":"Les Verts"},{"lang":"uk","url":"https://uk.wikipedia.org/wiki/%D0%97%D0%B5%D0%BB%D0%B5%D0%BD%D1%96_(%D0%A4%D1%80%D0%B0%D0%BD%D1%86%D1%96%D1%8F)","*":"\u0417\u0435\u043b\u0435\u043d\u0456 (\u0424\u0440\u0430\u043d\u0446\u0456\u044f)"},{"lang":"zh","url":"https://zh.wikipedia.org/wiki/%E7%B6%A0%E9%BB%A8_(%E6%B3%95%E5%9C%8B)","*":"\u7da0\u9ee8 (\u6cd5\u570b)"}]}}}}