{"batchcomplete":"","query":{"normalized":[{"from":"Norwegian_resistance_movement","to":"Norwegian resistance movement"}],"pages":{"83934":{"pageid":83934,"ns":0,"title":"Norwegian resistance movement","langlinks":[{"lang":"ar","url":"https://ar.wikipedia.org/wiki/%D8%AD%D8%B1%D9%83%D8%A9_%D8%A7%D9%84%D9%85%D9%82%D8%A7%D9%88%D9%85%D8%A9_%D8%A7%D9%84%D9%86%D8%B1%D9%88%D9%8A%D8%AC%D9%8A%D8%A9","*":"\u062d\u0631\u0643\u0629 \u0627\u0644\u0645\u0642\u0627\u0648\u0645\u0629 \u0627\u0644\u0646\u0631\u0648\u064a\u062c\u064a\u0629"},{"lang":"bg","url":"https://bg.wikipedia.org/wiki/%D0%9D%D0%BE%D1%80%D0%B2%D0%B5%D0%B6%D0%BA%D0%B0_%D1%81%D1%8A%D0%BF%D1%80%D0%BE%D1%82%D0%B8%D0%B2%D0%B0","*":"\u041d\u043e\u0440\u0432\u0435\u0436\u043a\u0430 \u0441\u044a\u043f\u0440\u043e\u0442\u0438\u0432\u0430"},{"lang":"da","url":"https://da.wikipedia.org/wiki/Den_norske_modstandsbev%C3%A6gelse","*":"Den norske modstandsbev\u00e6gelse"},{"lang":"eo","url":"https://eo.wikipedia.org/wiki/Norvega_rezistmovado","*":"Norvega rezistmovado"},{"lang":"fa","url":"https://fa.wikipedia.org/wiki/%D8%AC%D9%86%D8%A8%D8%B4_%D9%85%D9%82%D8%A7%D9%88%D9%85%D8%AA_%D9%86%D8%B1%D9%88%DA%98","*":"\u062c\u0646\u0628\u0634 \u0645\u0642\u0627\u0648\u0645\u062a \u0646\u0631\u0648\u0698"},{"lang":"fi","url":"https://fi.wikipedia.org/wiki/Norjan_vastarintaliike","*":"Norjan vastarintaliike"},{"lang":"fr","url":"https://fr.wikipedia.org/wiki/R%C3%A9sistance_norv%C3%A9gienne","*":"R\u00e9sistance norv\u00e9gienne"},{"lang":"he","url":"https://he.wikipedia.org/wiki/%D7%94%D7%9E%D7%97%D7%AA%D7%A8%D7%AA_%D7%94%D7%A0%D7%95%D7%A8%D7%95%D7%95%D7%92%D7%99%D7%AA","*":"\u05d4\u05de\u05d7\u05ea\u05e8\u05ea \u05d4\u05e0\u05d5\u05e8\u05d5\u05d5\u05d2\u05d9\u05ea"},{"lang":"hy","url":"https://hy.wikipedia.org/wiki/%D5%86%D5%B8%D6%80%D5%BE%D5%A5%D5%A3%D5%A1%D5%AF%D5%A1%D5%B6_%D4%B4%D5%AB%D5%B4%D5%A1%D5%A4%D6%80%D5%B8%D6%82%D5%A9%D5%B5%D5%A1%D5%B6_%D5%B7%D5%A1%D6%80%D5%AA%D5%B8%D6%82%D5%B4","*":"\u0546\u0578\u0580\u057e\u0565\u0563\u0561\u056f\u0561\u0576 \u0534\u056b\u0574\u0561\u0564\u0580\u0578\u0582\u0569\u0575\u0561\u0576 \u0577\u0561\u0580\u056a\u0578\u0582\u0574"},{"lang":"id","url":"https://id.wikipedia.org/wiki/Gerakan_Perlawanan_Norwegia","*":"Gerakan Perlawanan Norwegia"},{"lang":"it","url":"https://it.wikipedia.org/wiki/Resistenza_norvegese","*":"Resistenza norvegese"},{"lang":"nb","url":"https://no.wikipedia.org/wiki/Norsk_motstandsbevegelse_under_andre_verdenskrig","*":"Norsk motstandsbevegelse under andre verdenskrig"},{"lang":"pl","url":"https://pl.wikipedia.org/wiki/Norweski_ruch_oporu_podczas_II_wojny_%C5%9Bwiatowej","*":"Norweski ruch oporu podczas II wojny \u015bwiatowej"},{"lang":"ru","url":"https://ru.wikipedia.org/wiki/%D0%9D%D0%BE%D1%80%D0%B2%D0%B5%D0%B6%D1%81%D0%BA%D0%BE%D0%B5_%D0%B4%D0%B2%D0%B8%D0%B6%D0%B5%D0%BD%D0%B8%D0%B5_%D0%A1%D0%BE%D0%BF%D1%80%D0%BE%D1%82%D0%B8%D0%B2%D0%BB%D0%B5%D0%BD%D0%B8%D1%8F","*":"\u041d\u043e\u0440\u0432\u0435\u0436\u0441\u043a\u043e\u0435 \u0434\u0432\u0438\u0436\u0435\u043d\u0438\u0435 \u0421\u043e\u043f\u0440\u043e\u0442\u0438\u0432\u043b\u0435\u043d\u0438\u044f"},{"lang":"simple","url":"https://simple.wikipedia.org/wiki/Norwegian_Resistance","*":"Norwegian Resistance"},{"lang":"sr","url":"https://sr.wikipedia.org/wiki/%D0%9D%D0%BE%D1%80%D0%B2%D0%B5%D1%88%D0%BA%D0%B8_%D0%BF%D0%BE%D0%BA%D1%80%D0%B5%D1%82_%D0%BE%D1%82%D0%BF%D0%BE%D1%80%D0%B0","*":"\u041d\u043e\u0440\u0432\u0435\u0448\u043a\u0438 \u043f\u043e\u043a\u0440\u0435\u0442 \u043e\u0442\u043f\u043e\u0440\u0430"},{"lang":"sv","url":"https://sv.wikipedia.org/wiki/Norska_motst%C3%A5ndsr%C3%B6relsen","*":"Norska motst\u00e5ndsr\u00f6relsen"},{"lang":"uk","url":"https://uk.wikipedia.org/wiki/%D0%A0%D1%83%D1%85_%D0%9E%D0%BF%D0%BE%D1%80%D1%83_(%D0%9D%D0%BE%D1%80%D0%B2%D0%B5%D0%B3%D1%96%D1%8F)","*":"\u0420\u0443\u0445 \u041e\u043f\u043e\u0440\u0443 (\u041d\u043e\u0440\u0432\u0435\u0433\u0456\u044f)"}]}}}}