{"batchcomplete":"","query":{"normalized":[{"from":"Italian_Democratic_Socialist_Party","to":"Italian Democratic Socialist Party"}],"pages":{"9034070":{"pageid":9034070,"ns":0,"title":"Italian Democratic Socialist Party","langlinks":[{"lang":"ca","url":"https://ca.wikipedia.org/wiki/Partit_Socialista_Democr%C3%A0tic_Itali%C3%A0","*":"Partit Socialista Democr\u00e0tic Itali\u00e0"},{"lang":"cs","url":"https://cs.wikipedia.org/wiki/Italsk%C3%A1_demokratick%C3%A1_socialistick%C3%A1_strana","*":"Italsk\u00e1 demokratick\u00e1 socialistick\u00e1 strana"},{"lang":"de","url":"https://de.wikipedia.org/wiki/Partito_Socialista_Democratico_Italiano","*":"Partito Socialista Democratico Italiano"},{"lang":"es","url":"https://es.wikipedia.org/wiki/Partido_Socialista_Democr%C3%A1tico_Italiano","*":"Partido Socialista Democr\u00e1tico Italiano"},{"lang":"fi","url":"https://fi.wikipedia.org/wiki/Italian_demokraattinen_sosialistipuolue","*":"Italian demokraattinen sosialistipuolue"},{"lang":"fr","url":"https://fr.wikipedia.org/wiki/Parti_social-d%C3%A9mocrate_italien","*":"Parti social-d\u00e9mocrate italien"},{"lang":"it","url":"https://it.wikipedia.org/wiki/Partito_Socialista_Democratico_Italiano","*":"Partito Socialista Democratico Italiano"},{"lang":"ja","url":"https://ja.wikipedia.org/wiki/%E3%82%A4%E3%82%BF%E3%83%AA%E3%82%A2%E6%B0%91%E4%B8%BB%E7%A4%BE%E4%BC%9A%E5%85%9A","*":"\u30a4\u30bf\u30ea\u30a2\u6c11\u4e3b\u793e\u4f1a\u515a"},{"lang":"la","url":"https://la.wikipedia.org/wiki/Factio_socialistica_democratica_Italica","*":"Factio socialistica democratica Italica"},{"lang":"nl","url":"https://nl.wikipedia.org/wiki/Sociaaldemocratische_Partij_van_Itali%C3%AB","*":"Sociaaldemocratische Partij van Itali\u00eb"},{"lang":"pl","url":"https://pl.wikipedia.org/wiki/W%C5%82oska_Partia_Socjaldemokratyczna","*":"W\u0142oska Partia Socjaldemokratyczna"},{"lang":"pt","url":"https://pt.wikipedia.org/wiki/Partido_Socialista_Democr%C3%A1tico_Italiano","*":"Partido Socialista Democr\u00e1tico Italiano"},{"lang":"ru","url":"https://ru.wikipedia.org/wiki/%D0%98%D1%82%D0%B0%D0%BB%D1%8C%D1%8F%D0%BD%D1%81%D0%BA%D0%B0%D1%8F_%D0%B4%D0%B5%D0%BC%D0%BE%D0%BA%D1%80%D0%B0%D1%82%D0%B8%D1%87%D0%B5%D1%81%D0%BA%D0%B0%D1%8F_%D1%81%D0%BE%D1%86%D0%B8%D0%B0%D0%BB%D0%B8%D1%81%D1%82%D0%B8%D1%87%D0%B5%D1%81%D0%BA%D0%B0%D1%8F_%D0%BF%D0%B0%D1%80%D1%82%D0%B8%D1%8F","*":"\u0418\u0442\u0430\u043b\u044c\u044f\u043d\u0441\u043a\u0430\u044f \u0434\u0435\u043c\u043e\u043a\u0440\u0430\u0442\u0438\u0447\u0435\u0441\u043a\u0430\u044f \u0441\u043e\u0446\u0438\u0430\u043b\u0438\u0441\u0442\u0438\u0447\u0435\u0441\u043a\u0430\u044f \u043f\u0430\u0440\u0442\u0438\u044f"},{"lang":"scn","url":"https://scn.wikipedia.org/wiki/Partitu_Sucialista_Dimucr%C3%A0ticu_Italianu","*":"Partitu Sucialista Dimucr\u00e0ticu Italianu"},{"lang":"sv","url":"https://sv.wikipedia.org/wiki/Italienska_demokratiska_socialistpartiet","*":"Italienska demokratiska socialistpartiet"},{"lang":"uk","url":"https://uk.wikipedia.org/wiki/%D0%86%D1%82%D0%B0%D0%BB%D1%96%D0%B9%D1%81%D1%8C%D0%BA%D0%B0_%D0%B4%D0%B5%D0%BC%D0%BE%D0%BA%D1%80%D0%B0%D1%82%D0%B8%D1%87%D0%BD%D0%B0_%D1%81%D0%BE%D1%86%D1%96%D0%B0%D0%BB%D1%96%D1%81%D1%82%D0%B8%D1%87%D0%BD%D0%B0_%D0%BF%D0%B0%D1%80%D1%82%D1%96%D1%8F","*":"\u0406\u0442\u0430\u043b\u0456\u0439\u0441\u044c\u043a\u0430 \u0434\u0435\u043c\u043e\u043a\u0440\u0430\u0442\u0438\u0447\u043d\u0430 \u0441\u043e\u0446\u0456\u0430\u043b\u0456\u0441\u0442\u0438\u0447\u043d\u0430 \u043f\u0430\u0440\u0442\u0456\u044f"},{"lang":"vec","url":"https://vec.wikipedia.org/wiki/Part%C3%ACo_Socia%C5%82ista_Democratego_Ita%C5%82ian","*":"Part\u00eco Socia\u0142ista Democratego Ita\u0142ian"}]}}}}