{"batchcomplete":"","query":{"normalized":[{"from":"Croatian_Party_of_Rights_of_Bosnia_and_Herzegovina","to":"Croatian Party of Rights of Bosnia and Herzegovina"}],"pages":{"2002282":{"pageid":2002282,"ns":0,"title":"Croatian Party of Rights of Bosnia and Herzegovina","langlinks":[{"lang":"bs","url":"https://bs.wikipedia.org/wiki/Hrvatska_stranka_prava_Bosne_i_Hercegovine","*":"Hrvatska stranka prava Bosne i Hercegovine"},{"lang":"ca","url":"https://ca.wikipedia.org/wiki/Partit_Croat_dels_Drets_(B%C3%B2snia_i_Hercegovina)","*":"Partit Croat dels Drets (B\u00f2snia i Hercegovina)"},{"lang":"de","url":"https://de.wikipedia.org/wiki/Hrvatska_Stranka_Prava_Bosne_i_Hercegovine","*":"Hrvatska Stranka Prava Bosne i Hercegovine"},{"lang":"fr","url":"https://fr.wikipedia.org/wiki/Parti_croate_du_droit_de_BiH","*":"Parti croate du droit de BiH"},{"lang":"hr","url":"https://hr.wikipedia.org/wiki/Hrvatska_stranka_prava_Bosne_i_Hercegovine","*":"Hrvatska stranka prava Bosne i Hercegovine"},{"lang":"it","url":"https://it.wikipedia.org/wiki/Partito_Croato_dei_Diritti_di_Bosnia_ed_Erzegovina","*":"Partito Croato dei Diritti di Bosnia ed Erzegovina"},{"lang":"ru","url":"https://ru.wikipedia.org/wiki/%D0%A5%D0%BE%D1%80%D0%B2%D0%B0%D1%82%D1%81%D0%BA%D0%B0%D1%8F_%D0%BF%D0%B0%D1%80%D1%82%D0%B8%D1%8F_%D0%BF%D1%80%D0%B0%D0%B2%D0%B0_(%D0%91%D0%BE%D1%81%D0%BD%D0%B8%D1%8F_%D0%B8_%D0%93%D0%B5%D1%80%D1%86%D0%B5%D0%B3%D0%BE%D0%B2%D0%B8%D0%BD%D0%B0)","*":"\u0425\u043e\u0440\u0432\u0430\u0442\u0441\u043a\u0430\u044f \u043f\u0430\u0440\u0442\u0438\u044f \u043f\u0440\u0430\u0432\u0430 (\u0411\u043e\u0441\u043d\u0438\u044f \u0438 \u0413\u0435\u0440\u0446\u0435\u0433\u043e\u0432\u0438\u043d\u0430)"},{"lang":"sr","url":"https://sr.wikipedia.org/wiki/%D0%A5%D1%80%D0%B2%D0%B0%D1%82%D1%81%D0%BA%D0%B0_%D1%81%D1%82%D1%80%D0%B0%D0%BD%D0%BA%D0%B0_%D0%BF%D1%80%D0%B0%D0%B2%D0%B0_%D0%91%D0%BE%D1%81%D0%BD%D0%B5_%D0%B8_%D0%A5%D0%B5%D1%80%D1%86%D0%B5%D0%B3%D0%BE%D0%B2%D0%B8%D0%BD%D0%B5","*":"\u0425\u0440\u0432\u0430\u0442\u0441\u043a\u0430 \u0441\u0442\u0440\u0430\u043d\u043a\u0430 \u043f\u0440\u0430\u0432\u0430 \u0411\u043e\u0441\u043d\u0435 \u0438 \u0425\u0435\u0440\u0446\u0435\u0433\u043e\u0432\u0438\u043d\u0435"}]}}}}