{"batchcomplete":"","query":{"normalized":[{"from":"Institutional_Renewal_Party_of_National_Action","to":"Institutional Renewal Party of National Action"}],"pages":{"2628584":{"pageid":2628584,"ns":0,"title":"Institutional Renewal Party of National Action","langlinks":[{"lang":"ca","url":"https://ca.wikipedia.org/wiki/Partido_Renovador_Institucional_de_Acci%C3%B3n_Nacional","*":"Partido Renovador Institucional de Acci\u00f3n Nacional"},{"lang":"de","url":"https://de.wikipedia.org/wiki/Partido_Renovador_Institucional_Acci%C3%B3n_Nacional","*":"Partido Renovador Institucional Acci\u00f3n Nacional"},{"lang":"es","url":"https://es.wikipedia.org/wiki/Partido_Renovador_Institucional_Acci%C3%B3n_Nacional","*":"Partido Renovador Institucional Acci\u00f3n Nacional"},{"lang":"fr","url":"https://fr.wikipedia.org/wiki/Parti_r%C3%A9novateur_institutionnel_de_l%27action_nationale","*":"Parti r\u00e9novateur institutionnel de l'action nationale"},{"lang":"it","url":"https://it.wikipedia.org/wiki/Partito_Rinnovatore_Istituzionale_di_Azione_Nazionale","*":"Partito Rinnovatore Istituzionale di Azione Nazionale"},{"lang":"pt","url":"https://pt.wikipedia.org/wiki/Partido_Renovador_Institucional_de_A%C3%A7%C3%A3o_Nacional","*":"Partido Renovador Institucional de A\u00e7\u00e3o Nacional"}]}}}}