{"batchcomplete":"","query":{"normalized":[{"from":"Justice_Party_of_Denmark","to":"Justice Party of Denmark"}],"pages":{"2000753":{"pageid":2000753,"ns":0,"title":"Justice Party of Denmark","langlinks":[{"lang":"ca","url":"https://ca.wikipedia.org/wiki/Retsforbundet","*":"Retsforbundet"},{"lang":"da","url":"https://da.wikipedia.org/wiki/Retsforbundet","*":"Retsforbundet"},{"lang":"de","url":"https://de.wikipedia.org/wiki/Retsforbundet","*":"Retsforbundet"},{"lang":"fr","url":"https://fr.wikipedia.org/wiki/Parti_de_la_justice_(Danemark)","*":"Parti de la justice (Danemark)"},{"lang":"nn","url":"https://nn.wikipedia.org/wiki/Retsforbundet","*":"Retsforbundet"},{"lang":"nb","url":"https://no.wikipedia.org/wiki/Retsforbundet","*":"Retsforbundet"},{"lang":"sv","url":"https://sv.wikipedia.org/wiki/Retsforbundet","*":"Retsforbundet"}]}}}}