{"batchcomplete":"","query":{"normalized":[{"from":"Left_Socialists","to":"Left Socialists"}],"pages":{"1829215":{"pageid":1829215,"ns":0,"title":"Left Socialists","langlinks":[{"lang":"ca","url":"https://ca.wikipedia.org/wiki/Socialistes_d%27Esquerra","*":"Socialistes d'Esquerra"},{"lang":"da","url":"https://da.wikipedia.org/wiki/Venstresocialisterne","*":"Venstresocialisterne"},{"lang":"fr","url":"https://fr.wikipedia.org/wiki/Socialistes_de_gauche","*":"Socialistes de gauche"},{"lang":"it","url":"https://it.wikipedia.org/wiki/Socialisti_di_Sinistra","*":"Socialisti di Sinistra"},{"lang":"nb","url":"https://no.wikipedia.org/wiki/Venstresocialisterne","*":"Venstresocialisterne"},{"lang":"ru","url":"https://ru.wikipedia.org/wiki/%D0%9B%D0%B5%D0%B2%D1%8B%D0%B5_%D1%81%D0%BE%D1%86%D0%B8%D0%B0%D0%BB%D0%B8%D1%81%D1%82%D1%8B_(%D0%94%D0%B0%D0%BD%D0%B8%D1%8F)","*":"\u041b\u0435\u0432\u044b\u0435 \u0441\u043e\u0446\u0438\u0430\u043b\u0438\u0441\u0442\u044b (\u0414\u0430\u043d\u0438\u044f)"},{"lang":"sv","url":"https://sv.wikipedia.org/wiki/Venstresocialisterne","*":"Venstresocialisterne"}]}}}}