{"batchcomplete":"","query":{"normalized":[{"from":"The_Greens_(Luxembourg)","to":"The Greens (Luxembourg)"}],"pages":{"779810":{"pageid":779810,"ns":0,"title":"The Greens (Luxembourg)","langlinks":[{"lang":"ca","url":"https://ca.wikipedia.org/wiki/Els_Verds_(Luxemburg)","*":"Els Verds (Luxemburg)"},{"lang":"cs","url":"https://cs.wikipedia.org/wiki/Zelen%C3%AD_(Lucembursko)","*":"Zelen\u00ed (Lucembursko)"},{"lang":"de","url":"https://de.wikipedia.org/wiki/D%C3%A9i_Gr%C3%A9ng","*":"D\u00e9i Gr\u00e9ng"},{"lang":"el","url":"https://el.wikipedia.org/wiki/%CE%9F%CE%B9_%CE%A0%CF%81%CE%AC%CF%83%CE%B9%CE%BD%CE%BF%CE%B9_(%CE%9B%CE%BF%CF%85%CE%BE%CE%B5%CE%BC%CE%B2%CE%BF%CF%8D%CF%81%CE%B3%CE%BF)","*":"\u039f\u03b9 \u03a0\u03c1\u03ac\u03c3\u03b9\u03bd\u03bf\u03b9 (\u039b\u03bf\u03c5\u03be\u03b5\u03bc\u03b2\u03bf\u03cd\u03c1\u03b3\u03bf)"},{"lang":"eo","url":"https://eo.wikipedia.org/wiki/La_Verduloj_(Luksemburgo)","*":"La Verduloj (Luksemburgo)"},{"lang":"es","url":"https://es.wikipedia.org/wiki/Los_Verdes_(Luxemburgo)","*":"Los Verdes (Luxemburgo)"},{"lang":"fi","url":"https://fi.wikipedia.org/wiki/Vihre%C3%A4t_(Luxemburg)","*":"Vihre\u00e4t (Luxemburg)"},{"lang":"fr","url":"https://fr.wikipedia.org/wiki/Les_Verts_(Luxembourg)","*":"Les Verts (Luxembourg)"},{"lang":"it","url":"https://it.wikipedia.org/wiki/I_Verdi_(Lussemburgo)","*":"I Verdi (Lussemburgo)"},{"lang":"ko","url":"https://ko.wikipedia.org/wiki/%EB%85%B9%EC%83%89%EB%8B%B9_(%EB%A3%A9%EC%85%88%EB%B6%80%EB%A5%B4%ED%81%AC)","*":"\ub179\uc0c9\ub2f9 (\ub8e9\uc148\ubd80\ub974\ud06c)"},{"lang":"lb","url":"https://lb.wikipedia.org/wiki/D%C3%A9i_Gr%C3%A9ng","*":"D\u00e9i Gr\u00e9ng"},{"lang":"nl","url":"https://nl.wikipedia.org/wiki/D%C3%A9i_Gr%C3%A9ng","*":"D\u00e9i Gr\u00e9ng"},{"lang":"pl","url":"https://pl.wikipedia.org/wiki/Zieloni_(Luksemburg)","*":"Zieloni (Luksemburg)"},{"lang":"pt","url":"https://pt.wikipedia.org/wiki/Os_Verdes_(Luxemburgo)","*":"Os Verdes (Luxemburgo)"},{"lang":"ru","url":"https://ru.wikipedia.org/wiki/%D0%97%D0%B5%D0%BB%D1%91%D0%BD%D1%8B%D0%B5_(%D0%9B%D1%8E%D0%BA%D1%81%D0%B5%D0%BC%D0%B1%D1%83%D1%80%D0%B3)","*":"\u0417\u0435\u043b\u0451\u043d\u044b\u0435 (\u041b\u044e\u043a\u0441\u0435\u043c\u0431\u0443\u0440\u0433)"},{"lang":"sv","url":"https://sv.wikipedia.org/wiki/D%C3%A9i_Gr%C3%A9ng","*":"D\u00e9i Gr\u00e9ng"},{"lang":"uk","url":"https://uk.wikipedia.org/wiki/%D0%97%D0%B5%D0%BB%D0%B5%D0%BD%D1%96_(%D0%9B%D1%8E%D0%BA%D1%81%D0%B5%D0%BC%D0%B1%D1%83%D1%80%D0%B3)","*":"\u0417\u0435\u043b\u0435\u043d\u0456 (\u041b\u044e\u043a\u0441\u0435\u043c\u0431\u0443\u0440\u0433)"}]}}}}