{"batchcomplete":"","query":{"normalized":[{"from":"Iniciativa_Internacionalista","to":"Iniciativa Internacionalista"}],"pages":{"22821567":{"pageid":22821567,"ns":0,"title":"Iniciativa Internacionalista","langlinks":[{"lang":"an","url":"https://an.wikipedia.org/wiki/Iniziatiba_Internazionalista","*":"Iniziatiba Internazionalista"},{"lang":"ca","url":"https://ca.wikipedia.org/wiki/Iniciativa_Internacionalista_-_La_Solidaritat_entre_els_Pobles","*":"Iniciativa Internacionalista - La Solidaritat entre els Pobles"},{"lang":"cs","url":"https://cs.wikipedia.org/wiki/Mezin%C3%A1rodn%C3%AD_iniciativa_-_Solidarita_mezi_n%C3%A1rody","*":"Mezin\u00e1rodn\u00ed iniciativa - Solidarita mezi n\u00e1rody"},{"lang":"eo","url":"https://eo.wikipedia.org/wiki/Internaciisma_Iniciato_-_La_Solidareco_inter_la_Popoloj","*":"Internaciisma Iniciato - La Solidareco inter la Popoloj"},{"lang":"es","url":"https://es.wikipedia.org/wiki/Iniciativa_Internacionalista-La_Solidaridad_entre_los_Pueblos","*":"Iniciativa Internacionalista-La Solidaridad entre los Pueblos"},{"lang":"eu","url":"https://eu.wikipedia.org/wiki/Iniziatiba_Internazionalista_-_Herrien_Elkartasuna","*":"Iniziatiba Internazionalista - Herrien Elkartasuna"},{"lang":"gl","url":"https://gl.wikipedia.org/wiki/Iniciativa_Internacionalista","*":"Iniciativa Internacionalista"},{"lang":"mwl","url":"https://mwl.wikipedia.org/wiki/Einiciatiba_Anternacionalista_-_La_Solidariedade_antre_ls_Pobos","*":"Einiciatiba Anternacionalista - La Solidariedade antre ls Pobos"},{"lang":"oc","url":"https://oc.wikipedia.org/wiki/Iniciatiua_Internacionalista_-_Era_Solidaritat_entre_es_P%C3%B2bles","*":"Iniciatiua Internacionalista - Era Solidaritat entre es P\u00f2bles"},{"lang":"pt","url":"https://pt.wikipedia.org/wiki/Iniciativa_Internacionalista_-_A_Solidariedade_entre_os_Povos","*":"Iniciativa Internacionalista - A Solidariedade entre os Povos"},{"lang":"sq","url":"https://sq.wikipedia.org/wiki/Iniciativa_Nd%C3%ABrkomb%C3%ABtare_-_Sovraniteti_mes_Popujve","*":"Iniciativa Nd\u00ebrkomb\u00ebtare - Sovraniteti mes Popujve"}]}}}}