{"batchcomplete":"","query":{"normalized":[{"from":"Democratic_List_for_Israeli_Arabs","to":"Democratic List for Israeli Arabs"}],"pages":{"7992528":{"pageid":7992528,"ns":0,"title":"Democratic List for Israeli Arabs","langlinks":[{"lang":"ca","url":"https://ca.wikipedia.org/wiki/Llista_Democr%C3%A0tica_dels_%C3%80rabs_Israelians","*":"Llista Democr\u00e0tica dels \u00c0rabs Israelians"},{"lang":"cs","url":"https://cs.wikipedia.org/wiki/Demokratick%C3%A1_kandid%C3%A1tka_izraelsk%C3%BDch_Arab%C5%AF","*":"Demokratick\u00e1 kandid\u00e1tka izraelsk\u00fdch Arab\u016f"},{"lang":"fr","url":"https://fr.wikipedia.org/wiki/Liste_d%C3%A9mocratique_pour_les_Arabes_isra%C3%A9liens","*":"Liste d\u00e9mocratique pour les Arabes isra\u00e9liens"},{"lang":"he","url":"https://he.wikipedia.org/wiki/%D7%A8%D7%A9%D7%99%D7%9E%D7%94_%D7%93%D7%9E%D7%95%D7%A7%D7%A8%D7%98%D7%99%D7%AA_%D7%9C%D7%A2%D7%A8%D7%91%D7%99%D7%99_%D7%99%D7%A9%D7%A8%D7%90%D7%9C","*":"\u05e8\u05e9\u05d9\u05de\u05d4 \u05d3\u05de\u05d5\u05e7\u05e8\u05d8\u05d9\u05ea \u05dc\u05e2\u05e8\u05d1\u05d9\u05d9 \u05d9\u05e9\u05e8\u05d0\u05dc"},{"lang":"pl","url":"https://pl.wikipedia.org/wiki/Demokratyczna_Lista_Izraelskich_Arab%C3%B3w","*":"Demokratyczna Lista Izraelskich Arab\u00f3w"}]}}}}