{"batchcomplete":"","query":{"normalized":[{"from":"Social_Democratic_Party_(Estonia)","to":"Social Democratic Party (Estonia)"}],"pages":{"793508":{"pageid":793508,"ns":0,"title":"Social Democratic Party (Estonia)","langlinks":[{"lang":"ar","url":"https://ar.wikipedia.org/wiki/%D8%A7%D9%84%D8%AD%D8%B2%D8%A8_%D8%A7%D9%84%D8%AF%D9%8A%D9%85%D9%82%D8%B1%D8%A7%D8%B7%D9%8A_%D8%A7%D9%84%D8%A7%D8%AC%D8%AA%D9%85%D8%A7%D8%B9%D9%8A_(%D8%A5%D8%B3%D8%AA%D9%88%D9%86%D9%8A%D8%A7)","*":"\u0627\u0644\u062d\u0632\u0628 \u0627\u0644\u062f\u064a\u0645\u0642\u0631\u0627\u0637\u064a \u0627\u0644\u0627\u062c\u062a\u0645\u0627\u0639\u064a (\u0625\u0633\u062a\u0648\u0646\u064a\u0627)"},{"lang":"arz","url":"https://arz.wikipedia.org/wiki/%D8%A7%D9%84%D8%AD%D8%B2%D8%A8_%D8%A7%D9%84%D8%AF%D9%8A%D9%85%D9%88%D9%82%D8%B1%D8%A7%D8%B7%D9%89_%D8%A7%D9%84%D8%A7%D8%AC%D8%AA%D9%85%D8%A7%D8%B9%D9%89_%D8%A7%D9%84%D8%A7%D8%B3%D8%AA%D9%88%D9%86%D9%89","*":"\u0627\u0644\u062d\u0632\u0628 \u0627\u0644\u062f\u064a\u0645\u0648\u0642\u0631\u0627\u0637\u0649 \u0627\u0644\u0627\u062c\u062a\u0645\u0627\u0639\u0649 \u0627\u0644\u0627\u0633\u062a\u0648\u0646\u0649"},{"lang":"bg","url":"https://bg.wikipedia.org/wiki/%D0%A1%D0%BE%D1%86%D0%B8%D0%B0%D0%BB%D0%B4%D0%B5%D0%BC%D0%BE%D0%BA%D1%80%D0%B0%D1%82%D0%B8%D1%87%D0%B5%D1%81%D0%BA%D0%B0_%D0%BF%D0%B0%D1%80%D1%82%D0%B8%D1%8F_(%D0%95%D1%81%D1%82%D0%BE%D0%BD%D0%B8%D1%8F)","*":"\u0421\u043e\u0446\u0438\u0430\u043b\u0434\u0435\u043c\u043e\u043a\u0440\u0430\u0442\u0438\u0447\u0435\u0441\u043a\u0430 \u043f\u0430\u0440\u0442\u0438\u044f (\u0415\u0441\u0442\u043e\u043d\u0438\u044f)"},{"lang":"ca","url":"https://ca.wikipedia.org/wiki/Partit_Socialdem%C3%B2crata_(Est%C3%B2nia)","*":"Partit Socialdem\u00f2crata (Est\u00f2nia)"},{"lang":"de","url":"https://de.wikipedia.org/wiki/Sotsiaaldemokraatlik_Erakond","*":"Sotsiaaldemokraatlik Erakond"},{"lang":"el","url":"https://el.wikipedia.org/wiki/%CE%A3%CE%BF%CF%83%CE%B9%CE%B1%CE%BB%CE%B4%CE%B7%CE%BC%CE%BF%CE%BA%CF%81%CE%B1%CF%84%CE%B9%CE%BA%CF%8C_%CE%9A%CF%8C%CE%BC%CE%BC%CE%B1_(%CE%95%CF%83%CE%B8%CE%BF%CE%BD%CE%AF%CE%B1)","*":"\u03a3\u03bf\u03c3\u03b9\u03b1\u03bb\u03b4\u03b7\u03bc\u03bf\u03ba\u03c1\u03b1\u03c4\u03b9\u03ba\u03cc \u039a\u03cc\u03bc\u03bc\u03b1 (\u0395\u03c3\u03b8\u03bf\u03bd\u03af\u03b1)"},{"lang":"eo","url":"https://eo.wikipedia.org/wiki/Socialdemokratia_Partio_de_Estonio","*":"Socialdemokratia Partio de Estonio"},{"lang":"es","url":"https://es.wikipedia.org/wiki/Partido_Socialdem%C3%B3crata_(Estonia)","*":"Partido Socialdem\u00f3crata (Estonia)"},{"lang":"et","url":"https://et.wikipedia.org/wiki/Sotsiaaldemokraatlik_Erakond","*":"Sotsiaaldemokraatlik Erakond"},{"lang":"fa","url":"https://fa.wikipedia.org/wiki/%D8%AD%D8%B2%D8%A8_%D8%B3%D9%88%D8%B3%DB%8C%D8%A7%D9%84_%D8%AF%D9%85%D9%88%DA%A9%D8%B1%D8%A7%D8%AA%DB%8C%DA%A9_%D8%A7%D8%B3%D8%AA%D9%88%D9%86%DB%8C","*":"\u062d\u0632\u0628 \u0633\u0648\u0633\u06cc\u0627\u0644 \u062f\u0645\u0648\u06a9\u0631\u0627\u062a\u06cc\u06a9 \u0627\u0633\u062a\u0648\u0646\u06cc"},{"lang":"fi","url":"https://fi.wikipedia.org/wiki/Sosiaalidemokraattinen_puolue_(Viro)","*":"Sosiaalidemokraattinen puolue (Viro)"},{"lang":"fr","url":"https://fr.wikipedia.org/wiki/Parti_social-d%C3%A9mocrate_(Estonie)","*":"Parti social-d\u00e9mocrate (Estonie)"},{"lang":"he","url":"https://he.wikipedia.org/wiki/%D7%94%D7%9E%D7%A4%D7%9C%D7%92%D7%94_%D7%94%D7%A1%D7%95%D7%A6%D7%99%D7%90%D7%9C-%D7%93%D7%9E%D7%95%D7%A7%D7%A8%D7%98%D7%99%D7%AA_(%D7%90%D7%A1%D7%98%D7%95%D7%A0%D7%99%D7%94)","*":"\u05d4\u05de\u05e4\u05dc\u05d2\u05d4 \u05d4\u05e1\u05d5\u05e6\u05d9\u05d0\u05dc-\u05d3\u05de\u05d5\u05e7\u05e8\u05d8\u05d9\u05ea (\u05d0\u05e1\u05d8\u05d5\u05e0\u05d9\u05d4)"},{"lang":"hy","url":"https://hy.wikipedia.org/wiki/%D4%B7%D5%BD%D5%BF%D5%B8%D5%B6%D5%AB%D5%A1%D5%B5%D5%AB_%D5%BD%D5%B8%D6%81%D5%AB%D5%A1%D5%AC-%D5%A4%D5%A5%D5%B4%D5%B8%D5%AF%D6%80%D5%A1%D5%BF%D5%A1%D5%AF%D5%A1%D5%B6_%D5%AF%D5%B8%D6%82%D5%BD%D5%A1%D5%AF%D6%81%D5%B8%D6%82%D5%A9%D5%B5%D5%B8%D6%82%D5%B6","*":"\u0537\u057d\u057f\u0578\u0576\u056b\u0561\u0575\u056b \u057d\u0578\u0581\u056b\u0561\u056c-\u0564\u0565\u0574\u0578\u056f\u0580\u0561\u057f\u0561\u056f\u0561\u0576 \u056f\u0578\u0582\u057d\u0561\u056f\u0581\u0578\u0582\u0569\u0575\u0578\u0582\u0576"},{"lang":"id","url":"https://id.wikipedia.org/wiki/Partai_Demokrat_Sosial_(Estonia)","*":"Partai Demokrat Sosial (Estonia)"},{"lang":"it","url":"https://it.wikipedia.org/wiki/Partito_Socialdemocratico_(Estonia)","*":"Partito Socialdemocratico (Estonia)"},{"lang":"ko","url":"https://ko.wikipedia.org/wiki/%EC%82%AC%ED%9A%8C%EB%AF%BC%EC%A3%BC%EB%8B%B9_(%EC%97%90%EC%8A%A4%ED%86%A0%EB%8B%88%EC%95%84)","*":"\uc0ac\ud68c\ubbfc\uc8fc\ub2f9 (\uc5d0\uc2a4\ud1a0\ub2c8\uc544)"},{"lang":"lt","url":"https://lt.wikipedia.org/wiki/Estijos_socialdemokrat%C5%B3_partija","*":"Estijos socialdemokrat\u0173 partija"},{"lang":"lv","url":"https://lv.wikipedia.org/wiki/Soci%C4%81ldemokr%C4%81tisk%C4%81_partija_(Igaunija)","*":"Soci\u0101ldemokr\u0101tisk\u0101 partija (Igaunija)"},{"lang":"nl","url":"https://nl.wikipedia.org/wiki/Sociaaldemocratische_Partij_(Estland)","*":"Sociaaldemocratische Partij (Estland)"},{"lang":"nb","url":"https://no.wikipedia.org/wiki/Estlands_sosialdemokratiske_parti","*":"Estlands sosialdemokratiske parti"},{"lang":"pl","url":"https://pl.wikipedia.org/wiki/Partia_Socjaldemokratyczna_(Estonia)","*":"Partia Socjaldemokratyczna (Estonia)"},{"lang":"pt","url":"https://pt.wikipedia.org/wiki/Partido_Social-Democrata_(Est%C3%B3nia)","*":"Partido Social-Democrata (Est\u00f3nia)"},{"lang":"ro","url":"https://ro.wikipedia.org/wiki/Partidul_Social_Democrat_(Estonia)","*":"Partidul Social Democrat (Estonia)"},{"lang":"ru","url":"https://ru.wikipedia.org/wiki/%D0%A1%D0%BE%D1%86%D0%B8%D0%B0%D0%BB-%D0%B4%D0%B5%D0%BC%D0%BE%D0%BA%D1%80%D0%B0%D1%82%D0%B8%D1%87%D0%B5%D1%81%D0%BA%D0%B0%D1%8F_%D0%BF%D0%B0%D1%80%D1%82%D0%B8%D1%8F_%D0%AD%D1%81%D1%82%D0%BE%D0%BD%D0%B8%D0%B8","*":"\u0421\u043e\u0446\u0438\u0430\u043b-\u0434\u0435\u043c\u043e\u043a\u0440\u0430\u0442\u0438\u0447\u0435\u0441\u043a\u0430\u044f \u043f\u0430\u0440\u0442\u0438\u044f \u042d\u0441\u0442\u043e\u043d\u0438\u0438"},{"lang":"sr","url":"https://sr.wikipedia.org/wiki/%D0%A1%D0%BE%D1%86%D0%B8%D1%98%D0%B0%D0%BB%D0%B4%D0%B5%D0%BC%D0%BE%D0%BA%D1%80%D0%B0%D1%82%D1%81%D0%BA%D0%B0_%D1%81%D1%82%D1%80%D0%B0%D0%BD%D0%BA%D0%B0_(%D0%95%D1%81%D1%82%D0%BE%D0%BD%D0%B8%D1%98%D0%B0)","*":"\u0421\u043e\u0446\u0438\u0458\u0430\u043b\u0434\u0435\u043c\u043e\u043a\u0440\u0430\u0442\u0441\u043a\u0430 \u0441\u0442\u0440\u0430\u043d\u043a\u0430 (\u0415\u0441\u0442\u043e\u043d\u0438\u0458\u0430)"},{"lang":"sv","url":"https://sv.wikipedia.org/wiki/Socialdemokratiska_partiet_(Estland)","*":"Socialdemokratiska partiet (Estland)"},{"lang":"tr","url":"https://tr.wikipedia.org/wiki/Sosyal_Demokrat_Parti_(Estonya)","*":"Sosyal Demokrat Parti (Estonya)"},{"lang":"uk","url":"https://uk.wikipedia.org/wiki/%D0%A1%D0%BE%D1%86%D1%96%D0%B0%D0%BB-%D0%B4%D0%B5%D0%BC%D0%BE%D0%BA%D1%80%D0%B0%D1%82%D0%B8%D1%87%D0%BD%D0%B0_%D0%BF%D0%B0%D1%80%D1%82%D1%96%D1%8F_(%D0%95%D1%81%D1%82%D0%BE%D0%BD%D1%96%D1%8F)","*":"\u0421\u043e\u0446\u0456\u0430\u043b-\u0434\u0435\u043c\u043e\u043a\u0440\u0430\u0442\u0438\u0447\u043d\u0430 \u043f\u0430\u0440\u0442\u0456\u044f (\u0415\u0441\u0442\u043e\u043d\u0456\u044f)"},{"lang":"wuu","url":"https://wuu.wikipedia.org/wiki/%E7%A4%BE%E4%BC%9A%E6%B0%91%E4%B8%BB%E5%85%9A_(%E7%88%B1%E6%B2%99%E5%B0%BC%E4%BA%9A)","*":"\u793e\u4f1a\u6c11\u4e3b\u515a (\u7231\u6c99\u5c3c\u4e9a)"},{"lang":"zh","url":"https://zh.wikipedia.org/wiki/%E7%A4%BE%E6%9C%83%E6%B0%91%E4%B8%BB%E9%BB%A8_(%E6%84%9B%E6%B2%99%E5%B0%BC%E4%BA%9E)","*":"\u793e\u6703\u6c11\u4e3b\u9ee8 (\u611b\u6c99\u5c3c\u4e9e)"}]}}}}