{"batchcomplete":"","query":{"normalized":[{"from":"Deutsche_Reichspartei","to":"Deutsche Reichspartei"}],"pages":{"1700094":{"pageid":1700094,"ns":0,"title":"Deutsche Reichspartei","langlinks":[{"lang":"ar","url":"https://ar.wikipedia.org/wiki/%D8%AD%D8%B2%D8%A8_%D8%A7%D9%84%D8%B1%D8%A7%D9%8A%D8%AE_%D8%A7%D9%84%D8%A3%D9%84%D9%85%D8%A7%D9%86%D9%8A","*":"\u062d\u0632\u0628 \u0627\u0644\u0631\u0627\u064a\u062e \u0627\u0644\u0623\u0644\u0645\u0627\u0646\u064a"},{"lang":"ca","url":"https://ca.wikipedia.org/wiki/Deutsche_Reichspartei","*":"Deutsche Reichspartei"},{"lang":"cs","url":"https://cs.wikipedia.org/wiki/N%C4%9Bmeck%C3%A1_%C5%99%C3%AD%C5%A1sk%C3%A1_strana","*":"N\u011bmeck\u00e1 \u0159\u00ed\u0161sk\u00e1 strana"},{"lang":"de","url":"https://de.wikipedia.org/wiki/Deutsche_Reichspartei_(1950)","*":"Deutsche Reichspartei (1950)"},{"lang":"es","url":"https://es.wikipedia.org/wiki/Partido_del_Imperio_Alem%C3%A1n","*":"Partido del Imperio Alem\u00e1n"},{"lang":"fr","url":"https://fr.wikipedia.org/wiki/Parti_imp%C3%A9rial_allemand","*":"Parti imp\u00e9rial allemand"},{"lang":"id","url":"https://id.wikipedia.org/wiki/Partai_Kekaisaran_Jerman","*":"Partai Kekaisaran Jerman"},{"lang":"it","url":"https://it.wikipedia.org/wiki/Deutsche_Reichspartei","*":"Deutsche Reichspartei"},{"lang":"ko","url":"https://ko.wikipedia.org/wiki/%EB%8F%85%EC%9D%BC_%EC%A0%9C%EA%B5%AD%EB%8B%B9","*":"\ub3c5\uc77c \uc81c\uad6d\ub2f9"},{"lang":"nds","url":"https://nds.wikipedia.org/wiki/D%C3%BC%C3%BCtsche_Riekspartei","*":"D\u00fc\u00fctsche Riekspartei"},{"lang":"nl","url":"https://nl.wikipedia.org/wiki/Deutsche_Reichspartei","*":"Deutsche Reichspartei"},{"lang":"nb","url":"https://no.wikipedia.org/wiki/Deutsche_Reichspartei","*":"Deutsche Reichspartei"},{"lang":"pl","url":"https://pl.wikipedia.org/wiki/Niemiecka_Partia_Rzeszy","*":"Niemiecka Partia Rzeszy"},{"lang":"ro","url":"https://ro.wikipedia.org/wiki/Deutsche_Reichspartei","*":"Deutsche Reichspartei"},{"lang":"ru","url":"https://ru.wikipedia.org/wiki/%D0%9D%D0%B5%D0%BC%D0%B5%D1%86%D0%BA%D0%B0%D1%8F_%D0%B8%D0%BC%D0%BF%D0%B5%D1%80%D1%81%D0%BA%D0%B0%D1%8F_%D0%BF%D0%B0%D1%80%D1%82%D0%B8%D1%8F","*":"\u041d\u0435\u043c\u0435\u0446\u043a\u0430\u044f \u0438\u043c\u043f\u0435\u0440\u0441\u043a\u0430\u044f \u043f\u0430\u0440\u0442\u0438\u044f"},{"lang":"simple","url":"https://simple.wikipedia.org/wiki/Deutsche_Reichspartei","*":"Deutsche Reichspartei"},{"lang":"sv","url":"https://sv.wikipedia.org/wiki/Deutsche_Reichspartei","*":"Deutsche Reichspartei"},{"lang":"tr","url":"https://tr.wikipedia.org/wiki/Alman_Reich_Partisi","*":"Alman Reich Partisi"}]}}}}