{"batchcomplete":"","query":{"normalized":[{"from":"Free_People's_Party_(Germany)","to":"Free People's Party (Germany)"}],"pages":{"31020913":{"pageid":31020913,"ns":0,"title":"Free People's Party (Germany)","langlinks":[{"lang":"de","url":"https://de.wikipedia.org/wiki/Freie_Volkspartei","*":"Freie Volkspartei"},{"lang":"es","url":"https://es.wikipedia.org/wiki/Freie_Volkspartei","*":"Freie Volkspartei"},{"lang":"fr","url":"https://fr.wikipedia.org/wiki/Parti_populaire_lib%C3%A9ral_(Allemagne)","*":"Parti populaire lib\u00e9ral (Allemagne)"},{"lang":"id","url":"https://id.wikipedia.org/wiki/Partai_Rakyat_Bebas_(Jerman)","*":"Partai Rakyat Bebas (Jerman)"},{"lang":"it","url":"https://it.wikipedia.org/wiki/Partito_Popolare_Liberale_(Germania)","*":"Partito Popolare Liberale (Germania)"},{"lang":"nds","url":"https://nds.wikipedia.org/wiki/Free_Volkspartei","*":"Free Volkspartei"}]}}}}