{"batchcomplete":"","query":{"normalized":[{"from":"Social_Credit_Party_of_Canada","to":"Social Credit Party of Canada"}],"pages":{"461257":{"pageid":461257,"ns":0,"title":"Social Credit Party of Canada","langlinks":[{"lang":"de","url":"https://de.wikipedia.org/wiki/Social_Credit_Party_of_Canada","*":"Social Credit Party of Canada"},{"lang":"es","url":"https://es.wikipedia.org/wiki/Partido_del_Cr%C3%A9dito_Social_de_Canad%C3%A1","*":"Partido del Cr\u00e9dito Social de Canad\u00e1"},{"lang":"fr","url":"https://fr.wikipedia.org/wiki/Parti_Cr%C3%A9dit_social_du_Canada","*":"Parti Cr\u00e9dit social du Canada"},{"lang":"pt","url":"https://pt.wikipedia.org/wiki/Partido_Cr%C3%A9dito_Social_do_Canad%C3%A1","*":"Partido Cr\u00e9dito Social do Canad\u00e1"},{"lang":"sv","url":"https://sv.wikipedia.org/wiki/Social_Credit-partiet_i_Kanada","*":"Social Credit-partiet i Kanada"}]}}}}