{"batchcomplete":"","query":{"normalized":[{"from":"Serb_Democratic_Party_(Bosnia_and_Herzegovina)","to":"Serb Democratic Party (Bosnia and Herzegovina)"}],"pages":{"413319":{"pageid":413319,"ns":0,"title":"Serb Democratic Party (Bosnia and Herzegovina)","langlinks":[{"lang":"bg","url":"https://bg.wikipedia.org/wiki/%D0%A1%D1%80%D1%8A%D0%B1%D1%81%D0%BA%D0%B0_%D0%B4%D0%B5%D0%BC%D0%BE%D0%BA%D1%80%D0%B0%D1%82%D0%B8%D1%87%D0%B5%D1%81%D0%BA%D0%B0_%D0%BF%D0%B0%D1%80%D1%82%D0%B8%D1%8F_(%D0%91%D0%BE%D1%81%D0%BD%D0%B0_%D0%B8_%D0%A5%D0%B5%D1%80%D1%86%D0%B5%D0%B3%D0%BE%D0%B2%D0%B8%D0%BD%D0%B0)","*":"\u0421\u0440\u044a\u0431\u0441\u043a\u0430 \u0434\u0435\u043c\u043e\u043a\u0440\u0430\u0442\u0438\u0447\u0435\u0441\u043a\u0430 \u043f\u0430\u0440\u0442\u0438\u044f (\u0411\u043e\u0441\u043d\u0430 \u0438 \u0425\u0435\u0440\u0446\u0435\u0433\u043e\u0432\u0438\u043d\u0430)"},{"lang":"bs","url":"https://bs.wikipedia.org/wiki/Srpska_demokratska_stranka","*":"Srpska demokratska stranka"},{"lang":"ca","url":"https://ca.wikipedia.org/wiki/Partit_Democr%C3%A0tic_Serbi","*":"Partit Democr\u00e0tic Serbi"},{"lang":"cs","url":"https://cs.wikipedia.org/wiki/Srpska_demokratska_stranka","*":"Srpska demokratska stranka"},{"lang":"de","url":"https://de.wikipedia.org/wiki/Srpska_Demokratska_Stranka","*":"Srpska Demokratska Stranka"},{"lang":"el","url":"https://el.wikipedia.org/wiki/%CE%A3%CE%B5%CF%81%CE%B2%CE%B9%CE%BA%CF%8C_%CE%94%CE%B7%CE%BC%CE%BF%CE%BA%CF%81%CE%B1%CF%84%CE%B9%CE%BA%CF%8C_%CE%9A%CF%8C%CE%BC%CE%BC%CE%B1_(%CE%92%CE%BF%CF%83%CE%BD%CE%AF%CE%B1_%CE%BA%CE%B1%CE%B9_%CE%95%CF%81%CE%B6%CE%B5%CE%B3%CE%BF%CE%B2%CE%AF%CE%BD%CE%B7)","*":"\u03a3\u03b5\u03c1\u03b2\u03b9\u03ba\u03cc \u0394\u03b7\u03bc\u03bf\u03ba\u03c1\u03b1\u03c4\u03b9\u03ba\u03cc \u039a\u03cc\u03bc\u03bc\u03b1 (\u0392\u03bf\u03c3\u03bd\u03af\u03b1 \u03ba\u03b1\u03b9 \u0395\u03c1\u03b6\u03b5\u03b3\u03bf\u03b2\u03af\u03bd\u03b7)"},{"lang":"es","url":"https://es.wikipedia.org/wiki/Partido_Democr%C3%A1tico_Serbio","*":"Partido Democr\u00e1tico Serbio"},{"lang":"fr","url":"https://fr.wikipedia.org/wiki/Parti_d%C3%A9mocratique_serbe","*":"Parti d\u00e9mocratique serbe"},{"lang":"he","url":"https://he.wikipedia.org/wiki/%D7%94%D7%9E%D7%A4%D7%9C%D7%92%D7%94_%D7%94%D7%93%D7%9E%D7%95%D7%A7%D7%A8%D7%98%D7%99%D7%AA_%D7%94%D7%A1%D7%A8%D7%91%D7%99%D7%AA_(%D7%91%D7%95%D7%A1%D7%A0%D7%99%D7%94_%D7%95%D7%94%D7%A8%D7%A6%D7%92%D7%95%D7%91%D7%99%D7%A0%D7%94)","*":"\u05d4\u05de\u05e4\u05dc\u05d2\u05d4 \u05d4\u05d3\u05de\u05d5\u05e7\u05e8\u05d8\u05d9\u05ea \u05d4\u05e1\u05e8\u05d1\u05d9\u05ea (\u05d1\u05d5\u05e1\u05e0\u05d9\u05d4 \u05d5\u05d4\u05e8\u05e6\u05d2\u05d5\u05d1\u05d9\u05e0\u05d4)"},{"lang":"hr","url":"https://hr.wikipedia.org/wiki/Srpska_demokratska_stranka_(Bosna_i_Hercegovina)","*":"Srpska demokratska stranka (Bosna i Hercegovina)"},{"lang":"it","url":"https://it.wikipedia.org/wiki/Partito_Democratico_Serbo_(Bosnia_ed_Erzegovina)","*":"Partito Democratico Serbo (Bosnia ed Erzegovina)"},{"lang":"ja","url":"https://ja.wikipedia.org/wiki/%E3%82%BB%E3%83%AB%E3%83%93%E3%82%A2%E6%B0%91%E4%B8%BB%E5%85%9A_(%E3%83%9C%E3%82%B9%E3%83%8B%E3%82%A2%E3%83%BB%E3%83%98%E3%83%AB%E3%83%84%E3%82%A7%E3%82%B4%E3%83%93%E3%83%8A)","*":"\u30bb\u30eb\u30d3\u30a2\u6c11\u4e3b\u515a (\u30dc\u30b9\u30cb\u30a2\u30fb\u30d8\u30eb\u30c4\u30a7\u30b4\u30d3\u30ca)"},{"lang":"ru","url":"https://ru.wikipedia.org/wiki/%D0%A1%D0%B5%D1%80%D0%B1%D1%81%D0%BA%D0%B0%D1%8F_%D0%B4%D0%B5%D0%BC%D0%BE%D0%BA%D1%80%D0%B0%D1%82%D0%B8%D1%87%D0%B5%D1%81%D0%BA%D0%B0%D1%8F_%D0%BF%D0%B0%D1%80%D1%82%D0%B8%D1%8F","*":"\u0421\u0435\u0440\u0431\u0441\u043a\u0430\u044f \u0434\u0435\u043c\u043e\u043a\u0440\u0430\u0442\u0438\u0447\u0435\u0441\u043a\u0430\u044f \u043f\u0430\u0440\u0442\u0438\u044f"},{"lang":"sh","url":"https://sh.wikipedia.org/wiki/Srpska_demokratska_stranka_(BiH)","*":"Srpska demokratska stranka (BiH)"},{"lang":"sr","url":"https://sr.wikipedia.org/wiki/%D0%A1%D1%80%D0%BF%D1%81%D0%BA%D0%B0_%D0%B4%D0%B5%D0%BC%D0%BE%D0%BA%D1%80%D0%B0%D1%82%D1%81%D0%BA%D0%B0_%D1%81%D1%82%D1%80%D0%B0%D0%BD%D0%BA%D0%B0","*":"\u0421\u0440\u043f\u0441\u043a\u0430 \u0434\u0435\u043c\u043e\u043a\u0440\u0430\u0442\u0441\u043a\u0430 \u0441\u0442\u0440\u0430\u043d\u043a\u0430"},{"lang":"sv","url":"https://sv.wikipedia.org/wiki/Srpska_Demokratska_Stranka","*":"Srpska Demokratska Stranka"},{"lang":"tr","url":"https://tr.wikipedia.org/wiki/S%C4%B1rp_Demokratik_Partisi_(Bosna-Hersek)","*":"S\u0131rp Demokratik Partisi (Bosna-Hersek)"},{"lang":"uk","url":"https://uk.wikipedia.org/wiki/%D0%A1%D0%B5%D1%80%D0%B1%D1%81%D1%8C%D0%BA%D0%B0_%D0%B4%D0%B5%D0%BC%D0%BE%D0%BA%D1%80%D0%B0%D1%82%D0%B8%D1%87%D0%BD%D0%B0_%D0%BF%D0%B0%D1%80%D1%82%D1%96%D1%8F","*":"\u0421\u0435\u0440\u0431\u0441\u044c\u043a\u0430 \u0434\u0435\u043c\u043e\u043a\u0440\u0430\u0442\u0438\u0447\u043d\u0430 \u043f\u0430\u0440\u0442\u0456\u044f"},{"lang":"zh","url":"https://zh.wikipedia.org/wiki/%E5%A1%9E%E5%B0%94%E7%BB%B4%E4%BA%9A%E6%97%8F%E6%B0%91%E4%B8%BB%E5%85%9A","*":"\u585e\u5c14\u7ef4\u4e9a\u65cf\u6c11\u4e3b\u515a"}]}}}}