{"batchcomplete":"","query":{"normalized":[{"from":"Democratic_Left_(Ireland)","to":"Democratic Left (Ireland)"}],"pages":{"243988":{"pageid":243988,"ns":0,"title":"Democratic Left (Ireland)","langlinks":[{"lang":"ca","url":"https://ca.wikipedia.org/wiki/Democratic_Left","*":"Democratic Left"},{"lang":"de","url":"https://de.wikipedia.org/wiki/Democratic_Left_(Irland)","*":"Democratic Left (Irland)"},{"lang":"es","url":"https://es.wikipedia.org/wiki/Izquierda_Democr%C3%A1tica_(Irlanda)","*":"Izquierda Democr\u00e1tica (Irlanda)"},{"lang":"ga","url":"https://ga.wikipedia.org/wiki/Daonlathas_Cl%C3%A9","*":"Daonlathas Cl\u00e9"},{"lang":"it","url":"https://it.wikipedia.org/wiki/Sinistra_Democratica_(Irlanda)","*":"Sinistra Democratica (Irlanda)"},{"lang":"pl","url":"https://pl.wikipedia.org/wiki/Demokratyczna_Lewica","*":"Demokratyczna Lewica"},{"lang":"scn","url":"https://scn.wikipedia.org/wiki/Democratic_Left","*":"Democratic Left"}]}}}}