{"batchcomplete":"","query":{"normalized":[{"from":"Reformed_Political_Party","to":"Reformed Political Party"}],"pages":{"63176":{"pageid":63176,"ns":0,"title":"Reformed Political Party","langlinks":[{"lang":"af","url":"https://af.wikipedia.org/wiki/Staatkundig_Gereformeerde_Party","*":"Staatkundig Gereformeerde Party"},{"lang":"ar","url":"https://ar.wikipedia.org/wiki/%D8%A7%D9%84%D8%AD%D8%B2%D8%A8_%D8%A7%D9%84%D8%B3%D9%8A%D8%A7%D8%B3%D9%8A_%D8%A7%D9%84%D8%A5%D8%B5%D9%84%D8%A7%D8%AD%D9%8A","*":"\u0627\u0644\u062d\u0632\u0628 \u0627\u0644\u0633\u064a\u0627\u0633\u064a \u0627\u0644\u0625\u0635\u0644\u0627\u062d\u064a"},{"lang":"be","url":"https://be.wikipedia.org/wiki/%D0%A0%D1%8D%D1%84%D0%B0%D1%80%D0%BC%D0%B0%D1%86%D0%BA%D0%B0%D1%8F_%D0%BF%D0%B0%D0%BB%D1%96%D1%82%D1%8B%D1%87%D0%BD%D0%B0%D1%8F_%D0%BF%D0%B0%D1%80%D1%82%D1%8B%D1%8F","*":"\u0420\u044d\u0444\u0430\u0440\u043c\u0430\u0446\u043a\u0430\u044f \u043f\u0430\u043b\u0456\u0442\u044b\u0447\u043d\u0430\u044f \u043f\u0430\u0440\u0442\u044b\u044f"},{"lang":"ca","url":"https://ca.wikipedia.org/wiki/Partit_Pol%C3%ADtic_Reformat","*":"Partit Pol\u00edtic Reformat"},{"lang":"cs","url":"https://cs.wikipedia.org/wiki/St%C3%A1tn%C3%AD_reformn%C3%AD_strana","*":"St\u00e1tn\u00ed reformn\u00ed strana"},{"lang":"da","url":"https://da.wikipedia.org/wiki/Reformerede_Politiske_Parti","*":"Reformerede Politiske Parti"},{"lang":"de","url":"https://de.wikipedia.org/wiki/Staatkundig_Gereformeerde_Partij","*":"Staatkundig Gereformeerde Partij"},{"lang":"el","url":"https://el.wikipedia.org/wiki/%CE%A0%CE%BF%CE%BB%CE%B9%CF%84%CE%B9%CE%BA%CF%8C_%CE%9A%CF%8C%CE%BC%CE%BC%CE%B1_%CE%9C%CE%B5%CF%84%CE%B1%CF%81%CF%81%CF%8D%CE%B8%CE%BC%CE%B9%CF%83%CE%B7%CF%82","*":"\u03a0\u03bf\u03bb\u03b9\u03c4\u03b9\u03ba\u03cc \u039a\u03cc\u03bc\u03bc\u03b1 \u039c\u03b5\u03c4\u03b1\u03c1\u03c1\u03cd\u03b8\u03bc\u03b9\u03c3\u03b7\u03c2"},{"lang":"eo","url":"https://eo.wikipedia.org/wiki/Politika_Reformita_Partio","*":"Politika Reformita Partio"},{"lang":"es","url":"https://es.wikipedia.org/wiki/Partido_Pol%C3%ADtico_Reformado","*":"Partido Pol\u00edtico Reformado"},{"lang":"eu","url":"https://eu.wikipedia.org/wiki/Alderdi_Politiko_Erreformatua","*":"Alderdi Politiko Erreformatua"},{"lang":"fi","url":"https://fi.wikipedia.org/wiki/Reformoitu_puolue_(Alankomaat)","*":"Reformoitu puolue (Alankomaat)"},{"lang":"fr","url":"https://fr.wikipedia.org/wiki/Parti_politique_r%C3%A9form%C3%A9","*":"Parti politique r\u00e9form\u00e9"},{"lang":"fy","url":"https://fy.wikipedia.org/wiki/Steatkundich_Grifformearde_Partij","*":"Steatkundich Grifformearde Partij"},{"lang":"hu","url":"https://hu.wikipedia.org/wiki/Reform%C3%A1tus_Politikai_P%C3%A1rt","*":"Reform\u00e1tus Politikai P\u00e1rt"},{"lang":"id","url":"https://id.wikipedia.org/wiki/Partai_Politik_Reformasi","*":"Partai Politik Reformasi"},{"lang":"io","url":"https://io.wikipedia.org/wiki/Staatkundig_Gereformeerde_Partij","*":"Staatkundig Gereformeerde Partij"},{"lang":"it","url":"https://it.wikipedia.org/wiki/Partito_Politico_Riformato","*":"Partito Politico Riformato"},{"lang":"ko","url":"https://ko.wikipedia.org/wiki/%EA%B0%9C%ED%98%81%EC%A0%95%EC%B9%98%EB%8B%B9","*":"\uac1c\ud601\uc815\uce58\ub2f9"},{"lang":"li","url":"https://li.wikipedia.org/wiki/SGP","*":"SGP"},{"lang":"lt","url":"https://lt.wikipedia.org/wiki/Reformuota_politin%C4%97_partija","*":"Reformuota politin\u0117 partija"},{"lang":"nl","url":"https://nl.wikipedia.org/wiki/Staatkundig_Gereformeerde_Partij","*":"Staatkundig Gereformeerde Partij"},{"lang":"nb","url":"https://no.wikipedia.org/wiki/Staatkundig_Gereformeerde_Partij","*":"Staatkundig Gereformeerde Partij"},{"lang":"pl","url":"https://pl.wikipedia.org/wiki/Polityczna_Partia_Protestant%C3%B3w","*":"Polityczna Partia Protestant\u00f3w"},{"lang":"pt","url":"https://pt.wikipedia.org/wiki/Partido_Pol%C3%ADtico_Reformado","*":"Partido Pol\u00edtico Reformado"},{"lang":"ru","url":"https://ru.wikipedia.org/wiki/%D0%A0%D0%B5%D1%84%D0%BE%D1%80%D0%BC%D0%B0%D1%82%D1%81%D0%BA%D0%B0%D1%8F_%D0%BF%D0%B0%D1%80%D1%82%D0%B8%D1%8F","*":"\u0420\u0435\u0444\u043e\u0440\u043c\u0430\u0442\u0441\u043a\u0430\u044f \u043f\u0430\u0440\u0442\u0438\u044f"},{"lang":"simple","url":"https://simple.wikipedia.org/wiki/Reformed_Political_Party","*":"Reformed Political Party"},{"lang":"sv","url":"https://sv.wikipedia.org/wiki/Reformerta_samh%C3%A4llspartiet","*":"Reformerta samh\u00e4llspartiet"},{"lang":"th","url":"https://th.wikipedia.org/wiki/%E0%B8%9E%E0%B8%A3%E0%B8%A3%E0%B8%84%E0%B8%81%E0%B8%B2%E0%B8%A3%E0%B9%80%E0%B8%A1%E0%B8%B7%E0%B8%AD%E0%B8%87%E0%B8%9B%E0%B8%8F%E0%B8%B4%E0%B8%A3%E0%B8%B9%E0%B8%9B","*":"\u0e1e\u0e23\u0e23\u0e04\u0e01\u0e32\u0e23\u0e40\u0e21\u0e37\u0e2d\u0e07\u0e1b\u0e0f\u0e34\u0e23\u0e39\u0e1b"},{"lang":"uk","url":"https://uk.wikipedia.org/wiki/%D0%A0%D0%B5%D1%84%D0%BE%D1%80%D0%BC%D1%96%D1%81%D1%82%D1%81%D1%8C%D0%BA%D0%B0_%D0%BF%D0%B0%D1%80%D1%82%D1%96%D1%8F_(%D0%9D%D1%96%D0%B4%D0%B5%D1%80%D0%BB%D0%B0%D0%BD%D0%B4%D0%B8)","*":"\u0420\u0435\u0444\u043e\u0440\u043c\u0456\u0441\u0442\u0441\u044c\u043a\u0430 \u043f\u0430\u0440\u0442\u0456\u044f (\u041d\u0456\u0434\u0435\u0440\u043b\u0430\u043d\u0434\u0438)"},{"lang":"zea","url":"https://zea.wikipedia.org/wiki/Staetkundig_Grifformeerde_Partij","*":"Staetkundig Grifformeerde Partij"}]}}}}