{"batchcomplete":"","query":{"normalized":[{"from":"Future_and_Freedom","to":"Future and Freedom"}],"pages":{"28325554":{"pageid":28325554,"ns":0,"title":"Future and Freedom","langlinks":[{"lang":"de","url":"https://de.wikipedia.org/wiki/Futuro_e_Libert%C3%A0_per_l%E2%80%99Italia","*":"Futuro e Libert\u00e0 per l\u2019Italia"},{"lang":"es","url":"https://es.wikipedia.org/wiki/Futuro_y_Libertad_para_Italia","*":"Futuro y Libertad para Italia"},{"lang":"fr","url":"https://fr.wikipedia.org/wiki/Futur_et_libert%C3%A9_pour_l%27Italie","*":"Futur et libert\u00e9 pour l'Italie"},{"lang":"it","url":"https://it.wikipedia.org/wiki/Futuro_e_Libert%C3%A0_per_l%27Italia","*":"Futuro e Libert\u00e0 per l'Italia"},{"lang":"ja","url":"https://ja.wikipedia.org/wiki/%E3%82%A4%E3%82%BF%E3%83%AA%E3%82%A2%E3%81%AE%E3%81%9F%E3%82%81%E3%81%AE%E6%9C%AA%E6%9D%A5%E3%81%A8%E8%87%AA%E7%94%B1","*":"\u30a4\u30bf\u30ea\u30a2\u306e\u305f\u3081\u306e\u672a\u6765\u3068\u81ea\u7531"},{"lang":"la","url":"https://la.wikipedia.org/wiki/Futurum_et_libertas_pro_Italia","*":"Futurum et libertas pro Italia"},{"lang":"nl","url":"https://nl.wikipedia.org/wiki/Toekomst_en_Vrijheid_voor_Itali%C3%AB","*":"Toekomst en Vrijheid voor Itali\u00eb"},{"lang":"nb","url":"https://no.wikipedia.org/wiki/Futuro_e_Libert%C3%A0_per_l%E2%80%99Italia","*":"Futuro e Libert\u00e0 per l\u2019Italia"},{"lang":"pl","url":"https://pl.wikipedia.org/wiki/Przysz%C5%82o%C5%9B%C4%87_i_Wolno%C5%9B%C4%87_dla_W%C5%82och","*":"Przysz\u0142o\u015b\u0107 i Wolno\u015b\u0107 dla W\u0142och"},{"lang":"scn","url":"https://scn.wikipedia.org/wiki/Futuru_e_Libbirtati_pi_l%27Italia","*":"Futuru e Libbirtati pi l'Italia"},{"lang":"sh","url":"https://sh.wikipedia.org/wiki/Budu%C4%87nost_i_sloboda_za_Italiju","*":"Budu\u0107nost i sloboda za Italiju"},{"lang":"sr","url":"https://sr.wikipedia.org/wiki/%D0%91%D1%83%D0%B4%D1%83%D1%9B%D0%BD%D0%BE%D1%81%D1%82_%D0%B8_%D1%81%D0%BB%D0%BE%D0%B1%D0%BE%D0%B4%D0%B0_%D0%B7%D0%B0_%D0%98%D1%82%D0%B0%D0%BB%D0%B8%D1%98%D1%83","*":"\u0411\u0443\u0434\u0443\u045b\u043d\u043e\u0441\u0442 \u0438 \u0441\u043b\u043e\u0431\u043e\u0434\u0430 \u0437\u0430 \u0418\u0442\u0430\u043b\u0438\u0458\u0443"},{"lang":"sv","url":"https://sv.wikipedia.org/wiki/Framtid_och_frihet_f%C3%B6r_Italien","*":"Framtid och frihet f\u00f6r Italien"},{"lang":"vec","url":"https://vec.wikipedia.org/wiki/Futuro_e_Libart%C3%A0_par_l%27Ita%C5%82ia","*":"Futuro e Libart\u00e0 par l'Ita\u0142ia"}]}}}}