{"batchcomplete":"","query":{"normalized":[{"from":"Lithuanian_Centre_Union","to":"Lithuanian Centre Union"}],"pages":{"23159553":{"pageid":23159553,"ns":0,"title":"Lithuanian Centre Union","langlinks":[{"lang":"ca","url":"https://ca.wikipedia.org/wiki/Uni%C3%B3_del_Centre_de_Litu%C3%A0nia","*":"Uni\u00f3 del Centre de Litu\u00e0nia"},{"lang":"de","url":"https://de.wikipedia.org/wiki/Lietuvos_centro_s%C4%85junga","*":"Lietuvos centro s\u0105junga"},{"lang":"it","url":"https://it.wikipedia.org/wiki/Unione_di_Centro_di_Lituania","*":"Unione di Centro di Lituania"},{"lang":"ja","url":"https://ja.wikipedia.org/wiki/%E3%83%AA%E3%83%88%E3%82%A2%E3%83%8B%E3%82%A2%E4%B8%AD%E9%81%93%E9%80%A3%E5%90%88","*":"\u30ea\u30c8\u30a2\u30cb\u30a2\u4e2d\u9053\u9023\u5408"},{"lang":"lt","url":"https://lt.wikipedia.org/wiki/Lietuvos_centro_s%C4%85junga","*":"Lietuvos centro s\u0105junga"},{"lang":"pl","url":"https://pl.wikipedia.org/wiki/Litewski_Zwi%C4%85zek_Centrum","*":"Litewski Zwi\u0105zek Centrum"},{"lang":"sv","url":"https://sv.wikipedia.org/wiki/Centerunionen_(Litauen)","*":"Centerunionen (Litauen)"}]}}}}