{"batchcomplete":"","query":{"normalized":[{"from":"Roman_Catholic_Party_of_the_Netherlands","to":"Roman Catholic Party of the Netherlands"}],"pages":{"6749604":{"pageid":6749604,"ns":0,"title":"Roman Catholic Party of the Netherlands","langlinks":[{"lang":"ca","url":"https://ca.wikipedia.org/wiki/Partit_Cat%C3%B2lic_Rom%C3%A0_dels_Pa%C3%AFsos_Baixos","*":"Partit Cat\u00f2lic Rom\u00e0 dels Pa\u00efsos Baixos"},{"lang":"nl","url":"https://nl.wikipedia.org/wiki/Rooms_Katholieke_Partij_Nederland","*":"Rooms Katholieke Partij Nederland"}]}}}}