{"batchcomplete":"","query":{"normalized":[{"from":"Motherland_Party_(Turkey)","to":"Motherland Party (Turkey)"}],"pages":{"1416201":{"pageid":1416201,"ns":0,"title":"Motherland Party (Turkey)","langlinks":[{"lang":"ar","url":"https://ar.wikipedia.org/wiki/%D8%AD%D8%B2%D8%A8_%D8%A7%D9%84%D9%88%D8%B7%D9%86_%D8%A7%D9%84%D8%A3%D9%85","*":"\u062d\u0632\u0628 \u0627\u0644\u0648\u0637\u0646 \u0627\u0644\u0623\u0645"},{"lang":"ca","url":"https://ca.wikipedia.org/wiki/Partit_de_la_Mare_P%C3%A0tria","*":"Partit de la Mare P\u00e0tria"},{"lang":"de","url":"https://de.wikipedia.org/wiki/Anavatan_Partisi","*":"Anavatan Partisi"},{"lang":"el","url":"https://el.wikipedia.org/wiki/%CE%9A%CF%8C%CE%BC%CE%BC%CE%B1_%CF%84%CE%B7%CF%82_%CE%9C%CE%B7%CF%84%CE%AD%CF%81%CE%B1%CF%82_%CE%A0%CE%B1%CF%84%CF%81%CE%AF%CE%B4%CE%B1%CF%82","*":"\u039a\u03cc\u03bc\u03bc\u03b1 \u03c4\u03b7\u03c2 \u039c\u03b7\u03c4\u03ad\u03c1\u03b1\u03c2 \u03a0\u03b1\u03c4\u03c1\u03af\u03b4\u03b1\u03c2"},{"lang":"fa","url":"https://fa.wikipedia.org/wiki/%D8%AD%D8%B2%D8%A8_%D9%85%D8%A7%D9%85_%D9%85%DB%8C%D9%87%D9%86_(%D8%AA%D8%B1%DA%A9%DB%8C%D9%87)","*":"\u062d\u0632\u0628 \u0645\u0627\u0645 \u0645\u06cc\u0647\u0646 (\u062a\u0631\u06a9\u06cc\u0647)"},{"lang":"fr","url":"https://fr.wikipedia.org/wiki/Parti_de_la_m%C3%A8re_patrie","*":"Parti de la m\u00e8re patrie"},{"lang":"he","url":"https://he.wikipedia.org/wiki/%D7%9E%D7%A4%D7%9C%D7%92%D7%AA_%D7%94%D7%9E%D7%95%D7%9C%D7%93%D7%AA","*":"\u05de\u05e4\u05dc\u05d2\u05ea \u05d4\u05de\u05d5\u05dc\u05d3\u05ea"},{"lang":"hu","url":"https://hu.wikipedia.org/wiki/Haza_P%C3%A1rtja","*":"Haza P\u00e1rtja"},{"lang":"it","url":"https://it.wikipedia.org/wiki/Partito_della_Madrepatria_(Turchia)","*":"Partito della Madrepatria (Turchia)"},{"lang":"ja","url":"https://ja.wikipedia.org/wiki/%E7%A5%96%E5%9B%BD%E5%85%9A","*":"\u7956\u56fd\u515a"},{"lang":"ka","url":"https://ka.wikipedia.org/wiki/%E1%83%9E%E1%83%90%E1%83%A0%E1%83%A2%E1%83%98%E1%83%90_%E1%83%A1%E1%83%90%E1%83%9B%E1%83%A8%E1%83%9D%E1%83%91%E1%83%9A%E1%83%9D_(%E1%83%97%E1%83%A3%E1%83%A0%E1%83%A5%E1%83%94%E1%83%97%E1%83%98)","*":"\u10de\u10d0\u10e0\u10e2\u10d8\u10d0 \u10e1\u10d0\u10db\u10e8\u10dd\u10d1\u10da\u10dd (\u10d7\u10e3\u10e0\u10e5\u10d4\u10d7\u10d8)"},{"lang":"pt","url":"https://pt.wikipedia.org/wiki/Partido_da_P%C3%A1tria","*":"Partido da P\u00e1tria"},{"lang":"ru","url":"https://ru.wikipedia.org/wiki/%D0%9F%D0%B0%D1%80%D1%82%D0%B8%D1%8F_%D0%9E%D1%82%D0%B5%D1%87%D0%B5%D1%81%D1%82%D0%B2%D0%B0","*":"\u041f\u0430\u0440\u0442\u0438\u044f \u041e\u0442\u0435\u0447\u0435\u0441\u0442\u0432\u0430"},{"lang":"tr","url":"https://tr.wikipedia.org/wiki/Anavatan_Partisi","*":"Anavatan Partisi"},{"lang":"ug","url":"https://ug.wikipedia.org/wiki/%D8%A6%D8%A7%D9%86%D8%A7_%DB%8B%DB%95%D8%AA%DB%95%D9%86_%D9%BE%D8%A7%D8%B1%D8%AA%D9%89%D9%8A%D9%89%D8%B3%D9%89","*":"\u0626\u0627\u0646\u0627 \u06cb\u06d5\u062a\u06d5\u0646 \u067e\u0627\u0631\u062a\u0649\u064a\u0649\u0633\u0649"},{"lang":"zh","url":"https://zh.wikipedia.org/wiki/%E7%A5%96%E5%9B%BD%E5%85%9A_(%E5%9C%9F%E8%80%B3%E5%85%B6)","*":"\u7956\u56fd\u515a (\u571f\u8033\u5176)"}]}}}}