{"batchcomplete":"","query":{"normalized":[{"from":"New_Horizons_(Cyprus)","to":"New Horizons (Cyprus)"}],"pages":{"1850588":{"pageid":1850588,"ns":0,"title":"New Horizons (Cyprus)","langlinks":[{"lang":"ca","url":"https://ca.wikipedia.org/wiki/Nous_Horitzons_(Xipre)","*":"Nous Horitzons (Xipre)"},{"lang":"el","url":"https://el.wikipedia.org/wiki/%CE%9D%CE%AD%CE%BF%CE%B9_%CE%9F%CF%81%CE%AF%CE%B6%CE%BF%CE%BD%CF%84%CE%B5%CF%82_(%CE%9A%CF%8D%CF%80%CF%81%CE%BF%CF%82)","*":"\u039d\u03ad\u03bf\u03b9 \u039f\u03c1\u03af\u03b6\u03bf\u03bd\u03c4\u03b5\u03c2 (\u039a\u03cd\u03c0\u03c1\u03bf\u03c2)"},{"lang":"fr","url":"https://fr.wikipedia.org/wiki/Nouveaux_Horizons_(parti_politique)","*":"Nouveaux Horizons (parti politique)"}]}}}}