{"batchcomplete":"","query":{"normalized":[{"from":"Democrats_for_a_Strong_Bulgaria","to":"Democrats for a Strong Bulgaria"}],"pages":{"1930896":{"pageid":1930896,"ns":0,"title":"Democrats for a Strong Bulgaria","langlinks":[{"lang":"bg","url":"https://bg.wikipedia.org/wiki/%D0%94%D0%B5%D0%BC%D0%BE%D0%BA%D1%80%D0%B0%D1%82%D0%B8_%D0%B7%D0%B0_%D1%81%D0%B8%D0%BB%D0%BD%D0%B0_%D0%91%D1%8A%D0%BB%D0%B3%D0%B0%D1%80%D0%B8%D1%8F","*":"\u0414\u0435\u043c\u043e\u043a\u0440\u0430\u0442\u0438 \u0437\u0430 \u0441\u0438\u043b\u043d\u0430 \u0411\u044a\u043b\u0433\u0430\u0440\u0438\u044f"},{"lang":"ca","url":"https://ca.wikipedia.org/wiki/Dem%C3%B2crates_per_una_Bulg%C3%A0ria_Forta","*":"Dem\u00f2crates per una Bulg\u00e0ria Forta"},{"lang":"de","url":"https://de.wikipedia.org/wiki/Demokraten_f%C3%BCr_ein_starkes_Bulgarien","*":"Demokraten f\u00fcr ein starkes Bulgarien"},{"lang":"eo","url":"https://eo.wikipedia.org/wiki/Demokratoj_por_forta_Bulgario","*":"Demokratoj por forta Bulgario"},{"lang":"es","url":"https://es.wikipedia.org/wiki/Dem%C3%B3cratas_por_una_Bulgaria_Fuerte","*":"Dem\u00f3cratas por una Bulgaria Fuerte"},{"lang":"fr","url":"https://fr.wikipedia.org/wiki/D%C3%A9mocrates_pour_une_Bulgarie_forte","*":"D\u00e9mocrates pour une Bulgarie forte"},{"lang":"hu","url":"https://hu.wikipedia.org/wiki/Demokrat%C3%A1k_az_Er%C5%91s_Bulg%C3%A1ri%C3%A1%C3%A9rt","*":"Demokrat\u00e1k az Er\u0151s Bulg\u00e1ri\u00e1\u00e9rt"},{"lang":"it","url":"https://it.wikipedia.org/wiki/Democratici_per_una_Bulgaria_Forte","*":"Democratici per una Bulgaria Forte"},{"lang":"ko","url":"https://ko.wikipedia.org/wiki/%EA%B0%95%ED%95%9C_%EB%B6%88%EA%B0%80%EB%A6%AC%EC%95%84%EB%A5%BC_%EC%9C%84%ED%95%9C_%EB%AF%BC%EC%A3%BC%EB%8B%B9","*":"\uac15\ud55c \ubd88\uac00\ub9ac\uc544\ub97c \uc704\ud55c \ubbfc\uc8fc\ub2f9"},{"lang":"nl","url":"https://nl.wikipedia.org/wiki/Democraten_voor_een_Sterk_Bulgarije","*":"Democraten voor een Sterk Bulgarije"},{"lang":"pl","url":"https://pl.wikipedia.org/wiki/Demokraci_na_rzecz_Silnej_Bu%C5%82garii","*":"Demokraci na rzecz Silnej Bu\u0142garii"},{"lang":"ru","url":"https://ru.wikipedia.org/wiki/%D0%94%D0%B5%D0%BC%D0%BE%D0%BA%D1%80%D0%B0%D1%82%D1%8B_%D0%B7%D0%B0_%D1%81%D0%B8%D0%BB%D1%8C%D0%BD%D1%83%D1%8E_%D0%91%D0%BE%D0%BB%D0%B3%D0%B0%D1%80%D0%B8%D1%8E","*":"\u0414\u0435\u043c\u043e\u043a\u0440\u0430\u0442\u044b \u0437\u0430 \u0441\u0438\u043b\u044c\u043d\u0443\u044e \u0411\u043e\u043b\u0433\u0430\u0440\u0438\u044e"},{"lang":"sv","url":"https://sv.wikipedia.org/wiki/Demokrater_f%C3%B6r_ett_starkt_Bulgarien","*":"Demokrater f\u00f6r ett starkt Bulgarien"},{"lang":"uk","url":"https://uk.wikipedia.org/wiki/%D0%94%D0%B5%D0%BC%D0%BE%D0%BA%D1%80%D0%B0%D1%82%D0%B8_%D0%B7%D0%B0_%D1%81%D0%B8%D0%BB%D1%8C%D0%BD%D1%83_%D0%91%D0%BE%D0%BB%D0%B3%D0%B0%D1%80%D1%96%D1%8E","*":"\u0414\u0435\u043c\u043e\u043a\u0440\u0430\u0442\u0438 \u0437\u0430 \u0441\u0438\u043b\u044c\u043d\u0443 \u0411\u043e\u043b\u0433\u0430\u0440\u0456\u044e"},{"lang":"zh","url":"https://zh.wikipedia.org/wiki/%E7%88%AD%E5%8F%96%E5%BC%B7%E5%A4%A7%E4%BF%9D%E5%8A%A0%E5%88%A9%E4%BA%9E%E6%B0%91%E4%B8%BB%E9%BB%A8","*":"\u722d\u53d6\u5f37\u5927\u4fdd\u52a0\u5229\u4e9e\u6c11\u4e3b\u9ee8"}]}}}}