{"batchcomplete":"","query":{"normalized":[{"from":"Social_Christian_Unity_Party","to":"Social Christian Unity Party"}],"pages":{"2233992":{"pageid":2233992,"ns":0,"title":"Social Christian Unity Party","langlinks":[{"lang":"es","url":"https://es.wikipedia.org/wiki/Partido_Unidad_Social_Cristiana","*":"Partido Unidad Social Cristiana"},{"lang":"fr","url":"https://fr.wikipedia.org/wiki/Parti_unit%C3%A9_sociale-chr%C3%A9tienne","*":"Parti unit\u00e9 sociale-chr\u00e9tienne"},{"lang":"it","url":"https://it.wikipedia.org/wiki/Partito_Unit%C3%A0_Sociale_Cristiana","*":"Partito Unit\u00e0 Sociale Cristiana"},{"lang":"zh","url":"https://zh.wikipedia.org/wiki/%E5%9F%BA%E7%9D%A3%E6%95%99%E7%A4%BE%E4%BC%9A%E5%9B%A2%E7%BB%93%E5%85%9A","*":"\u57fa\u7763\u6559\u793e\u4f1a\u56e2\u7ed3\u515a"}]}}}}