{"batchcomplete":"","query":{"normalized":[{"from":"Schleswig_Party","to":"Schleswig Party"}],"pages":{"40362553":{"pageid":40362553,"ns":0,"title":"Schleswig Party","langlinks":[{"lang":"ca","url":"https://ca.wikipedia.org/wiki/Schleswigsche_Partei","*":"Schleswigsche Partei"},{"lang":"da","url":"https://da.wikipedia.org/wiki/Slesvigsk_Parti","*":"Slesvigsk Parti"},{"lang":"de","url":"https://de.wikipedia.org/wiki/Schleswigsche_Partei","*":"Schleswigsche Partei"},{"lang":"fr","url":"https://fr.wikipedia.org/wiki/Parti_du_Schleswig","*":"Parti du Schleswig"},{"lang":"nl","url":"https://nl.wikipedia.org/wiki/Slesvigsk_Parti","*":"Slesvigsk Parti"},{"lang":"nb","url":"https://no.wikipedia.org/wiki/Slesvigsk_Parti","*":"Slesvigsk Parti"},{"lang":"sv","url":"https://sv.wikipedia.org/wiki/Slesvigsk_Parti","*":"Slesvigsk Parti"}]}}}}