{"batchcomplete":"","query":{"normalized":[{"from":"Public_Affairs_(political_party)","to":"Public Affairs (political party)"}],"pages":{"26493907":{"pageid":26493907,"ns":0,"title":"Public Affairs (political party)","langlinks":[{"lang":"cs","url":"https://cs.wikipedia.org/wiki/V%C4%9Bci_ve%C5%99ejn%C3%A9","*":"V\u011bci ve\u0159ejn\u00e9"},{"lang":"de","url":"https://de.wikipedia.org/wiki/V%C4%9Bci_ve%C5%99ejn%C3%A9","*":"V\u011bci ve\u0159ejn\u00e9"},{"lang":"el","url":"https://el.wikipedia.org/wiki/%CE%94%CE%B7%CE%BC%CF%8C%CF%83%CE%B9%CE%B1_%CE%98%CE%AD%CE%BC%CE%B1%CF%84%CE%B1_(%CF%80%CE%BF%CE%BB%CE%B9%CF%84%CE%B9%CE%BA%CF%8C_%CE%BA%CF%8C%CE%BC%CE%BC%CE%B1)","*":"\u0394\u03b7\u03bc\u03cc\u03c3\u03b9\u03b1 \u0398\u03ad\u03bc\u03b1\u03c4\u03b1 (\u03c0\u03bf\u03bb\u03b9\u03c4\u03b9\u03ba\u03cc \u03ba\u03cc\u03bc\u03bc\u03b1)"},{"lang":"fi","url":"https://fi.wikipedia.org/wiki/V%C4%9Bci_ve%C5%99ejn%C3%A9","*":"V\u011bci ve\u0159ejn\u00e9"},{"lang":"fr","url":"https://fr.wikipedia.org/wiki/Affaires_publiques","*":"Affaires publiques"},{"lang":"it","url":"https://it.wikipedia.org/wiki/Affari_Pubblici_(partito_politico)","*":"Affari Pubblici (partito politico)"},{"lang":"pl","url":"https://pl.wikipedia.org/wiki/Sprawy_Publiczne","*":"Sprawy Publiczne"},{"lang":"ru","url":"https://ru.wikipedia.org/wiki/%D0%94%D0%B5%D0%BB%D0%B0_%D0%BE%D0%B1%D1%89%D0%B5%D1%81%D1%82%D0%B2%D0%B5%D0%BD%D0%BD%D1%8B%D0%B5","*":"\u0414\u0435\u043b\u0430 \u043e\u0431\u0449\u0435\u0441\u0442\u0432\u0435\u043d\u043d\u044b\u0435"},{"lang":"sv","url":"https://sv.wikipedia.org/wiki/Allm%C3%A4nhetens_angel%C3%A4genheter","*":"Allm\u00e4nhetens angel\u00e4genheter"},{"lang":"zh","url":"https://zh.wikipedia.org/wiki/%E5%85%AC%E5%85%B1%E4%BA%8B%E5%8B%99_(%E6%94%BF%E9%BB%A8)","*":"\u516c\u5171\u4e8b\u52d9 (\u653f\u9ee8)"}]}}}}