{"batchcomplete":"","query":{"normalized":[{"from":"Janata_Dal","to":"Janata Dal"}],"pages":{"435581":{"pageid":435581,"ns":0,"title":"Janata Dal","langlinks":[{"lang":"de","url":"https://de.wikipedia.org/wiki/Janata_Dal","*":"Janata Dal"},{"lang":"eo","url":"https://eo.wikipedia.org/wiki/Janata_Dal","*":"Janata Dal"},{"lang":"fi","url":"https://fi.wikipedia.org/wiki/Janata_Dal","*":"Janata Dal"},{"lang":"fr","url":"https://fr.wikipedia.org/wiki/Janata_Dal","*":"Janata Dal"},{"lang":"hi","url":"https://hi.wikipedia.org/wiki/%E0%A4%9C%E0%A4%A8%E0%A4%A4%E0%A4%BE_%E0%A4%A6%E0%A4%B2","*":"\u091c\u0928\u0924\u093e \u0926\u0932"},{"lang":"id","url":"https://id.wikipedia.org/wiki/Janata_Dal","*":"Janata Dal"},{"lang":"ja","url":"https://ja.wikipedia.org/wiki/%E3%82%B8%E3%83%A3%E3%83%8A%E3%82%BF%E3%83%BB%E3%83%80%E3%83%AB","*":"\u30b8\u30e3\u30ca\u30bf\u30fb\u30c0\u30eb"},{"lang":"kn","url":"https://kn.wikipedia.org/wiki/%E0%B2%9C%E0%B2%A8%E0%B2%A4%E0%B2%BE_%E0%B2%A6%E0%B2%B3","*":"\u0c9c\u0ca8\u0ca4\u0cbe \u0ca6\u0cb3"},{"lang":"ml","url":"https://ml.wikipedia.org/wiki/%E0%B4%9C%E0%B4%A8%E0%B4%A4%E0%B4%BE_%E0%B4%A6%E0%B5%BE","*":"\u0d1c\u0d28\u0d24\u0d3e \u0d26\u0d7e"},{"lang":"mr","url":"https://mr.wikipedia.org/wiki/%E0%A4%9C%E0%A4%A8%E0%A4%A4%E0%A4%BE_%E0%A4%A6%E0%A4%B2","*":"\u091c\u0928\u0924\u093e \u0926\u0932"},{"lang":"nn","url":"https://nn.wikipedia.org/wiki/Janata_Dal","*":"Janata Dal"},{"lang":"nb","url":"https://no.wikipedia.org/wiki/Janata_Dal","*":"Janata Dal"},{"lang":"pl","url":"https://pl.wikipedia.org/wiki/Janata_Dal_(1988%E2%80%931999)","*":"Janata Dal (1988\u20131999)"},{"lang":"ru","url":"https://ru.wikipedia.org/wiki/%D0%94%D0%B6%D0%B0%D0%BD%D0%B0%D1%82%D0%B0_%D0%B4%D0%B0%D0%BB_(%D0%98%D0%BD%D0%B4%D0%B8%D1%8F)","*":"\u0414\u0436\u0430\u043d\u0430\u0442\u0430 \u0434\u0430\u043b (\u0418\u043d\u0434\u0438\u044f)"},{"lang":"sv","url":"https://sv.wikipedia.org/wiki/Janata_Dal","*":"Janata Dal"},{"lang":"ta","url":"https://ta.wikipedia.org/wiki/%E0%AE%9C%E0%AE%A9%E0%AE%A4%E0%AE%BE_%E0%AE%A4%E0%AE%B3%E0%AE%AE%E0%AF%8D","*":"\u0b9c\u0ba9\u0ba4\u0bbe \u0ba4\u0bb3\u0bae\u0bcd"},{"lang":"te","url":"https://te.wikipedia.org/wiki/%E0%B0%9C%E0%B0%A8%E0%B0%A4%E0%B0%BE%E0%B0%A6%E0%B0%B3%E0%B1%8D","*":"\u0c1c\u0c28\u0c24\u0c3e\u0c26\u0c33\u0c4d"},{"lang":"uk","url":"https://uk.wikipedia.org/wiki/%D0%94%D0%B6%D0%B0%D0%BD%D0%B0%D1%82%D0%B0_%D0%B4%D0%B0%D0%BB","*":"\u0414\u0436\u0430\u043d\u0430\u0442\u0430 \u0434\u0430\u043b"},{"lang":"ur","url":"https://ur.wikipedia.org/wiki/%D8%AC%D9%86%D8%AA%D8%A7_%D8%AF%D9%84","*":"\u062c\u0646\u062a\u0627 \u062f\u0644"}]}}}}