{"batchcomplete":"","query":{"normalized":[{"from":"People's_Unity_Party_\u2013_Socialist_Party","to":"People's Unity Party \u2013 Socialist Party"}],"pages":{"1224089":{"pageid":1224089,"ns":0,"title":"People's Unity Party \u2013 Socialist Party","langlinks":[{"lang":"ca","url":"https://ca.wikipedia.org/wiki/Partit_Socialista_(Isl%C3%A0ndia)","*":"Partit Socialista (Isl\u00e0ndia)"},{"lang":"da","url":"https://da.wikipedia.org/wiki/Socialistpartiet_(Island)","*":"Socialistpartiet (Island)"},{"lang":"de","url":"https://de.wikipedia.org/wiki/Vereinigte_Volkspartei_%E2%80%93_Sozialistische_Partei","*":"Vereinigte Volkspartei \u2013 Sozialistische Partei"},{"lang":"eo","url":"https://eo.wikipedia.org/wiki/Socialistpartio_(Islando)","*":"Socialistpartio (Islando)"},{"lang":"fr","url":"https://fr.wikipedia.org/wiki/Parti_de_l%27unit%C3%A9_du_peuple_-_Parti_socialiste_(Islande)","*":"Parti de l'unit\u00e9 du peuple - Parti socialiste (Islande)"},{"lang":"is","url":"https://is.wikipedia.org/wiki/Sameiningarflokkur_al%C3%BE%C3%BD%C3%B0u_-_S%C3%B3s%C3%ADalistaflokkurinn","*":"Sameiningarflokkur al\u00fe\u00fd\u00f0u - S\u00f3s\u00edalistaflokkurinn"},{"lang":"nb","url":"https://no.wikipedia.org/wiki/Sameiningarflokkur_al%C3%BE%C3%BD%C3%B0u_%E2%80%93_S%C3%B3s%C3%ADalistaflokkurinn","*":"Sameiningarflokkur al\u00fe\u00fd\u00f0u \u2013 S\u00f3s\u00edalistaflokkurinn"},{"lang":"pl","url":"https://pl.wikipedia.org/wiki/Partia_Jedno%C5%9Bci_Ludowej","*":"Partia Jedno\u015bci Ludowej"},{"lang":"ru","url":"https://ru.wikipedia.org/wiki/%D0%95%D0%B4%D0%B8%D0%BD%D0%B0%D1%8F_%D1%81%D0%BE%D1%86%D0%B8%D0%B0%D0%BB%D0%B8%D1%81%D1%82%D0%B8%D1%87%D0%B5%D1%81%D0%BA%D0%B0%D1%8F_%D0%BF%D0%B0%D1%80%D1%82%D0%B8%D1%8F_%D0%98%D1%81%D0%BB%D0%B0%D0%BD%D0%B4%D0%B8%D0%B8","*":"\u0415\u0434\u0438\u043d\u0430\u044f \u0441\u043e\u0446\u0438\u0430\u043b\u0438\u0441\u0442\u0438\u0447\u0435\u0441\u043a\u0430\u044f \u043f\u0430\u0440\u0442\u0438\u044f \u0418\u0441\u043b\u0430\u043d\u0434\u0438\u0438"},{"lang":"zh","url":"https://zh.wikipedia.org/wiki/%E4%BA%BA%E6%B0%91%E5%9B%A2%E7%BB%93%E5%85%9A%EF%BC%8D%E7%A4%BE%E4%BC%9A%E5%85%9A","*":"\u4eba\u6c11\u56e2\u7ed3\u515a\uff0d\u793e\u4f1a\u515a"}]}}}}