{"batchcomplete":"","query":{"normalized":[{"from":"Australian_Greens","to":"Australian Greens"}],"pages":{"171629":{"pageid":171629,"ns":0,"title":"Australian Greens","langlinks":[{"lang":"ar","url":"https://ar.wikipedia.org/wiki/%D8%AD%D8%B2%D8%A8_%D8%A7%D9%84%D8%AE%D8%B6%D8%B1_%D8%A7%D9%84%D8%A3%D8%B3%D8%AA%D8%B1%D8%A7%D9%84%D9%8A","*":"\u062d\u0632\u0628 \u0627\u0644\u062e\u0636\u0631 \u0627\u0644\u0623\u0633\u062a\u0631\u0627\u0644\u064a"},{"lang":"az","url":"https://az.wikipedia.org/wiki/Avstraliya_Ya%C5%9F%C4%B1llar_Partiyas%C4%B1","*":"Avstraliya Ya\u015f\u0131llar Partiyas\u0131"},{"lang":"be","url":"https://be.wikipedia.org/wiki/%D0%90%D1%9E%D1%81%D1%82%D1%80%D0%B0%D0%BB%D1%96%D0%B9%D1%81%D0%BA%D0%B0%D1%8F_%D0%BF%D0%B0%D1%80%D1%82%D1%8B%D1%8F_%D0%B7%D1%8F%D0%BB%D1%91%D0%BD%D1%8B%D1%85","*":"\u0410\u045e\u0441\u0442\u0440\u0430\u043b\u0456\u0439\u0441\u043a\u0430\u044f \u043f\u0430\u0440\u0442\u044b\u044f \u0437\u044f\u043b\u0451\u043d\u044b\u0445"},{"lang":"ckb","url":"https://ckb.wikipedia.org/wiki/%D8%B3%DB%95%D9%88%D8%B2%DB%95%DA%A9%D8%A7%D9%86%DB%8C_%D8%A6%D9%88%D8%B3%D8%AA%D8%B1%D8%A7%D9%84%DB%8C%D8%A7","*":"\u0633\u06d5\u0648\u0632\u06d5\u06a9\u0627\u0646\u06cc \u0626\u0648\u0633\u062a\u0631\u0627\u0644\u06cc\u0627"},{"lang":"de","url":"https://de.wikipedia.org/wiki/Australian_Greens","*":"Australian Greens"},{"lang":"el","url":"https://el.wikipedia.org/wiki/%CE%A0%CF%81%CE%AC%CF%83%CE%B9%CE%BD%CE%BF%CE%B9_(%CE%91%CF%85%CF%83%CF%84%CF%81%CE%B1%CE%BB%CE%AF%CE%B1)","*":"\u03a0\u03c1\u03ac\u03c3\u03b9\u03bd\u03bf\u03b9 (\u0391\u03c5\u03c3\u03c4\u03c1\u03b1\u03bb\u03af\u03b1)"},{"lang":"eo","url":"https://eo.wikipedia.org/wiki/A%C5%ADstraliaj_Verduloj","*":"A\u016dstraliaj Verduloj"},{"lang":"es","url":"https://es.wikipedia.org/wiki/Verdes_Australianos","*":"Verdes Australianos"},{"lang":"fi","url":"https://fi.wikipedia.org/wiki/Australian_vihre%C3%A4t","*":"Australian vihre\u00e4t"},{"lang":"fr","url":"https://fr.wikipedia.org/wiki/Verts_australiens","*":"Verts australiens"},{"lang":"id","url":"https://id.wikipedia.org/wiki/Partai_Hijau_Australia","*":"Partai Hijau Australia"},{"lang":"it","url":"https://it.wikipedia.org/wiki/Verdi_Australiani","*":"Verdi Australiani"},{"lang":"ja","url":"https://ja.wikipedia.org/wiki/%E3%82%AA%E3%83%BC%E3%82%B9%E3%83%88%E3%83%A9%E3%83%AA%E3%82%A2%E7%B7%91%E3%81%AE%E5%85%9A","*":"\u30aa\u30fc\u30b9\u30c8\u30e9\u30ea\u30a2\u7dd1\u306e\u515a"},{"lang":"ka","url":"https://ka.wikipedia.org/wiki/%E1%83%90%E1%83%95%E1%83%A1%E1%83%A2%E1%83%A0%E1%83%90%E1%83%9A%E1%83%98%E1%83%98%E1%83%A1_%E1%83%9B%E1%83%AC%E1%83%95%E1%83%90%E1%83%9C%E1%83%94%E1%83%97%E1%83%90_%E1%83%9E%E1%83%90%E1%83%A0%E1%83%A2%E1%83%98%E1%83%90","*":"\u10d0\u10d5\u10e1\u10e2\u10e0\u10d0\u10da\u10d8\u10d8\u10e1 \u10db\u10ec\u10d5\u10d0\u10dc\u10d4\u10d7\u10d0 \u10de\u10d0\u10e0\u10e2\u10d8\u10d0"},{"lang":"ko","url":"https://ko.wikipedia.org/wiki/%EC%98%A4%EC%8A%A4%ED%8A%B8%EB%A0%88%EC%9D%BC%EB%A6%AC%EC%95%84_%EB%85%B9%EC%83%89%EB%8B%B9","*":"\uc624\uc2a4\ud2b8\ub808\uc77c\ub9ac\uc544 \ub179\uc0c9\ub2f9"},{"lang":"nl","url":"https://nl.wikipedia.org/wiki/Australian_Greens","*":"Australian Greens"},{"lang":"nb","url":"https://no.wikipedia.org/wiki/Australian_Greens","*":"Australian Greens"},{"lang":"pt","url":"https://pt.wikipedia.org/wiki/Verdes_Australianos","*":"Verdes Australianos"},{"lang":"ru","url":"https://ru.wikipedia.org/wiki/%D0%90%D0%B2%D1%81%D1%82%D1%80%D0%B0%D0%BB%D0%B8%D0%B9%D1%81%D0%BA%D0%B0%D1%8F_%D0%BF%D0%B0%D1%80%D1%82%D0%B8%D1%8F_%D0%B7%D0%B5%D0%BB%D1%91%D0%BD%D1%8B%D1%85","*":"\u0410\u0432\u0441\u0442\u0440\u0430\u043b\u0438\u0439\u0441\u043a\u0430\u044f \u043f\u0430\u0440\u0442\u0438\u044f \u0437\u0435\u043b\u0451\u043d\u044b\u0445"},{"lang":"simple","url":"https://simple.wikipedia.org/wiki/Australian_Greens","*":"Australian Greens"},{"lang":"sv","url":"https://sv.wikipedia.org/wiki/Australian_Greens","*":"Australian Greens"},{"lang":"ta","url":"https://ta.wikipedia.org/wiki/%E0%AE%86%E0%AE%A4%E0%AF%8D%E0%AE%A4%E0%AE%BF%E0%AE%B0%E0%AF%87%E0%AE%B2%E0%AE%BF%E0%AE%AF%E0%AE%AA%E0%AF%8D_%E0%AE%AA%E0%AE%9A%E0%AF%81%E0%AE%AE%E0%AF%88%E0%AE%95%E0%AF%8D_%E0%AE%95%E0%AE%9F%E0%AF%8D%E0%AE%9A%E0%AE%BF","*":"\u0b86\u0ba4\u0bcd\u0ba4\u0bbf\u0bb0\u0bc7\u0bb2\u0bbf\u0baf\u0baa\u0bcd \u0baa\u0b9a\u0bc1\u0bae\u0bc8\u0b95\u0bcd \u0b95\u0b9f\u0bcd\u0b9a\u0bbf"},{"lang":"tl","url":"https://tl.wikipedia.org/wiki/Partido_ng_mga_Luntian","*":"Partido ng mga Luntian"},{"lang":"tr","url":"https://tr.wikipedia.org/wiki/Avustralya_Ye%C5%9Filleri","*":"Avustralya Ye\u015filleri"},{"lang":"uk","url":"https://uk.wikipedia.org/wiki/%D0%90%D0%B2%D1%81%D1%82%D1%80%D0%B0%D0%BB%D1%96%D0%B9%D1%81%D1%8C%D0%BA%D0%B0_%D0%BF%D0%B0%D1%80%D1%82%D1%96%D1%8F_%D0%B7%D0%B5%D0%BB%D0%B5%D0%BD%D0%B8%D1%85","*":"\u0410\u0432\u0441\u0442\u0440\u0430\u043b\u0456\u0439\u0441\u044c\u043a\u0430 \u043f\u0430\u0440\u0442\u0456\u044f \u0437\u0435\u043b\u0435\u043d\u0438\u0445"},{"lang":"vi","url":"https://vi.wikipedia.org/wiki/%C4%90%E1%BA%A3ng_Xanh_%C3%9Ac","*":"\u0110\u1ea3ng Xanh \u00dac"},{"lang":"zh","url":"https://zh.wikipedia.org/wiki/%E6%BE%B3%E5%A4%A7%E5%88%A9%E4%BA%9A%E7%BB%BF%E5%85%9A","*":"\u6fb3\u5927\u5229\u4e9a\u7eff\u515a"},{"lang":"zh-min-nan","url":"https://zh-min-nan.wikipedia.org/wiki/Australia_Le%CC%8Dk_T%C3%B3ng","*":"Australia Le\u030dk T\u00f3ng"}]}}}}