{"batchcomplete":"","query":{"normalized":[{"from":"Citizens'_List","to":"Citizens' List"}],"pages":{"22357648":{"pageid":22357648,"ns":0,"title":"Citizens' List","langlinks":[{"lang":"ca","url":"https://ca.wikipedia.org/wiki/Llista_dels_Ciutadans","*":"Llista dels Ciutadans"},{"lang":"de","url":"https://de.wikipedia.org/wiki/Biergerl%C3%ABscht","*":"Biergerl\u00ebscht"},{"lang":"fr","url":"https://fr.wikipedia.org/wiki/Liste_des_citoyens","*":"Liste des citoyens"},{"lang":"lb","url":"https://lb.wikipedia.org/wiki/Biergerl%C3%ABscht","*":"Biergerl\u00ebscht"}]}}}}