{"batchcomplete":"","query":{"normalized":[{"from":"Socialist_Party_of_Labour","to":"Socialist Party of Labour"}],"pages":{"23715262":{"pageid":23715262,"ns":0,"title":"Socialist Party of Labour","langlinks":[{"lang":"ca","url":"https://ca.wikipedia.org/wiki/Partit_Socialista_del_Treball_(Romania)","*":"Partit Socialista del Treball (Romania)"},{"lang":"fr","url":"https://fr.wikipedia.org/wiki/Parti_socialiste_du_travail_(Roumanie)","*":"Parti socialiste du travail (Roumanie)"},{"lang":"it","url":"https://it.wikipedia.org/wiki/Partito_Socialista_del_Lavoro","*":"Partito Socialista del Lavoro"},{"lang":"pl","url":"https://pl.wikipedia.org/wiki/Socjalistyczna_Partia_Pracy_(Rumunia)","*":"Socjalistyczna Partia Pracy (Rumunia)"},{"lang":"ro","url":"https://ro.wikipedia.org/wiki/Partidul_Socialist_al_Muncii","*":"Partidul Socialist al Muncii"}]}}}}