{"batchcomplete":"","query":{"normalized":[{"from":"African_National_Congress","to":"African National Congress"}],"pages":{"2503":{"pageid":2503,"ns":0,"title":"African National Congress","langlinks":[{"lang":"af","url":"https://af.wikipedia.org/wiki/African_National_Congress","*":"African National Congress"},{"lang":"ar","url":"https://ar.wikipedia.org/wiki/%D8%A7%D9%84%D9%85%D8%A4%D8%AA%D9%85%D8%B1_%D8%A7%D9%84%D9%88%D8%B7%D9%86%D9%8A_%D8%A7%D9%84%D8%A3%D9%81%D8%B1%D9%8A%D9%82%D9%8A","*":"\u0627\u0644\u0645\u0624\u062a\u0645\u0631 \u0627\u0644\u0648\u0637\u0646\u064a \u0627\u0644\u0623\u0641\u0631\u064a\u0642\u064a"},{"lang":"arz","url":"https://arz.wikipedia.org/wiki/%D8%A7%D9%84%D9%85%D8%A4%D8%AA%D9%85%D8%B1_%D8%A7%D9%84%D9%88%D8%B7%D9%86%D9%89_%D8%A7%D9%84%D8%A7%D9%81%D8%B1%D9%8A%D9%82%D9%89","*":"\u0627\u0644\u0645\u0624\u062a\u0645\u0631 \u0627\u0644\u0648\u0637\u0646\u0649 \u0627\u0644\u0627\u0641\u0631\u064a\u0642\u0649"},{"lang":"ast","url":"https://ast.wikipedia.org/wiki/Congresu_Nacional_Africanu","*":"Congresu Nacional Africanu"},{"lang":"az","url":"https://az.wikipedia.org/wiki/Afrika_milli_konqresi","*":"Afrika milli konqresi"},{"lang":"be","url":"https://be.wikipedia.org/wiki/%D0%90%D1%84%D1%80%D1%8B%D0%BA%D0%B0%D0%BD%D1%81%D0%BA%D1%96_%D0%BD%D0%B0%D1%86%D1%8B%D1%8F%D0%BD%D0%B0%D0%BB%D1%8C%D0%BD%D1%8B_%D0%BA%D0%B0%D0%BD%D0%B3%D1%80%D1%8D%D1%81","*":"\u0410\u0444\u0440\u044b\u043a\u0430\u043d\u0441\u043a\u0456 \u043d\u0430\u0446\u044b\u044f\u043d\u0430\u043b\u044c\u043d\u044b \u043a\u0430\u043d\u0433\u0440\u044d\u0441"},{"lang":"bg","url":"https://bg.wikipedia.org/wiki/%D0%90%D1%84%D1%80%D0%B8%D0%BA%D0%B0%D0%BD%D1%81%D0%BA%D0%B8_%D0%BD%D0%B0%D1%86%D0%B8%D0%BE%D0%BD%D0%B0%D0%BB%D0%B5%D0%BD_%D0%BA%D0%BE%D0%BD%D0%B3%D1%80%D0%B5%D1%81","*":"\u0410\u0444\u0440\u0438\u043a\u0430\u043d\u0441\u043a\u0438 \u043d\u0430\u0446\u0438\u043e\u043d\u0430\u043b\u0435\u043d \u043a\u043e\u043d\u0433\u0440\u0435\u0441"},{"lang":"bn","url":"https://bn.wikipedia.org/wiki/%E0%A6%86%E0%A6%AB%E0%A7%8D%E0%A6%B0%E0%A6%BF%E0%A6%95%E0%A6%BE%E0%A6%A8_%E0%A6%A8%E0%A7%8D%E0%A6%AF%E0%A6%BE%E0%A6%B6%E0%A6%A8%E0%A6%BE%E0%A6%B2_%E0%A6%95%E0%A6%82%E0%A6%97%E0%A7%8D%E0%A6%B0%E0%A7%87%E0%A6%B8","*":"\u0986\u09ab\u09cd\u09b0\u09bf\u0995\u09be\u09a8 \u09a8\u09cd\u09af\u09be\u09b6\u09a8\u09be\u09b2 \u0995\u0982\u0997\u09cd\u09b0\u09c7\u09b8"},{"lang":"br","url":"https://br.wikipedia.org/wiki/African_National_Congress","*":"African National Congress"},{"lang":"ca","url":"https://ca.wikipedia.org/wiki/Congr%C3%A9s_Nacional_Afric%C3%A0","*":"Congr\u00e9s Nacional Afric\u00e0"},{"lang":"cs","url":"https://cs.wikipedia.org/wiki/Africk%C3%BD_n%C3%A1rodn%C3%AD_kongres","*":"Africk\u00fd n\u00e1rodn\u00ed kongres"},{"lang":"cy","url":"https://cy.wikipedia.org/wiki/African_National_Congress","*":"African National Congress"},{"lang":"da","url":"https://da.wikipedia.org/wiki/African_National_Congress","*":"African National Congress"},{"lang":"de","url":"https://de.wikipedia.org/wiki/African_National_Congress","*":"African National Congress"},{"lang":"eo","url":"https://eo.wikipedia.org/wiki/Afrika_Nacia_Kongreso","*":"Afrika Nacia Kongreso"},{"lang":"es","url":"https://es.wikipedia.org/wiki/Congreso_Nacional_Africano","*":"Congreso Nacional Africano"},{"lang":"et","url":"https://et.wikipedia.org/wiki/Aafrika_Rahvuskongress","*":"Aafrika Rahvuskongress"},{"lang":"eu","url":"https://eu.wikipedia.org/wiki/Afrikako_Kongresu_Nazionala","*":"Afrikako Kongresu Nazionala"},{"lang":"fa","url":"https://fa.wikipedia.org/wiki/%DA%A9%D9%86%DA%AF%D8%B1%D9%87_%D9%85%D9%84%DB%8C_%D8%A2%D9%81%D8%B1%DB%8C%D9%82%D8%A7","*":"\u06a9\u0646\u06af\u0631\u0647 \u0645\u0644\u06cc \u0622\u0641\u0631\u06cc\u0642\u0627"},{"lang":"fi","url":"https://fi.wikipedia.org/wiki/Afrikan_kansalliskongressi","*":"Afrikan kansalliskongressi"},{"lang":"fr","url":"https://fr.wikipedia.org/wiki/Congr%C3%A8s_national_africain","*":"Congr\u00e8s national africain"},{"lang":"ga","url":"https://ga.wikipedia.org/wiki/Comhdh%C3%A1il_N%C3%A1isi%C3%BAnta_Afracach","*":"Comhdh\u00e1il N\u00e1isi\u00fanta Afracach"},{"lang":"gl","url":"https://gl.wikipedia.org/wiki/Congreso_Nacional_Africano","*":"Congreso Nacional Africano"},{"lang":"he","url":"https://he.wikipedia.org/wiki/%D7%94%D7%A7%D7%95%D7%A0%D7%92%D7%A8%D7%A1_%D7%94%D7%9C%D7%90%D7%95%D7%9E%D7%99_%D7%94%D7%90%D7%A4%D7%A8%D7%99%D7%A7%D7%A0%D7%99","*":"\u05d4\u05e7\u05d5\u05e0\u05d2\u05e8\u05e1 \u05d4\u05dc\u05d0\u05d5\u05de\u05d9 \u05d4\u05d0\u05e4\u05e8\u05d9\u05e7\u05e0\u05d9"},{"lang":"hi","url":"https://hi.wikipedia.org/wiki/%E0%A4%85%E0%A4%AB%E0%A4%BC%E0%A5%8D%E0%A4%B0%E0%A5%80%E0%A4%95%E0%A4%A8_%E0%A4%A8%E0%A5%87%E0%A4%B6%E0%A4%A8%E0%A4%B2_%E0%A4%95%E0%A4%BE%E0%A4%82%E0%A4%97%E0%A5%8D%E0%A4%B0%E0%A5%87%E0%A4%B8","*":"\u0905\u092b\u093c\u094d\u0930\u0940\u0915\u0928 \u0928\u0947\u0936\u0928\u0932 \u0915\u093e\u0902\u0917\u094d\u0930\u0947\u0938"},{"lang":"hr","url":"https://hr.wikipedia.org/wiki/Afri%C4%8Dki_nacionalni_kongres","*":"Afri\u010dki nacionalni kongres"},{"lang":"id","url":"https://id.wikipedia.org/wiki/Kongres_Nasional_Afrika","*":"Kongres Nasional Afrika"},{"lang":"is","url":"https://is.wikipedia.org/wiki/Afr%C3%ADska_%C3%BEj%C3%B3%C3%B0arr%C3%A1%C3%B0i%C3%B0","*":"Afr\u00edska \u00fej\u00f3\u00f0arr\u00e1\u00f0i\u00f0"},{"lang":"it","url":"https://it.wikipedia.org/wiki/Congresso_Nazionale_Africano","*":"Congresso Nazionale Africano"},{"lang":"ja","url":"https://ja.wikipedia.org/wiki/%E3%82%A2%E3%83%95%E3%83%AA%E3%82%AB%E6%B0%91%E6%97%8F%E4%BC%9A%E8%AD%B0","*":"\u30a2\u30d5\u30ea\u30ab\u6c11\u65cf\u4f1a\u8b70"},{"lang":"jam","url":"https://jam.wikipedia.org/wiki/Afrikan_Nashinal_Kanggres","*":"Afrikan Nashinal Kanggres"},{"lang":"ka","url":"https://ka.wikipedia.org/wiki/%E1%83%90%E1%83%A4%E1%83%A0%E1%83%98%E1%83%99%E1%83%98%E1%83%A1_%E1%83%94%E1%83%A0%E1%83%9D%E1%83%95%E1%83%9C%E1%83%A3%E1%83%9A%E1%83%98_%E1%83%99%E1%83%9D%E1%83%9C%E1%83%92%E1%83%A0%E1%83%94%E1%83%A1%E1%83%98","*":"\u10d0\u10e4\u10e0\u10d8\u10d9\u10d8\u10e1 \u10d4\u10e0\u10dd\u10d5\u10dc\u10e3\u10da\u10d8 \u10d9\u10dd\u10dc\u10d2\u10e0\u10d4\u10e1\u10d8"},{"lang":"kk","url":"https://kk.wikipedia.org/wiki/%D0%90%D1%84%D1%80%D0%B8%D0%BA%D0%B0%D0%BB%D1%8B%D2%9B_%D2%B1%D0%BB%D1%82%D1%82%D1%8B%D2%9B_%D0%BA%D0%BE%D0%BD%D0%B3%D1%80%D0%B5%D1%81%D1%81","*":"\u0410\u0444\u0440\u0438\u043a\u0430\u043b\u044b\u049b \u04b1\u043b\u0442\u0442\u044b\u049b \u043a\u043e\u043d\u0433\u0440\u0435\u0441\u0441"},{"lang":"ko","url":"https://ko.wikipedia.org/wiki/%EC%95%84%ED%94%84%EB%A6%AC%EC%B9%B4_%EA%B5%AD%EB%AF%BC%ED%9A%8C%EC%9D%98","*":"\uc544\ud504\ub9ac\uce74 \uad6d\ubbfc\ud68c\uc758"},{"lang":"ku","url":"https://ku.wikipedia.org/wiki/Kongreya_Netewey%C3%AE_ya_Afr%C3%AEkay%C3%AA","*":"Kongreya Netewey\u00ee ya Afr\u00eekay\u00ea"},{"lang":"la","url":"https://la.wikipedia.org/wiki/Congressus_Nationalis_Africanus","*":"Congressus Nationalis Africanus"},{"lang":"lad","url":"https://lad.wikipedia.org/wiki/Kongreso_Nasional_Afrikano","*":"Kongreso Nasional Afrikano"},{"lang":"lt","url":"https://lt.wikipedia.org/wiki/Afrikos_nacionalinis_kongresas","*":"Afrikos nacionalinis kongresas"},{"lang":"lv","url":"https://lv.wikipedia.org/wiki/%C4%80frikas_Nacion%C4%81lais_kongress","*":"\u0100frikas Nacion\u0101lais kongress"},{"lang":"ml","url":"https://ml.wikipedia.org/wiki/%E0%B4%86%E0%B4%AB%E0%B5%8D%E0%B4%B0%E0%B4%BF%E0%B4%95%E0%B5%8D%E0%B4%95%E0%B5%BB_%E0%B4%A8%E0%B4%BE%E0%B4%B7%E0%B4%A3%E0%B5%BD_%E0%B4%95%E0%B5%8B%E0%B5%BA%E0%B4%97%E0%B5%8D%E0%B4%B0%E0%B4%B8%E0%B5%8D%E0%B4%B8%E0%B5%8D","*":"\u0d06\u0d2b\u0d4d\u0d30\u0d3f\u0d15\u0d4d\u0d15\u0d7b \u0d28\u0d3e\u0d37\u0d23\u0d7d \u0d15\u0d4b\u0d7a\u0d17\u0d4d\u0d30\u0d38\u0d4d\u0d38\u0d4d"},{"lang":"mr","url":"https://mr.wikipedia.org/wiki/%E0%A4%86%E0%A4%AB%E0%A5%8D%E0%A4%B0%E0%A4%BF%E0%A4%95%E0%A4%A8_%E0%A4%B0%E0%A4%BE%E0%A4%B7%E0%A5%8D%E0%A4%9F%E0%A5%8D%E0%A4%B0%E0%A5%80%E0%A4%AF_%E0%A4%95%E0%A4%BE%E0%A4%81%E0%A4%97%E0%A5%8D%E0%A4%B0%E0%A5%87%E0%A4%B8","*":"\u0906\u092b\u094d\u0930\u093f\u0915\u0928 \u0930\u093e\u0937\u094d\u091f\u094d\u0930\u0940\u092f \u0915\u093e\u0901\u0917\u094d\u0930\u0947\u0938"},{"lang":"ms","url":"https://ms.wikipedia.org/wiki/Kongres_Kebangsaan_Afrika","*":"Kongres Kebangsaan Afrika"},{"lang":"nds","url":"https://nds.wikipedia.org/wiki/ANC","*":"ANC"},{"lang":"nl","url":"https://nl.wikipedia.org/wiki/Afrikaans_Nationaal_Congres","*":"Afrikaans Nationaal Congres"},{"lang":"nn","url":"https://nn.wikipedia.org/wiki/ANC","*":"ANC"},{"lang":"nb","url":"https://no.wikipedia.org/wiki/African_National_Congress","*":"African National Congress"},{"lang":"nov","url":"https://nov.wikipedia.org/wiki/Afrikani_National_Kongrese","*":"Afrikani National Kongrese"},{"lang":"nso","url":"https://nso.wikipedia.org/wiki/African_National_Congress","*":"African National Congress"},{"lang":"oc","url":"https://oc.wikipedia.org/wiki/Congr%C3%A8s_Nacional_African","*":"Congr\u00e8s Nacional African"},{"lang":"pa","url":"https://pa.wikipedia.org/wiki/%E0%A8%85%E0%A8%AB%E0%A8%BC%E0%A8%B0%E0%A9%80%E0%A8%95%E0%A9%80_%E0%A8%A8%E0%A9%88%E0%A8%B8%E0%A8%BC%E0%A8%A8%E0%A8%B2_%E0%A8%95%E0%A8%BE%E0%A8%82%E0%A8%97%E0%A8%B0%E0%A8%B8","*":"\u0a05\u0a2b\u0a3c\u0a30\u0a40\u0a15\u0a40 \u0a28\u0a48\u0a38\u0a3c\u0a28\u0a32 \u0a15\u0a3e\u0a02\u0a17\u0a30\u0a38"},{"lang":"pl","url":"https://pl.wikipedia.org/wiki/Afryka%C5%84ski_Kongres_Narodowy","*":"Afryka\u0144ski Kongres Narodowy"},{"lang":"pms","url":"https://pms.wikipedia.org/wiki/Congress_Nassional_African","*":"Congress Nassional African"},{"lang":"pnb","url":"https://pnb.wikipedia.org/wiki/%D8%A7%D9%81%D8%B1%DB%8C%D9%82%DB%8C_%D9%86%DB%8C%D8%B4%D9%86%D9%84_%DA%A9%D8%A7%D9%86%DA%AF%D8%B1%D8%B3","*":"\u0627\u0641\u0631\u06cc\u0642\u06cc \u0646\u06cc\u0634\u0646\u0644 \u06a9\u0627\u0646\u06af\u0631\u0633"},{"lang":"pt","url":"https://pt.wikipedia.org/wiki/Congresso_Nacional_Africano","*":"Congresso Nacional Africano"},{"lang":"ro","url":"https://ro.wikipedia.org/wiki/Congresul_Na%C8%9Bional_African","*":"Congresul Na\u021bional African"},{"lang":"ru","url":"https://ru.wikipedia.org/wiki/%D0%90%D1%84%D1%80%D0%B8%D0%BA%D0%B0%D0%BD%D1%81%D0%BA%D0%B8%D0%B9_%D0%BD%D0%B0%D1%86%D0%B8%D0%BE%D0%BD%D0%B0%D0%BB%D1%8C%D0%BD%D1%8B%D0%B9_%D0%BA%D0%BE%D0%BD%D0%B3%D1%80%D0%B5%D1%81%D1%81","*":"\u0410\u0444\u0440\u0438\u043a\u0430\u043d\u0441\u043a\u0438\u0439 \u043d\u0430\u0446\u0438\u043e\u043d\u0430\u043b\u044c\u043d\u044b\u0439 \u043a\u043e\u043d\u0433\u0440\u0435\u0441\u0441"},{"lang":"scn","url":"https://scn.wikipedia.org/wiki/African_National_Congress","*":"African National Congress"},{"lang":"simple","url":"https://simple.wikipedia.org/wiki/African_National_Congress","*":"African National Congress"},{"lang":"sk","url":"https://sk.wikipedia.org/wiki/Africk%C3%BD_n%C3%A1rodn%C3%BD_kongres","*":"Africk\u00fd n\u00e1rodn\u00fd kongres"},{"lang":"so","url":"https://so.wikipedia.org/wiki/African_National_Congress","*":"African National Congress"},{"lang":"sr","url":"https://sr.wikipedia.org/wiki/%D0%90%D1%84%D1%80%D0%B8%D1%87%D0%BA%D0%B8_%D0%BD%D0%B0%D1%86%D0%B8%D0%BE%D0%BD%D0%B0%D0%BB%D0%BD%D0%B8_%D0%BA%D0%BE%D0%BD%D0%B3%D1%80%D0%B5%D1%81","*":"\u0410\u0444\u0440\u0438\u0447\u043a\u0438 \u043d\u0430\u0446\u0438\u043e\u043d\u0430\u043b\u043d\u0438 \u043a\u043e\u043d\u0433\u0440\u0435\u0441"},{"lang":"ss","url":"https://ss.wikipedia.org/wiki/African_National_Congress","*":"African National Congress"},{"lang":"sv","url":"https://sv.wikipedia.org/wiki/African_National_Congress","*":"African National Congress"},{"lang":"sw","url":"https://sw.wikipedia.org/wiki/ANC","*":"ANC"},{"lang":"ta","url":"https://ta.wikipedia.org/wiki/%E0%AE%86%E0%AE%AA%E0%AE%BF%E0%AE%B0%E0%AE%BF%E0%AE%95%E0%AF%8D%E0%AE%95_%E0%AE%A4%E0%AF%87%E0%AE%9A%E0%AE%BF%E0%AE%AF_%E0%AE%95%E0%AE%BE%E0%AE%99%E0%AF%8D%E0%AE%95%E0%AE%BF%E0%AE%B0%E0%AE%B8%E0%AF%8D","*":"\u0b86\u0baa\u0bbf\u0bb0\u0bbf\u0b95\u0bcd\u0b95 \u0ba4\u0bc7\u0b9a\u0bbf\u0baf \u0b95\u0bbe\u0b99\u0bcd\u0b95\u0bbf\u0bb0\u0bb8\u0bcd"},{"lang":"th","url":"https://th.wikipedia.org/wiki/%E0%B8%9E%E0%B8%A3%E0%B8%A3%E0%B8%84%E0%B8%AA%E0%B8%A1%E0%B8%B1%E0%B8%8A%E0%B8%8A%E0%B8%B2%E0%B9%81%E0%B8%AB%E0%B9%88%E0%B8%87%E0%B8%8A%E0%B8%B2%E0%B8%95%E0%B8%B4%E0%B9%81%E0%B8%AD%E0%B8%9F%E0%B8%A3%E0%B8%B4%E0%B8%81%E0%B8%B2","*":"\u0e1e\u0e23\u0e23\u0e04\u0e2a\u0e21\u0e31\u0e0a\u0e0a\u0e32\u0e41\u0e2b\u0e48\u0e07\u0e0a\u0e32\u0e15\u0e34\u0e41\u0e2d\u0e1f\u0e23\u0e34\u0e01\u0e32"},{"lang":"tr","url":"https://tr.wikipedia.org/wiki/Afrika_Ulusal_Kongresi","*":"Afrika Ulusal Kongresi"},{"lang":"uk","url":"https://uk.wikipedia.org/wiki/%D0%90%D1%84%D1%80%D0%B8%D0%BA%D0%B0%D0%BD%D1%81%D1%8C%D0%BA%D0%B8%D0%B9_%D0%BD%D0%B0%D1%86%D1%96%D0%BE%D0%BD%D0%B0%D0%BB%D1%8C%D0%BD%D0%B8%D0%B9_%D0%BA%D0%BE%D0%BD%D0%B3%D1%80%D0%B5%D1%81","*":"\u0410\u0444\u0440\u0438\u043a\u0430\u043d\u0441\u044c\u043a\u0438\u0439 \u043d\u0430\u0446\u0456\u043e\u043d\u0430\u043b\u044c\u043d\u0438\u0439 \u043a\u043e\u043d\u0433\u0440\u0435\u0441"},{"lang":"vec","url":"https://vec.wikipedia.org/wiki/African_National_Congress","*":"African National Congress"},{"lang":"vi","url":"https://vi.wikipedia.org/wiki/%C4%90%E1%BA%A1i_h%E1%BB%99i_D%C3%A2n_t%E1%BB%99c_Phi","*":"\u0110\u1ea1i h\u1ed9i D\u00e2n t\u1ed9c Phi"},{"lang":"wuu","url":"https://wuu.wikipedia.org/wiki/%E9%9D%9E%E6%B4%B2%E4%BA%BA%E5%9B%BD%E6%B0%91%E5%A4%A7%E4%BC%9A","*":"\u975e\u6d32\u4eba\u56fd\u6c11\u5927\u4f1a"},{"lang":"xh","url":"https://xh.wikipedia.org/wiki/African_National_Congress","*":"African National Congress"},{"lang":"yo","url":"https://yo.wikipedia.org/wiki/%E1%BA%B8gb%E1%BA%B9%CC%81_%C3%8Cgb%C3%ACm%E1%BB%8D%CC%80_Torile-ede_%C3%81fr%C3%ADk%C3%A0","*":"\u1eb8gb\u1eb9\u0301 \u00ccgb\u00ecm\u1ecd\u0300 Torile-ede \u00c1fr\u00edk\u00e0"},{"lang":"zea","url":"https://zea.wikipedia.org/wiki/African_National_Congress","*":"African National Congress"},{"lang":"zh","url":"https://zh.wikipedia.org/wiki/%E9%9D%9E%E6%B4%B2%E4%BA%BA%E5%9B%BD%E6%B0%91%E5%A4%A7%E4%BC%9A","*":"\u975e\u6d32\u4eba\u56fd\u6c11\u5927\u4f1a"},{"lang":"zu","url":"https://zu.wikipedia.org/wiki/African_National_Congress","*":"African National Congress"}]}}}}