{"batchcomplete":"","query":{"normalized":[{"from":"Democratic_Union_for_Integration","to":"Democratic Union for Integration"}],"pages":{"425596":{"pageid":425596,"ns":0,"title":"Democratic Union for Integration","langlinks":[{"lang":"bg","url":"https://bg.wikipedia.org/wiki/%D0%94%D0%B5%D0%BC%D0%BE%D0%BA%D1%80%D0%B0%D1%82%D0%B8%D1%87%D0%B5%D0%BD_%D1%81%D1%8A%D1%8E%D0%B7_%D0%B7%D0%B0_%D0%B8%D0%BD%D1%82%D0%B5%D0%B3%D1%80%D0%B0%D1%86%D0%B8%D1%8F","*":"\u0414\u0435\u043c\u043e\u043a\u0440\u0430\u0442\u0438\u0447\u0435\u043d \u0441\u044a\u044e\u0437 \u0437\u0430 \u0438\u043d\u0442\u0435\u0433\u0440\u0430\u0446\u0438\u044f"},{"lang":"ca","url":"https://ca.wikipedia.org/wiki/Uni%C3%B3_Democr%C3%A0tica_per_la_Integraci%C3%B3","*":"Uni\u00f3 Democr\u00e0tica per la Integraci\u00f3"},{"lang":"de","url":"https://de.wikipedia.org/wiki/Bashkimi_Demokratik_p%C3%ABr_Integrim","*":"Bashkimi Demokratik p\u00ebr Integrim"},{"lang":"el","url":"https://el.wikipedia.org/wiki/%CE%94%CE%B7%CE%BC%CE%BF%CE%BA%CF%81%CE%B1%CF%84%CE%B9%CE%BA%CE%AE_%CE%88%CE%BD%CF%89%CF%83%CE%B7_%CE%B3%CE%B9%CE%B1_%CF%84%CE%B7%CE%BD_%CE%95%CE%BD%CF%83%CF%89%CE%BC%CE%AC%CF%84%CF%89%CF%83%CE%B7","*":"\u0394\u03b7\u03bc\u03bf\u03ba\u03c1\u03b1\u03c4\u03b9\u03ba\u03ae \u0388\u03bd\u03c9\u03c3\u03b7 \u03b3\u03b9\u03b1 \u03c4\u03b7\u03bd \u0395\u03bd\u03c3\u03c9\u03bc\u03ac\u03c4\u03c9\u03c3\u03b7"},{"lang":"es","url":"https://es.wikipedia.org/wiki/Uni%C3%B3n_Democr%C3%A1tica_para_la_Integraci%C3%B3n","*":"Uni\u00f3n Democr\u00e1tica para la Integraci\u00f3n"},{"lang":"fr","url":"https://fr.wikipedia.org/wiki/Union_d%C3%A9mocratique_pour_l%27int%C3%A9gration","*":"Union d\u00e9mocratique pour l'int\u00e9gration"},{"lang":"hu","url":"https://hu.wikipedia.org/wiki/Integr%C3%A1ci%C3%B3s_Demokratikus_Uni%C3%B3","*":"Integr\u00e1ci\u00f3s Demokratikus Uni\u00f3"},{"lang":"ie","url":"https://ie.wikipedia.org/wiki/Democratic_Union_por_Integration","*":"Democratic Union por Integration"},{"lang":"it","url":"https://it.wikipedia.org/wiki/Unione_Democratica_per_l%27Integrazione","*":"Unione Democratica per l'Integrazione"},{"lang":"ja","url":"https://ja.wikipedia.org/wiki/%E6%B0%91%E4%B8%BB%E7%B5%B1%E5%90%88%E9%80%A3%E5%90%88","*":"\u6c11\u4e3b\u7d71\u5408\u9023\u5408"},{"lang":"ka","url":"https://ka.wikipedia.org/wiki/%E1%83%93%E1%83%94%E1%83%9B%E1%83%9D%E1%83%99%E1%83%A0%E1%83%90%E1%83%A2%E1%83%98%E1%83%A3%E1%83%9A%E1%83%98_%E1%83%99%E1%83%90%E1%83%95%E1%83%A8%E1%83%98%E1%83%A0%E1%83%98_%E1%83%98%E1%83%9C%E1%83%A2%E1%83%94%E1%83%92%E1%83%A0%E1%83%90%E1%83%AA%E1%83%98%E1%83%98%E1%83%A1%E1%83%97%E1%83%95%E1%83%98%E1%83%A1","*":"\u10d3\u10d4\u10db\u10dd\u10d9\u10e0\u10d0\u10e2\u10d8\u10e3\u10da\u10d8 \u10d9\u10d0\u10d5\u10e8\u10d8\u10e0\u10d8 \u10d8\u10dc\u10e2\u10d4\u10d2\u10e0\u10d0\u10ea\u10d8\u10d8\u10e1\u10d7\u10d5\u10d8\u10e1"},{"lang":"mk","url":"https://mk.wikipedia.org/wiki/%D0%94%D0%B5%D0%BC%D0%BE%D0%BA%D1%80%D0%B0%D1%82%D1%81%D0%BA%D0%B0_%D1%83%D0%BD%D0%B8%D1%98%D0%B0_%D0%B7%D0%B0_%D0%B8%D0%BD%D1%82%D0%B5%D0%B3%D1%80%D0%B0%D1%86%D0%B8%D1%98%D0%B0","*":"\u0414\u0435\u043c\u043e\u043a\u0440\u0430\u0442\u0441\u043a\u0430 \u0443\u043d\u0438\u0458\u0430 \u0437\u0430 \u0438\u043d\u0442\u0435\u0433\u0440\u0430\u0446\u0438\u0458\u0430"},{"lang":"pl","url":"https://pl.wikipedia.org/wiki/Demokratyczny_Zwi%C4%85zek_na_rzecz_Integracji","*":"Demokratyczny Zwi\u0105zek na rzecz Integracji"},{"lang":"ru","url":"https://ru.wikipedia.org/wiki/%D0%94%D0%B5%D0%BC%D0%BE%D0%BA%D1%80%D0%B0%D1%82%D0%B8%D1%87%D0%B5%D1%81%D0%BA%D0%B8%D0%B9_%D1%81%D0%BE%D1%8E%D0%B7_%D0%B7%D0%B0_%D0%B8%D0%BD%D1%82%D0%B5%D0%B3%D1%80%D0%B0%D1%86%D0%B8%D1%8E","*":"\u0414\u0435\u043c\u043e\u043a\u0440\u0430\u0442\u0438\u0447\u0435\u0441\u043a\u0438\u0439 \u0441\u043e\u044e\u0437 \u0437\u0430 \u0438\u043d\u0442\u0435\u0433\u0440\u0430\u0446\u0438\u044e"},{"lang":"sq","url":"https://sq.wikipedia.org/wiki/Bashkimi_Demokratik_p%C3%ABr_Integrim","*":"Bashkimi Demokratik p\u00ebr Integrim"},{"lang":"sr","url":"https://sr.wikipedia.org/wiki/%D0%94%D0%B5%D0%BC%D0%BE%D0%BA%D1%80%D0%B0%D1%82%D1%81%D0%BA%D0%B0_%D1%83%D0%BD%D0%B8%D1%98%D0%B0_%D0%B7%D0%B0_%D0%B8%D0%BD%D1%82%D0%B5%D0%B3%D1%80%D0%B0%D1%86%D0%B8%D1%98%D1%83","*":"\u0414\u0435\u043c\u043e\u043a\u0440\u0430\u0442\u0441\u043a\u0430 \u0443\u043d\u0438\u0458\u0430 \u0437\u0430 \u0438\u043d\u0442\u0435\u0433\u0440\u0430\u0446\u0438\u0458\u0443"},{"lang":"sv","url":"https://sv.wikipedia.org/wiki/Demokratiska_integrationsunionen","*":"Demokratiska integrationsunionen"},{"lang":"tr","url":"https://tr.wikipedia.org/wiki/Demokratik_B%C3%BCt%C3%BCnle%C5%9Fme_Birli%C4%9Fi","*":"Demokratik B\u00fct\u00fcnle\u015fme Birli\u011fi"},{"lang":"uk","url":"https://uk.wikipedia.org/wiki/%D0%94%D0%B5%D0%BC%D0%BE%D0%BA%D1%80%D0%B0%D1%82%D0%B8%D1%87%D0%BD%D0%B8%D0%B9_%D1%81%D0%BE%D1%8E%D0%B7_%D0%B7%D0%B0_%D1%96%D0%BD%D1%82%D0%B5%D0%B3%D1%80%D0%B0%D1%86%D1%96%D1%8E","*":"\u0414\u0435\u043c\u043e\u043a\u0440\u0430\u0442\u0438\u0447\u043d\u0438\u0439 \u0441\u043e\u044e\u0437 \u0437\u0430 \u0456\u043d\u0442\u0435\u0433\u0440\u0430\u0446\u0456\u044e"}]}}}}