{"batchcomplete":"","query":{"normalized":[{"from":"Lega_Nord","to":"Lega Nord"}],"pages":{"357391":{"pageid":357391,"ns":0,"title":"Lega Nord","langlinks":[{"lang":"af","url":"https://af.wikipedia.org/wiki/Lega_Nord","*":"Lega Nord"},{"lang":"an","url":"https://an.wikipedia.org/wiki/Lega_Nord","*":"Lega Nord"},{"lang":"ar","url":"https://ar.wikipedia.org/wiki/%D8%B1%D8%A7%D8%A8%D8%B7%D8%A9_%D8%A7%D9%84%D8%B4%D9%85%D8%A7%D9%84","*":"\u0631\u0627\u0628\u0637\u0629 \u0627\u0644\u0634\u0645\u0627\u0644"},{"lang":"arz","url":"https://arz.wikipedia.org/wiki/%D9%84%D9%8A%D8%AC%D8%A7_%D9%86%D9%88%D8%B1%D8%AF","*":"\u0644\u064a\u062c\u0627 \u0646\u0648\u0631\u062f"},{"lang":"br","url":"https://br.wikipedia.org/wiki/Lega_Nord","*":"Lega Nord"},{"lang":"ca","url":"https://ca.wikipedia.org/wiki/Lliga_Nord","*":"Lliga Nord"},{"lang":"cs","url":"https://cs.wikipedia.org/wiki/Liga_Severu","*":"Liga Severu"},{"lang":"cv","url":"https://cv.wikipedia.org/wiki/%C3%87%D1%83%D1%80%C3%A7%C4%95%D1%80%D1%82%D0%B8_%D0%9B%D0%B8%D0%B3%D0%B0","*":"\u00c7\u0443\u0440\u00e7\u0115\u0440\u0442\u0438 \u041b\u0438\u0433\u0430"},{"lang":"da","url":"https://da.wikipedia.org/wiki/Lega_Nord","*":"Lega Nord"},{"lang":"de","url":"https://de.wikipedia.org/wiki/Lega_Nord","*":"Lega Nord"},{"lang":"el","url":"https://el.wikipedia.org/wiki/%CE%9B%CE%AD%CE%B3%CE%BA%CE%B1_%CF%84%CE%BF%CF%85_%CE%92%CE%BF%CF%81%CF%81%CE%AC","*":"\u039b\u03ad\u03b3\u03ba\u03b1 \u03c4\u03bf\u03c5 \u0392\u03bf\u03c1\u03c1\u03ac"},{"lang":"eo","url":"https://eo.wikipedia.org/wiki/Norda_Ligo","*":"Norda Ligo"},{"lang":"es","url":"https://es.wikipedia.org/wiki/Liga_Norte","*":"Liga Norte"},{"lang":"et","url":"https://et.wikipedia.org/wiki/P%C3%B5hja_Liiga","*":"P\u00f5hja Liiga"},{"lang":"eu","url":"https://eu.wikipedia.org/wiki/Ipar_Liga","*":"Ipar Liga"},{"lang":"fa","url":"https://fa.wikipedia.org/wiki/%D9%84%DA%AF%D8%A7_%D9%86%D9%88%D8%B1%D8%AF","*":"\u0644\u06af\u0627 \u0646\u0648\u0631\u062f"},{"lang":"fi","url":"https://fi.wikipedia.org/wiki/Pohjoisen_liitto_(Italia)","*":"Pohjoisen liitto (Italia)"},{"lang":"fr","url":"https://fr.wikipedia.org/wiki/Ligue_du_Nord","*":"Ligue du Nord"},{"lang":"ga","url":"https://ga.wikipedia.org/wiki/Lega_Nord","*":"Lega Nord"},{"lang":"gl","url":"https://gl.wikipedia.org/wiki/Liga_Norte","*":"Liga Norte"},{"lang":"he","url":"https://he.wikipedia.org/wiki/%D7%94%D7%9C%D7%99%D7%92%D7%94_%D7%94%D7%A6%D7%A4%D7%95%D7%A0%D7%99%D7%AA","*":"\u05d4\u05dc\u05d9\u05d2\u05d4 \u05d4\u05e6\u05e4\u05d5\u05e0\u05d9\u05ea"},{"lang":"hr","url":"https://hr.wikipedia.org/wiki/Lega_Nord","*":"Lega Nord"},{"lang":"hu","url":"https://hu.wikipedia.org/wiki/%C3%89szaki_Liga","*":"\u00c9szaki Liga"},{"lang":"id","url":"https://id.wikipedia.org/wiki/Lega_Nord","*":"Lega Nord"},{"lang":"is","url":"https://is.wikipedia.org/wiki/Lega_Nord","*":"Lega Nord"},{"lang":"it","url":"https://it.wikipedia.org/wiki/Lega_Nord","*":"Lega Nord"},{"lang":"ja","url":"https://ja.wikipedia.org/wiki/%E5%90%8C%E7%9B%9F_(%E3%82%A4%E3%82%BF%E3%83%AA%E3%82%A2)","*":"\u540c\u76df (\u30a4\u30bf\u30ea\u30a2)"},{"lang":"ko","url":"https://ko.wikipedia.org/wiki/%EB%B6%81%EB%B6%80%EB%8F%99%EB%A7%B9_(%EC%9D%B4%ED%83%88%EB%A6%AC%EC%95%84)","*":"\ubd81\ubd80\ub3d9\ub9f9 (\uc774\ud0c8\ub9ac\uc544)"},{"lang":"la","url":"https://la.wikipedia.org/wiki/Foedus_septemtrionale","*":"Foedus septemtrionale"},{"lang":"lij","url":"https://lij.wikipedia.org/wiki/L%C3%A9ga_Nord","*":"L\u00e9ga Nord"},{"lang":"lmo","url":"https://lmo.wikipedia.org/wiki/Lega_Nord","*":"Lega Nord"},{"lang":"nl","url":"https://nl.wikipedia.org/wiki/Lega_Nord","*":"Lega Nord"},{"lang":"nb","url":"https://no.wikipedia.org/wiki/Lega_Nord","*":"Lega Nord"},{"lang":"oc","url":"https://oc.wikipedia.org/wiki/Liga_del_N%C3%B2rd","*":"Liga del N\u00f2rd"},{"lang":"pl","url":"https://pl.wikipedia.org/wiki/Liga_P%C3%B3%C5%82nocna","*":"Liga P\u00f3\u0142nocna"},{"lang":"pms","url":"https://pms.wikipedia.org/wiki/Lega_(part%C3%AC_pol%C3%ACtich)","*":"Lega (part\u00ec pol\u00ectich)"},{"lang":"pt","url":"https://pt.wikipedia.org/wiki/Liga_Norte","*":"Liga Norte"},{"lang":"ru","url":"https://ru.wikipedia.org/wiki/%D0%9B%D0%B8%D0%B3%D0%B0_%D0%A1%D0%B5%D0%B2%D0%B5%D1%80%D0%B0","*":"\u041b\u0438\u0433\u0430 \u0421\u0435\u0432\u0435\u0440\u0430"},{"lang":"sc","url":"https://sc.wikipedia.org/wiki/Liga_(partidu_politicu)","*":"Liga (partidu politicu)"},{"lang":"scn","url":"https://scn.wikipedia.org/wiki/Lega_(Partitu_puliticu)","*":"Lega (Partitu puliticu)"},{"lang":"sh","url":"https://sh.wikipedia.org/wiki/Severna_liga_(Italija)","*":"Severna liga (Italija)"},{"lang":"simple","url":"https://simple.wikipedia.org/wiki/Lega_Nord","*":"Lega Nord"},{"lang":"sq","url":"https://sq.wikipedia.org/wiki/Lega_Nord","*":"Lega Nord"},{"lang":"sr","url":"https://sr.wikipedia.org/wiki/%D0%A1%D0%B5%D0%B2%D0%B5%D1%80%D0%BD%D0%B0_%D0%BB%D0%B8%D0%B3%D0%B0_(%D0%98%D1%82%D0%B0%D0%BB%D0%B8%D1%98%D0%B0)","*":"\u0421\u0435\u0432\u0435\u0440\u043d\u0430 \u043b\u0438\u0433\u0430 (\u0418\u0442\u0430\u043b\u0438\u0458\u0430)"},{"lang":"sv","url":"https://sv.wikipedia.org/wiki/Lega_Nord","*":"Lega Nord"},{"lang":"tr","url":"https://tr.wikipedia.org/wiki/Kuzey_Ligi","*":"Kuzey Ligi"},{"lang":"uk","url":"https://uk.wikipedia.org/wiki/%D0%9B%D1%96%D0%B3%D0%B0_%D0%9F%D1%96%D0%B2%D0%BD%D0%BE%D1%87%D1%96","*":"\u041b\u0456\u0433\u0430 \u041f\u0456\u0432\u043d\u043e\u0447\u0456"},{"lang":"vec","url":"https://vec.wikipedia.org/wiki/Liga_(partio_pu%C5%82%C3%ACtego)","*":"Liga (partio pu\u0142\u00ectego)"},{"lang":"wuu","url":"https://wuu.wikipedia.org/wiki/%E5%8C%97%E6%96%B9%E8%81%94%E7%9B%9F_(%E6%84%8F%E5%A4%A7%E5%88%A9)","*":"\u5317\u65b9\u8054\u76df (\u610f\u5927\u5229)"},{"lang":"zh","url":"https://zh.wikipedia.org/wiki/%E5%8C%97%E6%96%B9%E8%81%AF%E7%9B%9F_(%E7%BE%A9%E5%A4%A7%E5%88%A9)","*":"\u5317\u65b9\u806f\u76df (\u7fa9\u5927\u5229)"}]}}}}