{"batchcomplete":"","query":{"normalized":[{"from":"Kirjava_\u201dPuolue\u201d_\u2013_Elonkeh\u00e4n_Puolesta","to":"Kirjava \u201dPuolue\u201d \u2013 Elonkeh\u00e4n Puolesta"}],"pages":{"39747568":{"pageid":39747568,"ns":0,"title":"Kirjava \u201dPuolue\u201d \u2013 Elonkeh\u00e4n Puolesta","langlinks":[{"lang":"fi","url":"https://fi.wikipedia.org/wiki/Kirjava_%E2%80%9DPuolue%E2%80%9D_%E2%80%93_Elonkeh%C3%A4n_Puolesta","*":"Kirjava \u201dPuolue\u201d \u2013 Elonkeh\u00e4n Puolesta"},{"lang":"sv","url":"https://sv.wikipedia.org/wiki/Ekologiska_partiet_(Finland)","*":"Ekologiska partiet (Finland)"}]}}}}