{"batchcomplete":"","query":{"normalized":[{"from":"Dominican_Liberation_Party","to":"Dominican Liberation Party"}],"pages":{"664315":{"pageid":664315,"ns":0,"title":"Dominican Liberation Party","langlinks":[{"lang":"ca","url":"https://ca.wikipedia.org/wiki/Partit_de_l%27Alliberament_Dominic%C3%A0","*":"Partit de l'Alliberament Dominic\u00e0"},{"lang":"de","url":"https://de.wikipedia.org/wiki/Partido_de_la_Liberaci%C3%B3n_Dominicana","*":"Partido de la Liberaci\u00f3n Dominicana"},{"lang":"es","url":"https://es.wikipedia.org/wiki/Partido_de_la_Liberaci%C3%B3n_Dominicana","*":"Partido de la Liberaci\u00f3n Dominicana"},{"lang":"fr","url":"https://fr.wikipedia.org/wiki/Parti_de_la_lib%C3%A9ration_dominicaine","*":"Parti de la lib\u00e9ration dominicaine"},{"lang":"it","url":"https://it.wikipedia.org/wiki/Partito_della_Liberazione_Dominicana","*":"Partito della Liberazione Dominicana"},{"lang":"nl","url":"https://nl.wikipedia.org/wiki/Dominicaanse_Bevrijdingspartij","*":"Dominicaanse Bevrijdingspartij"},{"lang":"pms","url":"https://pms.wikipedia.org/wiki/Part%C3%AC_dla_liberassion_duminican-a","*":"Part\u00ec dla liberassion duminican-a"},{"lang":"pt","url":"https://pt.wikipedia.org/wiki/Partido_da_Liberta%C3%A7%C3%A3o_Dominicana","*":"Partido da Liberta\u00e7\u00e3o Dominicana"},{"lang":"ru","url":"https://ru.wikipedia.org/wiki/%D0%94%D0%BE%D0%BC%D0%B8%D0%BD%D0%B8%D0%BA%D0%B0%D0%BD%D1%81%D0%BA%D0%B0%D1%8F_%D0%BF%D0%B0%D1%80%D1%82%D0%B8%D1%8F_%D0%BE%D1%81%D0%B2%D0%BE%D0%B1%D0%BE%D0%B6%D0%B4%D0%B5%D0%BD%D0%B8%D1%8F","*":"\u0414\u043e\u043c\u0438\u043d\u0438\u043a\u0430\u043d\u0441\u043a\u0430\u044f \u043f\u0430\u0440\u0442\u0438\u044f \u043e\u0441\u0432\u043e\u0431\u043e\u0436\u0434\u0435\u043d\u0438\u044f"},{"lang":"uk","url":"https://uk.wikipedia.org/wiki/%D0%94%D0%BE%D0%BC%D1%96%D0%BD%D1%96%D0%BA%D0%B0%D0%BD%D1%81%D1%8C%D0%BA%D0%B0_%D0%BF%D0%B0%D1%80%D1%82%D1%96%D1%8F_%D0%B2%D0%B8%D0%B7%D0%B2%D0%BE%D0%BB%D0%B5%D0%BD%D0%BD%D1%8F","*":"\u0414\u043e\u043c\u0456\u043d\u0456\u043a\u0430\u043d\u0441\u044c\u043a\u0430 \u043f\u0430\u0440\u0442\u0456\u044f \u0432\u0438\u0437\u0432\u043e\u043b\u0435\u043d\u043d\u044f"},{"lang":"zh","url":"https://zh.wikipedia.org/wiki/%E5%A4%9A%E7%B1%B3%E5%B0%BC%E5%8A%A0%E8%A7%A3%E6%94%BE%E5%85%9A","*":"\u591a\u7c73\u5c3c\u52a0\u89e3\u653e\u515a"}]}}}}