{"batchcomplete":"","query":{"normalized":[{"from":"FDP.The_Liberals","to":"FDP.The Liberals"}],"pages":{"26707861":{"pageid":26707861,"ns":0,"title":"FDP.The Liberals","langlinks":[{"lang":"als","url":"https://als.wikipedia.org/wiki/FDP.Die_Liberalen","*":"FDP.Die Liberalen"},{"lang":"ar","url":"https://ar.wikipedia.org/wiki/%D8%A7%D9%84%D8%AD%D8%B2%D8%A8_%D8%A7%D9%84%D9%84%D9%8A%D8%A8%D8%B1%D8%A7%D9%84%D9%8A_%D8%A7%D9%84%D8%B1%D8%A7%D8%AF%D9%8A%D9%83%D8%A7%D9%84%D9%8A","*":"\u0627\u0644\u062d\u0632\u0628 \u0627\u0644\u0644\u064a\u0628\u0631\u0627\u0644\u064a \u0627\u0644\u0631\u0627\u062f\u064a\u0643\u0627\u0644\u064a"},{"lang":"arz","url":"https://arz.wikipedia.org/wiki/%D8%A7%D9%84%D8%AD%D8%B2%D8%A8_%D8%A7%D9%84%D9%84%D9%8A%D8%A8%D8%B1%D8%A7%D9%84%D9%89_%D8%A7%D9%84%D8%B1%D8%A7%D8%AF%D9%8A%D9%83%D8%A7%D9%84%D9%89_%D8%A7%D9%84%D8%B3%D9%88%D9%8A%D8%B3%D8%B1%D9%89","*":"\u0627\u0644\u062d\u0632\u0628 \u0627\u0644\u0644\u064a\u0628\u0631\u0627\u0644\u0649 \u0627\u0644\u0631\u0627\u062f\u064a\u0643\u0627\u0644\u0649 \u0627\u0644\u0633\u0648\u064a\u0633\u0631\u0649"},{"lang":"bg","url":"https://bg.wikipedia.org/wiki/%D0%A1%D0%94%D0%9F.%D0%9B%D0%B8%D0%B1%D0%B5%D1%80%D0%B0%D0%BB%D0%B8%D1%82%D0%B5","*":"\u0421\u0414\u041f.\u041b\u0438\u0431\u0435\u0440\u0430\u043b\u0438\u0442\u0435"},{"lang":"ca","url":"https://ca.wikipedia.org/wiki/Partit_Liberal_Radical_de_Su%C3%AFssa","*":"Partit Liberal Radical de Su\u00efssa"},{"lang":"cs","url":"https://cs.wikipedia.org/wiki/Svobodn%C3%A1_demokratick%C3%A1_strana:_Liber%C3%A1lov%C3%A9","*":"Svobodn\u00e1 demokratick\u00e1 strana: Liber\u00e1lov\u00e9"},{"lang":"de","url":"https://de.wikipedia.org/wiki/FDP.Die_Liberalen","*":"FDP.Die Liberalen"},{"lang":"eo","url":"https://eo.wikipedia.org/wiki/Radikal-Demokrata_Partio_de_Svislando","*":"Radikal-Demokrata Partio de Svislando"},{"lang":"es","url":"https://es.wikipedia.org/wiki/Partido_Liberal_Radical_Suizo","*":"Partido Liberal Radical Suizo"},{"lang":"fi","url":"https://fi.wikipedia.org/wiki/Sveitsin_liberaalipuolue","*":"Sveitsin liberaalipuolue"},{"lang":"fr","url":"https://fr.wikipedia.org/wiki/Parti_lib%C3%A9ral-radical","*":"Parti lib\u00e9ral-radical"},{"lang":"id","url":"https://id.wikipedia.org/wiki/Partai_Demokrat_Bebas_Swiss","*":"Partai Demokrat Bebas Swiss"},{"lang":"it","url":"https://it.wikipedia.org/wiki/Partito_Liberale_Radicale_-_I_Liberali_Radicali","*":"Partito Liberale Radicale - I Liberali Radicali"},{"lang":"ja","url":"https://ja.wikipedia.org/wiki/%E3%82%B9%E3%82%A4%E3%82%B9%E8%87%AA%E7%94%B1%E6%B0%91%E4%B8%BB%E5%85%9A","*":"\u30b9\u30a4\u30b9\u81ea\u7531\u6c11\u4e3b\u515a"},{"lang":"ko","url":"https://ko.wikipedia.org/wiki/%EC%8A%A4%EC%9C%84%EC%8A%A4_%EC%9E%90%EC%9C%A0%EB%AF%BC%EC%A3%BC%EB%8B%B9","*":"\uc2a4\uc704\uc2a4 \uc790\uc720\ubbfc\uc8fc\ub2f9"},{"lang":"la","url":"https://la.wikipedia.org/wiki/Factio_liberalis_democratica_(Helvetia)","*":"Factio liberalis democratica (Helvetia)"},{"lang":"nl","url":"https://nl.wikipedia.org/wiki/Vrijzinnig-Democratische_Partij.De_Liberalen","*":"Vrijzinnig-Democratische Partij.De Liberalen"},{"lang":"nb","url":"https://no.wikipedia.org/wiki/FDP.Die_Liberalen","*":"FDP.Die Liberalen"},{"lang":"pl","url":"https://pl.wikipedia.org/wiki/Radykalno-Demokratyczna_Partia_Szwajcarii","*":"Radykalno-Demokratyczna Partia Szwajcarii"},{"lang":"pt","url":"https://pt.wikipedia.org/wiki/Partido_Liberal_Radical_da_Su%C3%AD%C3%A7a","*":"Partido Liberal Radical da Su\u00ed\u00e7a"},{"lang":"ru","url":"https://ru.wikipedia.org/wiki/%D0%A1%D0%B2%D0%BE%D0%B1%D0%BE%D0%B4%D0%BD%D0%B0%D1%8F_%D0%B4%D0%B5%D0%BC%D0%BE%D0%BA%D1%80%D0%B0%D1%82%D0%B8%D1%87%D0%B5%D1%81%D0%BA%D0%B0%D1%8F_%D0%BF%D0%B0%D1%80%D1%82%D0%B8%D1%8F._%D0%9B%D0%B8%D0%B1%D0%B5%D1%80%D0%B0%D0%BB%D1%8B","*":"\u0421\u0432\u043e\u0431\u043e\u0434\u043d\u0430\u044f \u0434\u0435\u043c\u043e\u043a\u0440\u0430\u0442\u0438\u0447\u0435\u0441\u043a\u0430\u044f \u043f\u0430\u0440\u0442\u0438\u044f. \u041b\u0438\u0431\u0435\u0440\u0430\u043b\u044b"},{"lang":"sv","url":"https://sv.wikipedia.org/wiki/FDP._Liberalerna","*":"FDP. Liberalerna"},{"lang":"tr","url":"https://tr.wikipedia.org/wiki/FDP.Liberaller","*":"FDP.Liberaller"},{"lang":"zh","url":"https://zh.wikipedia.org/wiki/%E8%87%AA%E6%B0%91%E5%85%9A.%E8%87%AA%E7%94%B1%E5%85%9A","*":"\u81ea\u6c11\u515a.\u81ea\u7531\u515a"}]}}}}