{"batchcomplete":"","query":{"normalized":[{"from":"Party_of_the_Democratic_Left_(Slovakia)","to":"Party of the Democratic Left (Slovakia)"}],"pages":{"482801":{"pageid":482801,"ns":0,"title":"Party of the Democratic Left (Slovakia)","langlinks":[{"lang":"ca","url":"https://ca.wikipedia.org/wiki/Partit_de_l%27Esquerra_Democr%C3%A0tica","*":"Partit de l'Esquerra Democr\u00e0tica"},{"lang":"cs","url":"https://cs.wikipedia.org/wiki/Strana_demokratickej_%C4%BEavice_(1990)","*":"Strana demokratickej \u013eavice (1990)"},{"lang":"es","url":"https://es.wikipedia.org/wiki/Partido_de_la_Izquierda_Democr%C3%A1tica","*":"Partido de la Izquierda Democr\u00e1tica"},{"lang":"fr","url":"https://fr.wikipedia.org/wiki/Parti_de_la_gauche_d%C3%A9mocratique_(Slovaquie)","*":"Parti de la gauche d\u00e9mocratique (Slovaquie)"},{"lang":"hu","url":"https://hu.wikipedia.org/wiki/Demokratikus_Baloldal_P%C3%A1rtja","*":"Demokratikus Baloldal P\u00e1rtja"},{"lang":"it","url":"https://it.wikipedia.org/wiki/Partito_della_Sinistra_Democratica_(Slovacchia)","*":"Partito della Sinistra Democratica (Slovacchia)"},{"lang":"ja","url":"https://ja.wikipedia.org/wiki/%E6%B0%91%E4%B8%BB%E5%B7%A6%E7%BF%BC%E5%85%9A_(%E3%82%B9%E3%83%AD%E3%83%90%E3%82%AD%E3%82%A2)","*":"\u6c11\u4e3b\u5de6\u7ffc\u515a (\u30b9\u30ed\u30d0\u30ad\u30a2)"},{"lang":"pl","url":"https://pl.wikipedia.org/wiki/Partia_Demokratycznej_Lewicy_(S%C5%82owacja)","*":"Partia Demokratycznej Lewicy (S\u0142owacja)"},{"lang":"sk","url":"https://sk.wikipedia.org/wiki/Strana_demokratickej_%C4%BEavice_(1990)","*":"Strana demokratickej \u013eavice (1990)"},{"lang":"sv","url":"https://sv.wikipedia.org/wiki/Demokratiska_v%C3%A4nsterpartiet","*":"Demokratiska v\u00e4nsterpartiet"}]}}}}