{"batchcomplete":"","query":{"normalized":[{"from":"Independent_Republicans","to":"Independent Republicans"}],"pages":{"5596628":{"pageid":5596628,"ns":0,"title":"Independent Republicans","langlinks":[{"lang":"ca","url":"https://ca.wikipedia.org/wiki/Republicans_Independents","*":"Republicans Independents"},{"lang":"de","url":"https://de.wikipedia.org/wiki/R%C3%A9publicains_ind%C3%A9pendants","*":"R\u00e9publicains ind\u00e9pendants"},{"lang":"eo","url":"https://eo.wikipedia.org/wiki/Sendependaj_Respublikanoj_(Francio)","*":"Sendependaj Respublikanoj (Francio)"},{"lang":"es","url":"https://es.wikipedia.org/wiki/Republicanos_Independientes","*":"Republicanos Independientes"},{"lang":"fr","url":"https://fr.wikipedia.org/wiki/F%C3%A9d%C3%A9ration_nationale_des_r%C3%A9publicains_ind%C3%A9pendants","*":"F\u00e9d\u00e9ration nationale des r\u00e9publicains ind\u00e9pendants"},{"lang":"it","url":"https://it.wikipedia.org/wiki/Federazione_Nazionale_dei_Repubblicani_e_degli_Indipendenti","*":"Federazione Nazionale dei Repubblicani e degli Indipendenti"},{"lang":"nl","url":"https://nl.wikipedia.org/wiki/R%C3%A9publicains_Ind%C3%A9pendants","*":"R\u00e9publicains Ind\u00e9pendants"},{"lang":"simple","url":"https://simple.wikipedia.org/wiki/Independent_Republicans","*":"Independent Republicans"},{"lang":"tr","url":"https://tr.wikipedia.org/wiki/Ba%C4%9F%C4%B1ms%C4%B1z_Cumhuriyet%C3%A7iler","*":"Ba\u011f\u0131ms\u0131z Cumhuriyet\u00e7iler"}]}}}}