{"batchcomplete":"","query":{"normalized":[{"from":"People's_Alliance_(Iceland)","to":"People's Alliance (Iceland)"}],"pages":{"883723":{"pageid":883723,"ns":0,"title":"People's Alliance (Iceland)","langlinks":[{"lang":"ca","url":"https://ca.wikipedia.org/wiki/Alian%C3%A7a_Popular_(Isl%C3%A0ndia)","*":"Alian\u00e7a Popular (Isl\u00e0ndia)"},{"lang":"da","url":"https://da.wikipedia.org/wiki/Folkealliancen","*":"Folkealliancen"},{"lang":"de","url":"https://de.wikipedia.org/wiki/Volksallianz","*":"Volksallianz"},{"lang":"eo","url":"https://eo.wikipedia.org/wiki/Popolunui%C4%9Do_(Islando)","*":"Popolunui\u011do (Islando)"},{"lang":"fr","url":"https://fr.wikipedia.org/wiki/Alliance_du_peuple_(Islande)","*":"Alliance du peuple (Islande)"},{"lang":"gd","url":"https://gd.wikipedia.org/wiki/Al%C3%BE%C3%BD%C3%B0ubandalagi%C3%B0","*":"Al\u00fe\u00fd\u00f0ubandalagi\u00f0"},{"lang":"he","url":"https://he.wikipedia.org/wiki/%D7%94%D7%91%D7%A8%D7%99%D7%AA_%D7%94%D7%A2%D7%9E%D7%9E%D7%99%D7%AA_(%D7%90%D7%99%D7%A1%D7%9C%D7%A0%D7%93)","*":"\u05d4\u05d1\u05e8\u05d9\u05ea \u05d4\u05e2\u05de\u05de\u05d9\u05ea (\u05d0\u05d9\u05e1\u05dc\u05e0\u05d3)"},{"lang":"is","url":"https://is.wikipedia.org/wiki/Al%C3%BE%C3%BD%C3%B0ubandalagi%C3%B0","*":"Al\u00fe\u00fd\u00f0ubandalagi\u00f0"},{"lang":"nb","url":"https://no.wikipedia.org/wiki/Al%C3%BE%C3%BD%C3%B0ubandalagi%C3%B0","*":"Al\u00fe\u00fd\u00f0ubandalagi\u00f0"},{"lang":"pl","url":"https://pl.wikipedia.org/wiki/Zwi%C4%85zek_Ludowy_(Islandia)","*":"Zwi\u0105zek Ludowy (Islandia)"},{"lang":"sv","url":"https://sv.wikipedia.org/wiki/Al%C3%BE%C3%BD%C3%B0ubandalagi%C3%B0","*":"Al\u00fe\u00fd\u00f0ubandalagi\u00f0"},{"lang":"zh","url":"https://zh.wikipedia.org/wiki/%E4%BA%BA%E6%B0%91%E8%81%94%E7%9B%9F_(%E5%86%B0%E5%B2%9B)","*":"\u4eba\u6c11\u8054\u76df (\u51b0\u5c9b)"}]}}}}