{"batchcomplete":"","query":{"normalized":[{"from":"Social_Democratic_Populist_Party_(Turkey)","to":"Social Democratic Populist Party (Turkey)"}],"pages":{"17728067":{"pageid":17728067,"ns":0,"title":"Social Democratic Populist Party (Turkey)","langlinks":[{"lang":"ar","url":"https://ar.wikipedia.org/wiki/%D8%A7%D9%84%D8%AD%D8%B2%D8%A8_%D8%A7%D9%84%D8%B4%D8%B9%D8%A8%D9%88%D9%8A_%D8%A7%D9%84%D8%AF%D9%8A%D9%85%D9%82%D8%B1%D8%A7%D8%B7%D9%8A_%D8%A7%D9%84%D8%A7%D8%AC%D8%AA%D9%85%D8%A7%D8%B9%D9%8A_(%D8%AA%D8%B1%D9%83%D9%8A%D8%A7)","*":"\u0627\u0644\u062d\u0632\u0628 \u0627\u0644\u0634\u0639\u0628\u0648\u064a \u0627\u0644\u062f\u064a\u0645\u0642\u0631\u0627\u0637\u064a \u0627\u0644\u0627\u062c\u062a\u0645\u0627\u0639\u064a (\u062a\u0631\u0643\u064a\u0627)"},{"lang":"ca","url":"https://ca.wikipedia.org/wiki/Partit_Socialdem%C3%B2crata_Populista","*":"Partit Socialdem\u00f2crata Populista"},{"lang":"de","url":"https://de.wikipedia.org/wiki/Sosyaldemokrat_Halk%C3%A7%C4%B1_Parti","*":"Sosyaldemokrat Halk\u00e7\u0131 Parti"},{"lang":"tr","url":"https://tr.wikipedia.org/wiki/Sosyaldemokrat_Halk%C3%A7%C4%B1_Parti","*":"Sosyaldemokrat Halk\u00e7\u0131 Parti"}]}}}}