{"batchcomplete":"","query":{"normalized":[{"from":"Peasants'_Agreement","to":"Peasants' Agreement"}],"pages":{"43588481":{"pageid":43588481,"ns":0,"title":"Peasants' Agreement","langlinks":[{"lang":"nl","url":"https://nl.wikipedia.org/wiki/Polskie_Stronnictwo_Ludowe_-_Porozumienie_Ludowe","*":"Polskie Stronnictwo Ludowe - Porozumienie Ludowe"},{"lang":"pl","url":"https://pl.wikipedia.org/wiki/Polskie_Stronnictwo_Ludowe_%E2%80%93_Porozumienie_Ludowe","*":"Polskie Stronnictwo Ludowe \u2013 Porozumienie Ludowe"}]}}}}