{"batchcomplete":"","query":{"normalized":[{"from":"Union_of_the_Democratic_Centre_(Spain)","to":"Union of the Democratic Centre (Spain)"}],"pages":{"1683101":{"pageid":1683101,"ns":0,"title":"Union of the Democratic Centre (Spain)","langlinks":[{"lang":"an","url":"https://an.wikipedia.org/wiki/Uni%C3%B3n_de_Centro_Democr%C3%A1tico","*":"Uni\u00f3n de Centro Democr\u00e1tico"},{"lang":"ar","url":"https://ar.wikipedia.org/wiki/%D8%A7%D8%AA%D8%AD%D8%A7%D8%AF_%D8%A7%D9%84%D9%88%D8%B3%D8%B7_%D8%A7%D9%84%D8%AF%D9%8A%D9%85%D9%82%D8%B1%D8%A7%D8%B7%D9%8A","*":"\u0627\u062a\u062d\u0627\u062f \u0627\u0644\u0648\u0633\u0637 \u0627\u0644\u062f\u064a\u0645\u0642\u0631\u0627\u0637\u064a"},{"lang":"ast","url":"https://ast.wikipedia.org/wiki/Uni%C3%B3n_de_Centru_Democr%C3%A1ticu","*":"Uni\u00f3n de Centru Democr\u00e1ticu"},{"lang":"ca","url":"https://ca.wikipedia.org/wiki/Uni%C3%B3_de_Centre_Democr%C3%A0tic","*":"Uni\u00f3 de Centre Democr\u00e0tic"},{"lang":"de","url":"https://de.wikipedia.org/wiki/Uni%C3%B3n_de_Centro_Democr%C3%A1tico","*":"Uni\u00f3n de Centro Democr\u00e1tico"},{"lang":"eo","url":"https://eo.wikipedia.org/wiki/Uni%C3%B3n_de_Centro_Democr%C3%A1tico","*":"Uni\u00f3n de Centro Democr\u00e1tico"},{"lang":"es","url":"https://es.wikipedia.org/wiki/Uni%C3%B3n_de_Centro_Democr%C3%A1tico","*":"Uni\u00f3n de Centro Democr\u00e1tico"},{"lang":"eu","url":"https://eu.wikipedia.org/wiki/Zentro_Demokratikoaren_Batasuna","*":"Zentro Demokratikoaren Batasuna"},{"lang":"fi","url":"https://fi.wikipedia.org/wiki/Demokraattisen_keskustan_unioni","*":"Demokraattisen keskustan unioni"},{"lang":"fr","url":"https://fr.wikipedia.org/wiki/Union_du_centre_d%C3%A9mocratique_(Espagne)","*":"Union du centre d\u00e9mocratique (Espagne)"},{"lang":"gl","url":"https://gl.wikipedia.org/wiki/Uni%C3%B3n_de_Centro_Democr%C3%A1tico","*":"Uni\u00f3n de Centro Democr\u00e1tico"},{"lang":"hu","url":"https://hu.wikipedia.org/wiki/Demokratikus_K%C3%B6z%C3%A9p_Uni%C3%B3ja","*":"Demokratikus K\u00f6z\u00e9p Uni\u00f3ja"},{"lang":"it","url":"https://it.wikipedia.org/wiki/Unione_di_Centro_Democratico","*":"Unione di Centro Democratico"},{"lang":"ja","url":"https://ja.wikipedia.org/wiki/%E6%B0%91%E4%B8%BB%E4%B8%AD%E9%81%93%E9%80%A3%E5%90%88","*":"\u6c11\u4e3b\u4e2d\u9053\u9023\u5408"},{"lang":"nb","url":"https://no.wikipedia.org/wiki/Uni%C3%B3n_de_Centro_Democr%C3%A1tico","*":"Uni\u00f3n de Centro Democr\u00e1tico"},{"lang":"pl","url":"https://pl.wikipedia.org/wiki/Unia_Demokratycznego_Centrum","*":"Unia Demokratycznego Centrum"},{"lang":"pt","url":"https://pt.wikipedia.org/wiki/Uni%C3%A3o_de_Centro_Democr%C3%A1tico","*":"Uni\u00e3o de Centro Democr\u00e1tico"},{"lang":"ru","url":"https://ru.wikipedia.org/wiki/%D0%A1%D0%BE%D1%8E%D0%B7_%D0%B4%D0%B5%D0%BC%D0%BE%D0%BA%D1%80%D0%B0%D1%82%D0%B8%D1%87%D0%B5%D1%81%D0%BA%D0%BE%D0%B3%D0%BE_%D1%86%D0%B5%D0%BD%D1%82%D1%80%D0%B0_(%D0%98%D1%81%D0%BF%D0%B0%D0%BD%D0%B8%D1%8F)","*":"\u0421\u043e\u044e\u0437 \u0434\u0435\u043c\u043e\u043a\u0440\u0430\u0442\u0438\u0447\u0435\u0441\u043a\u043e\u0433\u043e \u0446\u0435\u043d\u0442\u0440\u0430 (\u0418\u0441\u043f\u0430\u043d\u0438\u044f)"},{"lang":"simple","url":"https://simple.wikipedia.org/wiki/Union_of_the_Democratic_Centre_(Spain)","*":"Union of the Democratic Centre (Spain)"},{"lang":"tl","url":"https://tl.wikipedia.org/wiki/Unyon_ng_Sentrong_Demokratiko_(Espanya)","*":"Unyon ng Sentrong Demokratiko (Espanya)"},{"lang":"uk","url":"https://uk.wikipedia.org/wiki/%D0%A1%D0%BE%D1%8E%D0%B7_%D0%B4%D0%B5%D0%BC%D0%BE%D0%BA%D1%80%D0%B0%D1%82%D0%B8%D1%87%D0%BD%D0%BE%D0%B3%D0%BE_%D1%86%D0%B5%D0%BD%D1%82%D1%80%D1%83","*":"\u0421\u043e\u044e\u0437 \u0434\u0435\u043c\u043e\u043a\u0440\u0430\u0442\u0438\u0447\u043d\u043e\u0433\u043e \u0446\u0435\u043d\u0442\u0440\u0443"},{"lang":"war","url":"https://war.wikipedia.org/wiki/Paghiusa_han_Butnga_nga_Demokratiko_(Espanya)","*":"Paghiusa han Butnga nga Demokratiko (Espanya)"},{"lang":"zh","url":"https://zh.wikipedia.org/wiki/%E6%B0%91%E4%B8%BB%E4%B8%AD%E9%96%93%E8%81%AF%E7%9B%9F","*":"\u6c11\u4e3b\u4e2d\u9593\u806f\u76df"}]}}}}