{"batchcomplete":"","query":{"normalized":[{"from":"Ecology_Generation","to":"Ecology Generation"}],"pages":{"1104357":{"pageid":1104357,"ns":0,"title":"Ecology Generation","langlinks":[{"lang":"br","url":"https://br.wikipedia.org/wiki/Remziad_ekologiezh","*":"Remziad ekologiezh"},{"lang":"cs","url":"https://cs.wikipedia.org/wiki/G%C3%A9n%C3%A9ration_%C3%A9cologie","*":"G\u00e9n\u00e9ration \u00e9cologie"},{"lang":"da","url":"https://da.wikipedia.org/wiki/G%C3%A9n%C3%A9ration_%C3%A9cologie","*":"G\u00e9n\u00e9ration \u00e9cologie"},{"lang":"eo","url":"https://eo.wikipedia.org/wiki/Generacio_Ekologio_(Francio)","*":"Generacio Ekologio (Francio)"},{"lang":"eu","url":"https://eu.wikipedia.org/wiki/Ekologia_Belaunaldia","*":"Ekologia Belaunaldia"},{"lang":"fr","url":"https://fr.wikipedia.org/wiki/G%C3%A9n%C3%A9ration_%C3%A9cologie","*":"G\u00e9n\u00e9ration \u00e9cologie"},{"lang":"it","url":"https://it.wikipedia.org/wiki/Generazione_Ecologia","*":"Generazione Ecologia"},{"lang":"ja","url":"https://ja.wikipedia.org/wiki/%E7%92%B0%E5%A2%83%E4%B8%96%E4%BB%A3","*":"\u74b0\u5883\u4e16\u4ee3"},{"lang":"ko","url":"https://ko.wikipedia.org/wiki/%EC%83%9D%ED%83%9C%EC%A3%BC%EC%9D%98_%EC%8B%9C%EB%8C%80","*":"\uc0dd\ud0dc\uc8fc\uc758 \uc2dc\ub300"},{"lang":"nl","url":"https://nl.wikipedia.org/wiki/G%C3%A9n%C3%A9ration_%C3%A9cologie","*":"G\u00e9n\u00e9ration \u00e9cologie"},{"lang":"pl","url":"https://pl.wikipedia.org/wiki/Pokolenie_Ekologii","*":"Pokolenie Ekologii"},{"lang":"ru","url":"https://ru.wikipedia.org/wiki/%D0%AD%D0%BA%D0%BE%D0%BB%D0%BE%D0%B3%D0%B8%D1%87%D0%B5%D1%81%D0%BA%D0%BE%D0%B5_%D0%BF%D0%BE%D0%BA%D0%BE%D0%BB%D0%B5%D0%BD%D0%B8%D0%B5","*":"\u042d\u043a\u043e\u043b\u043e\u0433\u0438\u0447\u0435\u0441\u043a\u043e\u0435 \u043f\u043e\u043a\u043e\u043b\u0435\u043d\u0438\u0435"},{"lang":"uk","url":"https://uk.wikipedia.org/wiki/%D0%95%D0%BA%D0%BE%D0%BB%D0%BE%D0%B3%D1%96%D1%87%D0%BD%D0%B5_%D0%BF%D0%BE%D0%BA%D0%BE%D0%BB%D1%96%D0%BD%D0%BD%D1%8F","*":"\u0415\u043a\u043e\u043b\u043e\u0433\u0456\u0447\u043d\u0435 \u043f\u043e\u043a\u043e\u043b\u0456\u043d\u043d\u044f"},{"lang":"zh","url":"https://zh.wikipedia.org/wiki/%E7%94%9F%E6%85%8B%E4%B8%96%E4%BB%A3","*":"\u751f\u614b\u4e16\u4ee3"}]}}}}