{"batchcomplete":"","query":{"normalized":[{"from":"Socialist_Labour_Party_(UK)","to":"Socialist Labour Party (UK)"}],"pages":{"39565355":{"pageid":39565355,"ns":0,"title":"Socialist Labour Party (UK)","langlinks":[{"lang":"ar","url":"https://ar.wikipedia.org/wiki/%D8%AD%D8%B2%D8%A8_%D8%A7%D9%84%D8%B9%D9%85%D8%A7%D9%84_%D8%A7%D9%84%D8%A7%D8%B4%D8%AA%D8%B1%D8%A7%D9%83%D9%8A_(%D8%A7%D9%84%D9%85%D9%85%D9%84%D9%83%D8%A9_%D8%A7%D9%84%D9%85%D8%AA%D8%AD%D8%AF%D8%A9)","*":"\u062d\u0632\u0628 \u0627\u0644\u0639\u0645\u0627\u0644 \u0627\u0644\u0627\u0634\u062a\u0631\u0627\u0643\u064a (\u0627\u0644\u0645\u0645\u0644\u0643\u0629 \u0627\u0644\u0645\u062a\u062d\u062f\u0629)"},{"lang":"cs","url":"https://cs.wikipedia.org/wiki/Socialistick%C3%A1_labouristick%C3%A1_strana","*":"Socialistick\u00e1 labouristick\u00e1 strana"},{"lang":"cy","url":"https://cy.wikipedia.org/wiki/Y_Blaid_Lafur_Sosialaidd_(DU)","*":"Y Blaid Lafur Sosialaidd (DU)"},{"lang":"de","url":"https://de.wikipedia.org/wiki/Socialist_Labour_Party_(1996)","*":"Socialist Labour Party (1996)"},{"lang":"fr","url":"https://fr.wikipedia.org/wiki/Parti_travailliste_socialiste","*":"Parti travailliste socialiste"},{"lang":"it","url":"https://it.wikipedia.org/wiki/Partito_Laburista_Socialista","*":"Partito Laburista Socialista"},{"lang":"ja","url":"https://ja.wikipedia.org/wiki/%E7%A4%BE%E4%BC%9A%E4%B8%BB%E7%BE%A9%E5%8A%B4%E5%83%8D%E5%85%9A_(%E3%82%A4%E3%82%AE%E3%83%AA%E3%82%B9)","*":"\u793e\u4f1a\u4e3b\u7fa9\u52b4\u50cd\u515a (\u30a4\u30ae\u30ea\u30b9)"},{"lang":"zh","url":"https://zh.wikipedia.org/wiki/%E7%A4%BE%E4%BC%9A%E4%B8%BB%E4%B9%89%E5%B7%A5%E5%85%9A","*":"\u793e\u4f1a\u4e3b\u4e49\u5de5\u515a"}]}}}}