{"batchcomplete":"","query":{"normalized":[{"from":"True_Slovak_National_Party","to":"True Slovak National Party"}],"pages":{"1973987":{"pageid":1973987,"ns":0,"title":"True Slovak National Party","langlinks":[{"lang":"ca","url":"https://ca.wikipedia.org/wiki/Partit_Nacional_Eslovac_Aut%C3%A8ntic","*":"Partit Nacional Eslovac Aut\u00e8ntic"},{"lang":"cs","url":"https://cs.wikipedia.org/wiki/Prav%C3%A1_Slovensk%C3%A1_n%C3%A1rodn%C3%A1_strana","*":"Prav\u00e1 Slovensk\u00e1 n\u00e1rodn\u00e1 strana"},{"lang":"pl","url":"https://pl.wikipedia.org/wiki/Prawdziwa_S%C5%82owacka_Partia_Narodowa","*":"Prawdziwa S\u0142owacka Partia Narodowa"},{"lang":"sk","url":"https://sk.wikipedia.org/wiki/Prav%C3%A1_Slovensk%C3%A1_n%C3%A1rodn%C3%A1_strana","*":"Prav\u00e1 Slovensk\u00e1 n\u00e1rodn\u00e1 strana"}]}}}}