{"batchcomplete":"","query":{"normalized":[{"from":"Indian_National_Congress","to":"Indian National Congress"}],"pages":{"149333":{"pageid":149333,"ns":0,"title":"Indian National Congress","langlinks":[{"lang":"af","url":"https://af.wikipedia.org/wiki/Indian_National_Congress","*":"Indian National Congress"},{"lang":"ar","url":"https://ar.wikipedia.org/wiki/%D8%A7%D9%84%D9%85%D8%A4%D8%AA%D9%85%D8%B1_%D8%A7%D9%84%D9%88%D8%B7%D9%86%D9%8A_%D8%A7%D9%84%D9%87%D9%86%D8%AF%D9%8A","*":"\u0627\u0644\u0645\u0624\u062a\u0645\u0631 \u0627\u0644\u0648\u0637\u0646\u064a \u0627\u0644\u0647\u0646\u062f\u064a"},{"lang":"as","url":"https://as.wikipedia.org/wiki/%E0%A6%AD%E0%A6%BE%E0%A7%B0%E0%A6%A4%E0%A7%80%E0%A6%AF%E0%A6%BC_%E0%A6%9C%E0%A6%BE%E0%A6%A4%E0%A7%80%E0%A6%AF%E0%A6%BC_%E0%A6%95%E0%A6%82%E0%A6%97%E0%A7%8D%E0%A7%B0%E0%A7%87%E0%A6%9B","*":"\u09ad\u09be\u09f0\u09a4\u09c0\u09af\u09bc \u099c\u09be\u09a4\u09c0\u09af\u09bc \u0995\u0982\u0997\u09cd\u09f0\u09c7\u099b"},{"lang":"az","url":"https://az.wikipedia.org/wiki/Hindistan_Milli_Konqresi","*":"Hindistan Milli Konqresi"},{"lang":"be","url":"https://be.wikipedia.org/wiki/%D0%86%D0%BD%D0%B4%D1%8B%D0%B9%D1%81%D0%BA%D1%96_%D0%BD%D0%B0%D1%86%D1%8B%D1%8F%D0%BD%D0%B0%D0%BB%D1%8C%D0%BD%D1%8B_%D0%BA%D0%B0%D0%BD%D0%B3%D1%80%D1%8D%D1%81","*":"\u0406\u043d\u0434\u044b\u0439\u0441\u043a\u0456 \u043d\u0430\u0446\u044b\u044f\u043d\u0430\u043b\u044c\u043d\u044b \u043a\u0430\u043d\u0433\u0440\u044d\u0441"},{"lang":"be-x-old","url":"https://be-tarask.wikipedia.org/wiki/%D0%86%D0%BD%D0%B4%D1%8B%D0%B9%D1%81%D0%BA%D1%96_%D0%BD%D0%B0%D1%86%D1%8B%D1%8F%D0%BD%D0%B0%D0%BB%D1%8C%D0%BD%D1%8B_%D0%BA%D0%B0%D0%BD%D0%B3%D1%80%D1%8D%D1%81","*":"\u0406\u043d\u0434\u044b\u0439\u0441\u043a\u0456 \u043d\u0430\u0446\u044b\u044f\u043d\u0430\u043b\u044c\u043d\u044b \u043a\u0430\u043d\u0433\u0440\u044d\u0441"},{"lang":"bg","url":"https://bg.wikipedia.org/wiki/%D0%98%D0%BD%D0%B4%D0%B8%D0%B9%D1%81%D0%BA%D0%B8_%D0%BD%D0%B0%D1%86%D0%B8%D0%BE%D0%BD%D0%B0%D0%BB%D0%B5%D0%BD_%D0%BA%D0%BE%D0%BD%D0%B3%D1%80%D0%B5%D1%81","*":"\u0418\u043d\u0434\u0438\u0439\u0441\u043a\u0438 \u043d\u0430\u0446\u0438\u043e\u043d\u0430\u043b\u0435\u043d \u043a\u043e\u043d\u0433\u0440\u0435\u0441"},{"lang":"bh","url":"https://bh.wikipedia.org/wiki/%E0%A4%AD%E0%A4%BE%E0%A4%B0%E0%A4%A4%E0%A5%80%E0%A4%AF_%E0%A4%B0%E0%A4%BE%E0%A4%B7%E0%A5%8D%E0%A4%9F%E0%A5%8D%E0%A4%B0%E0%A5%80%E0%A4%AF_%E0%A4%95%E0%A4%BE%E0%A4%81%E0%A4%97%E0%A5%8D%E0%A4%B0%E0%A5%87%E0%A4%B8","*":"\u092d\u093e\u0930\u0924\u0940\u092f \u0930\u093e\u0937\u094d\u091f\u094d\u0930\u0940\u092f \u0915\u093e\u0901\u0917\u094d\u0930\u0947\u0938"},{"lang":"bn","url":"https://bn.wikipedia.org/wiki/%E0%A6%AD%E0%A6%BE%E0%A6%B0%E0%A6%A4%E0%A7%80%E0%A6%AF%E0%A6%BC_%E0%A6%9C%E0%A6%BE%E0%A6%A4%E0%A7%80%E0%A6%AF%E0%A6%BC_%E0%A6%95%E0%A6%82%E0%A6%97%E0%A7%8D%E0%A6%B0%E0%A7%87%E0%A6%B8","*":"\u09ad\u09be\u09b0\u09a4\u09c0\u09af\u09bc \u099c\u09be\u09a4\u09c0\u09af\u09bc \u0995\u0982\u0997\u09cd\u09b0\u09c7\u09b8"},{"lang":"ca","url":"https://ca.wikipedia.org/wiki/Congr%C3%A9s_Nacional_Indi","*":"Congr\u00e9s Nacional Indi"},{"lang":"cs","url":"https://cs.wikipedia.org/wiki/Indick%C3%BD_n%C3%A1rodn%C3%AD_kongres","*":"Indick\u00fd n\u00e1rodn\u00ed kongres"},{"lang":"da","url":"https://da.wikipedia.org/wiki/Indian_National_Congress","*":"Indian National Congress"},{"lang":"de","url":"https://de.wikipedia.org/wiki/Indischer_Nationalkongress","*":"Indischer Nationalkongress"},{"lang":"el","url":"https://el.wikipedia.org/wiki/%CE%99%CE%BD%CE%B4%CE%B9%CE%BA%CF%8C_%CE%95%CE%B8%CE%BD%CE%B9%CE%BA%CF%8C_%CE%9A%CE%BF%CE%B3%CE%BA%CF%81%CE%AD%CF%83%CE%BF_(%CE%BA%CF%8C%CE%BC%CE%BC%CE%B1)","*":"\u0399\u03bd\u03b4\u03b9\u03ba\u03cc \u0395\u03b8\u03bd\u03b9\u03ba\u03cc \u039a\u03bf\u03b3\u03ba\u03c1\u03ad\u03c3\u03bf (\u03ba\u03cc\u03bc\u03bc\u03b1)"},{"lang":"eo","url":"https://eo.wikipedia.org/wiki/Barata_Nacia_Kongreso","*":"Barata Nacia Kongreso"},{"lang":"es","url":"https://es.wikipedia.org/wiki/Congreso_Nacional_Indio","*":"Congreso Nacional Indio"},{"lang":"eu","url":"https://eu.wikipedia.org/wiki/Indiako_Kongresu_Nazionala","*":"Indiako Kongresu Nazionala"},{"lang":"fa","url":"https://fa.wikipedia.org/wiki/%DA%A9%D9%86%DA%AF%D8%B1%D9%87_%D9%85%D9%84%DB%8C_%D9%87%D9%86%D8%AF","*":"\u06a9\u0646\u06af\u0631\u0647 \u0645\u0644\u06cc \u0647\u0646\u062f"},{"lang":"fi","url":"https://fi.wikipedia.org/wiki/Intian_kongressipuolue","*":"Intian kongressipuolue"},{"lang":"fr","url":"https://fr.wikipedia.org/wiki/Congr%C3%A8s_national_indien","*":"Congr\u00e8s national indien"},{"lang":"gu","url":"https://gu.wikipedia.org/wiki/%E0%AA%AD%E0%AA%BE%E0%AA%B0%E0%AA%A4%E0%AB%80%E0%AA%AF_%E0%AA%B0%E0%AA%BE%E0%AA%B7%E0%AB%8D%E0%AA%9F%E0%AB%8D%E0%AA%B0%E0%AB%80%E0%AA%AF_%E0%AA%95%E0%AB%8B%E0%AA%82%E0%AA%97%E0%AB%8D%E0%AA%B0%E0%AB%87%E0%AA%B8","*":"\u0aad\u0abe\u0ab0\u0aa4\u0ac0\u0aaf \u0ab0\u0abe\u0ab7\u0acd\u0a9f\u0acd\u0ab0\u0ac0\u0aaf \u0a95\u0acb\u0a82\u0a97\u0acd\u0ab0\u0ac7\u0ab8"},{"lang":"he","url":"https://he.wikipedia.org/wiki/%D7%94%D7%A7%D7%95%D7%A0%D7%92%D7%A8%D7%A1_%D7%94%D7%9C%D7%90%D7%95%D7%9E%D7%99_%D7%94%D7%94%D7%95%D7%93%D7%99","*":"\u05d4\u05e7\u05d5\u05e0\u05d2\u05e8\u05e1 \u05d4\u05dc\u05d0\u05d5\u05de\u05d9 \u05d4\u05d4\u05d5\u05d3\u05d9"},{"lang":"hi","url":"https://hi.wikipedia.org/wiki/%E0%A4%AD%E0%A4%BE%E0%A4%B0%E0%A4%A4%E0%A5%80%E0%A4%AF_%E0%A4%B0%E0%A4%BE%E0%A4%B7%E0%A5%8D%E0%A4%9F%E0%A5%8D%E0%A4%B0%E0%A5%80%E0%A4%AF_%E0%A4%95%E0%A4%BE%E0%A4%82%E0%A4%97%E0%A5%8D%E0%A4%B0%E0%A5%87%E0%A4%B8","*":"\u092d\u093e\u0930\u0924\u0940\u092f \u0930\u093e\u0937\u094d\u091f\u094d\u0930\u0940\u092f \u0915\u093e\u0902\u0917\u094d\u0930\u0947\u0938"},{"lang":"hif","url":"https://hif.wikipedia.org/wiki/All_India_National_Congress","*":"All India National Congress"},{"lang":"hr","url":"https://hr.wikipedia.org/wiki/Indijski_nacionalni_kongres","*":"Indijski nacionalni kongres"},{"lang":"hy","url":"https://hy.wikipedia.org/wiki/%D5%80%D5%B6%D5%A4%D5%AF%D5%A1%D5%AF%D5%A1%D5%B6_%D5%A1%D5%A6%D5%A3%D5%A1%D5%B5%D5%AB%D5%B6_%D5%AF%D5%B8%D5%B6%D5%A3%D6%80%D5%A5%D5%BD","*":"\u0540\u0576\u0564\u056f\u0561\u056f\u0561\u0576 \u0561\u0566\u0563\u0561\u0575\u056b\u0576 \u056f\u0578\u0576\u0563\u0580\u0565\u057d"},{"lang":"id","url":"https://id.wikipedia.org/wiki/Kongres_Nasional_India","*":"Kongres Nasional India"},{"lang":"is","url":"https://is.wikipedia.org/wiki/Indverski_%C3%BEj%C3%B3%C3%B0arr%C3%A1%C3%B0sflokkurinn","*":"Indverski \u00fej\u00f3\u00f0arr\u00e1\u00f0sflokkurinn"},{"lang":"it","url":"https://it.wikipedia.org/wiki/Congresso_Nazionale_Indiano","*":"Congresso Nazionale Indiano"},{"lang":"ja","url":"https://ja.wikipedia.org/wiki/%E3%82%A4%E3%83%B3%E3%83%89%E5%9B%BD%E6%B0%91%E4%BC%9A%E8%AD%B0","*":"\u30a4\u30f3\u30c9\u56fd\u6c11\u4f1a\u8b70"},{"lang":"ka","url":"https://ka.wikipedia.org/wiki/%E1%83%98%E1%83%9C%E1%83%93%E1%83%9D%E1%83%94%E1%83%97%E1%83%98%E1%83%A1_%E1%83%94%E1%83%A0%E1%83%9D%E1%83%95%E1%83%9C%E1%83%A3%E1%83%9A%E1%83%98_%E1%83%99%E1%83%9D%E1%83%9C%E1%83%92%E1%83%A0%E1%83%94%E1%83%A1%E1%83%98","*":"\u10d8\u10dc\u10d3\u10dd\u10d4\u10d7\u10d8\u10e1 \u10d4\u10e0\u10dd\u10d5\u10dc\u10e3\u10da\u10d8 \u10d9\u10dd\u10dc\u10d2\u10e0\u10d4\u10e1\u10d8"},{"lang":"kn","url":"https://kn.wikipedia.org/wiki/%E0%B2%AD%E0%B2%BE%E0%B2%B0%E0%B2%A4%E0%B3%80%E0%B2%AF_%E0%B2%B0%E0%B2%BE%E0%B2%B7%E0%B3%8D%E0%B2%9F%E0%B3%8D%E0%B2%B0%E0%B3%80%E0%B2%AF_%E0%B2%95%E0%B2%BE%E0%B2%82%E0%B2%97%E0%B3%8D%E0%B2%B0%E0%B3%86%E0%B2%B8%E0%B3%8D","*":"\u0cad\u0cbe\u0cb0\u0ca4\u0cc0\u0caf \u0cb0\u0cbe\u0cb7\u0ccd\u0c9f\u0ccd\u0cb0\u0cc0\u0caf \u0c95\u0cbe\u0c82\u0c97\u0ccd\u0cb0\u0cc6\u0cb8\u0ccd"},{"lang":"ko","url":"https://ko.wikipedia.org/wiki/%EC%9D%B8%EB%8F%84_%EA%B5%AD%EB%AF%BC%ED%9A%8C%EC%9D%98","*":"\uc778\ub3c4 \uad6d\ubbfc\ud68c\uc758"},{"lang":"lv","url":"https://lv.wikipedia.org/wiki/Indijas_Nacion%C4%81lais_kongress","*":"Indijas Nacion\u0101lais kongress"},{"lang":"mai","url":"https://mai.wikipedia.org/wiki/%E0%A4%AD%E0%A4%BE%E0%A4%B0%E0%A4%A4%E0%A5%80%E0%A4%AF_%E0%A4%B0%E0%A4%BE%E0%A4%B7%E0%A5%8D%E0%A4%9F%E0%A5%8D%E0%A4%B0%E0%A4%BF%E0%A4%AF_%E0%A4%95%E0%A4%BE%E0%A4%99%E0%A5%8D%E0%A4%97%E0%A5%8D%E0%A4%B0%E0%A5%87%E0%A4%B8","*":"\u092d\u093e\u0930\u0924\u0940\u092f \u0930\u093e\u0937\u094d\u091f\u094d\u0930\u093f\u092f \u0915\u093e\u0919\u094d\u0917\u094d\u0930\u0947\u0938"},{"lang":"ml","url":"https://ml.wikipedia.org/wiki/%E0%B4%87%E0%B4%A8%E0%B5%8D%E0%B4%A4%E0%B5%8D%E0%B4%AF%E0%B5%BB_%E0%B4%A8%E0%B4%BE%E0%B4%B7%E0%B4%A3%E0%B5%BD_%E0%B4%95%E0%B5%8B%E0%B5%BA%E0%B4%97%E0%B5%8D%E0%B4%B0%E0%B4%B8%E0%B5%8D","*":"\u0d07\u0d28\u0d4d\u0d24\u0d4d\u0d2f\u0d7b \u0d28\u0d3e\u0d37\u0d23\u0d7d \u0d15\u0d4b\u0d7a\u0d17\u0d4d\u0d30\u0d38\u0d4d"},{"lang":"mr","url":"https://mr.wikipedia.org/wiki/%E0%A4%AD%E0%A4%BE%E0%A4%B0%E0%A4%A4%E0%A5%80%E0%A4%AF_%E0%A4%B0%E0%A4%BE%E0%A4%B7%E0%A5%8D%E0%A4%9F%E0%A5%8D%E0%A4%B0%E0%A5%80%E0%A4%AF_%E0%A4%95%E0%A4%BE%E0%A4%81%E0%A4%97%E0%A5%8D%E0%A4%B0%E0%A5%87%E0%A4%B8","*":"\u092d\u093e\u0930\u0924\u0940\u092f \u0930\u093e\u0937\u094d\u091f\u094d\u0930\u0940\u092f \u0915\u093e\u0901\u0917\u094d\u0930\u0947\u0938"},{"lang":"ms","url":"https://ms.wikipedia.org/wiki/Kongres_Kebangsaan_India","*":"Kongres Kebangsaan India"},{"lang":"ne","url":"https://ne.wikipedia.org/wiki/%E0%A4%AD%E0%A4%BE%E0%A4%B0%E0%A4%A4%E0%A5%80%E0%A4%AF_%E0%A4%B0%E0%A4%BE%E0%A4%B7%E0%A5%8D%E0%A4%9F%E0%A5%8D%E0%A4%B0%E0%A4%BF%E0%A4%AF_%E0%A4%95%E0%A4%BE%E0%A4%99%E0%A5%8D%E0%A4%97%E0%A5%8D%E0%A4%B0%E0%A5%87%E0%A4%B8","*":"\u092d\u093e\u0930\u0924\u0940\u092f \u0930\u093e\u0937\u094d\u091f\u094d\u0930\u093f\u092f \u0915\u093e\u0919\u094d\u0917\u094d\u0930\u0947\u0938"},{"lang":"nl","url":"https://nl.wikipedia.org/wiki/Congrespartij","*":"Congrespartij"},{"lang":"nn","url":"https://nn.wikipedia.org/wiki/Kongresspartiet","*":"Kongresspartiet"},{"lang":"nb","url":"https://no.wikipedia.org/wiki/Kongresspartiet","*":"Kongresspartiet"},{"lang":"oc","url":"https://oc.wikipedia.org/wiki/Congr%C3%A8s_Nacional_Indian","*":"Congr\u00e8s Nacional Indian"},{"lang":"or","url":"https://or.wikipedia.org/wiki/%E0%AC%AD%E0%AC%BE%E0%AC%B0%E0%AC%A4%E0%AD%80%E0%AD%9F_%E0%AC%9C%E0%AC%BE%E0%AC%A4%E0%AD%80%E0%AD%9F_%E0%AC%95%E0%AC%82%E0%AC%97%E0%AD%8D%E0%AC%B0%E0%AD%87%E0%AC%B8","*":"\u0b2d\u0b3e\u0b30\u0b24\u0b40\u0b5f \u0b1c\u0b3e\u0b24\u0b40\u0b5f \u0b15\u0b02\u0b17\u0b4d\u0b30\u0b47\u0b38"},{"lang":"pa","url":"https://pa.wikipedia.org/wiki/%E0%A8%AD%E0%A8%BE%E0%A8%B0%E0%A8%A4%E0%A9%80_%E0%A8%B0%E0%A8%BE%E0%A8%B8%E0%A8%BC%E0%A8%9F%E0%A8%B0%E0%A9%80_%E0%A8%95%E0%A8%BE%E0%A8%82%E0%A8%97%E0%A8%B0%E0%A8%B8","*":"\u0a2d\u0a3e\u0a30\u0a24\u0a40 \u0a30\u0a3e\u0a38\u0a3c\u0a1f\u0a30\u0a40 \u0a15\u0a3e\u0a02\u0a17\u0a30\u0a38"},{"lang":"pl","url":"https://pl.wikipedia.org/wiki/Indyjski_Kongres_Narodowy","*":"Indyjski Kongres Narodowy"},{"lang":"pms","url":"https://pms.wikipedia.org/wiki/INC","*":"INC"},{"lang":"pnb","url":"https://pnb.wikipedia.org/wiki/%D8%A7%D9%86%DA%88%DB%8C%D9%86_%D9%86%DB%8C%D8%B4%D9%86%D9%84_%DA%A9%D8%A7%D9%86%DA%AF%D8%B1%D8%B3","*":"\u0627\u0646\u0688\u06cc\u0646 \u0646\u06cc\u0634\u0646\u0644 \u06a9\u0627\u0646\u06af\u0631\u0633"},{"lang":"pt","url":"https://pt.wikipedia.org/wiki/Congresso_Nacional_Indiano","*":"Congresso Nacional Indiano"},{"lang":"ro","url":"https://ro.wikipedia.org/wiki/Indian_National_Congress","*":"Indian National Congress"},{"lang":"ru","url":"https://ru.wikipedia.org/wiki/%D0%98%D0%BD%D0%B4%D0%B8%D0%B9%D1%81%D0%BA%D0%B8%D0%B9_%D0%BD%D0%B0%D1%86%D0%B8%D0%BE%D0%BD%D0%B0%D0%BB%D1%8C%D0%BD%D1%8B%D0%B9_%D0%BA%D0%BE%D0%BD%D0%B3%D1%80%D0%B5%D1%81%D1%81","*":"\u0418\u043d\u0434\u0438\u0439\u0441\u043a\u0438\u0439 \u043d\u0430\u0446\u0438\u043e\u043d\u0430\u043b\u044c\u043d\u044b\u0439 \u043a\u043e\u043d\u0433\u0440\u0435\u0441\u0441"},{"lang":"sa","url":"https://sa.wikipedia.org/wiki/%E0%A4%AD%E0%A4%BE%E0%A4%B0%E0%A4%A4%E0%A5%80%E0%A4%AF%E0%A4%B0%E0%A4%BE%E0%A4%B7%E0%A5%8D%E0%A4%9F%E0%A5%8D%E0%A4%B0%E0%A4%BF%E0%A4%AF%E0%A4%95%E0%A4%BE%E0%A4%99%E0%A5%8D%E0%A4%97%E0%A5%8D%E0%A4%B0%E0%A5%87%E0%A4%B8%E0%A5%8D","*":"\u092d\u093e\u0930\u0924\u0940\u092f\u0930\u093e\u0937\u094d\u091f\u094d\u0930\u093f\u092f\u0915\u093e\u0919\u094d\u0917\u094d\u0930\u0947\u0938\u094d"},{"lang":"sat","url":"https://sat.wikipedia.org/wiki/%E1%B1%A5%E1%B1%A4%E1%B1%A7%E1%B1%9A%E1%B1%9B%E1%B1%A4%E1%B1%AD%E1%B1%9F%E1%B1%B9_%E1%B1%A1%E1%B1%9F%E1%B1%B9%E1%B1%9B%E1%B1%A4%E1%B1%AD%E1%B1%9F%E1%B1%B9%E1%B1%A8%E1%B1%A4_%E1%B1%A0%E1%B1%9A%E1%B1%9D%E1%B1%9C%E1%B1%BD%E1%B1%A8%E1%B1%AE%E1%B1%A5","*":"\u1c65\u1c64\u1c67\u1c5a\u1c5b\u1c64\u1c6d\u1c5f\u1c79 \u1c61\u1c5f\u1c79\u1c5b\u1c64\u1c6d\u1c5f\u1c79\u1c68\u1c64 \u1c60\u1c5a\u1c5d\u1c5c\u1c7d\u1c68\u1c6e\u1c65"},{"lang":"sco","url":"https://sco.wikipedia.org/wiki/Indian_Naitional_Congress","*":"Indian Naitional Congress"},{"lang":"sd","url":"https://sd.wikipedia.org/wiki/%D8%A7%D9%86%DA%8A%D9%8A%D9%86_%D9%86%D9%8A%D8%B4%D9%86%D9%84_%DA%AA%D8%A7%D9%86%DA%AF%D8%B1%D9%8A%D8%B3","*":"\u0627\u0646\u068a\u064a\u0646 \u0646\u064a\u0634\u0646\u0644 \u06aa\u0627\u0646\u06af\u0631\u064a\u0633"},{"lang":"sh","url":"https://sh.wikipedia.org/wiki/Indijski_nacionalni_kongres","*":"Indijski nacionalni kongres"},{"lang":"si","url":"https://si.wikipedia.org/wiki/%E0%B6%89%E0%B6%B1%E0%B7%8A%E0%B6%AF%E0%B7%92%E0%B6%BA%E0%B7%8F%E0%B6%B1%E0%B7%94_%E0%B6%A2%E0%B7%8F%E0%B6%AD%E0%B7%92%E0%B6%9A_%E0%B6%9A%E0%B7%9C%E0%B6%B1%E0%B7%8A%E0%B6%9C%E0%B7%8A%E2%80%8D%E0%B6%BB%E0%B7%83%E0%B6%BA","*":"\u0d89\u0db1\u0dca\u0daf\u0dd2\u0dba\u0dcf\u0db1\u0dd4 \u0da2\u0dcf\u0dad\u0dd2\u0d9a \u0d9a\u0ddc\u0db1\u0dca\u0d9c\u0dca\u200d\u0dbb\u0dc3\u0dba"},{"lang":"simple","url":"https://simple.wikipedia.org/wiki/Indian_National_Congress","*":"Indian National Congress"},{"lang":"sl","url":"https://sl.wikipedia.org/wiki/Indijski_nacionalni_kongres","*":"Indijski nacionalni kongres"},{"lang":"sq","url":"https://sq.wikipedia.org/wiki/Kongresi_Kombetar_Indian","*":"Kongresi Kombetar Indian"},{"lang":"sr","url":"https://sr.wikipedia.org/wiki/%D0%98%D0%BD%D0%B4%D0%B8%D1%98%D1%81%D0%BA%D0%B8_%D0%BD%D0%B0%D1%86%D0%B8%D0%BE%D0%BD%D0%B0%D0%BB%D0%BD%D0%B8_%D0%BA%D0%BE%D0%BD%D0%B3%D1%80%D0%B5%D1%81","*":"\u0418\u043d\u0434\u0438\u0458\u0441\u043a\u0438 \u043d\u0430\u0446\u0438\u043e\u043d\u0430\u043b\u043d\u0438 \u043a\u043e\u043d\u0433\u0440\u0435\u0441"},{"lang":"sv","url":"https://sv.wikipedia.org/wiki/Kongresspartiet","*":"Kongresspartiet"},{"lang":"ta","url":"https://ta.wikipedia.org/wiki/%E0%AE%87%E0%AE%A8%E0%AF%8D%E0%AE%A4%E0%AE%BF%E0%AE%AF_%E0%AE%A4%E0%AF%87%E0%AE%9A%E0%AE%BF%E0%AE%AF_%E0%AE%95%E0%AE%BE%E0%AE%99%E0%AF%8D%E0%AE%95%E0%AE%BF%E0%AE%B0%E0%AE%9A%E0%AF%81","*":"\u0b87\u0ba8\u0bcd\u0ba4\u0bbf\u0baf \u0ba4\u0bc7\u0b9a\u0bbf\u0baf \u0b95\u0bbe\u0b99\u0bcd\u0b95\u0bbf\u0bb0\u0b9a\u0bc1"},{"lang":"tcy","url":"https://tcy.wikipedia.org/wiki/%E0%B2%AD%E0%B2%BE%E0%B2%B0%E0%B2%A4%E0%B3%80%E0%B2%AF_%E0%B2%B0%E0%B2%BE%E0%B2%B7%E0%B3%8D%E0%B2%9F%E0%B3%8D%E0%B2%B0%E0%B3%80%E0%B2%AF_%E0%B2%95%E0%B2%BE%E0%B2%82%E0%B2%97%E0%B3%8D%E0%B2%B0%E0%B3%86%E0%B2%B8%E0%B3%8D","*":"\u0cad\u0cbe\u0cb0\u0ca4\u0cc0\u0caf \u0cb0\u0cbe\u0cb7\u0ccd\u0c9f\u0ccd\u0cb0\u0cc0\u0caf \u0c95\u0cbe\u0c82\u0c97\u0ccd\u0cb0\u0cc6\u0cb8\u0ccd"},{"lang":"te","url":"https://te.wikipedia.org/wiki/%E0%B0%AD%E0%B0%BE%E0%B0%B0%E0%B0%A4_%E0%B0%9C%E0%B0%BE%E0%B0%A4%E0%B1%80%E0%B0%AF_%E0%B0%95%E0%B0%BE%E0%B0%82%E0%B0%97%E0%B1%8D%E0%B0%B0%E0%B1%86%E0%B0%B8%E0%B1%8D","*":"\u0c2d\u0c3e\u0c30\u0c24 \u0c1c\u0c3e\u0c24\u0c40\u0c2f \u0c15\u0c3e\u0c02\u0c17\u0c4d\u0c30\u0c46\u0c38\u0c4d"},{"lang":"th","url":"https://th.wikipedia.org/wiki/%E0%B8%84%E0%B8%AD%E0%B8%87%E0%B9%80%E0%B8%81%E0%B8%A3%E0%B8%AA%E0%B9%81%E0%B8%AB%E0%B9%88%E0%B8%87%E0%B8%8A%E0%B8%B2%E0%B8%95%E0%B8%B4%E0%B8%AD%E0%B8%B4%E0%B8%99%E0%B9%80%E0%B8%94%E0%B8%B5%E0%B8%A2","*":"\u0e04\u0e2d\u0e07\u0e40\u0e01\u0e23\u0e2a\u0e41\u0e2b\u0e48\u0e07\u0e0a\u0e32\u0e15\u0e34\u0e2d\u0e34\u0e19\u0e40\u0e14\u0e35\u0e22"},{"lang":"tl","url":"https://tl.wikipedia.org/wiki/Indian_National_Congress","*":"Indian National Congress"},{"lang":"tr","url":"https://tr.wikipedia.org/wiki/Hindistan_Ulusal_Kongresi","*":"Hindistan Ulusal Kongresi"},{"lang":"tt","url":"https://tt.wikipedia.org/wiki/Hind_milli_kongress%C4%B1","*":"Hind milli kongress\u0131"},{"lang":"uk","url":"https://uk.wikipedia.org/wiki/%D0%86%D0%BD%D0%B4%D1%96%D0%B9%D1%81%D1%8C%D0%BA%D0%B8%D0%B9_%D0%BD%D0%B0%D1%86%D1%96%D0%BE%D0%BD%D0%B0%D0%BB%D1%8C%D0%BD%D0%B8%D0%B9_%D0%BA%D0%BE%D0%BD%D0%B3%D1%80%D0%B5%D1%81","*":"\u0406\u043d\u0434\u0456\u0439\u0441\u044c\u043a\u0438\u0439 \u043d\u0430\u0446\u0456\u043e\u043d\u0430\u043b\u044c\u043d\u0438\u0439 \u043a\u043e\u043d\u0433\u0440\u0435\u0441"},{"lang":"ur","url":"https://ur.wikipedia.org/wiki/%D8%A7%D9%86%DA%88%DB%8C%D9%86_%D9%86%DB%8C%D8%B4%D9%86%D9%84_%DA%A9%D8%A7%D9%86%DA%AF%D8%B1%DB%8C%D8%B3","*":"\u0627\u0646\u0688\u06cc\u0646 \u0646\u06cc\u0634\u0646\u0644 \u06a9\u0627\u0646\u06af\u0631\u06cc\u0633"},{"lang":"vi","url":"https://vi.wikipedia.org/wiki/%C4%90%E1%BA%A3ng_Qu%E1%BB%91c_%C4%90%E1%BA%A1i_%E1%BA%A4n_%C4%90%E1%BB%99","*":"\u0110\u1ea3ng Qu\u1ed1c \u0110\u1ea1i \u1ea4n \u0110\u1ed9"},{"lang":"wuu","url":"https://wuu.wikipedia.org/wiki/%E5%8D%B0%E5%BA%A6%E5%9B%BD%E6%B0%91%E5%A4%A7%E4%BC%9A%E5%85%9A","*":"\u5370\u5ea6\u56fd\u6c11\u5927\u4f1a\u515a"},{"lang":"xmf","url":"https://xmf.wikipedia.org/wiki/%E1%83%98%E1%83%9C%E1%83%93%E1%83%9D%E1%83%94%E1%83%97%E1%83%98%E1%83%A8_%E1%83%94%E1%83%A0%E1%83%A3%E1%83%90%E1%83%9C%E1%83%A3%E1%83%9A%E1%83%98_%E1%83%99%E1%83%9D%E1%83%9C%E1%83%92%E1%83%A0%E1%83%94%E1%83%A1%E1%83%98","*":"\u10d8\u10dc\u10d3\u10dd\u10d4\u10d7\u10d8\u10e8 \u10d4\u10e0\u10e3\u10d0\u10dc\u10e3\u10da\u10d8 \u10d9\u10dd\u10dc\u10d2\u10e0\u10d4\u10e1\u10d8"},{"lang":"zh","url":"https://zh.wikipedia.org/wiki/%E5%8D%B0%E5%BA%A6%E5%9B%BD%E6%B0%91%E5%A4%A7%E4%BC%9A%E5%85%9A","*":"\u5370\u5ea6\u56fd\u6c11\u5927\u4f1a\u515a"},{"lang":"zh-min-nan","url":"https://zh-min-nan.wikipedia.org/wiki/%C3%8Cn-t%C5%8D%CD%98_Kok-b%C3%AEn_G%C4%AB-h%C5%8De","*":"\u00ccn-t\u014d\u0358 Kok-b\u00een G\u012b-h\u014de"},{"lang":"zh-yue","url":"https://zh-yue.wikipedia.org/wiki/%E5%8D%B0%E5%BA%A6%E5%9C%8B%E6%B0%91%E5%A4%A7%E6%9C%83%E9%BB%A8","*":"\u5370\u5ea6\u570b\u6c11\u5927\u6703\u9ee8"}]}}}}