{"batchcomplete":"","query":{"normalized":[{"from":"Active_Slovenia","to":"Active Slovenia"}],"pages":{"1978499":{"pageid":1978499,"ns":0,"title":"Active Slovenia","langlinks":[{"lang":"ca","url":"https://ca.wikipedia.org/wiki/Eslov%C3%A8nia_Activa","*":"Eslov\u00e8nia Activa"},{"lang":"it","url":"https://it.wikipedia.org/wiki/Slovenia_Attiva","*":"Slovenia Attiva"},{"lang":"nl","url":"https://nl.wikipedia.org/wiki/Actief_Sloveni%C3%AB","*":"Actief Sloveni\u00eb"},{"lang":"sl","url":"https://sl.wikipedia.org/wiki/Aktivna_Slovenija","*":"Aktivna Slovenija"}]}}}}