{"batchcomplete":"","query":{"normalized":[{"from":"Social_Democratic_Party_of_Finland","to":"Social Democratic Party of Finland"}],"pages":{"33622731":{"pageid":33622731,"ns":0,"title":"Social Democratic Party of Finland","langlinks":[{"lang":"ar","url":"https://ar.wikipedia.org/wiki/%D8%A7%D9%84%D8%AD%D8%B2%D8%A8_%D8%A7%D9%84%D8%A7%D8%B4%D8%AA%D8%B1%D8%A7%D9%83%D9%8A_%D8%A7%D9%84%D8%AF%D9%8A%D9%85%D9%82%D8%B1%D8%A7%D8%B7%D9%8A_%D8%A7%D9%84%D9%81%D9%86%D9%84%D9%86%D8%AF%D9%8A","*":"\u0627\u0644\u062d\u0632\u0628 \u0627\u0644\u0627\u0634\u062a\u0631\u0627\u0643\u064a \u0627\u0644\u062f\u064a\u0645\u0642\u0631\u0627\u0637\u064a \u0627\u0644\u0641\u0646\u0644\u0646\u062f\u064a"},{"lang":"arz","url":"https://arz.wikipedia.org/wiki/%D8%A7%D9%84%D8%AD%D8%B2%D8%A8_%D8%A7%D9%84%D8%A7%D8%B4%D8%AA%D8%B1%D8%A7%D9%83%D9%89_%D8%A7%D9%84%D8%AF%D9%8A%D9%85%D9%88%D9%82%D8%B1%D8%A7%D8%B7%D9%89_%D8%A7%D9%84%D9%81%D9%86%D9%84%D9%86%D8%AF%D9%89","*":"\u0627\u0644\u062d\u0632\u0628 \u0627\u0644\u0627\u0634\u062a\u0631\u0627\u0643\u0649 \u0627\u0644\u062f\u064a\u0645\u0648\u0642\u0631\u0627\u0637\u0649 \u0627\u0644\u0641\u0646\u0644\u0646\u062f\u0649"},{"lang":"ca","url":"https://ca.wikipedia.org/wiki/Partit_Socialdem%C3%B2crata_de_Finl%C3%A0ndia","*":"Partit Socialdem\u00f2crata de Finl\u00e0ndia"},{"lang":"cs","url":"https://cs.wikipedia.org/wiki/Finsk%C3%A1_soci%C3%A1ln%C4%9B_demokratick%C3%A1_strana","*":"Finsk\u00e1 soci\u00e1ln\u011b demokratick\u00e1 strana"},{"lang":"da","url":"https://da.wikipedia.org/wiki/Finlands_Socialdemokratiske_Parti","*":"Finlands Socialdemokratiske Parti"},{"lang":"de","url":"https://de.wikipedia.org/wiki/Sozialdemokratische_Partei_Finnlands","*":"Sozialdemokratische Partei Finnlands"},{"lang":"el","url":"https://el.wikipedia.org/wiki/%CE%A3%CE%BF%CF%83%CE%B9%CE%B1%CE%BB%CE%B4%CE%B7%CE%BC%CE%BF%CE%BA%CF%81%CE%B1%CF%84%CE%B9%CE%BA%CF%8C_%CE%9A%CF%8C%CE%BC%CE%BC%CE%B1_%CF%84%CE%B7%CF%82_%CE%A6%CE%B9%CE%BD%CE%BB%CE%B1%CE%BD%CE%B4%CE%AF%CE%B1%CF%82","*":"\u03a3\u03bf\u03c3\u03b9\u03b1\u03bb\u03b4\u03b7\u03bc\u03bf\u03ba\u03c1\u03b1\u03c4\u03b9\u03ba\u03cc \u039a\u03cc\u03bc\u03bc\u03b1 \u03c4\u03b7\u03c2 \u03a6\u03b9\u03bd\u03bb\u03b1\u03bd\u03b4\u03af\u03b1\u03c2"},{"lang":"eo","url":"https://eo.wikipedia.org/wiki/Finnlanda_socialdemokratia_partio","*":"Finnlanda socialdemokratia partio"},{"lang":"es","url":"https://es.wikipedia.org/wiki/Partido_Socialdem%C3%B3crata_de_Finlandia","*":"Partido Socialdem\u00f3crata de Finlandia"},{"lang":"et","url":"https://et.wikipedia.org/wiki/Soome_Sotsiaaldemokraatlik_Partei","*":"Soome Sotsiaaldemokraatlik Partei"},{"lang":"fa","url":"https://fa.wikipedia.org/wiki/%D8%AD%D8%B2%D8%A8_%D8%B3%D9%88%D8%B3%DB%8C%D8%A7%D9%84_%D8%AF%D9%85%D9%88%DA%A9%D8%B1%D8%A7%D8%AA_%D9%81%D9%86%D9%84%D8%A7%D9%86%D8%AF","*":"\u062d\u0632\u0628 \u0633\u0648\u0633\u06cc\u0627\u0644 \u062f\u0645\u0648\u06a9\u0631\u0627\u062a \u0641\u0646\u0644\u0627\u0646\u062f"},{"lang":"fi","url":"https://fi.wikipedia.org/wiki/Suomen_Sosialidemokraattinen_Puolue","*":"Suomen Sosialidemokraattinen Puolue"},{"lang":"fo","url":"https://fo.wikipedia.org/wiki/Sosialdemokratiski_flokkurin_%C3%AD_Finnlandi","*":"Sosialdemokratiski flokkurin \u00ed Finnlandi"},{"lang":"fr","url":"https://fr.wikipedia.org/wiki/Parti_social-d%C3%A9mocrate_de_Finlande","*":"Parti social-d\u00e9mocrate de Finlande"},{"lang":"he","url":"https://he.wikipedia.org/wiki/%D7%94%D7%9E%D7%A4%D7%9C%D7%92%D7%94_%D7%94%D7%A1%D7%95%D7%A6%D7%99%D7%90%D7%9C-%D7%93%D7%9E%D7%95%D7%A7%D7%A8%D7%98%D7%99%D7%AA_%D7%A9%D7%9C_%D7%A4%D7%99%D7%A0%D7%9C%D7%A0%D7%93","*":"\u05d4\u05de\u05e4\u05dc\u05d2\u05d4 \u05d4\u05e1\u05d5\u05e6\u05d9\u05d0\u05dc-\u05d3\u05de\u05d5\u05e7\u05e8\u05d8\u05d9\u05ea \u05e9\u05dc \u05e4\u05d9\u05e0\u05dc\u05e0\u05d3"},{"lang":"hu","url":"https://hu.wikipedia.org/wiki/Finn_Szoci%C3%A1ldemokrata_P%C3%A1rt","*":"Finn Szoci\u00e1ldemokrata P\u00e1rt"},{"lang":"id","url":"https://id.wikipedia.org/wiki/Partai_Demokrat_Sosial_Finlandia","*":"Partai Demokrat Sosial Finlandia"},{"lang":"it","url":"https://it.wikipedia.org/wiki/Partito_Socialdemocratico_Finlandese","*":"Partito Socialdemocratico Finlandese"},{"lang":"ja","url":"https://ja.wikipedia.org/wiki/%E3%83%95%E3%82%A3%E3%83%B3%E3%83%A9%E3%83%B3%E3%83%89%E7%A4%BE%E4%BC%9A%E6%B0%91%E4%B8%BB%E5%85%9A","*":"\u30d5\u30a3\u30f3\u30e9\u30f3\u30c9\u793e\u4f1a\u6c11\u4e3b\u515a"},{"lang":"ka","url":"https://ka.wikipedia.org/wiki/%E1%83%A4%E1%83%98%E1%83%9C%E1%83%94%E1%83%97%E1%83%98%E1%83%A1_%E1%83%A1%E1%83%9D%E1%83%AA%E1%83%98%E1%83%90%E1%83%9A-%E1%83%93%E1%83%94%E1%83%9B%E1%83%9D%E1%83%99%E1%83%A0%E1%83%90%E1%83%A2%E1%83%98%E1%83%A3%E1%83%9A%E1%83%98_%E1%83%9E%E1%83%90%E1%83%A0%E1%83%A2%E1%83%98%E1%83%90","*":"\u10e4\u10d8\u10dc\u10d4\u10d7\u10d8\u10e1 \u10e1\u10dd\u10ea\u10d8\u10d0\u10da-\u10d3\u10d4\u10db\u10dd\u10d9\u10e0\u10d0\u10e2\u10d8\u10e3\u10da\u10d8 \u10de\u10d0\u10e0\u10e2\u10d8\u10d0"},{"lang":"ko","url":"https://ko.wikipedia.org/wiki/%ED%95%80%EB%9E%80%EB%93%9C_%EC%82%AC%ED%9A%8C%EB%AF%BC%EC%A3%BC%EB%8B%B9","*":"\ud540\ub780\ub4dc \uc0ac\ud68c\ubbfc\uc8fc\ub2f9"},{"lang":"lt","url":"https://lt.wikipedia.org/wiki/Suomijos_socialdemokrat%C5%B3_partija","*":"Suomijos socialdemokrat\u0173 partija"},{"lang":"lv","url":"https://lv.wikipedia.org/wiki/Somijas_soci%C4%81ldemokr%C4%81tisk%C4%81_partija","*":"Somijas soci\u0101ldemokr\u0101tisk\u0101 partija"},{"lang":"ms","url":"https://ms.wikipedia.org/wiki/Parti_Demokrat_Sosial_Finland","*":"Parti Demokrat Sosial Finland"},{"lang":"nl","url":"https://nl.wikipedia.org/wiki/Sociaaldemocratische_Partij_van_Finland","*":"Sociaaldemocratische Partij van Finland"},{"lang":"nb","url":"https://no.wikipedia.org/wiki/Finlands_sosialdemokratiske_parti","*":"Finlands sosialdemokratiske parti"},{"lang":"pl","url":"https://pl.wikipedia.org/wiki/Socjaldemokratyczna_Partia_Finlandii","*":"Socjaldemokratyczna Partia Finlandii"},{"lang":"pt","url":"https://pt.wikipedia.org/wiki/Partido_Social-Democrata_da_Finl%C3%A2ndia","*":"Partido Social-Democrata da Finl\u00e2ndia"},{"lang":"ru","url":"https://ru.wikipedia.org/wiki/%D0%A1%D0%BE%D1%86%D0%B8%D0%B0%D0%BB-%D0%B4%D0%B5%D0%BC%D0%BE%D0%BA%D1%80%D0%B0%D1%82%D0%B8%D1%87%D0%B5%D1%81%D0%BA%D0%B0%D1%8F_%D0%BF%D0%B0%D1%80%D1%82%D0%B8%D1%8F_%D0%A4%D0%B8%D0%BD%D0%BB%D1%8F%D0%BD%D0%B4%D0%B8%D0%B8","*":"\u0421\u043e\u0446\u0438\u0430\u043b-\u0434\u0435\u043c\u043e\u043a\u0440\u0430\u0442\u0438\u0447\u0435\u0441\u043a\u0430\u044f \u043f\u0430\u0440\u0442\u0438\u044f \u0424\u0438\u043d\u043b\u044f\u043d\u0434\u0438\u0438"},{"lang":"se","url":"https://se.wikipedia.org/wiki/Suoma_sosi%C3%A1lademokr%C3%A1htala%C5%A1_bellodat","*":"Suoma sosi\u00e1lademokr\u00e1htala\u0161 bellodat"},{"lang":"smn","url":"https://smn.wikipedia.org/wiki/Suom%C3%A2_sosialdemokraatl%C3%A2%C5%A1_pi%C3%A4l%C3%A1d%C3%A2h","*":"Suom\u00e2 sosialdemokraatl\u00e2\u0161 pi\u00e4l\u00e1d\u00e2h"},{"lang":"sr","url":"https://sr.wikipedia.org/wiki/%D0%A1%D0%BE%D1%86%D0%B8%D1%98%D0%B0%D0%BB%D0%B4%D0%B5%D0%BC%D0%BE%D0%BA%D1%80%D0%B0%D1%82%D1%81%D0%BA%D0%B0_%D0%BF%D0%B0%D1%80%D1%82%D0%B8%D1%98%D0%B0_%D0%A4%D0%B8%D0%BD%D1%81%D0%BA%D0%B5","*":"\u0421\u043e\u0446\u0438\u0458\u0430\u043b\u0434\u0435\u043c\u043e\u043a\u0440\u0430\u0442\u0441\u043a\u0430 \u043f\u0430\u0440\u0442\u0438\u0458\u0430 \u0424\u0438\u043d\u0441\u043a\u0435"},{"lang":"sv","url":"https://sv.wikipedia.org/wiki/Socialdemokraterna_(Finland)","*":"Socialdemokraterna (Finland)"},{"lang":"tr","url":"https://tr.wikipedia.org/wiki/Finlandiya_Sosyal_Demokrat_Partisi","*":"Finlandiya Sosyal Demokrat Partisi"},{"lang":"uk","url":"https://uk.wikipedia.org/wiki/%D0%A1%D0%BE%D1%86%D1%96%D0%B0%D0%BB-%D0%B4%D0%B5%D0%BC%D0%BE%D0%BA%D1%80%D0%B0%D1%82%D0%B8%D1%87%D0%BD%D0%B0_%D0%BF%D0%B0%D1%80%D1%82%D1%96%D1%8F_%D0%A4%D1%96%D0%BD%D0%BB%D1%8F%D0%BD%D0%B4%D1%96%D1%97","*":"\u0421\u043e\u0446\u0456\u0430\u043b-\u0434\u0435\u043c\u043e\u043a\u0440\u0430\u0442\u0438\u0447\u043d\u0430 \u043f\u0430\u0440\u0442\u0456\u044f \u0424\u0456\u043d\u043b\u044f\u043d\u0434\u0456\u0457"},{"lang":"wuu","url":"https://wuu.wikipedia.org/wiki/%E8%8A%AC%E5%85%B0%E7%A4%BE%E4%BC%9A%E6%B0%91%E4%B8%BB%E5%85%9A","*":"\u82ac\u5170\u793e\u4f1a\u6c11\u4e3b\u515a"},{"lang":"zh","url":"https://zh.wikipedia.org/wiki/%E8%8A%AC%E5%85%B0%E7%A4%BE%E4%BC%9A%E6%B0%91%E4%B8%BB%E5%85%9A","*":"\u82ac\u5170\u793e\u4f1a\u6c11\u4e3b\u515a"}]}}}}