{"batchcomplete":"","query":{"normalized":[{"from":"Freedom_Party_of_Switzerland","to":"Freedom Party of Switzerland"}],"pages":{"369085":{"pageid":369085,"ns":0,"title":"Freedom Party of Switzerland","langlinks":[{"lang":"ca","url":"https://ca.wikipedia.org/wiki/Partit_Su%C3%ADs_de_la_Llibertat","*":"Partit Su\u00eds de la Llibertat"},{"lang":"de","url":"https://de.wikipedia.org/wiki/Auto-Partei","*":"Auto-Partei"},{"lang":"fr","url":"https://fr.wikipedia.org/wiki/Parti_des_automobilistes","*":"Parti des automobilistes"},{"lang":"nl","url":"https://nl.wikipedia.org/wiki/Vrijheidspartij_van_Zwitserland","*":"Vrijheidspartij van Zwitserland"},{"lang":"ru","url":"https://ru.wikipedia.org/wiki/%D0%9F%D0%B0%D1%80%D1%82%D0%B8%D1%8F_%D1%81%D0%B2%D0%BE%D0%B1%D0%BE%D0%B4%D1%8B_%D0%A8%D0%B2%D0%B5%D0%B9%D1%86%D0%B0%D1%80%D0%B8%D0%B8","*":"\u041f\u0430\u0440\u0442\u0438\u044f \u0441\u0432\u043e\u0431\u043e\u0434\u044b \u0428\u0432\u0435\u0439\u0446\u0430\u0440\u0438\u0438"}]}}}}