{"batchcomplete":"","query":{"normalized":[{"from":"Social_Democratic_Party_(Iceland)","to":"Social Democratic Party (Iceland)"}],"pages":{"3880829":{"pageid":3880829,"ns":0,"title":"Social Democratic Party (Iceland)","langlinks":[{"lang":"ar","url":"https://ar.wikipedia.org/wiki/%D8%A7%D9%84%D8%AD%D8%B2%D8%A8_%D8%A7%D9%84%D8%AF%D9%8A%D9%85%D9%82%D8%B1%D8%A7%D8%B7%D9%8A_%D8%A7%D9%84%D8%A7%D8%AC%D8%AA%D9%85%D8%A7%D8%B9%D9%8A_(%D8%A2%D9%8A%D8%B3%D9%84%D9%86%D8%AF%D8%A7)","*":"\u0627\u0644\u062d\u0632\u0628 \u0627\u0644\u062f\u064a\u0645\u0642\u0631\u0627\u0637\u064a \u0627\u0644\u0627\u062c\u062a\u0645\u0627\u0639\u064a (\u0622\u064a\u0633\u0644\u0646\u062f\u0627)"},{"lang":"ca","url":"https://ca.wikipedia.org/wiki/Partit_Socialdem%C3%B2crata_(Isl%C3%A0ndia)","*":"Partit Socialdem\u00f2crata (Isl\u00e0ndia)"},{"lang":"da","url":"https://da.wikipedia.org/wiki/Islands_Socialdemokratiske_Parti","*":"Islands Socialdemokratiske Parti"},{"lang":"de","url":"https://de.wikipedia.org/wiki/Sozialdemokratische_Partei_Islands","*":"Sozialdemokratische Partei Islands"},{"lang":"el","url":"https://el.wikipedia.org/wiki/%CE%A3%CE%BF%CF%83%CE%B9%CE%B1%CE%BB%CE%B4%CE%B7%CE%BC%CE%BF%CE%BA%CF%81%CE%B1%CF%84%CE%B9%CE%BA%CF%8C_%CE%9A%CF%8C%CE%BC%CE%BC%CE%B1_(%CE%99%CF%83%CE%BB%CE%B1%CE%BD%CE%B4%CE%AF%CE%B1)","*":"\u03a3\u03bf\u03c3\u03b9\u03b1\u03bb\u03b4\u03b7\u03bc\u03bf\u03ba\u03c1\u03b1\u03c4\u03b9\u03ba\u03cc \u039a\u03cc\u03bc\u03bc\u03b1 (\u0399\u03c3\u03bb\u03b1\u03bd\u03b4\u03af\u03b1)"},{"lang":"eo","url":"https://eo.wikipedia.org/wiki/Popolpartio_(Islando)","*":"Popolpartio (Islando)"},{"lang":"fr","url":"https://fr.wikipedia.org/wiki/Parti_social-d%C3%A9mocrate_(Islande)","*":"Parti social-d\u00e9mocrate (Islande)"},{"lang":"gd","url":"https://gd.wikipedia.org/wiki/Al%C3%BE%C3%BD%C3%B0uflokkurinn","*":"Al\u00fe\u00fd\u00f0uflokkurinn"},{"lang":"he","url":"https://he.wikipedia.org/wiki/%D7%94%D7%9E%D7%A4%D7%9C%D7%92%D7%94_%D7%94%D7%A1%D7%95%D7%A6%D7%99%D7%90%D7%9C-%D7%93%D7%9E%D7%95%D7%A7%D7%A8%D7%98%D7%99%D7%AA_(%D7%90%D7%99%D7%A1%D7%9C%D7%A0%D7%93)","*":"\u05d4\u05de\u05e4\u05dc\u05d2\u05d4 \u05d4\u05e1\u05d5\u05e6\u05d9\u05d0\u05dc-\u05d3\u05de\u05d5\u05e7\u05e8\u05d8\u05d9\u05ea (\u05d0\u05d9\u05e1\u05dc\u05e0\u05d3)"},{"lang":"is","url":"https://is.wikipedia.org/wiki/Al%C3%BE%C3%BD%C3%B0uflokkurinn","*":"Al\u00fe\u00fd\u00f0uflokkurinn"},{"lang":"it","url":"https://it.wikipedia.org/wiki/Partito_Socialdemocratico_(Islanda)","*":"Partito Socialdemocratico (Islanda)"},{"lang":"nb","url":"https://no.wikipedia.org/wiki/Al%C3%BE%C3%BD%C3%B0uflokkurinn","*":"Al\u00fe\u00fd\u00f0uflokkurinn"},{"lang":"pl","url":"https://pl.wikipedia.org/wiki/Partia_Socjaldemokratyczna_(Islandia)","*":"Partia Socjaldemokratyczna (Islandia)"},{"lang":"sv","url":"https://sv.wikipedia.org/wiki/Al%C3%BE%C3%BD%C3%B0uflokkurinn","*":"Al\u00fe\u00fd\u00f0uflokkurinn"},{"lang":"th","url":"https://th.wikipedia.org/wiki/%E0%B8%9E%E0%B8%A3%E0%B8%A3%E0%B8%84%E0%B8%AA%E0%B8%B1%E0%B8%87%E0%B8%84%E0%B8%A1%E0%B8%9B%E0%B8%A3%E0%B8%B0%E0%B8%8A%E0%B8%B2%E0%B8%98%E0%B8%B4%E0%B8%9B%E0%B9%84%E0%B8%95%E0%B8%A2_(%E0%B8%9B%E0%B8%A3%E0%B8%B0%E0%B9%80%E0%B8%97%E0%B8%A8%E0%B9%84%E0%B8%AD%E0%B8%8B%E0%B9%8C%E0%B9%81%E0%B8%A5%E0%B8%99%E0%B8%94%E0%B9%8C)","*":"\u0e1e\u0e23\u0e23\u0e04\u0e2a\u0e31\u0e07\u0e04\u0e21\u0e1b\u0e23\u0e30\u0e0a\u0e32\u0e18\u0e34\u0e1b\u0e44\u0e15\u0e22 (\u0e1b\u0e23\u0e30\u0e40\u0e17\u0e28\u0e44\u0e2d\u0e0b\u0e4c\u0e41\u0e25\u0e19\u0e14\u0e4c)"},{"lang":"uk","url":"https://uk.wikipedia.org/wiki/%D0%A1%D0%BE%D1%86%D1%96%D0%B0%D0%BB-%D0%B4%D0%B5%D0%BC%D0%BE%D0%BA%D1%80%D0%B0%D1%82%D0%B8%D1%87%D0%BD%D0%B0_%D0%BF%D0%B0%D1%80%D1%82%D1%96%D1%8F_(%D0%86%D1%81%D0%BB%D0%B0%D0%BD%D0%B4%D1%96%D1%8F)","*":"\u0421\u043e\u0446\u0456\u0430\u043b-\u0434\u0435\u043c\u043e\u043a\u0440\u0430\u0442\u0438\u0447\u043d\u0430 \u043f\u0430\u0440\u0442\u0456\u044f (\u0406\u0441\u043b\u0430\u043d\u0434\u0456\u044f)"},{"lang":"zh","url":"https://zh.wikipedia.org/wiki/%E7%A4%BE%E4%BC%9A%E6%B0%91%E4%B8%BB%E5%85%9A_(%E5%86%B0%E5%B2%9B)","*":"\u793e\u4f1a\u6c11\u4e3b\u515a (\u51b0\u5c9b)"}]}}}}