{"batchcomplete":"","query":{"normalized":[{"from":"Euskadiko_Ezkerra","to":"Euskadiko Ezkerra"}],"pages":{"1191253":{"pageid":1191253,"ns":0,"title":"Euskadiko Ezkerra","langlinks":[{"lang":"ast","url":"https://ast.wikipedia.org/wiki/Euskadiko_Ezkerra","*":"Euskadiko Ezkerra"},{"lang":"ca","url":"https://ca.wikipedia.org/wiki/Euskadiko_Ezkerra","*":"Euskadiko Ezkerra"},{"lang":"es","url":"https://es.wikipedia.org/wiki/Euskadiko_Ezkerra","*":"Euskadiko Ezkerra"},{"lang":"eu","url":"https://eu.wikipedia.org/wiki/Euskadiko_Ezkerra","*":"Euskadiko Ezkerra"},{"lang":"fr","url":"https://fr.wikipedia.org/wiki/Gauche_basque","*":"Gauche basque"},{"lang":"gl","url":"https://gl.wikipedia.org/wiki/Euskadiko_Ezkerra","*":"Euskadiko Ezkerra"},{"lang":"it","url":"https://it.wikipedia.org/wiki/Euskadiko_Ezkerra","*":"Euskadiko Ezkerra"},{"lang":"pt","url":"https://pt.wikipedia.org/wiki/Esquerda_Basca","*":"Esquerda Basca"},{"lang":"sv","url":"https://sv.wikipedia.org/wiki/Euskadiko_Ezkerra","*":"Euskadiko Ezkerra"}]}}}}