{"batchcomplete":"","query":{"normalized":[{"from":"Social_Democracy_of_Poland","to":"Social Democracy of Poland"}],"pages":{"652670":{"pageid":652670,"ns":0,"title":"Social Democracy of Poland","langlinks":[{"lang":"ca","url":"https://ca.wikipedia.org/wiki/Socialdemocr%C3%A0cia_de_Pol%C3%B2nia","*":"Socialdemocr\u00e0cia de Pol\u00f2nia"},{"lang":"cs","url":"https://cs.wikipedia.org/wiki/Soci%C3%A1ln%C3%AD_demokracie_Polska","*":"Soci\u00e1ln\u00ed demokracie Polska"},{"lang":"da","url":"https://da.wikipedia.org/wiki/Polens_Socialdemokratiske_Parti","*":"Polens Socialdemokratiske Parti"},{"lang":"de","url":"https://de.wikipedia.org/wiki/Socjaldemokracja_Polska","*":"Socjaldemokracja Polska"},{"lang":"eo","url":"https://eo.wikipedia.org/wiki/Pola_Socialdemokratio","*":"Pola Socialdemokratio"},{"lang":"es","url":"https://es.wikipedia.org/wiki/Socialdemocracia_de_Polonia","*":"Socialdemocracia de Polonia"},{"lang":"fr","url":"https://fr.wikipedia.org/wiki/Social-d%C3%A9mocratie_de_Pologne","*":"Social-d\u00e9mocratie de Pologne"},{"lang":"gl","url":"https://gl.wikipedia.org/wiki/Socialdemocracia_de_Polonia","*":"Socialdemocracia de Polonia"},{"lang":"it","url":"https://it.wikipedia.org/wiki/Socialdemocrazia_di_Polonia","*":"Socialdemocrazia di Polonia"},{"lang":"lv","url":"https://lv.wikipedia.org/wiki/Polijas_soci%C4%81ldemokr%C4%81tija","*":"Polijas soci\u0101ldemokr\u0101tija"},{"lang":"nl","url":"https://nl.wikipedia.org/wiki/Socjaldemokracja_Polska","*":"Socjaldemokracja Polska"},{"lang":"nb","url":"https://no.wikipedia.org/wiki/Socjaldemokracja_Polska","*":"Socjaldemokracja Polska"},{"lang":"pl","url":"https://pl.wikipedia.org/wiki/Socjaldemokracja_Polska","*":"Socjaldemokracja Polska"},{"lang":"sr","url":"https://sr.wikipedia.org/wiki/%D0%A1%D0%BE%D1%86%D0%B8%D1%98%D0%B0%D0%BB%D0%B4%D0%B5%D0%BC%D0%BE%D0%BA%D1%80%D0%B0%D1%82%D0%B8%D1%98%D0%B0_%D0%9F%D0%BE%D1%99%D1%81%D0%BA%D0%B0","*":"\u0421\u043e\u0446\u0438\u0458\u0430\u043b\u0434\u0435\u043c\u043e\u043a\u0440\u0430\u0442\u0438\u0458\u0430 \u041f\u043e\u0459\u0441\u043a\u0430"},{"lang":"sv","url":"https://sv.wikipedia.org/wiki/Polens_socialdemokrati","*":"Polens socialdemokrati"},{"lang":"zh","url":"https://zh.wikipedia.org/wiki/%E6%B3%A2%E8%98%AD%E7%A4%BE%E6%9C%83%E6%B0%91%E4%B8%BB%E9%BB%A8","*":"\u6ce2\u862d\u793e\u6703\u6c11\u4e3b\u9ee8"}]}}}}