{"batchcomplete":"","query":{"normalized":[{"from":"Citizens'_Movement_(Mexico)","to":"Citizens' Movement (Mexico)"}],"pages":{"1607076":{"pageid":1607076,"ns":0,"title":"Citizens' Movement (Mexico)","langlinks":[{"lang":"ca","url":"https://ca.wikipedia.org/wiki/Moviment_Ciutad%C3%A0","*":"Moviment Ciutad\u00e0"},{"lang":"de","url":"https://de.wikipedia.org/wiki/Movimiento_Ciudadano","*":"Movimiento Ciudadano"},{"lang":"es","url":"https://es.wikipedia.org/wiki/Movimiento_Ciudadano_(partido_pol%C3%ADtico)","*":"Movimiento Ciudadano (partido pol\u00edtico)"},{"lang":"fr","url":"https://fr.wikipedia.org/wiki/Mouvement_citoyen_(Mexique)","*":"Mouvement citoyen (Mexique)"},{"lang":"it","url":"https://it.wikipedia.org/wiki/Movimento_Cittadino","*":"Movimento Cittadino"},{"lang":"nl","url":"https://nl.wikipedia.org/wiki/Partij_van_de_Burgerbeweging","*":"Partij van de Burgerbeweging"},{"lang":"ru","url":"https://ru.wikipedia.org/wiki/%D0%93%D1%80%D0%B0%D0%B6%D0%B4%D0%B0%D0%BD%D1%81%D0%BA%D0%BE%D0%B5_%D0%B4%D0%B2%D0%B8%D0%B6%D0%B5%D0%BD%D0%B8%D0%B5_(%D0%9C%D0%B5%D0%BA%D1%81%D0%B8%D0%BA%D0%B0)","*":"\u0413\u0440\u0430\u0436\u0434\u0430\u043d\u0441\u043a\u043e\u0435 \u0434\u0432\u0438\u0436\u0435\u043d\u0438\u0435 (\u041c\u0435\u043a\u0441\u0438\u043a\u0430)"},{"lang":"tr","url":"https://tr.wikipedia.org/wiki/Yurtta%C5%9F_Hareketi_(Meksika)","*":"Yurtta\u015f Hareketi (Meksika)"}]}}}}