{"batchcomplete":"","query":{"normalized":[{"from":"Canadian_Alliance","to":"Canadian Alliance"}],"pages":{"50255":{"pageid":50255,"ns":0,"title":"Canadian Alliance","langlinks":[{"lang":"de","url":"https://de.wikipedia.org/wiki/Kanadische_Allianz","*":"Kanadische Allianz"},{"lang":"eo","url":"https://eo.wikipedia.org/wiki/Kanada_Alianco","*":"Kanada Alianco"},{"lang":"fr","url":"https://fr.wikipedia.org/wiki/Alliance_canadienne","*":"Alliance canadienne"},{"lang":"it","url":"https://it.wikipedia.org/wiki/Alleanza_Canadese","*":"Alleanza Canadese"},{"lang":"ja","url":"https://ja.wikipedia.org/wiki/%E3%82%AB%E3%83%8A%E3%83%80%E5%90%8C%E7%9B%9F","*":"\u30ab\u30ca\u30c0\u540c\u76df"},{"lang":"nl","url":"https://nl.wikipedia.org/wiki/Canadian_Alliance","*":"Canadian Alliance"},{"lang":"pdc","url":"https://pdc.wikipedia.org/wiki/Canadian_Alliance","*":"Canadian Alliance"},{"lang":"pl","url":"https://pl.wikipedia.org/wiki/Kanadyjski_Sojusz_Reformatorsko-Konserwatywny","*":"Kanadyjski Sojusz Reformatorsko-Konserwatywny"},{"lang":"ru","url":"https://ru.wikipedia.org/wiki/%D0%9A%D0%B0%D0%BD%D0%B0%D0%B4%D1%81%D0%BA%D0%B8%D0%B9_%D1%81%D0%BE%D1%8E%D0%B7","*":"\u041a\u0430\u043d\u0430\u0434\u0441\u043a\u0438\u0439 \u0441\u043e\u044e\u0437"},{"lang":"uk","url":"https://uk.wikipedia.org/wiki/%D0%9A%D0%B0%D0%BD%D0%B0%D0%B4%D1%81%D1%8C%D0%BA%D0%B8%D0%B9_%D0%B0%D0%BB%D1%8C%D1%8F%D0%BD%D1%81","*":"\u041a\u0430\u043d\u0430\u0434\u0441\u044c\u043a\u0438\u0439 \u0430\u043b\u044c\u044f\u043d\u0441"},{"lang":"zh","url":"https://zh.wikipedia.org/wiki/%E5%8A%A0%E6%8B%BF%E5%A4%A7%E8%81%AF%E7%9B%9F","*":"\u52a0\u62ff\u5927\u806f\u76df"}]}}}}