{"batchcomplete":"","query":{"normalized":[{"from":"National_Democratic_Party_of_Germany_(East_Germany)","to":"National Democratic Party of Germany (East Germany)"}],"pages":{"335705":{"pageid":335705,"ns":0,"title":"National Democratic Party of Germany (East Germany)","langlinks":[{"lang":"cs","url":"https://cs.wikipedia.org/wiki/N%C3%A1rodn%C4%9B-demokratick%C3%A1_strana_N%C4%9Bmecka_(N%C4%9Bmeck%C3%A1_demokratick%C3%A1_republika)","*":"N\u00e1rodn\u011b-demokratick\u00e1 strana N\u011bmecka (N\u011bmeck\u00e1 demokratick\u00e1 republika)"},{"lang":"da","url":"https://da.wikipedia.org/wiki/National-Demokratische_Partei_Deutschlands","*":"National-Demokratische Partei Deutschlands"},{"lang":"de","url":"https://de.wikipedia.org/wiki/National-Demokratische_Partei_Deutschlands","*":"National-Demokratische Partei Deutschlands"},{"lang":"es","url":"https://es.wikipedia.org/wiki/Partido_Nacional_Democr%C3%A1tico_de_Alemania_(RDA)","*":"Partido Nacional Democr\u00e1tico de Alemania (RDA)"},{"lang":"et","url":"https://et.wikipedia.org/wiki/Saksamaa_Rahvusdemokraatlik_Partei_(Ida-Saksamaa)","*":"Saksamaa Rahvusdemokraatlik Partei (Ida-Saksamaa)"},{"lang":"fi","url":"https://fi.wikipedia.org/wiki/Saksan_kansallisdemokraattinen_puolue_(DDR)","*":"Saksan kansallisdemokraattinen puolue (DDR)"},{"lang":"fr","url":"https://fr.wikipedia.org/wiki/Parti_national-d%C3%A9mocrate_d%27Allemagne_(RDA)","*":"Parti national-d\u00e9mocrate d'Allemagne (RDA)"},{"lang":"he","url":"https://he.wikipedia.org/wiki/%D7%94%D7%9E%D7%A4%D7%9C%D7%92%D7%94_%D7%94%D7%9C%D7%90%D7%95%D7%9E%D7%99%D7%AA-%D7%93%D7%9E%D7%95%D7%A7%D7%A8%D7%98%D7%99%D7%AA_%D7%A9%D7%9C_%D7%92%D7%A8%D7%9E%D7%A0%D7%99%D7%94","*":"\u05d4\u05de\u05e4\u05dc\u05d2\u05d4 \u05d4\u05dc\u05d0\u05d5\u05de\u05d9\u05ea-\u05d3\u05de\u05d5\u05e7\u05e8\u05d8\u05d9\u05ea \u05e9\u05dc \u05d2\u05e8\u05de\u05e0\u05d9\u05d4"},{"lang":"it","url":"https://it.wikipedia.org/wiki/Partito_Nazional-Democratico_di_Germania","*":"Partito Nazional-Democratico di Germania"},{"lang":"ja","url":"https://ja.wikipedia.org/wiki/%E3%83%89%E3%82%A4%E3%83%84%E5%9B%BD%E5%AE%B6%E6%B0%91%E4%B8%BB%E5%85%9A_(%E6%9D%B1%E3%83%89%E3%82%A4%E3%83%84)","*":"\u30c9\u30a4\u30c4\u56fd\u5bb6\u6c11\u4e3b\u515a (\u6771\u30c9\u30a4\u30c4)"},{"lang":"nl","url":"https://nl.wikipedia.org/wiki/Nationaldemokratische_Partei_Deutschlands_(DDR)","*":"Nationaldemokratische Partei Deutschlands (DDR)"},{"lang":"nb","url":"https://no.wikipedia.org/wiki/National-Demokratische_Partei_Deutschlands","*":"National-Demokratische Partei Deutschlands"},{"lang":"pl","url":"https://pl.wikipedia.org/wiki/Narodowo-Demokratyczna_Partia_Niemiec","*":"Narodowo-Demokratyczna Partia Niemiec"},{"lang":"pt","url":"https://pt.wikipedia.org/wiki/Partido_Nacional_Democr%C3%A1tico_(RDA)","*":"Partido Nacional Democr\u00e1tico (RDA)"},{"lang":"ru","url":"https://ru.wikipedia.org/wiki/%D0%9D%D0%B0%D1%86%D0%B8%D0%BE%D0%BD%D0%B0%D0%BB%D1%8C%D0%BD%D0%BE-%D0%B4%D0%B5%D0%BC%D0%BE%D0%BA%D1%80%D0%B0%D1%82%D0%B8%D1%87%D0%B5%D1%81%D0%BA%D0%B0%D1%8F_%D0%BF%D0%B0%D1%80%D1%82%D0%B8%D1%8F_%D0%93%D0%B5%D1%80%D0%BC%D0%B0%D0%BD%D0%B8%D0%B8_(%D0%93%D0%94%D0%A0)","*":"\u041d\u0430\u0446\u0438\u043e\u043d\u0430\u043b\u044c\u043d\u043e-\u0434\u0435\u043c\u043e\u043a\u0440\u0430\u0442\u0438\u0447\u0435\u0441\u043a\u0430\u044f \u043f\u0430\u0440\u0442\u0438\u044f \u0413\u0435\u0440\u043c\u0430\u043d\u0438\u0438 (\u0413\u0414\u0420)"},{"lang":"sv","url":"https://sv.wikipedia.org/wiki/Nationaldemokratiska_partiet_i_Tyskland","*":"Nationaldemokratiska partiet i Tyskland"},{"lang":"zh","url":"https://zh.wikipedia.org/wiki/%E5%BE%B7%E5%9B%BD%E5%9B%BD%E5%AE%B6%E6%B0%91%E4%B8%BB%E5%85%9A_(%E4%B8%9C%E5%BE%B7)","*":"\u5fb7\u56fd\u56fd\u5bb6\u6c11\u4e3b\u515a (\u4e1c\u5fb7)"}]}}}}