{"batchcomplete":"","query":{"normalized":[{"from":"United_Arab_List","to":"United Arab List"}],"pages":{"39385583":{"pageid":39385583,"ns":0,"title":"United Arab List","langlinks":[{"lang":"ar","url":"https://ar.wikipedia.org/wiki/%D8%A7%D9%84%D9%82%D8%A7%D8%A6%D9%85%D8%A9_%D8%A7%D9%84%D8%B9%D8%B1%D8%A8%D9%8A%D8%A9_%D8%A7%D9%84%D9%85%D9%88%D8%AD%D8%AF%D8%A9","*":"\u0627\u0644\u0642\u0627\u0626\u0645\u0629 \u0627\u0644\u0639\u0631\u0628\u064a\u0629 \u0627\u0644\u0645\u0648\u062d\u062f\u0629"},{"lang":"arz","url":"https://arz.wikipedia.org/wiki/%D8%A7%D9%84%D9%82%D8%A7%D8%A6%D9%85%D8%A9_%D8%A7%D9%84%D8%B9%D8%B1%D8%A8%D9%8A%D8%A9_%D8%A7%D9%84%D9%85%D9%88%D8%AD%D8%AF%D8%A9","*":"\u0627\u0644\u0642\u0627\u0626\u0645\u0629 \u0627\u0644\u0639\u0631\u0628\u064a\u0629 \u0627\u0644\u0645\u0648\u062d\u062f\u0629"},{"lang":"ca","url":"https://ca.wikipedia.org/wiki/Llista_%C3%80rab_Unida","*":"Llista \u00c0rab Unida"},{"lang":"cs","url":"https://cs.wikipedia.org/wiki/Sjednocen%C3%A1_arabsk%C3%A1_kandid%C3%A1tka","*":"Sjednocen\u00e1 arabsk\u00e1 kandid\u00e1tka"},{"lang":"de","url":"https://de.wikipedia.org/wiki/Vereinigte_Arabische_Liste","*":"Vereinigte Arabische Liste"},{"lang":"es","url":"https://es.wikipedia.org/wiki/Lista_%C3%81rabe_Unida","*":"Lista \u00c1rabe Unida"},{"lang":"fa","url":"https://fa.wikipedia.org/wiki/%D9%81%D9%87%D8%B1%D8%B3%D8%AA_%D9%85%D8%AA%D8%AD%D8%AF_%D8%B9%D8%B1%D8%A8%DB%8C","*":"\u0641\u0647\u0631\u0633\u062a \u0645\u062a\u062d\u062f \u0639\u0631\u0628\u06cc"},{"lang":"fr","url":"https://fr.wikipedia.org/wiki/Liste_arabe_unie_(1996)","*":"Liste arabe unie (1996)"},{"lang":"ha","url":"https://ha.wikipedia.org/wiki/Ra%27am","*":"Ra'am"},{"lang":"he","url":"https://he.wikipedia.org/wiki/%D7%94%D7%A8%D7%A9%D7%99%D7%9E%D7%94_%D7%94%D7%A2%D7%A8%D7%91%D7%99%D7%AA_%D7%94%D7%9E%D7%90%D7%95%D7%97%D7%93%D7%AA","*":"\u05d4\u05e8\u05e9\u05d9\u05de\u05d4 \u05d4\u05e2\u05e8\u05d1\u05d9\u05ea \u05d4\u05de\u05d0\u05d5\u05d7\u05d3\u05ea"},{"lang":"id","url":"https://id.wikipedia.org/wiki/Partai_Arab_Bersatu","*":"Partai Arab Bersatu"},{"lang":"it","url":"https://it.wikipedia.org/wiki/Lista_Araba_Unita","*":"Lista Araba Unita"},{"lang":"ja","url":"https://ja.wikipedia.org/wiki/%E7%B5%B1%E4%B8%80%E3%82%A2%E3%83%A9%E3%83%96%E3%83%AA%E3%82%B9%E3%83%88","*":"\u7d71\u4e00\u30a2\u30e9\u30d6\u30ea\u30b9\u30c8"},{"lang":"nl","url":"https://nl.wikipedia.org/wiki/Verenigde_Arabische_Lijst","*":"Verenigde Arabische Lijst"},{"lang":"pl","url":"https://pl.wikipedia.org/wiki/Zjednoczona_Lista_Arabska","*":"Zjednoczona Lista Arabska"},{"lang":"ru","url":"https://ru.wikipedia.org/wiki/%D0%9E%D0%B1%D1%8A%D0%B5%D0%B4%D0%B8%D0%BD%D1%91%D0%BD%D0%BD%D1%8B%D0%B9_%D0%B0%D1%80%D0%B0%D0%B1%D1%81%D0%BA%D0%B8%D0%B9_%D1%81%D0%BF%D0%B8%D1%81%D0%BE%D0%BA","*":"\u041e\u0431\u044a\u0435\u0434\u0438\u043d\u0451\u043d\u043d\u044b\u0439 \u0430\u0440\u0430\u0431\u0441\u043a\u0438\u0439 \u0441\u043f\u0438\u0441\u043e\u043a"},{"lang":"simple","url":"https://simple.wikipedia.org/wiki/United_Arab_List","*":"United Arab List"},{"lang":"sv","url":"https://sv.wikipedia.org/wiki/F%C3%B6renade_arablistan","*":"F\u00f6renade arablistan"},{"lang":"tr","url":"https://tr.wikipedia.org/wiki/Birle%C5%9Fik_Arap_Listesi","*":"Birle\u015fik Arap Listesi"},{"lang":"zh","url":"https://zh.wikipedia.org/wiki/%E8%81%AF%E5%90%88%E9%98%BF%E6%8B%89%E4%BC%AF%E5%90%8D%E5%96%AE","*":"\u806f\u5408\u963f\u62c9\u4f2f\u540d\u55ae"}]}}}}