{"batchcomplete":"","query":{"normalized":[{"from":"National_Union_of_Ethical_Citizens","to":"National Union of Ethical Citizens"}],"pages":{"2659683":{"pageid":2659683,"ns":0,"title":"National Union of Ethical Citizens","langlinks":[{"lang":"de","url":"https://de.wikipedia.org/wiki/Uni%C3%B3n_Nacional_de_Ciudadanos_%C3%89ticos","*":"Uni\u00f3n Nacional de Ciudadanos \u00c9ticos"},{"lang":"es","url":"https://es.wikipedia.org/wiki/Uni%C3%B3n_Nacional_de_Ciudadanos_%C3%89ticos","*":"Uni\u00f3n Nacional de Ciudadanos \u00c9ticos"},{"lang":"it","url":"https://it.wikipedia.org/wiki/Unione_Nazionale_dei_Cittadini_Etici","*":"Unione Nazionale dei Cittadini Etici"},{"lang":"pt","url":"https://pt.wikipedia.org/wiki/Uni%C3%A3o_Nacional_de_Cidad%C3%A3os_%C3%89ticos","*":"Uni\u00e3o Nacional de Cidad\u00e3os \u00c9ticos"},{"lang":"ru","url":"https://ru.wikipedia.org/wiki/%D0%9D%D0%B0%D1%86%D0%B8%D0%BE%D0%BD%D0%B0%D0%BB%D1%8C%D0%BD%D1%8B%D0%B9_%D1%81%D0%BE%D1%8E%D0%B7_%D1%8D%D1%82%D0%B8%D1%87%D0%B5%D1%81%D0%BA%D0%B8%D1%85_%D0%B3%D1%80%D0%B0%D0%B6%D0%B4%D0%B0%D0%BD","*":"\u041d\u0430\u0446\u0438\u043e\u043d\u0430\u043b\u044c\u043d\u044b\u0439 \u0441\u043e\u044e\u0437 \u044d\u0442\u0438\u0447\u0435\u0441\u043a\u0438\u0445 \u0433\u0440\u0430\u0436\u0434\u0430\u043d"}]}}}}