{"batchcomplete":"","query":{"normalized":[{"from":"Civic_Forum","to":"Civic Forum"}],"pages":{"699900":{"pageid":699900,"ns":0,"title":"Civic Forum","langlinks":[{"lang":"ca","url":"https://ca.wikipedia.org/wiki/F%C3%B2rum_C%C3%ADvic","*":"F\u00f2rum C\u00edvic"},{"lang":"cs","url":"https://cs.wikipedia.org/wiki/Ob%C4%8Dansk%C3%A9_f%C3%B3rum","*":"Ob\u010dansk\u00e9 f\u00f3rum"},{"lang":"de","url":"https://de.wikipedia.org/wiki/Ob%C4%8Dansk%C3%A9_f%C3%B3rum","*":"Ob\u010dansk\u00e9 f\u00f3rum"},{"lang":"es","url":"https://es.wikipedia.org/wiki/Foro_C%C3%ADvico","*":"Foro C\u00edvico"},{"lang":"fi","url":"https://fi.wikipedia.org/wiki/Kansalaisfoorumi_(T%C5%A1ekki)","*":"Kansalaisfoorumi (T\u0161ekki)"},{"lang":"fr","url":"https://fr.wikipedia.org/wiki/Forum_civique","*":"Forum civique"},{"lang":"it","url":"https://it.wikipedia.org/wiki/Forum_Civico","*":"Forum Civico"},{"lang":"ja","url":"https://ja.wikipedia.org/wiki/%E5%B8%82%E6%B0%91%E3%83%95%E3%82%A9%E3%83%BC%E3%83%A9%E3%83%A0","*":"\u5e02\u6c11\u30d5\u30a9\u30fc\u30e9\u30e0"},{"lang":"ko","url":"https://ko.wikipedia.org/wiki/%EC%8B%9C%EB%AF%BC_%ED%8F%AC%EB%9F%BC","*":"\uc2dc\ubbfc \ud3ec\ub7fc"},{"lang":"lmo","url":"https://lmo.wikipedia.org/wiki/Forum_Civich","*":"Forum Civich"},{"lang":"nl","url":"https://nl.wikipedia.org/wiki/Burgerforum_(Tsjechi%C3%AB)","*":"Burgerforum (Tsjechi\u00eb)"},{"lang":"pl","url":"https://pl.wikipedia.org/wiki/Forum_Obywatelskie","*":"Forum Obywatelskie"},{"lang":"ru","url":"https://ru.wikipedia.org/wiki/%D0%93%D1%80%D0%B0%D0%B6%D0%B4%D0%B0%D0%BD%D1%81%D0%BA%D0%B8%D0%B9_%D1%84%D0%BE%D1%80%D1%83%D0%BC_(%D0%A7%D0%B5%D1%85%D0%BE%D1%81%D0%BB%D0%BE%D0%B2%D0%B0%D0%BA%D0%B8%D1%8F)","*":"\u0413\u0440\u0430\u0436\u0434\u0430\u043d\u0441\u043a\u0438\u0439 \u0444\u043e\u0440\u0443\u043c (\u0427\u0435\u0445\u043e\u0441\u043b\u043e\u0432\u0430\u043a\u0438\u044f)"},{"lang":"sk","url":"https://sk.wikipedia.org/wiki/Ob%C4%8Dianske_f%C3%B3rum","*":"Ob\u010dianske f\u00f3rum"},{"lang":"uk","url":"https://uk.wikipedia.org/wiki/%D0%93%D1%80%D0%BE%D0%BC%D0%B0%D0%B4%D1%8F%D0%BD%D1%81%D1%8C%D0%BA%D0%B8%D0%B9_%D1%84%D0%BE%D1%80%D1%83%D0%BC","*":"\u0413\u0440\u043e\u043c\u0430\u0434\u044f\u043d\u0441\u044c\u043a\u0438\u0439 \u0444\u043e\u0440\u0443\u043c"},{"lang":"zh","url":"https://zh.wikipedia.org/wiki/%E5%85%AC%E6%B0%91%E8%AB%96%E5%A3%87_(%E6%8D%B7%E5%85%8B)","*":"\u516c\u6c11\u8ad6\u58c7 (\u6377\u514b)"}]}}}}