{"batchcomplete":"","query":{"normalized":[{"from":"Clann_na_Poblachta","to":"Clann na Poblachta"}],"pages":{"269476":{"pageid":269476,"ns":0,"title":"Clann na Poblachta","langlinks":[{"lang":"ca","url":"https://ca.wikipedia.org/wiki/Clann_na_Poblachta","*":"Clann na Poblachta"},{"lang":"es","url":"https://es.wikipedia.org/wiki/Clann_na_Poblachta","*":"Clann na Poblachta"},{"lang":"fr","url":"https://fr.wikipedia.org/wiki/Clann_na_Poblachta","*":"Clann na Poblachta"},{"lang":"ga","url":"https://ga.wikipedia.org/wiki/Clann_na_Poblachta","*":"Clann na Poblachta"},{"lang":"nb","url":"https://no.wikipedia.org/wiki/Clann_na_Poblachta","*":"Clann na Poblachta"},{"lang":"pl","url":"https://pl.wikipedia.org/wiki/Clann_na_Poblachta","*":"Clann na Poblachta"},{"lang":"ru","url":"https://ru.wikipedia.org/wiki/%D0%9A%D0%BB%D0%B0%D0%BD%D0%BD_%D0%BD%D0%B0_%D0%9F%D0%BE%D0%B1%D0%BB%D0%B0%D1%85%D1%82%D0%B0","*":"\u041a\u043b\u0430\u043d\u043d \u043d\u0430 \u041f\u043e\u0431\u043b\u0430\u0445\u0442\u0430"}]}}}}