{"batchcomplete":"","query":{"normalized":[{"from":"Fatherland_for_All","to":"Fatherland for All"}],"pages":{"2660406":{"pageid":2660406,"ns":0,"title":"Fatherland for All","langlinks":[{"lang":"an","url":"https://an.wikipedia.org/wiki/Patria_Para_Todos","*":"Patria Para Todos"},{"lang":"ca","url":"https://ca.wikipedia.org/wiki/P%C3%A0tria_per_a_Tots","*":"P\u00e0tria per a Tots"},{"lang":"de","url":"https://de.wikipedia.org/wiki/Patria_Para_Todos","*":"Patria Para Todos"},{"lang":"es","url":"https://es.wikipedia.org/wiki/Patria_Para_Todos","*":"Patria Para Todos"},{"lang":"pl","url":"https://pl.wikipedia.org/wiki/Ojczyzna_dla_Wszystkich","*":"Ojczyzna dla Wszystkich"},{"lang":"pt","url":"https://pt.wikipedia.org/wiki/P%C3%A1tria_para_Todos","*":"P\u00e1tria para Todos"},{"lang":"ru","url":"https://ru.wikipedia.org/wiki/%D0%9E%D1%82%D0%B5%D1%87%D0%B5%D1%81%D1%82%D0%B2%D0%BE_%D0%B4%D0%BB%D1%8F_%D0%B2%D1%81%D0%B5%D1%85","*":"\u041e\u0442\u0435\u0447\u0435\u0441\u0442\u0432\u043e \u0434\u043b\u044f \u0432\u0441\u0435\u0445"},{"lang":"zh","url":"https://zh.wikipedia.org/wiki/%E4%BA%89%E5%8F%96%E5%A4%A7%E4%BC%97%E7%A5%96%E5%9B%BD","*":"\u4e89\u53d6\u5927\u4f17\u7956\u56fd"}]}}}}