{"batchcomplete":"","query":{"normalized":[{"from":"Liberal_Union_of_Lithuania","to":"Liberal Union of Lithuania"}],"pages":{"425783":{"pageid":425783,"ns":0,"title":"Liberal Union of Lithuania","langlinks":[{"lang":"bat-smg","url":"https://bat-smg.wikipedia.org/wiki/Lietovuos_l%C4%97beralu_s%C4%81jonga","*":"Lietovuos l\u0117beralu s\u0101jonga"},{"lang":"ca","url":"https://ca.wikipedia.org/wiki/Uni%C3%B3_Liberal_de_Litu%C3%A0nia","*":"Uni\u00f3 Liberal de Litu\u00e0nia"},{"lang":"de","url":"https://de.wikipedia.org/wiki/Lietuvos_liberal%C5%B3_s%C4%85junga","*":"Lietuvos liberal\u0173 s\u0105junga"},{"lang":"fi","url":"https://fi.wikipedia.org/wiki/Liberaalinen_liitto_(Liettua)","*":"Liberaalinen liitto (Liettua)"},{"lang":"fr","url":"https://fr.wikipedia.org/wiki/Union_lib%C3%A9rale_de_Lituanie","*":"Union lib\u00e9rale de Lituanie"},{"lang":"it","url":"https://it.wikipedia.org/wiki/Unione_dei_Liberali_di_Lituania","*":"Unione dei Liberali di Lituania"},{"lang":"ja","url":"https://ja.wikipedia.org/wiki/%E3%83%AA%E3%83%88%E3%82%A2%E3%83%8B%E3%82%A2%E8%87%AA%E7%94%B1%E9%80%A3%E5%90%88_(1990-2003)","*":"\u30ea\u30c8\u30a2\u30cb\u30a2\u81ea\u7531\u9023\u5408 (1990-2003)"},{"lang":"lt","url":"https://lt.wikipedia.org/wiki/Lietuvos_liberal%C5%B3_s%C4%85junga","*":"Lietuvos liberal\u0173 s\u0105junga"},{"lang":"pl","url":"https://pl.wikipedia.org/wiki/Litewski_Zwi%C4%85zek_Libera%C5%82%C3%B3w","*":"Litewski Zwi\u0105zek Libera\u0142\u00f3w"},{"lang":"ru","url":"https://ru.wikipedia.org/wiki/%D0%A1%D0%BE%D1%8E%D0%B7_%D0%BB%D0%B8%D0%B1%D0%B5%D1%80%D0%B0%D0%BB%D0%BE%D0%B2_%D0%9B%D0%B8%D1%82%D0%B2%D1%8B","*":"\u0421\u043e\u044e\u0437 \u043b\u0438\u0431\u0435\u0440\u0430\u043b\u043e\u0432 \u041b\u0438\u0442\u0432\u044b"},{"lang":"sv","url":"https://sv.wikipedia.org/wiki/Litauens_liberala_f%C3%B6rbund","*":"Litauens liberala f\u00f6rbund"}]}}}}