{"batchcomplete":"","query":{"normalized":[{"from":"Social_Democratic_Party_(Portugal)","to":"Social Democratic Party (Portugal)"}],"pages":{"404841":{"pageid":404841,"ns":0,"title":"Social Democratic Party (Portugal)","langlinks":[{"lang":"ar","url":"https://ar.wikipedia.org/wiki/%D8%A7%D9%84%D8%AD%D8%B2%D8%A8_%D8%A7%D9%84%D8%AF%D9%8A%D9%85%D9%82%D8%B1%D8%A7%D8%B7%D9%8A_%D8%A7%D9%84%D8%A7%D8%AC%D8%AA%D9%85%D8%A7%D8%B9%D9%8A_(%D8%A7%D9%84%D8%A8%D8%B1%D8%AA%D8%BA%D8%A7%D9%84)","*":"\u0627\u0644\u062d\u0632\u0628 \u0627\u0644\u062f\u064a\u0645\u0642\u0631\u0627\u0637\u064a \u0627\u0644\u0627\u062c\u062a\u0645\u0627\u0639\u064a (\u0627\u0644\u0628\u0631\u062a\u063a\u0627\u0644)"},{"lang":"arz","url":"https://arz.wikipedia.org/wiki/%D8%A7%D9%84%D8%AD%D8%B2%D8%A8_%D8%A7%D9%84%D8%AF%D9%8A%D9%85%D9%88%D9%82%D8%B1%D8%A7%D8%B7%D9%89_%D8%A7%D9%84%D8%A7%D8%AC%D8%AA%D9%85%D8%A7%D8%B9%D9%89_%D8%A7%D9%84%D9%BE%D9%88%D8%B1%D8%AA%D9%88%D8%AC%D8%A7%D9%84%D9%89","*":"\u0627\u0644\u062d\u0632\u0628 \u0627\u0644\u062f\u064a\u0645\u0648\u0642\u0631\u0627\u0637\u0649 \u0627\u0644\u0627\u062c\u062a\u0645\u0627\u0639\u0649 \u0627\u0644\u067e\u0648\u0631\u062a\u0648\u062c\u0627\u0644\u0649"},{"lang":"ast","url":"https://ast.wikipedia.org/wiki/Part%C3%ADu_Socialdem%C3%B3crata_(Portugal)","*":"Part\u00edu Socialdem\u00f3crata (Portugal)"},{"lang":"bg","url":"https://bg.wikipedia.org/wiki/%D0%A1%D0%BE%D1%86%D0%B8%D0%B0%D0%BB%D0%B4%D0%B5%D0%BC%D0%BE%D0%BA%D1%80%D0%B0%D1%82%D0%B8%D1%87%D0%B5%D1%81%D0%BA%D0%B0_%D0%BF%D0%B0%D1%80%D1%82%D0%B8%D1%8F_(%D0%9F%D0%BE%D1%80%D1%82%D1%83%D0%B3%D0%B0%D0%BB%D0%B8%D1%8F)","*":"\u0421\u043e\u0446\u0438\u0430\u043b\u0434\u0435\u043c\u043e\u043a\u0440\u0430\u0442\u0438\u0447\u0435\u0441\u043a\u0430 \u043f\u0430\u0440\u0442\u0438\u044f (\u041f\u043e\u0440\u0442\u0443\u0433\u0430\u043b\u0438\u044f)"},{"lang":"ca","url":"https://ca.wikipedia.org/wiki/Partit_Socialdem%C3%B2crata_(Portugal)","*":"Partit Socialdem\u00f2crata (Portugal)"},{"lang":"cs","url":"https://cs.wikipedia.org/wiki/Soci%C3%A1ln%C4%9B_demokratick%C3%A1_strana_(Portugalsko)","*":"Soci\u00e1ln\u011b demokratick\u00e1 strana (Portugalsko)"},{"lang":"da","url":"https://da.wikipedia.org/wiki/Portugals_Socialdemokratiske_Parti","*":"Portugals Socialdemokratiske Parti"},{"lang":"de","url":"https://de.wikipedia.org/wiki/Partido_Social_Democrata","*":"Partido Social Democrata"},{"lang":"el","url":"https://el.wikipedia.org/wiki/%CE%A3%CE%BF%CF%83%CE%B9%CE%B1%CE%BB%CE%B4%CE%B7%CE%BC%CE%BF%CE%BA%CF%81%CE%B1%CF%84%CE%B9%CE%BA%CF%8C_%CE%9A%CF%8C%CE%BC%CE%BC%CE%B1_(%CE%A0%CE%BF%CF%81%CF%84%CE%BF%CE%B3%CE%B1%CE%BB%CE%AF%CE%B1)","*":"\u03a3\u03bf\u03c3\u03b9\u03b1\u03bb\u03b4\u03b7\u03bc\u03bf\u03ba\u03c1\u03b1\u03c4\u03b9\u03ba\u03cc \u039a\u03cc\u03bc\u03bc\u03b1 (\u03a0\u03bf\u03c1\u03c4\u03bf\u03b3\u03b1\u03bb\u03af\u03b1)"},{"lang":"eo","url":"https://eo.wikipedia.org/wiki/Socialdemokrata_Partio_(Portugalio)","*":"Socialdemokrata Partio (Portugalio)"},{"lang":"es","url":"https://es.wikipedia.org/wiki/Partido_Social_Dem%C3%B3crata_(Portugal)","*":"Partido Social Dem\u00f3crata (Portugal)"},{"lang":"eu","url":"https://eu.wikipedia.org/wiki/Alderdi_Sozialdemokrata_(Portugal)","*":"Alderdi Sozialdemokrata (Portugal)"},{"lang":"fi","url":"https://fi.wikipedia.org/wiki/Sosiaalidemokraattinen_puolue_(Portugali)","*":"Sosiaalidemokraattinen puolue (Portugali)"},{"lang":"fr","url":"https://fr.wikipedia.org/wiki/Parti_social-d%C3%A9mocrate_(Portugal)","*":"Parti social-d\u00e9mocrate (Portugal)"},{"lang":"he","url":"https://he.wikipedia.org/wiki/%D7%94%D7%9E%D7%A4%D7%9C%D7%92%D7%94_%D7%94%D7%A1%D7%95%D7%A6%D7%99%D7%90%D7%9C-%D7%93%D7%9E%D7%95%D7%A7%D7%A8%D7%98%D7%99%D7%AA_(%D7%A4%D7%95%D7%A8%D7%98%D7%95%D7%92%D7%9C)","*":"\u05d4\u05de\u05e4\u05dc\u05d2\u05d4 \u05d4\u05e1\u05d5\u05e6\u05d9\u05d0\u05dc-\u05d3\u05de\u05d5\u05e7\u05e8\u05d8\u05d9\u05ea (\u05e4\u05d5\u05e8\u05d8\u05d5\u05d2\u05dc)"},{"lang":"hu","url":"https://hu.wikipedia.org/wiki/Szoci%C3%A1ldemokrata_P%C3%A1rt_(Portug%C3%A1lia)","*":"Szoci\u00e1ldemokrata P\u00e1rt (Portug\u00e1lia)"},{"lang":"id","url":"https://id.wikipedia.org/wiki/Partai_Demokrat_Sosial_(Portugal)","*":"Partai Demokrat Sosial (Portugal)"},{"lang":"it","url":"https://it.wikipedia.org/wiki/Partito_Social_Democratico_(Portogallo)","*":"Partito Social Democratico (Portogallo)"},{"lang":"ja","url":"https://ja.wikipedia.org/wiki/%E7%A4%BE%E4%BC%9A%E6%B0%91%E4%B8%BB%E5%85%9A_(%E3%83%9D%E3%83%AB%E3%83%88%E3%82%AC%E3%83%AB)","*":"\u793e\u4f1a\u6c11\u4e3b\u515a (\u30dd\u30eb\u30c8\u30ac\u30eb)"},{"lang":"ka","url":"https://ka.wikipedia.org/wiki/%E1%83%9E%E1%83%9D%E1%83%A0%E1%83%A2%E1%83%A3%E1%83%92%E1%83%90%E1%83%9A%E1%83%98%E1%83%98%E1%83%A1_%E1%83%A1%E1%83%9D%E1%83%AA%E1%83%98%E1%83%90%E1%83%9A-%E1%83%93%E1%83%94%E1%83%9B%E1%83%9D%E1%83%99%E1%83%A0%E1%83%90%E1%83%A2%E1%83%98%E1%83%A3%E1%83%9A%E1%83%98_%E1%83%9E%E1%83%90%E1%83%A0%E1%83%A2%E1%83%98%E1%83%90","*":"\u10de\u10dd\u10e0\u10e2\u10e3\u10d2\u10d0\u10da\u10d8\u10d8\u10e1 \u10e1\u10dd\u10ea\u10d8\u10d0\u10da-\u10d3\u10d4\u10db\u10dd\u10d9\u10e0\u10d0\u10e2\u10d8\u10e3\u10da\u10d8 \u10de\u10d0\u10e0\u10e2\u10d8\u10d0"},{"lang":"ko","url":"https://ko.wikipedia.org/wiki/%EC%82%AC%ED%9A%8C%EB%AF%BC%EC%A3%BC%EB%8B%B9_(%ED%8F%AC%EB%A5%B4%ED%88%AC%EA%B0%88)","*":"\uc0ac\ud68c\ubbfc\uc8fc\ub2f9 (\ud3ec\ub974\ud22c\uac08)"},{"lang":"nl","url":"https://nl.wikipedia.org/wiki/Partido_Social_Democrata_(Portugal)","*":"Partido Social Democrata (Portugal)"},{"lang":"nb","url":"https://no.wikipedia.org/wiki/Partido_Social_Democrata","*":"Partido Social Democrata"},{"lang":"pl","url":"https://pl.wikipedia.org/wiki/Partia_Socjaldemokratyczna_(Portugalia)","*":"Partia Socjaldemokratyczna (Portugalia)"},{"lang":"pt","url":"https://pt.wikipedia.org/wiki/Partido_Social_Democrata_(Portugal)","*":"Partido Social Democrata (Portugal)"},{"lang":"ru","url":"https://ru.wikipedia.org/wiki/%D0%A1%D0%BE%D1%86%D0%B8%D0%B0%D0%BB-%D0%B4%D0%B5%D0%BC%D0%BE%D0%BA%D1%80%D0%B0%D1%82%D0%B8%D1%87%D0%B5%D1%81%D0%BA%D0%B0%D1%8F_%D0%BF%D0%B0%D1%80%D1%82%D0%B8%D1%8F_(%D0%9F%D0%BE%D1%80%D1%82%D1%83%D0%B3%D0%B0%D0%BB%D0%B8%D1%8F)","*":"\u0421\u043e\u0446\u0438\u0430\u043b-\u0434\u0435\u043c\u043e\u043a\u0440\u0430\u0442\u0438\u0447\u0435\u0441\u043a\u0430\u044f \u043f\u0430\u0440\u0442\u0438\u044f (\u041f\u043e\u0440\u0442\u0443\u0433\u0430\u043b\u0438\u044f)"},{"lang":"sh","url":"https://sh.wikipedia.org/wiki/Socijaldemokratska_partija_(Portugal)","*":"Socijaldemokratska partija (Portugal)"},{"lang":"sr","url":"https://sr.wikipedia.org/wiki/%D0%A1%D0%BE%D1%86%D0%B8%D1%98%D0%B0%D0%BB%D0%B4%D0%B5%D0%BC%D0%BE%D0%BA%D1%80%D0%B0%D1%82%D1%81%D0%BA%D0%B0_%D0%BF%D0%B0%D1%80%D1%82%D0%B8%D1%98%D0%B0_(%D0%9F%D0%BE%D1%80%D1%82%D1%83%D0%B3%D0%B0%D0%BB%D0%B8%D1%98%D0%B0)","*":"\u0421\u043e\u0446\u0438\u0458\u0430\u043b\u0434\u0435\u043c\u043e\u043a\u0440\u0430\u0442\u0441\u043a\u0430 \u043f\u0430\u0440\u0442\u0438\u0458\u0430 (\u041f\u043e\u0440\u0442\u0443\u0433\u0430\u043b\u0438\u0458\u0430)"},{"lang":"sv","url":"https://sv.wikipedia.org/wiki/Partido_Social_Democrata_(Portugal)","*":"Partido Social Democrata (Portugal)"},{"lang":"tr","url":"https://tr.wikipedia.org/wiki/Sosyal_Demokrat_Parti_(Portekiz)","*":"Sosyal Demokrat Parti (Portekiz)"},{"lang":"uk","url":"https://uk.wikipedia.org/wiki/%D0%A1%D0%BE%D1%86%D1%96%D0%B0%D0%BB-%D0%B4%D0%B5%D0%BC%D0%BE%D0%BA%D1%80%D0%B0%D1%82%D0%B8%D1%87%D0%BD%D0%B0_%D0%BF%D0%B0%D1%80%D1%82%D1%96%D1%8F_(%D0%9F%D0%BE%D1%80%D1%82%D1%83%D0%B3%D0%B0%D0%BB%D1%96%D1%8F)","*":"\u0421\u043e\u0446\u0456\u0430\u043b-\u0434\u0435\u043c\u043e\u043a\u0440\u0430\u0442\u0438\u0447\u043d\u0430 \u043f\u0430\u0440\u0442\u0456\u044f (\u041f\u043e\u0440\u0442\u0443\u0433\u0430\u043b\u0456\u044f)"},{"lang":"zh","url":"https://zh.wikipedia.org/wiki/%E7%A4%BE%E6%9C%83%E6%B0%91%E4%B8%BB%E9%BB%A8_(%E8%91%A1%E8%90%84%E7%89%99)","*":"\u793e\u6703\u6c11\u4e3b\u9ee8 (\u8461\u8404\u7259)"}]}}}}