{"batchcomplete":"","query":{"normalized":[{"from":"Socialist_Party_(Netherlands)","to":"Socialist Party (Netherlands)"}],"pages":{"356567":{"pageid":356567,"ns":0,"title":"Socialist Party (Netherlands)","langlinks":[{"lang":"af","url":"https://af.wikipedia.org/wiki/Sosialistiese_Party_(Nederland)","*":"Sosialistiese Party (Nederland)"},{"lang":"ar","url":"https://ar.wikipedia.org/wiki/%D8%A7%D9%84%D8%AD%D8%B2%D8%A8_%D8%A7%D9%84%D8%A7%D8%B4%D8%AA%D8%B1%D8%A7%D9%83%D9%8A_(%D9%87%D9%88%D9%84%D9%86%D8%AF%D8%A7)","*":"\u0627\u0644\u062d\u0632\u0628 \u0627\u0644\u0627\u0634\u062a\u0631\u0627\u0643\u064a (\u0647\u0648\u0644\u0646\u062f\u0627)"},{"lang":"be","url":"https://be.wikipedia.org/wiki/%D0%A1%D0%B0%D1%86%D1%8B%D1%8F%D0%BB%D1%96%D1%81%D1%82%D1%8B%D1%87%D0%BD%D0%B0%D1%8F_%D0%BF%D0%B0%D1%80%D1%82%D1%8B%D1%8F_(%D0%9D%D1%96%D0%B4%D1%8D%D1%80%D0%BB%D0%B0%D0%BD%D0%B4%D1%8B)","*":"\u0421\u0430\u0446\u044b\u044f\u043b\u0456\u0441\u0442\u044b\u0447\u043d\u0430\u044f \u043f\u0430\u0440\u0442\u044b\u044f (\u041d\u0456\u0434\u044d\u0440\u043b\u0430\u043d\u0434\u044b)"},{"lang":"ca","url":"https://ca.wikipedia.org/wiki/Partit_Socialista_(Pa%C3%AFsos_Baixos)","*":"Partit Socialista (Pa\u00efsos Baixos)"},{"lang":"cs","url":"https://cs.wikipedia.org/wiki/Socialistick%C3%A1_strana_(Nizozemsko)","*":"Socialistick\u00e1 strana (Nizozemsko)"},{"lang":"da","url":"https://da.wikipedia.org/wiki/Socialistische_Partij","*":"Socialistische Partij"},{"lang":"de","url":"https://de.wikipedia.org/wiki/Socialistische_Partij","*":"Socialistische Partij"},{"lang":"el","url":"https://el.wikipedia.org/wiki/%CE%A3%CE%BF%CF%83%CE%B9%CE%B1%CE%BB%CE%B9%CF%83%CF%84%CE%B9%CE%BA%CF%8C_%CE%9A%CF%8C%CE%BC%CE%BC%CE%B1_(%CE%9F%CE%BB%CE%BB%CE%B1%CE%BD%CE%B4%CE%AF%CE%B1)","*":"\u03a3\u03bf\u03c3\u03b9\u03b1\u03bb\u03b9\u03c3\u03c4\u03b9\u03ba\u03cc \u039a\u03cc\u03bc\u03bc\u03b1 (\u039f\u03bb\u03bb\u03b1\u03bd\u03b4\u03af\u03b1)"},{"lang":"eo","url":"https://eo.wikipedia.org/wiki/Socialista_Partio_(Nederlando)","*":"Socialista Partio (Nederlando)"},{"lang":"es","url":"https://es.wikipedia.org/wiki/Partido_Socialista_(Pa%C3%ADses_Bajos)","*":"Partido Socialista (Pa\u00edses Bajos)"},{"lang":"et","url":"https://et.wikipedia.org/wiki/Sotsialistlik_Partei_(Holland)","*":"Sotsialistlik Partei (Holland)"},{"lang":"fi","url":"https://fi.wikipedia.org/wiki/Sosialistinen_puolue_(Alankomaat)","*":"Sosialistinen puolue (Alankomaat)"},{"lang":"fo","url":"https://fo.wikipedia.org/wiki/Socialistische_Partij","*":"Socialistische Partij"},{"lang":"fr","url":"https://fr.wikipedia.org/wiki/Parti_socialiste_(Pays-Bas)","*":"Parti socialiste (Pays-Bas)"},{"lang":"fy","url":"https://fy.wikipedia.org/wiki/Sosjalistyske_Partij_(Nederl%C3%A2n)","*":"Sosjalistyske Partij (Nederl\u00e2n)"},{"lang":"hu","url":"https://hu.wikipedia.org/wiki/Szocialista_P%C3%A1rt_(Hollandia)","*":"Szocialista P\u00e1rt (Hollandia)"},{"lang":"id","url":"https://id.wikipedia.org/wiki/Partai_Sosialis_(Belanda)","*":"Partai Sosialis (Belanda)"},{"lang":"it","url":"https://it.wikipedia.org/wiki/Partito_Socialista_(Paesi_Bassi)","*":"Partito Socialista (Paesi Bassi)"},{"lang":"ja","url":"https://ja.wikipedia.org/wiki/%E7%A4%BE%E4%BC%9A%E5%85%9A_(%E3%82%AA%E3%83%A9%E3%83%B3%E3%83%80)","*":"\u793e\u4f1a\u515a (\u30aa\u30e9\u30f3\u30c0)"},{"lang":"ko","url":"https://ko.wikipedia.org/wiki/%EC%82%AC%ED%9A%8C%EB%8B%B9_(%EB%84%A4%EB%8D%9C%EB%9E%80%EB%93%9C)","*":"\uc0ac\ud68c\ub2f9 (\ub124\ub35c\ub780\ub4dc)"},{"lang":"ku","url":"https://ku.wikipedia.org/wiki/Partiya_Sosyal%C3%AEst_a_Holenday%C3%AA","*":"Partiya Sosyal\u00eest a Holenday\u00ea"},{"lang":"li","url":"https://li.wikipedia.org/wiki/SP","*":"SP"},{"lang":"nds-nl","url":"https://nds-nl.wikipedia.org/wiki/Socialistische_Partij","*":"Socialistische Partij"},{"lang":"nl","url":"https://nl.wikipedia.org/wiki/Socialistische_Partij_(Nederland)","*":"Socialistische Partij (Nederland)"},{"lang":"nn","url":"https://nn.wikipedia.org/wiki/Sosialistpartiet_i_Nederland","*":"Sosialistpartiet i Nederland"},{"lang":"nb","url":"https://no.wikipedia.org/wiki/Socialistische_Partij","*":"Socialistische Partij"},{"lang":"pl","url":"https://pl.wikipedia.org/wiki/Partia_Socjalistyczna_(Holandia)","*":"Partia Socjalistyczna (Holandia)"},{"lang":"pt","url":"https://pt.wikipedia.org/wiki/Partido_Socialista_(Pa%C3%ADses_Baixos)","*":"Partido Socialista (Pa\u00edses Baixos)"},{"lang":"ro","url":"https://ro.wikipedia.org/wiki/Partidul_Socialist_din_%C8%9A%C4%83rile_de_Jos","*":"Partidul Socialist din \u021a\u0103rile de Jos"},{"lang":"ru","url":"https://ru.wikipedia.org/wiki/%D0%A1%D0%BE%D1%86%D0%B8%D0%B0%D0%BB%D0%B8%D1%81%D1%82%D0%B8%D1%87%D0%B5%D1%81%D0%BA%D0%B0%D1%8F_%D0%BF%D0%B0%D1%80%D1%82%D0%B8%D1%8F_(%D0%9D%D0%B8%D0%B4%D0%B5%D1%80%D0%BB%D0%B0%D0%BD%D0%B4%D1%8B)","*":"\u0421\u043e\u0446\u0438\u0430\u043b\u0438\u0441\u0442\u0438\u0447\u0435\u0441\u043a\u0430\u044f \u043f\u0430\u0440\u0442\u0438\u044f (\u041d\u0438\u0434\u0435\u0440\u043b\u0430\u043d\u0434\u044b)"},{"lang":"sh","url":"https://sh.wikipedia.org/wiki/Socijalisti%C4%8Dka_partija_(Nizozemska)","*":"Socijalisti\u010dka partija (Nizozemska)"},{"lang":"simple","url":"https://simple.wikipedia.org/wiki/Socialist_Party_(Netherlands)","*":"Socialist Party (Netherlands)"},{"lang":"sv","url":"https://sv.wikipedia.org/wiki/Socialistiska_partiet_(Nederl%C3%A4nderna)","*":"Socialistiska partiet (Nederl\u00e4nderna)"},{"lang":"th","url":"https://th.wikipedia.org/wiki/%E0%B8%9E%E0%B8%A3%E0%B8%A3%E0%B8%84%E0%B8%AA%E0%B8%B1%E0%B8%87%E0%B8%84%E0%B8%A1%E0%B8%99%E0%B8%B4%E0%B8%A2%E0%B8%A1_(%E0%B9%80%E0%B8%99%E0%B9%80%E0%B8%98%E0%B8%AD%E0%B8%A3%E0%B9%8C%E0%B9%81%E0%B8%A5%E0%B8%99%E0%B8%94%E0%B9%8C)","*":"\u0e1e\u0e23\u0e23\u0e04\u0e2a\u0e31\u0e07\u0e04\u0e21\u0e19\u0e34\u0e22\u0e21 (\u0e40\u0e19\u0e40\u0e18\u0e2d\u0e23\u0e4c\u0e41\u0e25\u0e19\u0e14\u0e4c)"},{"lang":"tr","url":"https://tr.wikipedia.org/wiki/Sosyalist_Parti_(Hollanda)","*":"Sosyalist Parti (Hollanda)"},{"lang":"uk","url":"https://uk.wikipedia.org/wiki/%D0%A1%D0%BE%D1%86%D1%96%D0%B0%D0%BB%D1%96%D1%81%D1%82%D0%B8%D1%87%D0%BD%D0%B0_%D0%BF%D0%B0%D1%80%D1%82%D1%96%D1%8F_(%D0%9D%D1%96%D0%B4%D0%B5%D1%80%D0%BB%D0%B0%D0%BD%D0%B4%D0%B8)","*":"\u0421\u043e\u0446\u0456\u0430\u043b\u0456\u0441\u0442\u0438\u0447\u043d\u0430 \u043f\u0430\u0440\u0442\u0456\u044f (\u041d\u0456\u0434\u0435\u0440\u043b\u0430\u043d\u0434\u0438)"},{"lang":"zea","url":"https://zea.wikipedia.org/wiki/Sociaolistische_Partij_(Nederland)","*":"Sociaolistische Partij (Nederland)"},{"lang":"zh","url":"https://zh.wikipedia.org/wiki/%E7%A4%BE%E6%9C%83%E9%BB%A8_(%E8%8D%B7%E8%98%AD)","*":"\u793e\u6703\u9ee8 (\u8377\u862d)"}]}}}}