{"batchcomplete":"","query":{"normalized":[{"from":"Socialist_Party_(Argentina)","to":"Socialist Party (Argentina)"}],"pages":{"1390488":{"pageid":1390488,"ns":0,"title":"Socialist Party (Argentina)","langlinks":[{"lang":"be","url":"https://be.wikipedia.org/wiki/%D0%A1%D0%B0%D1%86%D1%8B%D1%8F%D0%BB%D1%96%D1%81%D1%82%D1%8B%D1%87%D0%BD%D0%B0%D1%8F_%D0%BF%D0%B0%D1%80%D1%82%D1%8B%D1%8F_(%D0%90%D1%80%D0%B3%D0%B5%D0%BD%D1%86%D1%96%D0%BD%D0%B0)","*":"\u0421\u0430\u0446\u044b\u044f\u043b\u0456\u0441\u0442\u044b\u0447\u043d\u0430\u044f \u043f\u0430\u0440\u0442\u044b\u044f (\u0410\u0440\u0433\u0435\u043d\u0446\u0456\u043d\u0430)"},{"lang":"ca","url":"https://ca.wikipedia.org/wiki/Partit_Socialista_(Argentina)","*":"Partit Socialista (Argentina)"},{"lang":"de","url":"https://de.wikipedia.org/wiki/Partido_Socialista_(Argentinien)","*":"Partido Socialista (Argentinien)"},{"lang":"eo","url":"https://eo.wikipedia.org/wiki/Socialista_Partio_(Argentino)","*":"Socialista Partio (Argentino)"},{"lang":"es","url":"https://es.wikipedia.org/wiki/Partido_Socialista_(Argentina)","*":"Partido Socialista (Argentina)"},{"lang":"fa","url":"https://fa.wikipedia.org/wiki/%D8%AD%D8%B2%D8%A8_%D8%B3%D9%88%D8%B3%DB%8C%D8%A7%D9%84%DB%8C%D8%B3%D8%AA_(%D8%A2%D8%B1%DA%98%D8%A7%D9%86%D8%AA%DB%8C%D9%86)","*":"\u062d\u0632\u0628 \u0633\u0648\u0633\u06cc\u0627\u0644\u06cc\u0633\u062a (\u0622\u0631\u0698\u0627\u0646\u062a\u06cc\u0646)"},{"lang":"fr","url":"https://fr.wikipedia.org/wiki/Parti_socialiste_(Argentine)","*":"Parti socialiste (Argentine)"},{"lang":"it","url":"https://it.wikipedia.org/wiki/Partito_Socialista_(Argentina)","*":"Partito Socialista (Argentina)"},{"lang":"ja","url":"https://ja.wikipedia.org/wiki/%E7%A4%BE%E4%BC%9A%E5%85%9A_(%E3%82%A2%E3%83%AB%E3%82%BC%E3%83%B3%E3%83%81%E3%83%B3)","*":"\u793e\u4f1a\u515a (\u30a2\u30eb\u30bc\u30f3\u30c1\u30f3)"},{"lang":"ko","url":"https://ko.wikipedia.org/wiki/%EC%82%AC%ED%9A%8C%EB%8B%B9_(%EC%95%84%EB%A5%B4%ED%97%A8%ED%8B%B0%EB%82%98)","*":"\uc0ac\ud68c\ub2f9 (\uc544\ub974\ud5e8\ud2f0\ub098)"},{"lang":"lt","url":"https://lt.wikipedia.org/wiki/Argentinos_socialist%C5%B3_partija","*":"Argentinos socialist\u0173 partija"},{"lang":"nb","url":"https://no.wikipedia.org/wiki/Partido_Socialista_(Argentina)","*":"Partido Socialista (Argentina)"},{"lang":"pl","url":"https://pl.wikipedia.org/wiki/Partia_Socjalistyczna_(Argentyna)","*":"Partia Socjalistyczna (Argentyna)"},{"lang":"pt","url":"https://pt.wikipedia.org/wiki/Partido_Socialista_(Argentina)","*":"Partido Socialista (Argentina)"},{"lang":"ru","url":"https://ru.wikipedia.org/wiki/%D0%A1%D0%BE%D1%86%D0%B8%D0%B0%D0%BB%D0%B8%D1%81%D1%82%D0%B8%D1%87%D0%B5%D1%81%D0%BA%D0%B0%D1%8F_%D0%BF%D0%B0%D1%80%D1%82%D0%B8%D1%8F_(%D0%90%D1%80%D0%B3%D0%B5%D0%BD%D1%82%D0%B8%D0%BD%D0%B0)","*":"\u0421\u043e\u0446\u0438\u0430\u043b\u0438\u0441\u0442\u0438\u0447\u0435\u0441\u043a\u0430\u044f \u043f\u0430\u0440\u0442\u0438\u044f (\u0410\u0440\u0433\u0435\u043d\u0442\u0438\u043d\u0430)"},{"lang":"tr","url":"https://tr.wikipedia.org/wiki/Sosyalist_Parti_(Arjantin)","*":"Sosyalist Parti (Arjantin)"},{"lang":"zh","url":"https://zh.wikipedia.org/wiki/%E7%A4%BE%E4%BC%9A%E5%85%9A_(%E9%98%BF%E6%A0%B9%E5%BB%B7)","*":"\u793e\u4f1a\u515a (\u963f\u6839\u5ef7)"}]}}}}