{"batchcomplete":"","query":{"normalized":[{"from":"Free_Forum","to":"Free Forum"}],"pages":{"13990595":{"pageid":13990595,"ns":0,"title":"Free Forum","langlinks":[{"lang":"ca","url":"https://ca.wikipedia.org/wiki/F%C3%B2rum_Lliure","*":"F\u00f2rum Lliure"},{"lang":"fr","url":"https://fr.wikipedia.org/wiki/Forum_libre","*":"Forum libre"},{"lang":"pl","url":"https://pl.wikipedia.org/wiki/Wolne_Forum","*":"Wolne Forum"},{"lang":"sk","url":"https://sk.wikipedia.org/wiki/Rob%C3%ADme_to_pre_deti_%E2%80%93_SF","*":"Rob\u00edme to pre deti \u2013 SF"}]}}}}