{"batchcomplete":"","query":{"normalized":[{"from":"Democratic_Movement_for_Change","to":"Democratic Movement for Change"}],"pages":{"3815302":{"pageid":3815302,"ns":0,"title":"Democratic Movement for Change","langlinks":[{"lang":"ca","url":"https://ca.wikipedia.org/wiki/Moviment_Democr%C3%A0tic_pel_Canvi","*":"Moviment Democr\u00e0tic pel Canvi"},{"lang":"cs","url":"https://cs.wikipedia.org/wiki/Demokratick%C3%A9_hnut%C3%AD_za_zm%C4%9Bnu","*":"Demokratick\u00e9 hnut\u00ed za zm\u011bnu"},{"lang":"de","url":"https://de.wikipedia.org/wiki/Tnu%E2%80%99a_Demokratit_LeSchinui","*":"Tnu\u2019a Demokratit LeSchinui"},{"lang":"fr","url":"https://fr.wikipedia.org/wiki/Mouvement_d%C3%A9mocratique_pour_le_changement_(Isra%C3%ABl)","*":"Mouvement d\u00e9mocratique pour le changement (Isra\u00ebl)"},{"lang":"he","url":"https://he.wikipedia.org/wiki/%D7%94%D7%AA%D7%A0%D7%95%D7%A2%D7%94_%D7%94%D7%93%D7%9E%D7%95%D7%A7%D7%A8%D7%98%D7%99%D7%AA_%D7%9C%D7%A9%D7%99%D7%A0%D7%95%D7%99","*":"\u05d4\u05ea\u05e0\u05d5\u05e2\u05d4 \u05d4\u05d3\u05de\u05d5\u05e7\u05e8\u05d8\u05d9\u05ea \u05dc\u05e9\u05d9\u05e0\u05d5\u05d9"},{"lang":"it","url":"https://it.wikipedia.org/wiki/Movimento_Democratico_per_il_Cambiamento","*":"Movimento Democratico per il Cambiamento"},{"lang":"ru","url":"https://ru.wikipedia.org/wiki/%D0%94%D0%B5%D0%BC%D0%BE%D0%BA%D1%80%D0%B0%D1%82%D0%B8%D1%87%D0%B5%D1%81%D0%BA%D0%BE%D0%B5_%D0%B4%D0%B2%D0%B8%D0%B6%D0%B5%D0%BD%D0%B8%D0%B5_%D0%B7%D0%B0_%D0%BF%D0%B5%D1%80%D0%B5%D0%BC%D0%B5%D0%BD%D1%8B","*":"\u0414\u0435\u043c\u043e\u043a\u0440\u0430\u0442\u0438\u0447\u0435\u0441\u043a\u043e\u0435 \u0434\u0432\u0438\u0436\u0435\u043d\u0438\u0435 \u0437\u0430 \u043f\u0435\u0440\u0435\u043c\u0435\u043d\u044b"}]}}}}