{"batchcomplete":"","query":{"normalized":[{"from":"Gr\u00fctli_Union","to":"Gr\u00fctli Union"}],"pages":{"47719542":{"pageid":47719542,"ns":0,"title":"Gr\u00fctli Union","langlinks":[{"lang":"als","url":"https://als.wikipedia.org/wiki/Gr%C3%BCtliverein","*":"Gr\u00fctliverein"},{"lang":"de","url":"https://de.wikipedia.org/wiki/Gr%C3%BCtliverein","*":"Gr\u00fctliverein"},{"lang":"fr","url":"https://fr.wikipedia.org/wiki/Soci%C3%A9t%C3%A9_du_Gr%C3%BCtli","*":"Soci\u00e9t\u00e9 du Gr\u00fctli"},{"lang":"ru","url":"https://ru.wikipedia.org/wiki/%D0%A1%D0%BE%D1%8E%D0%B7_%D0%93%D1%80%D1%8E%D1%82%D0%BB%D0%B8","*":"\u0421\u043e\u044e\u0437 \u0413\u0440\u044e\u0442\u043b\u0438"}]}}}}