{"batchcomplete":"","query":{"normalized":[{"from":"Freedom_and_Solidarity","to":"Freedom and Solidarity"}],"pages":{"23254675":{"pageid":23254675,"ns":0,"title":"Freedom and Solidarity","langlinks":[{"lang":"be","url":"https://be.wikipedia.org/wiki/%D0%A1%D0%B2%D0%B0%D0%B1%D0%BE%D0%B4%D0%B0_%D1%96_%D1%81%D0%B0%D0%BB%D1%96%D0%B4%D0%B0%D1%80%D0%BD%D0%B0%D1%81%D1%86%D1%8C_(%D0%A1%D0%BB%D0%B0%D0%B2%D0%B0%D0%BA%D1%96%D1%8F)","*":"\u0421\u0432\u0430\u0431\u043e\u0434\u0430 \u0456 \u0441\u0430\u043b\u0456\u0434\u0430\u0440\u043d\u0430\u0441\u0446\u044c (\u0421\u043b\u0430\u0432\u0430\u043a\u0456\u044f)"},{"lang":"be-x-old","url":"https://be-tarask.wikipedia.org/wiki/%D0%A1%D0%B2%D0%B0%D0%B1%D0%BE%D0%B4%D0%B0_%D1%96_%D1%81%D0%B0%D0%BB%D1%96%D0%B4%D0%B0%D1%80%D0%BD%D0%B0%D1%81%D1%8C%D1%86%D1%8C","*":"\u0421\u0432\u0430\u0431\u043e\u0434\u0430 \u0456 \u0441\u0430\u043b\u0456\u0434\u0430\u0440\u043d\u0430\u0441\u044c\u0446\u044c"},{"lang":"bg","url":"https://bg.wikipedia.org/wiki/%D0%A1%D0%B2%D0%BE%D0%B1%D0%BE%D0%B4%D0%B0_%D0%B8_%D1%81%D0%BE%D0%BB%D0%B8%D0%B4%D0%B0%D1%80%D0%BD%D0%BE%D1%81%D1%82","*":"\u0421\u0432\u043e\u0431\u043e\u0434\u0430 \u0438 \u0441\u043e\u043b\u0438\u0434\u0430\u0440\u043d\u043e\u0441\u0442"},{"lang":"ca","url":"https://ca.wikipedia.org/wiki/Llibertat_i_Solidaritat","*":"Llibertat i Solidaritat"},{"lang":"cs","url":"https://cs.wikipedia.org/wiki/Sloboda_a_Solidarita","*":"Sloboda a Solidarita"},{"lang":"de","url":"https://de.wikipedia.org/wiki/Sloboda_a_Solidarita","*":"Sloboda a Solidarita"},{"lang":"es","url":"https://es.wikipedia.org/wiki/Libertad_y_Solidaridad","*":"Libertad y Solidaridad"},{"lang":"fi","url":"https://fi.wikipedia.org/wiki/Vapaus_ja_solidaarisuus","*":"Vapaus ja solidaarisuus"},{"lang":"fr","url":"https://fr.wikipedia.org/wiki/Libert%C3%A9_et_solidarit%C3%A9","*":"Libert\u00e9 et solidarit\u00e9"},{"lang":"hu","url":"https://hu.wikipedia.org/wiki/Szabads%C3%A1g_%C3%A9s_Szolidarit%C3%A1s","*":"Szabads\u00e1g \u00e9s Szolidarit\u00e1s"},{"lang":"it","url":"https://it.wikipedia.org/wiki/Libert%C3%A0_e_Solidariet%C3%A0","*":"Libert\u00e0 e Solidariet\u00e0"},{"lang":"ko","url":"https://ko.wikipedia.org/wiki/%EC%9E%90%EC%9C%A0%EC%99%80_%EC%97%B0%EB%8C%80_(%EC%8A%AC%EB%A1%9C%EB%B0%94%ED%82%A4%EC%95%84)","*":"\uc790\uc720\uc640 \uc5f0\ub300 (\uc2ac\ub85c\ubc14\ud0a4\uc544)"},{"lang":"pl","url":"https://pl.wikipedia.org/wiki/Wolno%C5%9B%C4%87_i_Solidarno%C5%9B%C4%87","*":"Wolno\u015b\u0107 i Solidarno\u015b\u0107"},{"lang":"pt","url":"https://pt.wikipedia.org/wiki/Solidariedade_e_Liberdade_(Eslov%C3%A1quia)","*":"Solidariedade e Liberdade (Eslov\u00e1quia)"},{"lang":"ru","url":"https://ru.wikipedia.org/wiki/%D0%A1%D0%B2%D0%BE%D0%B1%D0%BE%D0%B4%D0%B0_%D0%B8_%D1%81%D0%BE%D0%BB%D0%B8%D0%B4%D0%B0%D1%80%D0%BD%D0%BE%D1%81%D1%82%D1%8C_(%D0%BF%D0%B0%D1%80%D1%82%D0%B8%D1%8F)","*":"\u0421\u0432\u043e\u0431\u043e\u0434\u0430 \u0438 \u0441\u043e\u043b\u0438\u0434\u0430\u0440\u043d\u043e\u0441\u0442\u044c (\u043f\u0430\u0440\u0442\u0438\u044f)"},{"lang":"sk","url":"https://sk.wikipedia.org/wiki/Sloboda_a_Solidarita","*":"Sloboda a Solidarita"},{"lang":"uk","url":"https://uk.wikipedia.org/wiki/%D0%A1%D0%B2%D0%BE%D0%B1%D0%BE%D0%B4%D0%B0_%D1%96_%D1%81%D0%BE%D0%BB%D1%96%D0%B4%D0%B0%D1%80%D0%BD%D1%96%D1%81%D1%82%D1%8C","*":"\u0421\u0432\u043e\u0431\u043e\u0434\u0430 \u0456 \u0441\u043e\u043b\u0456\u0434\u0430\u0440\u043d\u0456\u0441\u0442\u044c"},{"lang":"zh","url":"https://zh.wikipedia.org/wiki/%E8%87%AA%E7%94%B1%E5%92%8C%E5%9B%A2%E7%BB%93","*":"\u81ea\u7531\u548c\u56e2\u7ed3"}]}}}}