{"batchcomplete":"","query":{"normalized":[{"from":"Liberal_Democrats_(UK)","to":"Liberal Democrats (UK)"}],"pages":{"18933007":{"pageid":18933007,"ns":0,"title":"Liberal Democrats (UK)","langlinks":[{"lang":"af","url":"https://af.wikipedia.org/wiki/Liberaal-Demokrate","*":"Liberaal-Demokrate"},{"lang":"ar","url":"https://ar.wikipedia.org/wiki/%D8%A7%D9%84%D8%AF%D9%8A%D9%85%D9%82%D8%B1%D8%A7%D8%B7%D9%8A%D9%88%D9%86_%D8%A7%D9%84%D9%84%D9%8A%D8%A8%D8%B1%D8%A7%D9%84%D9%8A%D9%88%D9%86_(%D8%A7%D9%84%D9%85%D9%85%D9%84%D9%83%D8%A9_%D8%A7%D9%84%D9%85%D8%AA%D8%AD%D8%AF%D8%A9)","*":"\u0627\u0644\u062f\u064a\u0645\u0642\u0631\u0627\u0637\u064a\u0648\u0646 \u0627\u0644\u0644\u064a\u0628\u0631\u0627\u0644\u064a\u0648\u0646 (\u0627\u0644\u0645\u0645\u0644\u0643\u0629 \u0627\u0644\u0645\u062a\u062d\u062f\u0629)"},{"lang":"arz","url":"https://arz.wikipedia.org/wiki/%D8%A7%D9%84%D8%AF%D9%8A%D9%85%D9%88%D9%82%D8%B1%D8%A7%D8%B7%D9%8A%D9%8A%D9%86_%D8%A7%D9%84%D9%84%D9%8A%D8%A8%D8%B1%D8%A7%D9%84%D9%8A%D9%8A%D9%86","*":"\u0627\u0644\u062f\u064a\u0645\u0648\u0642\u0631\u0627\u0637\u064a\u064a\u0646 \u0627\u0644\u0644\u064a\u0628\u0631\u0627\u0644\u064a\u064a\u0646"},{"lang":"be","url":"https://be.wikipedia.org/wiki/%D0%9B%D1%96%D0%B1%D0%B5%D1%80%D0%B0%D0%BB%D1%8C%D0%BD%D1%8B%D1%8F_%D0%B4%D1%8D%D0%BC%D0%B0%D0%BA%D1%80%D0%B0%D1%82%D1%8B_(%D0%92%D1%8F%D0%BB%D1%96%D0%BA%D0%B0%D0%B1%D1%80%D1%8B%D1%82%D0%B0%D0%BD%D1%96%D1%8F)","*":"\u041b\u0456\u0431\u0435\u0440\u0430\u043b\u044c\u043d\u044b\u044f \u0434\u044d\u043c\u0430\u043a\u0440\u0430\u0442\u044b (\u0412\u044f\u043b\u0456\u043a\u0430\u0431\u0440\u044b\u0442\u0430\u043d\u0456\u044f)"},{"lang":"bg","url":"https://bg.wikipedia.org/wiki/%D0%9B%D0%B8%D0%B1%D0%B5%D1%80%D0%B0%D0%BB%D0%BD%D0%B8_%D0%B4%D0%B5%D0%BC%D0%BE%D0%BA%D1%80%D0%B0%D1%82%D0%B8","*":"\u041b\u0438\u0431\u0435\u0440\u0430\u043b\u043d\u0438 \u0434\u0435\u043c\u043e\u043a\u0440\u0430\u0442\u0438"},{"lang":"br","url":"https://br.wikipedia.org/wiki/Demokrated_Frankizour_(R.U.)","*":"Demokrated Frankizour (R.U.)"},{"lang":"bs","url":"https://bs.wikipedia.org/wiki/Liberalni_demokrati_(Ujedinjeno_Kraljevstvo)","*":"Liberalni demokrati (Ujedinjeno Kraljevstvo)"},{"lang":"ca","url":"https://ca.wikipedia.org/wiki/Liberal_Dem%C3%B2crates_(Regne_Unit)","*":"Liberal Dem\u00f2crates (Regne Unit)"},{"lang":"cs","url":"https://cs.wikipedia.org/wiki/Liber%C3%A1ln%C3%AD_demokrat%C3%A9","*":"Liber\u00e1ln\u00ed demokrat\u00e9"},{"lang":"cy","url":"https://cy.wikipedia.org/wiki/Y_Democratiaid_Rhyddfrydol_(DU)","*":"Y Democratiaid Rhyddfrydol (DU)"},{"lang":"da","url":"https://da.wikipedia.org/wiki/Liberaldemokraterne","*":"Liberaldemokraterne"},{"lang":"de","url":"https://de.wikipedia.org/wiki/Liberal_Democrats","*":"Liberal Democrats"},{"lang":"dsb","url":"https://dsb.wikipedia.org/wiki/Liberal_Democrats","*":"Liberal Democrats"},{"lang":"el","url":"https://el.wikipedia.org/wiki/%CE%A6%CE%B9%CE%BB%CE%B5%CE%BB%CE%B5%CF%8D%CE%B8%CE%B5%CF%81%CE%BF%CE%B9_%CE%94%CE%B7%CE%BC%CE%BF%CE%BA%CF%81%CE%AC%CF%84%CE%B5%CF%82","*":"\u03a6\u03b9\u03bb\u03b5\u03bb\u03b5\u03cd\u03b8\u03b5\u03c1\u03bf\u03b9 \u0394\u03b7\u03bc\u03bf\u03ba\u03c1\u03ac\u03c4\u03b5\u03c2"},{"lang":"eo","url":"https://eo.wikipedia.org/wiki/Liberal_Democrat_(brita_partio)","*":"Liberal Democrat (brita partio)"},{"lang":"es","url":"https://es.wikipedia.org/wiki/Liberal_Dem%C3%B3cratas_(Reino_Unido)","*":"Liberal Dem\u00f3cratas (Reino Unido)"},{"lang":"et","url":"https://et.wikipedia.org/wiki/Liberaaldemokraadid","*":"Liberaaldemokraadid"},{"lang":"eu","url":"https://eu.wikipedia.org/wiki/Erresuma_Batuko_Liberal_Demokratak","*":"Erresuma Batuko Liberal Demokratak"},{"lang":"fa","url":"https://fa.wikipedia.org/wiki/%D8%AD%D8%B2%D8%A8_%D9%84%DB%8C%D8%A8%D8%B1%D8%A7%D9%84_%D8%AF%D9%85%D9%88%DA%A9%D8%B1%D8%A7%D8%AA_(%D8%A8%D8%B1%DB%8C%D8%AA%D8%A7%D9%86%DB%8C%D8%A7)","*":"\u062d\u0632\u0628 \u0644\u06cc\u0628\u0631\u0627\u0644 \u062f\u0645\u0648\u06a9\u0631\u0627\u062a (\u0628\u0631\u06cc\u062a\u0627\u0646\u06cc\u0627)"},{"lang":"fi","url":"https://fi.wikipedia.org/wiki/Liberaalidemokraatit_(Yhdistynyt_kuningaskunta)","*":"Liberaalidemokraatit (Yhdistynyt kuningaskunta)"},{"lang":"fr","url":"https://fr.wikipedia.org/wiki/Lib%C3%A9raux-d%C3%A9mocrates_(Royaume-Uni)","*":"Lib\u00e9raux-d\u00e9mocrates (Royaume-Uni)"},{"lang":"ga","url":"https://ga.wikipedia.org/wiki/An_P%C3%A1irt%C3%AD_Daonlathach_Liobr%C3%A1lach","*":"An P\u00e1irt\u00ed Daonlathach Liobr\u00e1lach"},{"lang":"he","url":"https://he.wikipedia.org/wiki/%D7%94%D7%9E%D7%A4%D7%9C%D7%92%D7%94_%D7%94%D7%9C%D7%99%D7%91%D7%A8%D7%9C-%D7%93%D7%9E%D7%95%D7%A7%D7%A8%D7%98%D7%99%D7%AA_(%D7%94%D7%9E%D7%9E%D7%9C%D7%9B%D7%94_%D7%94%D7%9E%D7%90%D7%95%D7%97%D7%93%D7%AA)","*":"\u05d4\u05de\u05e4\u05dc\u05d2\u05d4 \u05d4\u05dc\u05d9\u05d1\u05e8\u05dc-\u05d3\u05de\u05d5\u05e7\u05e8\u05d8\u05d9\u05ea (\u05d4\u05de\u05de\u05dc\u05db\u05d4 \u05d4\u05de\u05d0\u05d5\u05d7\u05d3\u05ea)"},{"lang":"hsb","url":"https://hsb.wikipedia.org/wiki/Liberal_Democrats","*":"Liberal Democrats"},{"lang":"hu","url":"https://hu.wikipedia.org/wiki/Liber%C3%A1lis_Demokrat%C3%A1k","*":"Liber\u00e1lis Demokrat\u00e1k"},{"lang":"id","url":"https://id.wikipedia.org/wiki/Partai_Demokrat_Liberal_(Britania_Raya)","*":"Partai Demokrat Liberal (Britania Raya)"},{"lang":"is","url":"https://is.wikipedia.org/wiki/Frj%C3%A1lslyndir_dem%C3%B3kratar","*":"Frj\u00e1lslyndir dem\u00f3kratar"},{"lang":"it","url":"https://it.wikipedia.org/wiki/Liberal_Democratici_(Regno_Unito)","*":"Liberal Democratici (Regno Unito)"},{"lang":"ja","url":"https://ja.wikipedia.org/wiki/%E8%87%AA%E7%94%B1%E6%B0%91%E4%B8%BB%E5%85%9A_(%E3%82%A4%E3%82%AE%E3%83%AA%E3%82%B9)","*":"\u81ea\u7531\u6c11\u4e3b\u515a (\u30a4\u30ae\u30ea\u30b9)"},{"lang":"ko","url":"https://ko.wikipedia.org/wiki/%EC%9E%90%EC%9C%A0%EB%AF%BC%EC%A3%BC%EB%8B%B9_(%EC%98%81%EA%B5%AD)","*":"\uc790\uc720\ubbfc\uc8fc\ub2f9 (\uc601\uad6d)"},{"lang":"kw","url":"https://kw.wikipedia.org/wiki/Gweriniethoryon_Livrel","*":"Gweriniethoryon Livrel"},{"lang":"la","url":"https://la.wikipedia.org/wiki/Factio_liberalis_democratica_(Britanniarum_Regnum)","*":"Factio liberalis democratica (Britanniarum Regnum)"},{"lang":"lb","url":"https://lb.wikipedia.org/wiki/Liberal_Democrats_(Vereenegt_Kinnekr%C3%A4ich)","*":"Liberal Democrats (Vereenegt Kinnekr\u00e4ich)"},{"lang":"lv","url":"https://lv.wikipedia.org/wiki/Liber%C4%81lie_demokr%C4%81ti","*":"Liber\u0101lie demokr\u0101ti"},{"lang":"ms","url":"https://ms.wikipedia.org/wiki/Parti_Demokrat_Liberal_(United_Kingdom)","*":"Parti Demokrat Liberal (United Kingdom)"},{"lang":"nl","url":"https://nl.wikipedia.org/wiki/Liberal_Democrats","*":"Liberal Democrats"},{"lang":"nn","url":"https://nn.wikipedia.org/wiki/Liberal_Democrats","*":"Liberal Democrats"},{"lang":"nb","url":"https://no.wikipedia.org/wiki/Liberaldemokratene_(Storbritannia)","*":"Liberaldemokratene (Storbritannia)"},{"lang":"pl","url":"https://pl.wikipedia.org/wiki/Liberalni_Demokraci","*":"Liberalni Demokraci"},{"lang":"pnb","url":"https://pnb.wikipedia.org/wiki/%D9%84%D8%A8%D8%B1%D9%84_%DA%88%DB%8C%D9%85%D9%88%DA%A9%D8%B1%DB%8C%D9%B9%D8%B3_%D9%BE%D8%A7%D8%B1%D9%B9%DB%8C","*":"\u0644\u0628\u0631\u0644 \u0688\u06cc\u0645\u0648\u06a9\u0631\u06cc\u0679\u0633 \u067e\u0627\u0631\u0679\u06cc"},{"lang":"pt","url":"https://pt.wikipedia.org/wiki/Liberal_Democratas_(Reino_Unido)","*":"Liberal Democratas (Reino Unido)"},{"lang":"ro","url":"https://ro.wikipedia.org/wiki/Liberalii_Democra%C8%9Bi","*":"Liberalii Democra\u021bi"},{"lang":"ru","url":"https://ru.wikipedia.org/wiki/%D0%9B%D0%B8%D0%B1%D0%B5%D1%80%D0%B0%D0%BB%D1%8C%D0%BD%D1%8B%D0%B5_%D0%B4%D0%B5%D0%BC%D0%BE%D0%BA%D1%80%D0%B0%D1%82%D1%8B_(%D0%92%D0%B5%D0%BB%D0%B8%D0%BA%D0%BE%D0%B1%D1%80%D0%B8%D1%82%D0%B0%D0%BD%D0%B8%D1%8F)","*":"\u041b\u0438\u0431\u0435\u0440\u0430\u043b\u044c\u043d\u044b\u0435 \u0434\u0435\u043c\u043e\u043a\u0440\u0430\u0442\u044b (\u0412\u0435\u043b\u0438\u043a\u043e\u0431\u0440\u0438\u0442\u0430\u043d\u0438\u044f)"},{"lang":"sco","url":"https://sco.wikipedia.org/wiki/Leeberal_Democrats_(UK)","*":"Leeberal Democrats (UK)"},{"lang":"sh","url":"https://sh.wikipedia.org/wiki/Liberalni_demokrati_(UK)","*":"Liberalni demokrati (UK)"},{"lang":"simple","url":"https://simple.wikipedia.org/wiki/Liberal_Democrats_(UK)","*":"Liberal Democrats (UK)"},{"lang":"sk","url":"https://sk.wikipedia.org/wiki/Liber%C3%A1lni_demokrati","*":"Liber\u00e1lni demokrati"},{"lang":"sv","url":"https://sv.wikipedia.org/wiki/Liberaldemokraterna","*":"Liberaldemokraterna"},{"lang":"ta","url":"https://ta.wikipedia.org/wiki/%E0%AE%B2%E0%AE%BF%E0%AE%AA%E0%AE%B0%E0%AE%B2%E0%AF%8D_%E0%AE%9F%E0%AF%86%E0%AE%AE%E0%AE%95%E0%AF%8D%E0%AE%95%E0%AE%BF%E0%AE%B0%E0%AE%BE%E0%AE%9F%E0%AF%8D%E0%AE%9A%E0%AF%81","*":"\u0bb2\u0bbf\u0baa\u0bb0\u0bb2\u0bcd \u0b9f\u0bc6\u0bae\u0b95\u0bcd\u0b95\u0bbf\u0bb0\u0bbe\u0b9f\u0bcd\u0b9a\u0bc1"},{"lang":"th","url":"https://th.wikipedia.org/wiki/%E0%B8%9E%E0%B8%A3%E0%B8%A3%E0%B8%84%E0%B9%80%E0%B8%AA%E0%B8%A3%E0%B8%B5%E0%B8%9B%E0%B8%A3%E0%B8%B0%E0%B8%8A%E0%B8%B2%E0%B8%98%E0%B8%B4%E0%B8%9B%E0%B9%84%E0%B8%95%E0%B8%A2_(%E0%B8%AA%E0%B8%AB%E0%B8%A3%E0%B8%B2%E0%B8%8A%E0%B8%AD%E0%B8%B2%E0%B8%93%E0%B8%B2%E0%B8%88%E0%B8%B1%E0%B8%81%E0%B8%A3)","*":"\u0e1e\u0e23\u0e23\u0e04\u0e40\u0e2a\u0e23\u0e35\u0e1b\u0e23\u0e30\u0e0a\u0e32\u0e18\u0e34\u0e1b\u0e44\u0e15\u0e22 (\u0e2a\u0e2b\u0e23\u0e32\u0e0a\u0e2d\u0e32\u0e13\u0e32\u0e08\u0e31\u0e01\u0e23)"},{"lang":"tr","url":"https://tr.wikipedia.org/wiki/Liberal_Demokratlar_(Birle%C5%9Fik_Krall%C4%B1k)","*":"Liberal Demokratlar (Birle\u015fik Krall\u0131k)"},{"lang":"uk","url":"https://uk.wikipedia.org/wiki/%D0%9B%D1%96%D0%B1%D0%B5%D1%80%D0%B0%D0%BB%D1%8C%D0%BD%D1%96_%D0%B4%D0%B5%D0%BC%D0%BE%D0%BA%D1%80%D0%B0%D1%82%D0%B8_(%D0%92%D0%B5%D0%BB%D0%B8%D0%BA%D0%B0_%D0%91%D1%80%D0%B8%D1%82%D0%B0%D0%BD%D1%96%D1%8F)","*":"\u041b\u0456\u0431\u0435\u0440\u0430\u043b\u044c\u043d\u0456 \u0434\u0435\u043c\u043e\u043a\u0440\u0430\u0442\u0438 (\u0412\u0435\u043b\u0438\u043a\u0430 \u0411\u0440\u0438\u0442\u0430\u043d\u0456\u044f)"},{"lang":"ur","url":"https://ur.wikipedia.org/wiki/%D9%84%D8%A8%D8%B1%D9%84_%DA%88%DB%8C%D9%85%D9%88%DA%A9%D8%B1%DB%8C%D9%B9%D8%B3_%D9%BE%D8%A7%D8%B1%D9%B9%DB%8C","*":"\u0644\u0628\u0631\u0644 \u0688\u06cc\u0645\u0648\u06a9\u0631\u06cc\u0679\u0633 \u067e\u0627\u0631\u0679\u06cc"},{"lang":"vi","url":"https://vi.wikipedia.org/wiki/%C4%90%E1%BA%A3ng_D%C3%A2n_ch%E1%BB%A7_T%E1%BB%B1_do_(Anh)","*":"\u0110\u1ea3ng D\u00e2n ch\u1ee7 T\u1ef1 do (Anh)"},{"lang":"wuu","url":"https://wuu.wikipedia.org/wiki/%E8%87%AA%E7%94%B1%E6%B0%91%E4%B8%BB%E5%85%9A_(%E8%8B%B1%E5%9B%BD)","*":"\u81ea\u7531\u6c11\u4e3b\u515a (\u82f1\u56fd)"},{"lang":"zh","url":"https://zh.wikipedia.org/wiki/%E8%87%AA%E7%94%B1%E6%B0%91%E4%B8%BB%E5%85%9A_(%E8%8B%B1%E5%9B%BD)","*":"\u81ea\u7531\u6c11\u4e3b\u515a (\u82f1\u56fd)"},{"lang":"zh-yue","url":"https://zh-yue.wikipedia.org/wiki/%E8%87%AA%E7%94%B1%E6%B0%91%E4%B8%BB%E9%BB%A8_(%E8%8B%B1%E5%9C%8B)","*":"\u81ea\u7531\u6c11\u4e3b\u9ee8 (\u82f1\u570b)"}]}}}}