{"batchcomplete":"","query":{"normalized":[{"from":"Shlomtzion_(political_party)","to":"Shlomtzion (political party)"}],"pages":{"1877138":{"pageid":1877138,"ns":0,"title":"Shlomtzion (political party)","langlinks":[{"lang":"cs","url":"https://cs.wikipedia.org/wiki/%C5%A0lomcijon_(politick%C3%A1_strana)","*":"\u0160lomcijon (politick\u00e1 strana)"},{"lang":"es","url":"https://es.wikipedia.org/wiki/Shlomtzi%C3%B3n","*":"Shlomtzi\u00f3n"},{"lang":"fr","url":"https://fr.wikipedia.org/wiki/Shlomtzion_(parti_politique)","*":"Shlomtzion (parti politique)"},{"lang":"he","url":"https://he.wikipedia.org/wiki/%D7%A9%D7%9C%D7%95%D7%9E%D7%A6%D7%99%D7%95%D7%9F_(%D7%9E%D7%A4%D7%9C%D7%92%D7%94)","*":"\u05e9\u05dc\u05d5\u05de\u05e6\u05d9\u05d5\u05df (\u05de\u05e4\u05dc\u05d2\u05d4)"},{"lang":"id","url":"https://id.wikipedia.org/wiki/Shlomtzion","*":"Shlomtzion"},{"lang":"it","url":"https://it.wikipedia.org/wiki/Shlomtzion","*":"Shlomtzion"},{"lang":"pl","url":"https://pl.wikipedia.org/wiki/Szlomcijon","*":"Szlomcijon"},{"lang":"uk","url":"https://uk.wikipedia.org/wiki/%D0%A8%D0%BB%D0%BE%D0%BC%D1%86%D1%96%D0%BE%D0%BD","*":"\u0428\u043b\u043e\u043c\u0446\u0456\u043e\u043d"}]}}}}