{"batchcomplete":"","query":{"normalized":[{"from":"Communist_Refoundation_Party","to":"Communist Refoundation Party"}],"pages":{"42034584":{"pageid":42034584,"ns":0,"title":"Communist Refoundation Party","langlinks":[{"lang":"ca","url":"https://ca.wikipedia.org/wiki/Partit_de_la_Refundaci%C3%B3_Comunista","*":"Partit de la Refundaci\u00f3 Comunista"},{"lang":"cs","url":"https://cs.wikipedia.org/wiki/Strana_komunistick%C3%A9_obnovy","*":"Strana komunistick\u00e9 obnovy"},{"lang":"da","url":"https://da.wikipedia.org/wiki/Partito_della_Rifondazione_Comunista","*":"Partito della Rifondazione Comunista"},{"lang":"de","url":"https://de.wikipedia.org/wiki/Partito_della_Rifondazione_Comunista","*":"Partito della Rifondazione Comunista"},{"lang":"eo","url":"https://eo.wikipedia.org/wiki/Partio_de_la_Komunisma_Refondi%C4%9Do","*":"Partio de la Komunisma Refondi\u011do"},{"lang":"es","url":"https://es.wikipedia.org/wiki/Partido_de_la_Refundaci%C3%B3n_Comunista","*":"Partido de la Refundaci\u00f3n Comunista"},{"lang":"et","url":"https://et.wikipedia.org/wiki/Partito_della_Rifondazione_Comunista","*":"Partito della Rifondazione Comunista"},{"lang":"fr","url":"https://fr.wikipedia.org/wiki/Parti_de_la_refondation_communiste","*":"Parti de la refondation communiste"},{"lang":"hu","url":"https://hu.wikipedia.org/wiki/Kommunista_%C3%9Ajraalap%C3%ADt%C3%A1s_P%C3%A1rtja","*":"Kommunista \u00dajraalap\u00edt\u00e1s P\u00e1rtja"},{"lang":"it","url":"https://it.wikipedia.org/wiki/Partito_della_Rifondazione_Comunista_-_Sinistra_Europea","*":"Partito della Rifondazione Comunista - Sinistra Europea"},{"lang":"ja","url":"https://ja.wikipedia.org/wiki/%E5%85%B1%E7%94%A3%E4%B8%BB%E7%BE%A9%E5%86%8D%E5%BB%BA%E5%85%9A","*":"\u5171\u7523\u4e3b\u7fa9\u518d\u5efa\u515a"},{"lang":"la","url":"https://la.wikipedia.org/wiki/Factio_restititutionis_communisticae","*":"Factio restititutionis communisticae"},{"lang":"nl","url":"https://nl.wikipedia.org/wiki/Partij_van_de_Communistische_Herstichting","*":"Partij van de Communistische Herstichting"},{"lang":"nn","url":"https://nn.wikipedia.org/wiki/Rifondazione_Comunista","*":"Rifondazione Comunista"},{"lang":"nb","url":"https://no.wikipedia.org/wiki/Rifondazione_Comunista","*":"Rifondazione Comunista"},{"lang":"pl","url":"https://pl.wikipedia.org/wiki/Odrodzenie_Komunistyczne","*":"Odrodzenie Komunistyczne"},{"lang":"pt","url":"https://pt.wikipedia.org/wiki/Partido_da_Refunda%C3%A7%C3%A3o_Comunista","*":"Partido da Refunda\u00e7\u00e3o Comunista"},{"lang":"ru","url":"https://ru.wikipedia.org/wiki/%D0%9F%D0%B0%D1%80%D1%82%D0%B8%D1%8F_%D0%BA%D0%BE%D0%BC%D0%BC%D1%83%D0%BD%D0%B8%D1%81%D1%82%D0%B8%D1%87%D0%B5%D1%81%D0%BA%D0%BE%D0%B3%D0%BE_%D0%B2%D0%BE%D0%B7%D1%80%D0%BE%D0%B6%D0%B4%D0%B5%D0%BD%D0%B8%D1%8F","*":"\u041f\u0430\u0440\u0442\u0438\u044f \u043a\u043e\u043c\u043c\u0443\u043d\u0438\u0441\u0442\u0438\u0447\u0435\u0441\u043a\u043e\u0433\u043e \u0432\u043e\u0437\u0440\u043e\u0436\u0434\u0435\u043d\u0438\u044f"},{"lang":"scn","url":"https://scn.wikipedia.org/wiki/Rifunnazzioni_Cumunista","*":"Rifunnazzioni Cumunista"},{"lang":"sh","url":"https://sh.wikipedia.org/wiki/Partija_komunisti%C4%8Dke_obnove","*":"Partija komunisti\u010dke obnove"},{"lang":"sr","url":"https://sr.wikipedia.org/wiki/%D0%9F%D0%B0%D1%80%D1%82%D0%B8%D1%98%D0%B0_%D0%BA%D0%BE%D0%BC%D1%83%D0%BD%D0%B8%D1%81%D1%82%D0%B8%D1%87%D0%BA%D0%B5_%D0%BE%D0%B1%D0%BD%D0%BE%D0%B2%D0%B5","*":"\u041f\u0430\u0440\u0442\u0438\u0458\u0430 \u043a\u043e\u043c\u0443\u043d\u0438\u0441\u0442\u0438\u0447\u043a\u0435 \u043e\u0431\u043d\u043e\u0432\u0435"},{"lang":"sv","url":"https://sv.wikipedia.org/wiki/Partito_della_Rifondazione_Comunista","*":"Partito della Rifondazione Comunista"},{"lang":"tr","url":"https://tr.wikipedia.org/wiki/Kom%C3%BCnist_Yeniden_Kurulu%C5%9F_Partisi","*":"Kom\u00fcnist Yeniden Kurulu\u015f Partisi"},{"lang":"uk","url":"https://uk.wikipedia.org/wiki/%D0%9F%D0%B0%D1%80%D1%82%D1%96%D1%8F_%D0%BA%D0%BE%D0%BC%D1%83%D0%BD%D1%96%D1%81%D1%82%D0%B8%D1%87%D0%BD%D0%BE%D0%B3%D0%BE_%D0%B2%D1%96%D0%B4%D1%80%D0%BE%D0%B4%D0%B6%D0%B5%D0%BD%D0%BD%D1%8F","*":"\u041f\u0430\u0440\u0442\u0456\u044f \u043a\u043e\u043c\u0443\u043d\u0456\u0441\u0442\u0438\u0447\u043d\u043e\u0433\u043e \u0432\u0456\u0434\u0440\u043e\u0434\u0436\u0435\u043d\u043d\u044f"},{"lang":"zh","url":"https://zh.wikipedia.org/wiki/%E9%87%8D%E5%BB%BA%E5%85%B1%E4%BA%A7%E5%85%9A","*":"\u91cd\u5efa\u5171\u4ea7\u515a"}]}}}}