{"batchcomplete":"","query":{"normalized":[{"from":"Lithuanian_Green_Party","to":"Lithuanian Green Party"}],"pages":{"45447251":{"pageid":45447251,"ns":0,"title":"Lithuanian Green Party","langlinks":[{"lang":"de","url":"https://de.wikipedia.org/wiki/Lietuvos_%C5%BEali%C5%B3j%C5%B3_partija","*":"Lietuvos \u017eali\u0173j\u0173 partija"},{"lang":"es","url":"https://es.wikipedia.org/wiki/Partido_Verde_Lituano","*":"Partido Verde Lituano"},{"lang":"fr","url":"https://fr.wikipedia.org/wiki/Parti_vert_lituanien","*":"Parti vert lituanien"},{"lang":"hu","url":"https://hu.wikipedia.org/wiki/Z%C3%B6ld_P%C3%A1rt_(Litv%C3%A1nia)","*":"Z\u00f6ld P\u00e1rt (Litv\u00e1nia)"},{"lang":"it","url":"https://it.wikipedia.org/wiki/Partito_dei_Verdi_di_Lituania","*":"Partito dei Verdi di Lituania"},{"lang":"ja","url":"https://ja.wikipedia.org/wiki/%E3%83%AA%E3%83%88%E3%82%A2%E3%83%8B%E3%82%A2%E7%B7%91%E3%81%AE%E5%85%9A","*":"\u30ea\u30c8\u30a2\u30cb\u30a2\u7dd1\u306e\u515a"},{"lang":"lt","url":"https://lt.wikipedia.org/wiki/Lietuvos_%C5%BEali%C5%B3j%C5%B3_partija","*":"Lietuvos \u017eali\u0173j\u0173 partija"},{"lang":"zh","url":"https://zh.wikipedia.org/wiki/%E7%AB%8B%E9%99%B6%E5%AE%9B%E7%B6%A0%E9%BB%A8","*":"\u7acb\u9676\u5b9b\u7da0\u9ee8"}]}}}}