{"batchcomplete":"","query":{"normalized":[{"from":"Hungarian_Socialist_Party","to":"Hungarian Socialist Party"}],"pages":{"404628":{"pageid":404628,"ns":0,"title":"Hungarian Socialist Party","langlinks":[{"lang":"af","url":"https://af.wikipedia.org/wiki/Hongaarse_Sosialistiese_Party","*":"Hongaarse Sosialistiese Party"},{"lang":"ar","url":"https://ar.wikipedia.org/wiki/%D8%A7%D9%84%D8%AD%D8%B2%D8%A8_%D8%A7%D9%84%D8%A7%D8%B4%D8%AA%D8%B1%D8%A7%D9%83%D9%8A_%D8%A7%D9%84%D9%85%D8%AC%D8%B1%D9%8A","*":"\u0627\u0644\u062d\u0632\u0628 \u0627\u0644\u0627\u0634\u062a\u0631\u0627\u0643\u064a \u0627\u0644\u0645\u062c\u0631\u064a"},{"lang":"bg","url":"https://bg.wikipedia.org/wiki/%D0%A3%D0%BD%D0%B3%D0%B0%D1%80%D1%81%D0%BA%D0%B0_%D1%81%D0%BE%D1%86%D0%B8%D0%B0%D0%BB%D0%B8%D1%81%D1%82%D0%B8%D1%87%D0%B5%D1%81%D0%BA%D0%B0_%D0%BF%D0%B0%D1%80%D1%82%D0%B8%D1%8F","*":"\u0423\u043d\u0433\u0430\u0440\u0441\u043a\u0430 \u0441\u043e\u0446\u0438\u0430\u043b\u0438\u0441\u0442\u0438\u0447\u0435\u0441\u043a\u0430 \u043f\u0430\u0440\u0442\u0438\u044f"},{"lang":"ca","url":"https://ca.wikipedia.org/wiki/Partit_Socialista_Hongar%C3%A8s","*":"Partit Socialista Hongar\u00e8s"},{"lang":"cs","url":"https://cs.wikipedia.org/wiki/Ma%C4%8Farsk%C3%A1_socialistick%C3%A1_strana","*":"Ma\u010farsk\u00e1 socialistick\u00e1 strana"},{"lang":"da","url":"https://da.wikipedia.org/wiki/Magyar_Szocialista_P%C3%A1rt","*":"Magyar Szocialista P\u00e1rt"},{"lang":"de","url":"https://de.wikipedia.org/wiki/Magyar_Szocialista_P%C3%A1rt","*":"Magyar Szocialista P\u00e1rt"},{"lang":"el","url":"https://el.wikipedia.org/wiki/%CE%9F%CF%85%CE%B3%CE%B3%CF%81%CE%B9%CE%BA%CF%8C_%CE%A3%CE%BF%CF%83%CE%B9%CE%B1%CE%BB%CE%B9%CF%83%CF%84%CE%B9%CE%BA%CF%8C_%CE%9A%CF%8C%CE%BC%CE%BC%CE%B1","*":"\u039f\u03c5\u03b3\u03b3\u03c1\u03b9\u03ba\u03cc \u03a3\u03bf\u03c3\u03b9\u03b1\u03bb\u03b9\u03c3\u03c4\u03b9\u03ba\u03cc \u039a\u03cc\u03bc\u03bc\u03b1"},{"lang":"eo","url":"https://eo.wikipedia.org/wiki/Hungara_Socialista_Partio","*":"Hungara Socialista Partio"},{"lang":"es","url":"https://es.wikipedia.org/wiki/Partido_Socialista_H%C3%BAngaro","*":"Partido Socialista H\u00fangaro"},{"lang":"fi","url":"https://fi.wikipedia.org/wiki/Unkarin_sosialistinen_puolue","*":"Unkarin sosialistinen puolue"},{"lang":"fr","url":"https://fr.wikipedia.org/wiki/Parti_socialiste_hongrois","*":"Parti socialiste hongrois"},{"lang":"he","url":"https://he.wikipedia.org/wiki/%D7%94%D7%9E%D7%A4%D7%9C%D7%92%D7%94_%D7%94%D7%A1%D7%95%D7%A6%D7%99%D7%90%D7%9C%D7%99%D7%A1%D7%98%D7%99%D7%AA_%D7%94%D7%94%D7%95%D7%A0%D7%92%D7%A8%D7%99%D7%AA","*":"\u05d4\u05de\u05e4\u05dc\u05d2\u05d4 \u05d4\u05e1\u05d5\u05e6\u05d9\u05d0\u05dc\u05d9\u05e1\u05d8\u05d9\u05ea \u05d4\u05d4\u05d5\u05e0\u05d2\u05e8\u05d9\u05ea"},{"lang":"hu","url":"https://hu.wikipedia.org/wiki/Magyar_Szocialista_P%C3%A1rt","*":"Magyar Szocialista P\u00e1rt"},{"lang":"id","url":"https://id.wikipedia.org/wiki/Partai_Sosialis_Hongaria","*":"Partai Sosialis Hongaria"},{"lang":"is","url":"https://is.wikipedia.org/wiki/Ungverski_s%C3%B3s%C3%ADalistaflokkurinn","*":"Ungverski s\u00f3s\u00edalistaflokkurinn"},{"lang":"it","url":"https://it.wikipedia.org/wiki/Partito_Socialista_Ungherese","*":"Partito Socialista Ungherese"},{"lang":"ja","url":"https://ja.wikipedia.org/wiki/%E3%83%8F%E3%83%B3%E3%82%AC%E3%83%AA%E3%83%BC%E7%A4%BE%E4%BC%9A%E5%85%9A","*":"\u30cf\u30f3\u30ac\u30ea\u30fc\u793e\u4f1a\u515a"},{"lang":"ko","url":"https://ko.wikipedia.org/wiki/%ED%97%9D%EA%B0%80%EB%A6%AC_%EC%82%AC%ED%9A%8C%EB%8B%B9","*":"\ud5dd\uac00\ub9ac \uc0ac\ud68c\ub2f9"},{"lang":"lt","url":"https://lt.wikipedia.org/wiki/Vengrijos_socialist%C5%B3_partija","*":"Vengrijos socialist\u0173 partija"},{"lang":"nl","url":"https://nl.wikipedia.org/wiki/Hongaarse_Socialistische_Partij","*":"Hongaarse Socialistische Partij"},{"lang":"nb","url":"https://no.wikipedia.org/wiki/Magyar_Szocialista_P%C3%A1rt","*":"Magyar Szocialista P\u00e1rt"},{"lang":"pl","url":"https://pl.wikipedia.org/wiki/W%C4%99gierska_Partia_Socjalistyczna","*":"W\u0119gierska Partia Socjalistyczna"},{"lang":"pt","url":"https://pt.wikipedia.org/wiki/Partido_Socialista_H%C3%BAngaro","*":"Partido Socialista H\u00fangaro"},{"lang":"ro","url":"https://ro.wikipedia.org/wiki/Partidul_Socialist_Maghiar","*":"Partidul Socialist Maghiar"},{"lang":"ru","url":"https://ru.wikipedia.org/wiki/%D0%92%D0%B5%D0%BD%D0%B3%D0%B5%D1%80%D1%81%D0%BA%D0%B0%D1%8F_%D1%81%D0%BE%D1%86%D0%B8%D0%B0%D0%BB%D0%B8%D1%81%D1%82%D0%B8%D1%87%D0%B5%D1%81%D0%BA%D0%B0%D1%8F_%D0%BF%D0%B0%D1%80%D1%82%D0%B8%D1%8F","*":"\u0412\u0435\u043d\u0433\u0435\u0440\u0441\u043a\u0430\u044f \u0441\u043e\u0446\u0438\u0430\u043b\u0438\u0441\u0442\u0438\u0447\u0435\u0441\u043a\u0430\u044f \u043f\u0430\u0440\u0442\u0438\u044f"},{"lang":"sk","url":"https://sk.wikipedia.org/wiki/Ma%C4%8Farsk%C3%A1_socialistick%C3%A1_strana","*":"Ma\u010farsk\u00e1 socialistick\u00e1 strana"},{"lang":"sr","url":"https://sr.wikipedia.org/wiki/%D0%9C%D0%B0%D1%92%D0%B0%D1%80%D1%81%D0%BA%D0%B0_%D1%81%D0%BE%D1%86%D0%B8%D1%98%D0%B0%D0%BB%D0%B8%D1%81%D1%82%D0%B8%D1%87%D0%BA%D0%B0_%D0%BF%D0%B0%D1%80%D1%82%D0%B8%D1%98%D0%B0","*":"\u041c\u0430\u0452\u0430\u0440\u0441\u043a\u0430 \u0441\u043e\u0446\u0438\u0458\u0430\u043b\u0438\u0441\u0442\u0438\u0447\u043a\u0430 \u043f\u0430\u0440\u0442\u0438\u0458\u0430"},{"lang":"sv","url":"https://sv.wikipedia.org/wiki/Ungerns_socialistiska_parti","*":"Ungerns socialistiska parti"},{"lang":"tr","url":"https://tr.wikipedia.org/wiki/Macar_Sosyalist_Partisi","*":"Macar Sosyalist Partisi"},{"lang":"uk","url":"https://uk.wikipedia.org/wiki/%D0%A3%D0%B3%D0%BE%D1%80%D1%81%D1%8C%D0%BA%D0%B0_%D1%81%D0%BE%D1%86%D1%96%D0%B0%D0%BB%D1%96%D1%81%D1%82%D0%B8%D1%87%D0%BD%D0%B0_%D0%BF%D0%B0%D1%80%D1%82%D1%96%D1%8F","*":"\u0423\u0433\u043e\u0440\u0441\u044c\u043a\u0430 \u0441\u043e\u0446\u0456\u0430\u043b\u0456\u0441\u0442\u0438\u0447\u043d\u0430 \u043f\u0430\u0440\u0442\u0456\u044f"},{"lang":"zh","url":"https://zh.wikipedia.org/wiki/%E5%8C%88%E7%89%99%E5%88%A9%E7%A4%BE%E6%9C%83%E9%BB%A8","*":"\u5308\u7259\u5229\u793e\u6703\u9ee8"}]}}}}