{"batchcomplete":"","query":{"normalized":[{"from":"Maki_(historical_political_party)","to":"Maki (historical political party)"}],"pages":{"45313687":{"pageid":45313687,"ns":0,"title":"Maki (historical political party)","langlinks":[{"lang":"cs","url":"https://cs.wikipedia.org/wiki/Maki_(historick%C3%A1_politick%C3%A1_strana)","*":"Maki (historick\u00e1 politick\u00e1 strana)"},{"lang":"de","url":"https://de.wikipedia.org/wiki/Maki_(historische_Partei)","*":"Maki (historische Partei)"},{"lang":"es","url":"https://es.wikipedia.org/wiki/HaMiflega_HaKomunistit_HaYisraelit_(hist%C3%B3rico)","*":"HaMiflega HaKomunistit HaYisraelit (hist\u00f3rico)"},{"lang":"fr","url":"https://fr.wikipedia.org/wiki/Maki_(parti_politique_historique)","*":"Maki (parti politique historique)"},{"lang":"he","url":"https://he.wikipedia.org/wiki/%D7%94%D7%9E%D7%A4%D7%9C%D7%92%D7%94_%D7%94%D7%A7%D7%95%D7%9E%D7%95%D7%A0%D7%99%D7%A1%D7%98%D7%99%D7%AA_%D7%94%D7%99%D7%A9%D7%A8%D7%90%D7%9C%D7%99%D7%AA_(%D7%9E%D7%A4%D7%9C%D7%92%D7%94_%D7%94%D7%99%D7%A1%D7%98%D7%95%D7%A8%D7%99%D7%AA)","*":"\u05d4\u05de\u05e4\u05dc\u05d2\u05d4 \u05d4\u05e7\u05d5\u05de\u05d5\u05e0\u05d9\u05e1\u05d8\u05d9\u05ea \u05d4\u05d9\u05e9\u05e8\u05d0\u05dc\u05d9\u05ea (\u05de\u05e4\u05dc\u05d2\u05d4 \u05d4\u05d9\u05e1\u05d8\u05d5\u05e8\u05d9\u05ea)"},{"lang":"pl","url":"https://pl.wikipedia.org/wiki/Komunistyczna_Partia_Izraela_(1948%E2%80%931973)","*":"Komunistyczna Partia Izraela (1948\u20131973)"},{"lang":"pt","url":"https://pt.wikipedia.org/wiki/Partido_Comunista_de_Israel_(1919)","*":"Partido Comunista de Israel (1919)"},{"lang":"zh","url":"https://zh.wikipedia.org/wiki/%E4%BB%A5%E8%89%B2%E5%88%97%E5%85%B1%E4%BA%A7%E5%85%9A_(1948%E5%B9%B4)","*":"\u4ee5\u8272\u5217\u5171\u4ea7\u515a (1948\u5e74)"}]}}}}