{"batchcomplete":"","query":{"normalized":[{"from":"Colorado_Party_(Uruguay)","to":"Colorado Party (Uruguay)"}],"pages":{"588643":{"pageid":588643,"ns":0,"title":"Colorado Party (Uruguay)","langlinks":[{"lang":"az","url":"https://az.wikipedia.org/wiki/Uruqvay_Kolorado_Partiyas%C4%B1","*":"Uruqvay Kolorado Partiyas\u0131"},{"lang":"ca","url":"https://ca.wikipedia.org/wiki/Partit_Colorado_(Uruguai)","*":"Partit Colorado (Uruguai)"},{"lang":"da","url":"https://da.wikipedia.org/wiki/Coloradopartiet_(Uruguay)","*":"Coloradopartiet (Uruguay)"},{"lang":"de","url":"https://de.wikipedia.org/wiki/Partido_Colorado_(Uruguay)","*":"Partido Colorado (Uruguay)"},{"lang":"el","url":"https://el.wikipedia.org/wiki/%CE%9A%CF%8C%CE%BC%CE%BC%CE%B1_%CE%9A%CE%BF%CE%BB%CE%BF%CF%81%CE%AC%CE%B4%CE%BF_(%CE%9F%CF%85%CF%81%CE%BF%CF%85%CE%B3%CE%BF%CF%85%CE%AC%CE%B7)","*":"\u039a\u03cc\u03bc\u03bc\u03b1 \u039a\u03bf\u03bb\u03bf\u03c1\u03ac\u03b4\u03bf (\u039f\u03c5\u03c1\u03bf\u03c5\u03b3\u03bf\u03c5\u03ac\u03b7)"},{"lang":"eo","url":"https://eo.wikipedia.org/wiki/Partido_Colorado_(Urugvajo)","*":"Partido Colorado (Urugvajo)"},{"lang":"es","url":"https://es.wikipedia.org/wiki/Partido_Colorado_(Uruguay)","*":"Partido Colorado (Uruguay)"},{"lang":"eu","url":"https://eu.wikipedia.org/wiki/Colorado_Alderdia","*":"Colorado Alderdia"},{"lang":"fr","url":"https://fr.wikipedia.org/wiki/Parti_colorado_(Uruguay)","*":"Parti colorado (Uruguay)"},{"lang":"hr","url":"https://hr.wikipedia.org/wiki/Stranka_Colorado_(Urugvaj)","*":"Stranka Colorado (Urugvaj)"},{"lang":"it","url":"https://it.wikipedia.org/wiki/Partito_Colorado_(Uruguay)","*":"Partito Colorado (Uruguay)"},{"lang":"ja","url":"https://ja.wikipedia.org/wiki/%E3%82%B3%E3%83%AD%E3%83%A9%E3%83%89%E5%85%9A_(%E3%82%A6%E3%83%AB%E3%82%B0%E3%82%A2%E3%82%A4)","*":"\u30b3\u30ed\u30e9\u30c9\u515a (\u30a6\u30eb\u30b0\u30a2\u30a4)"},{"lang":"ne","url":"https://ne.wikipedia.org/wiki/%E0%A4%95%E0%A5%8B%E0%A4%B2%E0%A5%8B%E0%A4%B0%E0%A4%BE%E0%A4%A6%E0%A5%8B_%E0%A4%AA%E0%A4%BE%E0%A4%B0%E0%A5%8D%E0%A4%9F%E0%A5%80","*":"\u0915\u094b\u0932\u094b\u0930\u093e\u0926\u094b \u092a\u093e\u0930\u094d\u091f\u0940"},{"lang":"nl","url":"https://nl.wikipedia.org/wiki/Coloradopartij_(Uruguay)","*":"Coloradopartij (Uruguay)"},{"lang":"nb","url":"https://no.wikipedia.org/wiki/Partido_Colorado_(Uruguay)","*":"Partido Colorado (Uruguay)"},{"lang":"pl","url":"https://pl.wikipedia.org/wiki/Partia_Colorado_(Urugwaj)","*":"Partia Colorado (Urugwaj)"},{"lang":"pt","url":"https://pt.wikipedia.org/wiki/Partido_Colorado_(Uruguai)","*":"Partido Colorado (Uruguai)"},{"lang":"ru","url":"https://ru.wikipedia.org/wiki/%D0%9F%D0%B0%D1%80%D1%82%D0%B8%D1%8F_%D0%9A%D0%BE%D0%BB%D0%BE%D1%80%D0%B0%D0%B4%D0%BE_(%D0%A3%D1%80%D1%83%D0%B3%D0%B2%D0%B0%D0%B9)","*":"\u041f\u0430\u0440\u0442\u0438\u044f \u041a\u043e\u043b\u043e\u0440\u0430\u0434\u043e (\u0423\u0440\u0443\u0433\u0432\u0430\u0439)"},{"lang":"th","url":"https://th.wikipedia.org/wiki/%E0%B8%9E%E0%B8%A3%E0%B8%A3%E0%B8%84%E0%B9%82%E0%B8%81%E0%B9%82%E0%B8%A5%E0%B8%A3%E0%B8%B2%E0%B9%82%E0%B8%94_(%E0%B8%9B%E0%B8%A3%E0%B8%B0%E0%B9%80%E0%B8%97%E0%B8%A8%E0%B8%AD%E0%B8%B8%E0%B8%A3%E0%B8%B8%E0%B8%81%E0%B8%A7%E0%B8%B1%E0%B8%A2)","*":"\u0e1e\u0e23\u0e23\u0e04\u0e42\u0e01\u0e42\u0e25\u0e23\u0e32\u0e42\u0e14 (\u0e1b\u0e23\u0e30\u0e40\u0e17\u0e28\u0e2d\u0e38\u0e23\u0e38\u0e01\u0e27\u0e31\u0e22)"},{"lang":"tr","url":"https://tr.wikipedia.org/wiki/Colorado_Partisi_(Uruguay)","*":"Colorado Partisi (Uruguay)"},{"lang":"uk","url":"https://uk.wikipedia.org/wiki/%D0%9F%D0%B0%D1%80%D1%82%D1%96%D1%8F_%D0%9A%D0%BE%D0%BB%D0%BE%D1%80%D0%B0%D0%B4%D0%BE_(%D0%A3%D1%80%D1%83%D0%B3%D0%B2%D0%B0%D0%B9)","*":"\u041f\u0430\u0440\u0442\u0456\u044f \u041a\u043e\u043b\u043e\u0440\u0430\u0434\u043e (\u0423\u0440\u0443\u0433\u0432\u0430\u0439)"},{"lang":"zh","url":"https://zh.wikipedia.org/wiki/%E7%BA%A2%E5%85%9A_(%E4%B9%8C%E6%8B%89%E5%9C%AD)","*":"\u7ea2\u515a (\u4e4c\u62c9\u572d)"}]}}}}