{"batchcomplete":"","query":{"normalized":[{"from":"Populist_Party_(Turkey)","to":"Populist Party (Turkey)"}],"pages":{"24970807":{"pageid":24970807,"ns":0,"title":"Populist Party (Turkey)","langlinks":[{"lang":"ca","url":"https://ca.wikipedia.org/wiki/Partit_Populista","*":"Partit Populista"},{"lang":"de","url":"https://de.wikipedia.org/wiki/Halk%C3%A7%C4%B1_Parti","*":"Halk\u00e7\u0131 Parti"},{"lang":"tr","url":"https://tr.wikipedia.org/wiki/Halk%C3%A7%C4%B1_Parti","*":"Halk\u00e7\u0131 Parti"}]}}}}