{"batchcomplete":"","query":{"normalized":[{"from":"Country_Liberal_Party","to":"Country Liberal Party"}],"pages":{"6468":{"pageid":6468,"ns":0,"title":"Country Liberal Party","langlinks":[{"lang":"be","url":"https://be.wikipedia.org/wiki/%D0%90%D0%B3%D1%80%D0%B0%D1%80%D0%BD%D0%B0%D1%8F_%D0%BB%D1%96%D0%B1%D0%B5%D1%80%D0%B0%D0%BB%D1%8C%D0%BD%D0%B0%D1%8F_%D0%BF%D0%B0%D1%80%D1%82%D1%8B%D1%8F","*":"\u0410\u0433\u0440\u0430\u0440\u043d\u0430\u044f \u043b\u0456\u0431\u0435\u0440\u0430\u043b\u044c\u043d\u0430\u044f \u043f\u0430\u0440\u0442\u044b\u044f"},{"lang":"da","url":"https://da.wikipedia.org/wiki/Country_Liberal_Party","*":"Country Liberal Party"},{"lang":"de","url":"https://de.wikipedia.org/wiki/Country_Liberal_Party","*":"Country Liberal Party"},{"lang":"fr","url":"https://fr.wikipedia.org/wiki/Parti_rural_lib%C3%A9ral","*":"Parti rural lib\u00e9ral"},{"lang":"it","url":"https://it.wikipedia.org/wiki/Country_Liberal_Party","*":"Country Liberal Party"},{"lang":"ja","url":"https://ja.wikipedia.org/wiki/%E5%9C%B0%E6%96%B9%E8%87%AA%E7%94%B1%E5%85%9A","*":"\u5730\u65b9\u81ea\u7531\u515a"},{"lang":"ko","url":"https://ko.wikipedia.org/wiki/%EC%A7%80%EC%97%AD%EC%9E%90%EC%9C%A0%EB%8B%B9","*":"\uc9c0\uc5ed\uc790\uc720\ub2f9"},{"lang":"nl","url":"https://nl.wikipedia.org/wiki/Country_Liberal_Party","*":"Country Liberal Party"},{"lang":"pl","url":"https://pl.wikipedia.org/wiki/Country_Liberal_Party","*":"Country Liberal Party"},{"lang":"ru","url":"https://ru.wikipedia.org/wiki/%D0%90%D0%B3%D1%80%D0%B0%D1%80%D0%BD%D0%B0%D1%8F_%D0%BB%D0%B8%D0%B1%D0%B5%D1%80%D0%B0%D0%BB%D1%8C%D0%BD%D0%B0%D1%8F_%D0%BF%D0%B0%D1%80%D1%82%D0%B8%D1%8F","*":"\u0410\u0433\u0440\u0430\u0440\u043d\u0430\u044f \u043b\u0438\u0431\u0435\u0440\u0430\u043b\u044c\u043d\u0430\u044f \u043f\u0430\u0440\u0442\u0438\u044f"},{"lang":"uk","url":"https://uk.wikipedia.org/wiki/%D0%90%D0%B3%D1%80%D0%B0%D1%80%D0%BD%D0%B0_%D0%BB%D1%96%D0%B1%D0%B5%D1%80%D0%B0%D0%BB%D1%8C%D0%BD%D0%B0_%D0%BF%D0%B0%D1%80%D1%82%D1%96%D1%8F","*":"\u0410\u0433\u0440\u0430\u0440\u043d\u0430 \u043b\u0456\u0431\u0435\u0440\u0430\u043b\u044c\u043d\u0430 \u043f\u0430\u0440\u0442\u0456\u044f"},{"lang":"zh","url":"https://zh.wikipedia.org/wiki/%E4%B9%A1%E6%9D%91%E8%87%AA%E7%94%B1%E5%85%9A","*":"\u4e61\u6751\u81ea\u7531\u515a"},{"lang":"zh-min-nan","url":"https://zh-min-nan.wikipedia.org/wiki/Kok-ka_Ch%C5%AB-i%C3%BB_T%C3%B3ng","*":"Kok-ka Ch\u016b-i\u00fb T\u00f3ng"},{"lang":"zh-yue","url":"https://zh-yue.wikipedia.org/wiki/%E9%84%89%E6%9D%91%E8%87%AA%E7%94%B1%E9%BB%A8","*":"\u9109\u6751\u81ea\u7531\u9ee8"}]}}}}