{"batchcomplete":"","query":{"normalized":[{"from":"Silesian_Autonomy_Movement","to":"Silesian Autonomy Movement"}],"pages":{"1940773":{"pageid":1940773,"ns":0,"title":"Silesian Autonomy Movement","langlinks":[{"lang":"br","url":"https://br.wikipedia.org/wiki/Ruch_Autonomii_%C5%9Al%C4%85ska","*":"Ruch Autonomii \u015al\u0105ska"},{"lang":"ca","url":"https://ca.wikipedia.org/wiki/Assemblea_Autonomista_de_Sil%C3%A8sia","*":"Assemblea Autonomista de Sil\u00e8sia"},{"lang":"cs","url":"https://cs.wikipedia.org/wiki/Hnut%C3%AD_autonomie_Slezska","*":"Hnut\u00ed autonomie Slezska"},{"lang":"de","url":"https://de.wikipedia.org/wiki/Bewegung_f%C3%BCr_die_Autonomie_Schlesiens","*":"Bewegung f\u00fcr die Autonomie Schlesiens"},{"lang":"es","url":"https://es.wikipedia.org/wiki/Movimiento_por_la_Autonom%C3%ADa_de_Silesia","*":"Movimiento por la Autonom\u00eda de Silesia"},{"lang":"fr","url":"https://fr.wikipedia.org/wiki/Mouvement_pour_l%27autonomie_de_la_Sil%C3%A9sie","*":"Mouvement pour l'autonomie de la Sil\u00e9sie"},{"lang":"lmo","url":"https://lmo.wikipedia.org/wiki/Assemblea_Autonomista_de_la_Sil%C3%A8sia","*":"Assemblea Autonomista de la Sil\u00e8sia"},{"lang":"nb","url":"https://no.wikipedia.org/wiki/Ruch_Autonomii_%C5%9Al%C4%85ska","*":"Ruch Autonomii \u015al\u0105ska"},{"lang":"pl","url":"https://pl.wikipedia.org/wiki/Ruch_Autonomii_%C5%9Al%C4%85ska","*":"Ruch Autonomii \u015al\u0105ska"},{"lang":"pt","url":"https://pt.wikipedia.org/wiki/Movimento_pela_Autonomia_da_Sil%C3%A9sia","*":"Movimento pela Autonomia da Sil\u00e9sia"},{"lang":"sk","url":"https://sk.wikipedia.org/wiki/Hnutie_za_auton%C3%B3miu_Sliezska","*":"Hnutie za auton\u00f3miu Sliezska"},{"lang":"szl","url":"https://szl.wikipedia.org/wiki/Ruch_Aut%C5%8Dn%C5%8Dmije_%C5%9Al%C5%8Dnska","*":"Ruch Aut\u014dn\u014dmije \u015al\u014dnska"}]}}}}