{"batchcomplete":"","query":{"normalized":[{"from":"Dominican_Revolutionary_Party","to":"Dominican Revolutionary Party"}],"pages":{"980608":{"pageid":980608,"ns":0,"title":"Dominican Revolutionary Party","langlinks":[{"lang":"de","url":"https://de.wikipedia.org/wiki/Partido_Revolucionario_Dominicano","*":"Partido Revolucionario Dominicano"},{"lang":"es","url":"https://es.wikipedia.org/wiki/Partido_Revolucionario_Dominicano","*":"Partido Revolucionario Dominicano"},{"lang":"fr","url":"https://fr.wikipedia.org/wiki/Parti_r%C3%A9volutionnaire_dominicain","*":"Parti r\u00e9volutionnaire dominicain"},{"lang":"it","url":"https://it.wikipedia.org/wiki/Partito_Rivoluzionario_Dominicano","*":"Partito Rivoluzionario Dominicano"},{"lang":"lt","url":"https://lt.wikipedia.org/wiki/Dominikos_revoliucin%C4%97_partija","*":"Dominikos revoliucin\u0117 partija"},{"lang":"nl","url":"https://nl.wikipedia.org/wiki/Dominicaanse_Revolutionaire_Partij","*":"Dominicaanse Revolutionaire Partij"},{"lang":"zh","url":"https://zh.wikipedia.org/wiki/%E5%A4%9A%E7%B1%B3%E5%B0%BC%E5%8A%A0%E9%9D%A9%E5%91%BD%E5%85%9A","*":"\u591a\u7c73\u5c3c\u52a0\u9769\u547d\u515a"}]}}}}