{"batchcomplete":"","query":{"normalized":[{"from":"Conservative_Party_(Romania)","to":"Conservative Party (Romania)"}],"pages":{"1619138":{"pageid":1619138,"ns":0,"title":"Conservative Party (Romania)","langlinks":[{"lang":"bg","url":"https://bg.wikipedia.org/wiki/%D0%9A%D0%BE%D0%BD%D1%81%D0%B5%D1%80%D0%B2%D0%B0%D1%82%D0%B8%D0%B2%D0%BD%D0%B0_%D0%BF%D0%B0%D1%80%D1%82%D0%B8%D1%8F_(%D0%A0%D1%83%D0%BC%D1%8A%D0%BD%D0%B8%D1%8F)","*":"\u041a\u043e\u043d\u0441\u0435\u0440\u0432\u0430\u0442\u0438\u0432\u043d\u0430 \u043f\u0430\u0440\u0442\u0438\u044f (\u0420\u0443\u043c\u044a\u043d\u0438\u044f)"},{"lang":"ca","url":"https://ca.wikipedia.org/wiki/Partit_Conservador_(Romania)","*":"Partit Conservador (Romania)"},{"lang":"da","url":"https://da.wikipedia.org/wiki/Partidul_Conservator","*":"Partidul Conservator"},{"lang":"de","url":"https://de.wikipedia.org/wiki/Partidul_Conservator","*":"Partidul Conservator"},{"lang":"fr","url":"https://fr.wikipedia.org/wiki/Parti_conservateur_(Roumanie,_1991-2015)","*":"Parti conservateur (Roumanie, 1991-2015)"},{"lang":"it","url":"https://it.wikipedia.org/wiki/Partito_Conservatore_(Romania)","*":"Partito Conservatore (Romania)"},{"lang":"ja","url":"https://ja.wikipedia.org/wiki/%E4%BF%9D%E5%AE%88%E5%85%9A_(%E3%83%AB%E3%83%BC%E3%83%9E%E3%83%8B%E3%82%A2)","*":"\u4fdd\u5b88\u515a (\u30eb\u30fc\u30de\u30cb\u30a2)"},{"lang":"la","url":"https://la.wikipedia.org/wiki/Factio_conservativa_(Romania)","*":"Factio conservativa (Romania)"},{"lang":"nl","url":"https://nl.wikipedia.org/wiki/Conservatieve_Partij_(Roemeni%C3%AB)","*":"Conservatieve Partij (Roemeni\u00eb)"},{"lang":"nb","url":"https://no.wikipedia.org/wiki/Partidul_Conservator","*":"Partidul Conservator"},{"lang":"pl","url":"https://pl.wikipedia.org/wiki/Partia_Konserwatywna_(Rumunia)","*":"Partia Konserwatywna (Rumunia)"},{"lang":"ro","url":"https://ro.wikipedia.org/wiki/Partidul_Conservator_(Rom%C3%A2nia,_1991%E2%80%932015)","*":"Partidul Conservator (Rom\u00e2nia, 1991\u20132015)"},{"lang":"ru","url":"https://ru.wikipedia.org/wiki/%D0%9A%D0%BE%D0%BD%D1%81%D0%B5%D1%80%D0%B2%D0%B0%D1%82%D0%B8%D0%B2%D0%BD%D0%B0%D1%8F_%D0%BF%D0%B0%D1%80%D1%82%D0%B8%D1%8F_(%D0%A0%D1%83%D0%BC%D1%8B%D0%BD%D0%B8%D1%8F)","*":"\u041a\u043e\u043d\u0441\u0435\u0440\u0432\u0430\u0442\u0438\u0432\u043d\u0430\u044f \u043f\u0430\u0440\u0442\u0438\u044f (\u0420\u0443\u043c\u044b\u043d\u0438\u044f)"},{"lang":"sv","url":"https://sv.wikipedia.org/wiki/Konservativa_partiet_(Rum%C3%A4nien)","*":"Konservativa partiet (Rum\u00e4nien)"},{"lang":"uk","url":"https://uk.wikipedia.org/wiki/%D0%9A%D0%BE%D0%BD%D1%81%D0%B5%D1%80%D0%B2%D0%B0%D1%82%D0%B8%D0%B2%D0%BD%D0%B0_%D0%BF%D0%B0%D1%80%D1%82%D1%96%D1%8F_(%D0%A0%D1%83%D0%BC%D1%83%D0%BD%D1%96%D1%8F)","*":"\u041a\u043e\u043d\u0441\u0435\u0440\u0432\u0430\u0442\u0438\u0432\u043d\u0430 \u043f\u0430\u0440\u0442\u0456\u044f (\u0420\u0443\u043c\u0443\u043d\u0456\u044f)"}]}}}}