{"batchcomplete":"","query":{"normalized":[{"from":"Socialist_Party_(Ireland)","to":"Socialist Party (Ireland)"}],"pages":{"466361":{"pageid":466361,"ns":0,"title":"Socialist Party (Ireland)","langlinks":[{"lang":"ca","url":"https://ca.wikipedia.org/wiki/Partit_Socialista_(Irlanda)","*":"Partit Socialista (Irlanda)"},{"lang":"de","url":"https://de.wikipedia.org/wiki/Socialist_Party_(Irland)","*":"Socialist Party (Irland)"},{"lang":"es","url":"https://es.wikipedia.org/wiki/Partido_Socialista_(Irlanda)","*":"Partido Socialista (Irlanda)"},{"lang":"eu","url":"https://eu.wikipedia.org/wiki/Alderdi_Sozialista_(Irlanda)","*":"Alderdi Sozialista (Irlanda)"},{"lang":"fr","url":"https://fr.wikipedia.org/wiki/Parti_socialiste_(Irlande)","*":"Parti socialiste (Irlande)"},{"lang":"ga","url":"https://ga.wikipedia.org/wiki/P%C3%A1irt%C3%AD_S%C3%B3isialach_(%C3%89ire)","*":"P\u00e1irt\u00ed S\u00f3isialach (\u00c9ire)"},{"lang":"he","url":"https://he.wikipedia.org/wiki/%D7%94%D7%9E%D7%A4%D7%9C%D7%92%D7%94_%D7%94%D7%A1%D7%95%D7%A6%D7%99%D7%90%D7%9C%D7%99%D7%A1%D7%98%D7%99%D7%AA_(%D7%90%D7%99%D7%A8%D7%9C%D7%A0%D7%93)","*":"\u05d4\u05de\u05e4\u05dc\u05d2\u05d4 \u05d4\u05e1\u05d5\u05e6\u05d9\u05d0\u05dc\u05d9\u05e1\u05d8\u05d9\u05ea (\u05d0\u05d9\u05e8\u05dc\u05e0\u05d3)"},{"lang":"it","url":"https://it.wikipedia.org/wiki/Partito_Socialista_(Irlanda)","*":"Partito Socialista (Irlanda)"},{"lang":"nl","url":"https://nl.wikipedia.org/wiki/Socialistische_Partij_(Ierland)","*":"Socialistische Partij (Ierland)"},{"lang":"pl","url":"https://pl.wikipedia.org/wiki/Partia_Socjalistyczna_(Irlandia)","*":"Partia Socjalistyczna (Irlandia)"},{"lang":"pt","url":"https://pt.wikipedia.org/wiki/Partido_Socialista_(Irlanda)","*":"Partido Socialista (Irlanda)"},{"lang":"ru","url":"https://ru.wikipedia.org/wiki/%D0%A1%D0%BE%D1%86%D0%B8%D0%B0%D0%BB%D0%B8%D1%81%D1%82%D0%B8%D1%87%D0%B5%D1%81%D0%BA%D0%B0%D1%8F_%D0%BF%D0%B0%D1%80%D1%82%D0%B8%D1%8F_(%D0%98%D1%80%D0%BB%D0%B0%D0%BD%D0%B4%D0%B8%D1%8F)","*":"\u0421\u043e\u0446\u0438\u0430\u043b\u0438\u0441\u0442\u0438\u0447\u0435\u0441\u043a\u0430\u044f \u043f\u0430\u0440\u0442\u0438\u044f (\u0418\u0440\u043b\u0430\u043d\u0434\u0438\u044f)"},{"lang":"sv","url":"https://sv.wikipedia.org/wiki/Socialistpartiet_(Irland)","*":"Socialistpartiet (Irland)"},{"lang":"ur","url":"https://ur.wikipedia.org/wiki/%D8%B3%D9%88%D8%B4%D9%84%D8%B3%D9%B9_%D9%BE%D8%A7%D8%B1%D9%B9%DB%8C_(%D8%A2%D8%A6%D8%B1%D9%84%DB%8C%D9%86%DA%88)","*":"\u0633\u0648\u0634\u0644\u0633\u0679 \u067e\u0627\u0631\u0679\u06cc (\u0622\u0626\u0631\u0644\u06cc\u0646\u0688)"},{"lang":"zh","url":"https://zh.wikipedia.org/wiki/%E7%A4%BE%E4%BC%9A%E5%85%9A_(%E7%88%B1%E5%B0%94%E5%85%B0)","*":"\u793e\u4f1a\u515a (\u7231\u5c14\u5170)"}]}}}}