{"batchcomplete":"","query":{"normalized":[{"from":"Radical_Party_(Italy)","to":"Radical Party (Italy)"}],"pages":{"714553":{"pageid":714553,"ns":0,"title":"Radical Party (Italy)","langlinks":[{"lang":"ca","url":"https://ca.wikipedia.org/wiki/Partit_Radical_(It%C3%A0lia)","*":"Partit Radical (It\u00e0lia)"},{"lang":"de","url":"https://de.wikipedia.org/wiki/Partito_Radicale","*":"Partito Radicale"},{"lang":"eo","url":"https://eo.wikipedia.org/wiki/Radikala_Partio_(Italio)","*":"Radikala Partio (Italio)"},{"lang":"es","url":"https://es.wikipedia.org/wiki/Partido_Radical_(Italia)","*":"Partido Radical (Italia)"},{"lang":"fr","url":"https://fr.wikipedia.org/wiki/Parti_radical_(Italie)","*":"Parti radical (Italie)"},{"lang":"hr","url":"https://hr.wikipedia.org/wiki/Radikalna_partija_Italije","*":"Radikalna partija Italije"},{"lang":"it","url":"https://it.wikipedia.org/wiki/Partito_Radicale_(Italia)","*":"Partito Radicale (Italia)"},{"lang":"pt","url":"https://pt.wikipedia.org/wiki/Partido_Radical_(It%C3%A1lia)","*":"Partido Radical (It\u00e1lia)"},{"lang":"scn","url":"https://scn.wikipedia.org/wiki/Partitu_Radicali_(Italia)","*":"Partitu Radicali (Italia)"},{"lang":"sh","url":"https://sh.wikipedia.org/wiki/Radikalna_partija_Italije","*":"Radikalna partija Italije"},{"lang":"sv","url":"https://sv.wikipedia.org/wiki/Partito_Radicale","*":"Partito Radicale"}]}}}}