{"batchcomplete":"","query":{"normalized":[{"from":"Romanian_National_Unity_Party","to":"Romanian National Unity Party"}],"pages":{"1969239":{"pageid":1969239,"ns":0,"title":"Romanian National Unity Party","langlinks":[{"lang":"ca","url":"https://ca.wikipedia.org/wiki/Partit_d%27Unitat_Nacional_Romanesa","*":"Partit d'Unitat Nacional Romanesa"},{"lang":"fr","url":"https://fr.wikipedia.org/wiki/Parti_de_l%27unit%C3%A9_nationale_roumaine","*":"Parti de l'unit\u00e9 nationale roumaine"},{"lang":"hu","url":"https://hu.wikipedia.org/wiki/Rom%C3%A1n_Nemzeti_Egys%C3%A9g_P%C3%A1rt","*":"Rom\u00e1n Nemzeti Egys\u00e9g P\u00e1rt"},{"lang":"it","url":"https://it.wikipedia.org/wiki/Partito_dell%27Unit%C3%A0_della_Nazione_Romena","*":"Partito dell'Unit\u00e0 della Nazione Romena"},{"lang":"ja","url":"https://ja.wikipedia.org/wiki/%E3%83%AB%E3%83%BC%E3%83%9E%E3%83%8B%E3%82%A2%E6%B0%91%E6%97%8F%E7%B5%B1%E4%B8%80%E5%85%9A","*":"\u30eb\u30fc\u30de\u30cb\u30a2\u6c11\u65cf\u7d71\u4e00\u515a"},{"lang":"pl","url":"https://pl.wikipedia.org/wiki/Rumu%C5%84ska_Partia_Jedno%C5%9Bci_Narodowej","*":"Rumu\u0144ska Partia Jedno\u015bci Narodowej"},{"lang":"ro","url":"https://ro.wikipedia.org/wiki/Partidul_Unit%C4%83%C8%9Bii_Na%C8%9Biunii_Rom%C3%A2ne","*":"Partidul Unit\u0103\u021bii Na\u021biunii Rom\u00e2ne"}]}}}}