{"batchcomplete":"","query":{"normalized":[{"from":"Democratic_Change_(El_Salvador)","to":"Democratic Change (El Salvador)"}],"pages":{"4387748":{"pageid":4387748,"ns":0,"title":"Democratic Change (El Salvador)","langlinks":[{"lang":"es","url":"https://es.wikipedia.org/wiki/Cambio_Democr%C3%A1tico_(El_Salvador)","*":"Cambio Democr\u00e1tico (El Salvador)"},{"lang":"fr","url":"https://fr.wikipedia.org/wiki/Changement_d%C3%A9mocratique_(Salvador)","*":"Changement d\u00e9mocratique (Salvador)"},{"lang":"it","url":"https://it.wikipedia.org/wiki/Cambiamento_Democratico_(El_Salvador)","*":"Cambiamento Democratico (El Salvador)"},{"lang":"pl","url":"https://pl.wikipedia.org/wiki/Demokratyczna_Zmiana","*":"Demokratyczna Zmiana"},{"lang":"ru","url":"https://ru.wikipedia.org/wiki/%D0%94%D0%B5%D0%BC%D0%BE%D0%BA%D1%80%D0%B0%D1%82%D0%B8%D1%87%D0%B5%D1%81%D0%BA%D0%B0%D1%8F_%D0%BF%D0%B5%D1%80%D0%B5%D0%BC%D0%B5%D0%BD%D0%B0_(%D0%A1%D0%B0%D0%BB%D1%8C%D0%B2%D0%B0%D0%B4%D0%BE%D1%80)","*":"\u0414\u0435\u043c\u043e\u043a\u0440\u0430\u0442\u0438\u0447\u0435\u0441\u043a\u0430\u044f \u043f\u0435\u0440\u0435\u043c\u0435\u043d\u0430 (\u0421\u0430\u043b\u044c\u0432\u0430\u0434\u043e\u0440)"}]}}}}