{"batchcomplete":"","query":{"normalized":[{"from":"Christian_Democratic_Party_of_Honduras","to":"Christian Democratic Party of Honduras"}],"pages":{"2251699":{"pageid":2251699,"ns":0,"title":"Christian Democratic Party of Honduras","langlinks":[{"lang":"es","url":"https://es.wikipedia.org/wiki/Partido_Dem%C3%B3crata_Cristiano_(Honduras)","*":"Partido Dem\u00f3crata Cristiano (Honduras)"},{"lang":"fr","url":"https://fr.wikipedia.org/wiki/Parti_d%C3%A9mocrate-chr%C3%A9tien_du_Honduras","*":"Parti d\u00e9mocrate-chr\u00e9tien du Honduras"},{"lang":"it","url":"https://it.wikipedia.org/wiki/Partito_Democratico_Cristiano_dell%27Honduras","*":"Partito Democratico Cristiano dell'Honduras"},{"lang":"nl","url":"https://nl.wikipedia.org/wiki/Christendemocratische_Partij_van_Honduras","*":"Christendemocratische Partij van Honduras"}]}}}}