{"batchcomplete":"","query":{"normalized":[{"from":"Italian_Liberal_Party","to":"Italian Liberal Party"}],"pages":{"2259567":{"pageid":2259567,"ns":0,"title":"Italian Liberal Party","langlinks":[{"lang":"ca","url":"https://ca.wikipedia.org/wiki/Partit_Liberal_Itali%C3%A0","*":"Partit Liberal Itali\u00e0"},{"lang":"de","url":"https://de.wikipedia.org/wiki/Partito_Liberale_Italiano","*":"Partito Liberale Italiano"},{"lang":"el","url":"https://el.wikipedia.org/wiki/%CE%99%CF%84%CE%B1%CE%BB%CE%B9%CE%BA%CF%8C_%CE%A6%CE%B9%CE%BB%CE%B5%CE%BB%CE%B5%CF%8D%CE%B8%CE%B5%CF%81%CE%BF_%CE%9A%CF%8C%CE%BC%CE%BC%CE%B1","*":"\u0399\u03c4\u03b1\u03bb\u03b9\u03ba\u03cc \u03a6\u03b9\u03bb\u03b5\u03bb\u03b5\u03cd\u03b8\u03b5\u03c1\u03bf \u039a\u03cc\u03bc\u03bc\u03b1"},{"lang":"es","url":"https://es.wikipedia.org/wiki/Partido_Liberal_Italiano","*":"Partido Liberal Italiano"},{"lang":"fi","url":"https://fi.wikipedia.org/wiki/Italian_liberaalinen_puolue","*":"Italian liberaalinen puolue"},{"lang":"fr","url":"https://fr.wikipedia.org/wiki/Parti_lib%C3%A9ral_italien","*":"Parti lib\u00e9ral italien"},{"lang":"is","url":"https://is.wikipedia.org/wiki/Frj%C3%A1lslyndi_flokkurinn_(%C3%8Dtal%C3%ADa)","*":"Frj\u00e1lslyndi flokkurinn (\u00cdtal\u00eda)"},{"lang":"it","url":"https://it.wikipedia.org/wiki/Partito_Liberale_Italiano","*":"Partito Liberale Italiano"},{"lang":"ja","url":"https://ja.wikipedia.org/wiki/%E3%82%A4%E3%82%BF%E3%83%AA%E3%82%A2%E8%87%AA%E7%94%B1%E5%85%9A","*":"\u30a4\u30bf\u30ea\u30a2\u81ea\u7531\u515a"},{"lang":"la","url":"https://la.wikipedia.org/wiki/Factio_liberalis_Italica","*":"Factio liberalis Italica"},{"lang":"nl","url":"https://nl.wikipedia.org/wiki/Liberale_Partij_van_Itali%C3%AB","*":"Liberale Partij van Itali\u00eb"},{"lang":"nb","url":"https://no.wikipedia.org/wiki/Partito_Liberale_Italiano_(1943%E2%80%931994)","*":"Partito Liberale Italiano (1943\u20131994)"},{"lang":"pl","url":"https://pl.wikipedia.org/wiki/W%C5%82oska_Partia_Liberalna","*":"W\u0142oska Partia Liberalna"},{"lang":"pt","url":"https://pt.wikipedia.org/wiki/Partido_Liberal_Italiano","*":"Partido Liberal Italiano"},{"lang":"ru","url":"https://ru.wikipedia.org/wiki/%D0%98%D1%82%D0%B0%D0%BB%D1%8C%D1%8F%D0%BD%D1%81%D0%BA%D0%B0%D1%8F_%D0%BB%D0%B8%D0%B1%D0%B5%D1%80%D0%B0%D0%BB%D1%8C%D0%BD%D0%B0%D1%8F_%D0%BF%D0%B0%D1%80%D1%82%D0%B8%D1%8F","*":"\u0418\u0442\u0430\u043b\u044c\u044f\u043d\u0441\u043a\u0430\u044f \u043b\u0438\u0431\u0435\u0440\u0430\u043b\u044c\u043d\u0430\u044f \u043f\u0430\u0440\u0442\u0438\u044f"},{"lang":"scn","url":"https://scn.wikipedia.org/wiki/Partitu_Libbirali_Italianu","*":"Partitu Libbirali Italianu"},{"lang":"sh","url":"https://sh.wikipedia.org/wiki/Italijanska_liberalna_partija","*":"Italijanska liberalna partija"},{"lang":"sv","url":"https://sv.wikipedia.org/wiki/Italiens_liberala_parti","*":"Italiens liberala parti"},{"lang":"uk","url":"https://uk.wikipedia.org/wiki/%D0%86%D1%82%D0%B0%D0%BB%D1%96%D0%B9%D1%81%D1%8C%D0%BA%D0%B0_%D0%BB%D1%96%D0%B1%D0%B5%D1%80%D0%B0%D0%BB%D1%8C%D0%BD%D0%B0_%D0%BF%D0%B0%D1%80%D1%82%D1%96%D1%8F","*":"\u0406\u0442\u0430\u043b\u0456\u0439\u0441\u044c\u043a\u0430 \u043b\u0456\u0431\u0435\u0440\u0430\u043b\u044c\u043d\u0430 \u043f\u0430\u0440\u0442\u0456\u044f"}]}}}}