{"batchcomplete":"","query":{"normalized":[{"from":"Virtue_Party","to":"Virtue Party"}],"pages":{"2322069":{"pageid":2322069,"ns":0,"title":"Virtue Party","langlinks":[{"lang":"ar","url":"https://ar.wikipedia.org/wiki/%D8%AD%D8%B2%D8%A8_%D8%A7%D9%84%D9%81%D8%B6%D9%8A%D9%84%D8%A9_(%D8%AA%D8%B1%D9%83%D9%8A%D8%A7)","*":"\u062d\u0632\u0628 \u0627\u0644\u0641\u0636\u064a\u0644\u0629 (\u062a\u0631\u0643\u064a\u0627)"},{"lang":"bg","url":"https://bg.wikipedia.org/wiki/%D0%9F%D0%B0%D1%80%D1%82%D0%B8%D1%8F_%D0%BD%D0%B0_%D0%B4%D0%BE%D0%B1%D1%80%D0%BE%D0%B4%D0%B5%D1%82%D0%B5%D0%BB%D1%82%D0%B0","*":"\u041f\u0430\u0440\u0442\u0438\u044f \u043d\u0430 \u0434\u043e\u0431\u0440\u043e\u0434\u0435\u0442\u0435\u043b\u0442\u0430"},{"lang":"ca","url":"https://ca.wikipedia.org/wiki/Fazilet_Partisi","*":"Fazilet Partisi"},{"lang":"de","url":"https://de.wikipedia.org/wiki/Fazilet_Partisi","*":"Fazilet Partisi"},{"lang":"fa","url":"https://fa.wikipedia.org/wiki/%D8%AD%D8%B2%D8%A8_%D9%81%D8%B6%DB%8C%D9%84%D8%AA","*":"\u062d\u0632\u0628 \u0641\u0636\u06cc\u0644\u062a"},{"lang":"fr","url":"https://fr.wikipedia.org/wiki/Parti_de_la_vertu","*":"Parti de la vertu"},{"lang":"it","url":"https://it.wikipedia.org/wiki/Partito_della_Virt%C3%B9","*":"Partito della Virt\u00f9"},{"lang":"ja","url":"https://ja.wikipedia.org/wiki/%E7%BE%8E%E5%BE%B3%E5%85%9A","*":"\u7f8e\u5fb3\u515a"},{"lang":"nl","url":"https://nl.wikipedia.org/wiki/Deugdpartij","*":"Deugdpartij"},{"lang":"ru","url":"https://ru.wikipedia.org/wiki/%D0%9F%D0%B0%D1%80%D1%82%D0%B8%D1%8F_%D0%B4%D0%BE%D0%B1%D1%80%D0%BE%D0%B4%D0%B5%D1%82%D0%B5%D0%BB%D0%B8","*":"\u041f\u0430\u0440\u0442\u0438\u044f \u0434\u043e\u0431\u0440\u043e\u0434\u0435\u0442\u0435\u043b\u0438"},{"lang":"tr","url":"https://tr.wikipedia.org/wiki/Fazilet_Partisi","*":"Fazilet Partisi"},{"lang":"zh","url":"https://zh.wikipedia.org/wiki/%E7%BE%8E%E5%BE%B7%E9%BB%A8","*":"\u7f8e\u5fb7\u9ee8"}]}}}}