{"batchcomplete":"","query":{"normalized":[{"from":"Party_for_the_Animals","to":"Party for the Animals"}],"pages":{"1855111":{"pageid":1855111,"ns":0,"title":"Party for the Animals","langlinks":[{"lang":"af","url":"https://af.wikipedia.org/wiki/Party_vir_die_Diere","*":"Party vir die Diere"},{"lang":"ar","url":"https://ar.wikipedia.org/wiki/%D8%AD%D8%B2%D8%A8_%D9%85%D9%86_%D8%A3%D8%AC%D9%84_%D8%A7%D9%84%D8%AD%D9%8A%D9%88%D8%A7%D9%86%D8%A7%D8%AA","*":"\u062d\u0632\u0628 \u0645\u0646 \u0623\u062c\u0644 \u0627\u0644\u062d\u064a\u0648\u0627\u0646\u0627\u062a"},{"lang":"be","url":"https://be.wikipedia.org/wiki/%D0%9F%D0%B0%D1%80%D1%82%D1%8B%D1%8F_%D0%B4%D0%BB%D1%8F_%D0%B6%D1%8B%D0%B2%D1%91%D0%BB","*":"\u041f\u0430\u0440\u0442\u044b\u044f \u0434\u043b\u044f \u0436\u044b\u0432\u0451\u043b"},{"lang":"ca","url":"https://ca.wikipedia.org/wiki/Partit_pels_Animals","*":"Partit pels Animals"},{"lang":"cs","url":"https://cs.wikipedia.org/wiki/Partij_voor_de_Dieren","*":"Partij voor de Dieren"},{"lang":"de","url":"https://de.wikipedia.org/wiki/Partij_voor_de_Dieren","*":"Partij voor de Dieren"},{"lang":"es","url":"https://es.wikipedia.org/wiki/Partido_por_los_Animales","*":"Partido por los Animales"},{"lang":"fi","url":"https://fi.wikipedia.org/wiki/El%C3%A4inpuolue","*":"El\u00e4inpuolue"},{"lang":"fr","url":"https://fr.wikipedia.org/wiki/Parti_pour_les_animaux","*":"Parti pour les animaux"},{"lang":"fy","url":"https://fy.wikipedia.org/wiki/Partij_foar_de_Dieren","*":"Partij foar de Dieren"},{"lang":"hu","url":"https://hu.wikipedia.org/wiki/%C3%81llatok_P%C3%A1rtja","*":"\u00c1llatok P\u00e1rtja"},{"lang":"id","url":"https://id.wikipedia.org/wiki/Partai_untuk_Hewan","*":"Partai untuk Hewan"},{"lang":"it","url":"https://it.wikipedia.org/wiki/Partito_per_gli_Animali","*":"Partito per gli Animali"},{"lang":"ja","url":"https://ja.wikipedia.org/wiki/%E5%8B%95%E7%89%A9%E5%85%9A","*":"\u52d5\u7269\u515a"},{"lang":"ko","url":"https://ko.wikipedia.org/wiki/%EB%8F%99%EB%AC%BC%EB%8B%B9","*":"\ub3d9\ubb3c\ub2f9"},{"lang":"li","url":"https://li.wikipedia.org/wiki/PvdD","*":"PvdD"},{"lang":"nds-nl","url":"https://nds-nl.wikipedia.org/wiki/Partij_voor_de_Dieren","*":"Partij voor de Dieren"},{"lang":"nl","url":"https://nl.wikipedia.org/wiki/Partij_voor_de_Dieren","*":"Partij voor de Dieren"},{"lang":"nb","url":"https://no.wikipedia.org/wiki/Dyrenes_parti","*":"Dyrenes parti"},{"lang":"pl","url":"https://pl.wikipedia.org/wiki/Partia_na_rzecz_Zwierz%C4%85t","*":"Partia na rzecz Zwierz\u0105t"},{"lang":"pt","url":"https://pt.wikipedia.org/wiki/Partido_pelos_Animais","*":"Partido pelos Animais"},{"lang":"ro","url":"https://ro.wikipedia.org/wiki/Partij_voor_de_Dieren","*":"Partij voor de Dieren"},{"lang":"ru","url":"https://ru.wikipedia.org/wiki/%D0%9F%D0%B0%D1%80%D1%82%D0%B8%D1%8F_%D0%B7%D0%B0%D1%89%D0%B8%D1%82%D1%8B_%D0%B6%D0%B8%D0%B2%D0%BE%D1%82%D0%BD%D1%8B%D1%85_(%D0%9D%D0%B8%D0%B4%D0%B5%D1%80%D0%BB%D0%B0%D0%BD%D0%B4%D1%8B)","*":"\u041f\u0430\u0440\u0442\u0438\u044f \u0437\u0430\u0449\u0438\u0442\u044b \u0436\u0438\u0432\u043e\u0442\u043d\u044b\u0445 (\u041d\u0438\u0434\u0435\u0440\u043b\u0430\u043d\u0434\u044b)"},{"lang":"simple","url":"https://simple.wikipedia.org/wiki/Party_for_the_Animals","*":"Party for the Animals"},{"lang":"sv","url":"https://sv.wikipedia.org/wiki/Partij_voor_de_Dieren","*":"Partij voor de Dieren"},{"lang":"th","url":"https://th.wikipedia.org/wiki/%E0%B8%9E%E0%B8%A3%E0%B8%A3%E0%B8%84%E0%B9%80%E0%B8%9E%E0%B8%B7%E0%B9%88%E0%B8%AD%E0%B8%AA%E0%B8%B1%E0%B8%95%E0%B8%A7%E0%B9%8C","*":"\u0e1e\u0e23\u0e23\u0e04\u0e40\u0e1e\u0e37\u0e48\u0e2d\u0e2a\u0e31\u0e15\u0e27\u0e4c"},{"lang":"tr","url":"https://tr.wikipedia.org/wiki/Hayvanlar_i%C3%A7in_Parti","*":"Hayvanlar i\u00e7in Parti"},{"lang":"uk","url":"https://uk.wikipedia.org/wiki/%D0%9F%D0%B0%D1%80%D1%82%D1%96%D1%8F_%D0%B7%D0%B0%D1%85%D0%B8%D1%81%D1%82%D1%83_%D1%82%D0%B2%D0%B0%D1%80%D0%B8%D0%BD_(%D0%9D%D1%96%D0%B4%D0%B5%D1%80%D0%BB%D0%B0%D0%BD%D0%B4%D0%B8)","*":"\u041f\u0430\u0440\u0442\u0456\u044f \u0437\u0430\u0445\u0438\u0441\u0442\u0443 \u0442\u0432\u0430\u0440\u0438\u043d (\u041d\u0456\u0434\u0435\u0440\u043b\u0430\u043d\u0434\u0438)"},{"lang":"zea","url":"https://zea.wikipedia.org/wiki/Partij_v%C3%B2_de_Dieren","*":"Partij v\u00f2 de Dieren"},{"lang":"zh","url":"https://zh.wikipedia.org/wiki/%E7%88%B1%E6%8A%A4%E5%8A%A8%E7%89%A9%E5%85%9A","*":"\u7231\u62a4\u52a8\u7269\u515a"},{"lang":"zh-min-nan","url":"https://zh-min-nan.wikipedia.org/wiki/%C5%AAi_T%C5%8Dng-bu%CC%8Dt_%C3%AA_T%C3%B3ng","*":"\u016ai T\u014dng-bu\u030dt \u00ea T\u00f3ng"}]}}}}