{"batchcomplete":"","query":{"normalized":[{"from":"Republican_Party_of_Liberty","to":"Republican Party of Liberty"}],"pages":{"10682092":{"pageid":10682092,"ns":0,"title":"Republican Party of Liberty","langlinks":[{"lang":"fr","url":"https://fr.wikipedia.org/wiki/Parti_r%C3%A9publicain_de_la_libert%C3%A9","*":"Parti r\u00e9publicain de la libert\u00e9"},{"lang":"it","url":"https://it.wikipedia.org/wiki/Partito_Repubblicano_della_Libert%C3%A0","*":"Partito Repubblicano della Libert\u00e0"},{"lang":"nl","url":"https://nl.wikipedia.org/wiki/Parti_R%C3%A9publicain_de_la_Libert%C3%A9","*":"Parti R\u00e9publicain de la Libert\u00e9"}]}}}}