{"batchcomplete":"","query":{"normalized":[{"from":"General_Zionists","to":"General Zionists"}],"pages":{"1353636":{"pageid":1353636,"ns":0,"title":"General Zionists","langlinks":[{"lang":"ca","url":"https://ca.wikipedia.org/wiki/Sionistes_Generals","*":"Sionistes Generals"},{"lang":"cs","url":"https://cs.wikipedia.org/wiki/V%C5%A1eobecn%C3%AD_sionist%C3%A9","*":"V\u0161eobecn\u00ed sionist\u00e9"},{"lang":"de","url":"https://de.wikipedia.org/wiki/Allgemeine_Zionisten","*":"Allgemeine Zionisten"},{"lang":"es","url":"https://es.wikipedia.org/wiki/Sionistas_Generales","*":"Sionistas Generales"},{"lang":"fr","url":"https://fr.wikipedia.org/wiki/Sionisme_g%C3%A9n%C3%A9ral","*":"Sionisme g\u00e9n\u00e9ral"},{"lang":"he","url":"https://he.wikipedia.org/wiki/%D7%94%D7%A6%D7%99%D7%95%D7%A0%D7%99%D7%9D_%D7%94%D7%9B%D7%9C%D7%9C%D7%99%D7%99%D7%9D","*":"\u05d4\u05e6\u05d9\u05d5\u05e0\u05d9\u05dd \u05d4\u05db\u05dc\u05dc\u05d9\u05d9\u05dd"},{"lang":"it","url":"https://it.wikipedia.org/wiki/Sionisti_Generali","*":"Sionisti Generali"},{"lang":"pl","url":"https://pl.wikipedia.org/wiki/Og%C3%B3lni_Syjoni%C5%9Bci","*":"Og\u00f3lni Syjoni\u015bci"},{"lang":"pt","url":"https://pt.wikipedia.org/wiki/Sionistas_Gerais","*":"Sionistas Gerais"},{"lang":"ru","url":"https://ru.wikipedia.org/wiki/%D0%9F%D0%B0%D1%80%D1%82%D0%B8%D1%8F_%D0%BE%D0%B1%D1%89%D0%B8%D1%85_%D1%81%D0%B8%D0%BE%D0%BD%D0%B8%D1%81%D1%82%D0%BE%D0%B2","*":"\u041f\u0430\u0440\u0442\u0438\u044f \u043e\u0431\u0449\u0438\u0445 \u0441\u0438\u043e\u043d\u0438\u0441\u0442\u043e\u0432"},{"lang":"simple","url":"https://simple.wikipedia.org/wiki/General_Zionists","*":"General Zionists"},{"lang":"sv","url":"https://sv.wikipedia.org/wiki/Generalsionisterna","*":"Generalsionisterna"}]}}}}