{"batchcomplete":"","query":{"normalized":[{"from":"Poalei_Agudat_Yisrael","to":"Poalei Agudat Yisrael"}],"pages":{"8099118":{"pageid":8099118,"ns":0,"title":"Poalei Agudat Yisrael","langlinks":[{"lang":"ar","url":"https://ar.wikipedia.org/wiki/%D8%A8%D9%88%D8%B9%D8%A7%D9%84%D9%8A_%D8%A3%D8%BA%D9%88%D8%AF%D8%A7%D8%AA_%D9%8A%D8%B3%D8%B1%D8%A7%D8%A6%D9%8A%D9%84","*":"\u0628\u0648\u0639\u0627\u0644\u064a \u0623\u063a\u0648\u062f\u0627\u062a \u064a\u0633\u0631\u0627\u0626\u064a\u0644"},{"lang":"ca","url":"https://ca.wikipedia.org/wiki/Poal%C3%A9_Agudat_Israel","*":"Poal\u00e9 Agudat Israel"},{"lang":"cs","url":"https://cs.wikipedia.org/wiki/Po%27alej_Agudat_Jisra%27el","*":"Po'alej Agudat Jisra'el"},{"lang":"de","url":"https://de.wikipedia.org/wiki/Poalei_Agudat_Jisra%E2%80%99el","*":"Poalei Agudat Jisra\u2019el"},{"lang":"fr","url":"https://fr.wikipedia.org/wiki/Poale_Agoudat_Israel","*":"Poale Agoudat Israel"},{"lang":"he","url":"https://he.wikipedia.org/wiki/%D7%A4%D7%95%D7%A2%D7%9C%D7%99_%D7%90%D7%92%D7%95%D7%93%D7%AA_%D7%99%D7%A9%D7%A8%D7%90%D7%9C","*":"\u05e4\u05d5\u05e2\u05dc\u05d9 \u05d0\u05d2\u05d5\u05d3\u05ea \u05d9\u05e9\u05e8\u05d0\u05dc"},{"lang":"nl","url":"https://nl.wikipedia.org/wiki/Poal%C3%A9_Agoedat_Jisrael","*":"Poal\u00e9 Agoedat Jisrael"},{"lang":"pl","url":"https://pl.wikipedia.org/wiki/Po%E2%80%99alej_Agudat_Jisra%E2%80%99el","*":"Po\u2019alej Agudat Jisra\u2019el"}]}}}}