{"batchcomplete":"","query":{"normalized":[{"from":"Andalusian_Party","to":"Andalusian Party"}],"pages":{"920994":{"pageid":920994,"ns":0,"title":"Andalusian Party","langlinks":[{"lang":"ast","url":"https://ast.wikipedia.org/wiki/Part%C3%ADu_Andalucista","*":"Part\u00edu Andalucista"},{"lang":"br","url":"https://br.wikipedia.org/wiki/Partido_Andalucista","*":"Partido Andalucista"},{"lang":"ca","url":"https://ca.wikipedia.org/wiki/Partit_Andalusista","*":"Partit Andalusista"},{"lang":"de","url":"https://de.wikipedia.org/wiki/Partido_Andalucista","*":"Partido Andalucista"},{"lang":"eo","url":"https://eo.wikipedia.org/wiki/Andaluzisma_Partio","*":"Andaluzisma Partio"},{"lang":"es","url":"https://es.wikipedia.org/wiki/Partido_Andalucista","*":"Partido Andalucista"},{"lang":"eu","url":"https://eu.wikipedia.org/wiki/Alderdi_Andaluzista","*":"Alderdi Andaluzista"},{"lang":"fr","url":"https://fr.wikipedia.org/wiki/Partido_Andalucista","*":"Partido Andalucista"},{"lang":"gl","url":"https://gl.wikipedia.org/wiki/Partido_Andalucista","*":"Partido Andalucista"},{"lang":"it","url":"https://it.wikipedia.org/wiki/Partito_Andaluso","*":"Partito Andaluso"},{"lang":"pl","url":"https://pl.wikipedia.org/wiki/Partia_Andaluzyjska","*":"Partia Andaluzyjska"},{"lang":"ru","url":"https://ru.wikipedia.org/wiki/%D0%90%D0%BD%D0%B4%D0%B0%D0%BB%D1%83%D1%81%D0%B8%D1%81%D1%82%D1%81%D0%BA%D0%B0%D1%8F_%D0%BF%D0%B0%D1%80%D1%82%D0%B8%D1%8F","*":"\u0410\u043d\u0434\u0430\u043b\u0443\u0441\u0438\u0441\u0442\u0441\u043a\u0430\u044f \u043f\u0430\u0440\u0442\u0438\u044f"},{"lang":"sv","url":"https://sv.wikipedia.org/wiki/Partido_Andalucista","*":"Partido Andalucista"}]}}}}