{"batchcomplete":"","query":{"normalized":[{"from":"Danish_Social_Liberal_Party","to":"Danish Social Liberal Party"}],"pages":{"861994":{"pageid":861994,"ns":0,"title":"Danish Social Liberal Party","langlinks":[{"lang":"ar","url":"https://ar.wikipedia.org/wiki/%D8%A7%D9%84%D8%AD%D8%B2%D8%A8_%D8%A7%D9%84%D9%84%D9%8A%D8%A8%D8%B1%D8%A7%D9%84%D9%8A_%D8%A7%D9%84%D8%A7%D8%AC%D8%AA%D9%85%D8%A7%D8%B9%D9%8A_%D8%A7%D9%84%D8%AF%D9%86%D9%85%D8%A7%D8%B1%D9%83%D9%8A","*":"\u0627\u0644\u062d\u0632\u0628 \u0627\u0644\u0644\u064a\u0628\u0631\u0627\u0644\u064a \u0627\u0644\u0627\u062c\u062a\u0645\u0627\u0639\u064a \u0627\u0644\u062f\u0646\u0645\u0627\u0631\u0643\u064a"},{"lang":"bg","url":"https://bg.wikipedia.org/wiki/%D0%A0%D0%B0%D0%B4%D0%B8%D0%BA%D0%B0%D0%BB%D0%BD%D0%B0_%D0%BB%D0%B5%D0%B2%D0%B8%D1%86%D0%B0","*":"\u0420\u0430\u0434\u0438\u043a\u0430\u043b\u043d\u0430 \u043b\u0435\u0432\u0438\u0446\u0430"},{"lang":"ca","url":"https://ca.wikipedia.org/wiki/Esquerra_Radical","*":"Esquerra Radical"},{"lang":"cs","url":"https://cs.wikipedia.org/wiki/Radik%C3%A1ln%C3%AD_liber%C3%A1ln%C3%AD_strana","*":"Radik\u00e1ln\u00ed liber\u00e1ln\u00ed strana"},{"lang":"da","url":"https://da.wikipedia.org/wiki/Radikale_Venstre","*":"Radikale Venstre"},{"lang":"de","url":"https://de.wikipedia.org/wiki/Radikale_Venstre","*":"Radikale Venstre"},{"lang":"el","url":"https://el.wikipedia.org/wiki/%CE%94%CE%B1%CE%BD%CE%B9%CE%BA%CF%8C_%CE%9A%CE%BF%CE%B9%CE%BD%CF%89%CE%BD%CE%B9%CE%BA%CF%8C_%CE%A6%CE%B9%CE%BB%CE%B5%CE%BB%CE%B5%CF%8D%CE%B8%CE%B5%CF%81%CE%BF_%CE%9A%CF%8C%CE%BC%CE%BC%CE%B1","*":"\u0394\u03b1\u03bd\u03b9\u03ba\u03cc \u039a\u03bf\u03b9\u03bd\u03c9\u03bd\u03b9\u03ba\u03cc \u03a6\u03b9\u03bb\u03b5\u03bb\u03b5\u03cd\u03b8\u03b5\u03c1\u03bf \u039a\u03cc\u03bc\u03bc\u03b1"},{"lang":"es","url":"https://es.wikipedia.org/wiki/Partido_Social_Liberal_(Dinamarca)","*":"Partido Social Liberal (Dinamarca)"},{"lang":"et","url":"https://et.wikipedia.org/wiki/Det_Radikale_Venstre","*":"Det Radikale Venstre"},{"lang":"eu","url":"https://eu.wikipedia.org/wiki/Danimarkako_Alderdi_Sozio-Liberala","*":"Danimarkako Alderdi Sozio-Liberala"},{"lang":"fi","url":"https://fi.wikipedia.org/wiki/Radikaali_Venstre","*":"Radikaali Venstre"},{"lang":"fo","url":"https://fo.wikipedia.org/wiki/Radikale_Venstre","*":"Radikale Venstre"},{"lang":"fr","url":"https://fr.wikipedia.org/wiki/Parti_social-lib%C3%A9ral_danois","*":"Parti social-lib\u00e9ral danois"},{"lang":"gl","url":"https://gl.wikipedia.org/wiki/Radikale_Venstre","*":"Radikale Venstre"},{"lang":"id","url":"https://id.wikipedia.org/wiki/Radikale_Venstre","*":"Radikale Venstre"},{"lang":"is","url":"https://is.wikipedia.org/wiki/R%C3%B3tt%C3%A6ki_vinstriflokkurinn","*":"R\u00f3tt\u00e6ki vinstriflokkurinn"},{"lang":"it","url":"https://it.wikipedia.org/wiki/Sinistra_Radicale_(Danimarca)","*":"Sinistra Radicale (Danimarca)"},{"lang":"ja","url":"https://ja.wikipedia.org/wiki/%E3%83%A9%E3%83%87%E3%82%A3%E3%82%B1%E3%83%BC%E3%83%AA","*":"\u30e9\u30c7\u30a3\u30b1\u30fc\u30ea"},{"lang":"ko","url":"https://ko.wikipedia.org/wiki/%EA%B8%89%EC%A7%84%EC%A2%8C%ED%8C%8C%EB%8B%B9","*":"\uae09\uc9c4\uc88c\ud30c\ub2f9"},{"lang":"nl","url":"https://nl.wikipedia.org/wiki/Radikale_Venstre","*":"Radikale Venstre"},{"lang":"nn","url":"https://nn.wikipedia.org/wiki/Radikale_Venstre","*":"Radikale Venstre"},{"lang":"nb","url":"https://no.wikipedia.org/wiki/Radikale_Venstre","*":"Radikale Venstre"},{"lang":"pl","url":"https://pl.wikipedia.org/wiki/Det_Radikale_Venstre","*":"Det Radikale Venstre"},{"lang":"pt","url":"https://pt.wikipedia.org/wiki/Partido_Social-Liberal_(Dinamarca)","*":"Partido Social-Liberal (Dinamarca)"},{"lang":"ru","url":"https://ru.wikipedia.org/wiki/%D0%A0%D0%B0%D0%B4%D0%B8%D0%BA%D0%B0%D0%BB%D1%8C%D0%BD%D0%B0%D1%8F_%D0%92%D0%B5%D0%BD%D1%81%D1%82%D1%80%D0%B5","*":"\u0420\u0430\u0434\u0438\u043a\u0430\u043b\u044c\u043d\u0430\u044f \u0412\u0435\u043d\u0441\u0442\u0440\u0435"},{"lang":"sv","url":"https://sv.wikipedia.org/wiki/Radikale_Venstre","*":"Radikale Venstre"},{"lang":"uk","url":"https://uk.wikipedia.org/wiki/%D0%A0%D0%B0%D0%B4%D0%B8%D0%BA%D0%B0%D0%BB%D1%8C%D0%BD%D0%B0_%D0%92%D0%B5%D0%BD%D1%81%D1%82%D1%80%D0%B5","*":"\u0420\u0430\u0434\u0438\u043a\u0430\u043b\u044c\u043d\u0430 \u0412\u0435\u043d\u0441\u0442\u0440\u0435"},{"lang":"zh","url":"https://zh.wikipedia.org/wiki/%E4%B8%B9%E9%BA%A5%E7%A4%BE%E6%9C%83%E8%87%AA%E7%94%B1%E9%BB%A8","*":"\u4e39\u9ea5\u793e\u6703\u81ea\u7531\u9ee8"}]}}}}