{"batchcomplete":"","query":{"normalized":[{"from":"Social_Democratic_Union_of_Macedonia","to":"Social Democratic Union of Macedonia"}],"pages":{"424632":{"pageid":424632,"ns":0,"title":"Social Democratic Union of Macedonia","langlinks":[{"lang":"ar","url":"https://ar.wikipedia.org/wiki/%D8%A7%D9%84%D8%A7%D8%AA%D8%AD%D8%A7%D8%AF_%D8%A7%D9%84%D8%AF%D9%8A%D9%85%D9%82%D8%B1%D8%A7%D8%B7%D9%8A_%D8%A7%D9%84%D9%85%D8%B4%D8%AA%D8%B1%D9%83","*":"\u0627\u0644\u0627\u062a\u062d\u0627\u062f \u0627\u0644\u062f\u064a\u0645\u0642\u0631\u0627\u0637\u064a \u0627\u0644\u0645\u0634\u062a\u0631\u0643"},{"lang":"be","url":"https://be.wikipedia.org/wiki/%D0%A1%D0%B0%D1%86%D1%8B%D1%8F%D0%BB-%D0%B4%D1%8D%D0%BC%D0%B0%D0%BA%D1%80%D0%B0%D1%82%D1%8B%D1%87%D0%BD%D1%8B_%D1%81%D0%B0%D1%8E%D0%B7_%D0%9C%D0%B0%D0%BA%D0%B5%D0%B4%D0%BE%D0%BD%D1%96%D1%96","*":"\u0421\u0430\u0446\u044b\u044f\u043b-\u0434\u044d\u043c\u0430\u043a\u0440\u0430\u0442\u044b\u0447\u043d\u044b \u0441\u0430\u044e\u0437 \u041c\u0430\u043a\u0435\u0434\u043e\u043d\u0456\u0456"},{"lang":"bg","url":"https://bg.wikipedia.org/wiki/%D0%A1%D0%BE%D1%86%D0%B8%D0%B0%D0%BB%D0%B4%D0%B5%D0%BC%D0%BE%D0%BA%D1%80%D0%B0%D1%82%D0%B8%D1%87%D0%B5%D1%81%D0%BA%D0%B8_%D1%81%D1%8A%D1%8E%D0%B7_%D0%BD%D0%B0_%D0%9C%D0%B0%D0%BA%D0%B5%D0%B4%D0%BE%D0%BD%D0%B8%D1%8F","*":"\u0421\u043e\u0446\u0438\u0430\u043b\u0434\u0435\u043c\u043e\u043a\u0440\u0430\u0442\u0438\u0447\u0435\u0441\u043a\u0438 \u0441\u044a\u044e\u0437 \u043d\u0430 \u041c\u0430\u043a\u0435\u0434\u043e\u043d\u0438\u044f"},{"lang":"ca","url":"https://ca.wikipedia.org/wiki/Uni%C3%B3_Socialdem%C3%B2crata_de_Maced%C3%B2nia","*":"Uni\u00f3 Socialdem\u00f2crata de Maced\u00f2nia"},{"lang":"cs","url":"https://cs.wikipedia.org/wiki/Socijaldemokratski_Sojuz_na_Makedonija","*":"Socijaldemokratski Sojuz na Makedonija"},{"lang":"de","url":"https://de.wikipedia.org/wiki/Sozialdemokratische_Liga_Mazedoniens","*":"Sozialdemokratische Liga Mazedoniens"},{"lang":"el","url":"https://el.wikipedia.org/wiki/%CE%A3%CE%BF%CF%83%CE%B9%CE%B1%CE%BB%CE%B4%CE%B7%CE%BC%CE%BF%CE%BA%CF%81%CE%B1%CF%84%CE%B9%CE%BA%CE%AE_%CE%88%CE%BD%CF%89%CF%83%CE%B7_%CE%9C%CE%B1%CE%BA%CE%B5%CE%B4%CE%BF%CE%BD%CE%AF%CE%B1%CF%82","*":"\u03a3\u03bf\u03c3\u03b9\u03b1\u03bb\u03b4\u03b7\u03bc\u03bf\u03ba\u03c1\u03b1\u03c4\u03b9\u03ba\u03ae \u0388\u03bd\u03c9\u03c3\u03b7 \u039c\u03b1\u03ba\u03b5\u03b4\u03bf\u03bd\u03af\u03b1\u03c2"},{"lang":"es","url":"https://es.wikipedia.org/wiki/Uni%C3%B3n_Socialdem%C3%B3crata_de_Macedonia","*":"Uni\u00f3n Socialdem\u00f3crata de Macedonia"},{"lang":"fi","url":"https://fi.wikipedia.org/wiki/Socijaldemokratski_Sojuz_na_Makedonija","*":"Socijaldemokratski Sojuz na Makedonija"},{"lang":"fr","url":"https://fr.wikipedia.org/wiki/Union_sociale-d%C3%A9mocrate_de_Mac%C3%A9doine","*":"Union sociale-d\u00e9mocrate de Mac\u00e9doine"},{"lang":"gl","url":"https://gl.wikipedia.org/wiki/Uni%C3%B3n_Social_Dem%C3%B3crata_de_Macedonia","*":"Uni\u00f3n Social Dem\u00f3crata de Macedonia"},{"lang":"he","url":"https://he.wikipedia.org/wiki/%D7%94%D7%90%D7%99%D7%97%D7%95%D7%93_%D7%94%D7%A1%D7%95%D7%A6%D7%99%D7%90%D7%9C-%D7%93%D7%9E%D7%95%D7%A7%D7%A8%D7%98%D7%99_%D7%A9%D7%9C_%D7%9E%D7%A7%D7%93%D7%95%D7%A0%D7%99%D7%94","*":"\u05d4\u05d0\u05d9\u05d7\u05d5\u05d3 \u05d4\u05e1\u05d5\u05e6\u05d9\u05d0\u05dc-\u05d3\u05de\u05d5\u05e7\u05e8\u05d8\u05d9 \u05e9\u05dc \u05de\u05e7\u05d3\u05d5\u05e0\u05d9\u05d4"},{"lang":"hsb","url":"https://hsb.wikipedia.org/wiki/Socialdemokratiski_zwjazk_Makedonskeje","*":"Socialdemokratiski zwjazk Makedonskeje"},{"lang":"hu","url":"https://hu.wikipedia.org/wiki/Maced%C3%B3n_Szoci%C3%A1ldemokrata_Uni%C3%B3","*":"Maced\u00f3n Szoci\u00e1ldemokrata Uni\u00f3"},{"lang":"it","url":"https://it.wikipedia.org/wiki/Unione_Socialdemocratica_di_Macedonia","*":"Unione Socialdemocratica di Macedonia"},{"lang":"ja","url":"https://ja.wikipedia.org/wiki/%E3%83%9E%E3%82%B1%E3%83%89%E3%83%8B%E3%82%A2%E7%A4%BE%E4%BC%9A%E6%B0%91%E4%B8%BB%E5%90%8C%E7%9B%9F","*":"\u30de\u30b1\u30c9\u30cb\u30a2\u793e\u4f1a\u6c11\u4e3b\u540c\u76df"},{"lang":"ko","url":"https://ko.wikipedia.org/wiki/%EB%A7%88%EC%BC%80%EB%8F%84%EB%8B%88%EC%95%84_%EC%82%AC%ED%9A%8C%EB%AF%BC%EC%A3%BC%EC%A3%BC%EC%9D%98_%EB%8F%99%EB%A7%B9","*":"\ub9c8\ucf00\ub3c4\ub2c8\uc544 \uc0ac\ud68c\ubbfc\uc8fc\uc8fc\uc758 \ub3d9\ub9f9"},{"lang":"lt","url":"https://lt.wikipedia.org/wiki/Makedonijos_socialdemokrat%C5%B3_s%C4%85junga","*":"Makedonijos socialdemokrat\u0173 s\u0105junga"},{"lang":"mk","url":"https://mk.wikipedia.org/wiki/%D0%A1%D0%BE%D1%86%D0%B8%D1%98%D0%B0%D0%BB%D0%B4%D0%B5%D0%BC%D0%BE%D0%BA%D1%80%D0%B0%D1%82%D1%81%D0%BA%D0%B8_%D1%81%D0%BE%D1%98%D1%83%D0%B7_%D0%BD%D0%B0_%D0%9C%D0%B0%D0%BA%D0%B5%D0%B4%D0%BE%D0%BD%D0%B8%D1%98%D0%B0","*":"\u0421\u043e\u0446\u0438\u0458\u0430\u043b\u0434\u0435\u043c\u043e\u043a\u0440\u0430\u0442\u0441\u043a\u0438 \u0441\u043e\u0458\u0443\u0437 \u043d\u0430 \u041c\u0430\u043a\u0435\u0434\u043e\u043d\u0438\u0458\u0430"},{"lang":"pl","url":"https://pl.wikipedia.org/wiki/Socjaldemokratyczny_Zwi%C4%85zek_Macedonii","*":"Socjaldemokratyczny Zwi\u0105zek Macedonii"},{"lang":"pt","url":"https://pt.wikipedia.org/wiki/Uni%C3%A3o_Social-Democrata_da_Maced%C3%B3nia","*":"Uni\u00e3o Social-Democrata da Maced\u00f3nia"},{"lang":"ru","url":"https://ru.wikipedia.org/wiki/%D0%A1%D0%BE%D1%86%D0%B8%D0%B0%D0%BB-%D0%B4%D0%B5%D0%BC%D0%BE%D0%BA%D1%80%D0%B0%D1%82%D0%B8%D1%87%D0%B5%D1%81%D0%BA%D0%B8%D0%B9_%D1%81%D0%BE%D1%8E%D0%B7_%D0%9C%D0%B0%D0%BA%D0%B5%D0%B4%D0%BE%D0%BD%D0%B8%D0%B8","*":"\u0421\u043e\u0446\u0438\u0430\u043b-\u0434\u0435\u043c\u043e\u043a\u0440\u0430\u0442\u0438\u0447\u0435\u0441\u043a\u0438\u0439 \u0441\u043e\u044e\u0437 \u041c\u0430\u043a\u0435\u0434\u043e\u043d\u0438\u0438"},{"lang":"sh","url":"https://sh.wikipedia.org/wiki/Socijademokratski_savez_Makedonije","*":"Socijademokratski savez Makedonije"},{"lang":"simple","url":"https://simple.wikipedia.org/wiki/Social_Democratic_Union_of_Macedonia","*":"Social Democratic Union of Macedonia"},{"lang":"sq","url":"https://sq.wikipedia.org/wiki/Lidhja_Socialdemokrate_e_Maqedonis%C3%AB","*":"Lidhja Socialdemokrate e Maqedonis\u00eb"},{"lang":"sr","url":"https://sr.wikipedia.org/wiki/%D0%A1%D0%BE%D1%86%D0%B8%D1%98%D0%B0%D0%BB%D0%B4%D0%B5%D0%BC%D0%BE%D0%BA%D1%80%D0%B0%D1%82%D1%81%D0%BA%D0%B8_%D1%81%D0%B0%D0%B2%D0%B5%D0%B7_%D0%9C%D0%B0%D0%BA%D0%B5%D0%B4%D0%BE%D0%BD%D0%B8%D1%98%D0%B5","*":"\u0421\u043e\u0446\u0438\u0458\u0430\u043b\u0434\u0435\u043c\u043e\u043a\u0440\u0430\u0442\u0441\u043a\u0438 \u0441\u0430\u0432\u0435\u0437 \u041c\u0430\u043a\u0435\u0434\u043e\u043d\u0438\u0458\u0435"},{"lang":"sv","url":"https://sv.wikipedia.org/wiki/Makedoniens_socialdemokratiska_union","*":"Makedoniens socialdemokratiska union"},{"lang":"tr","url":"https://tr.wikipedia.org/wiki/Makedonya_Sosyal_Demokrat_Birli%C4%9Fi","*":"Makedonya Sosyal Demokrat Birli\u011fi"},{"lang":"uk","url":"https://uk.wikipedia.org/wiki/%D0%A1%D0%BE%D1%86%D1%96%D0%B0%D0%BB-%D0%B4%D0%B5%D0%BC%D0%BE%D0%BA%D1%80%D0%B0%D1%82%D0%B8%D1%87%D0%BD%D0%B8%D0%B9_%D1%81%D0%BE%D1%8E%D0%B7_%D0%9C%D0%B0%D0%BA%D0%B5%D0%B4%D0%BE%D0%BD%D1%96%D1%97","*":"\u0421\u043e\u0446\u0456\u0430\u043b-\u0434\u0435\u043c\u043e\u043a\u0440\u0430\u0442\u0438\u0447\u043d\u0438\u0439 \u0441\u043e\u044e\u0437 \u041c\u0430\u043a\u0435\u0434\u043e\u043d\u0456\u0457"},{"lang":"wuu","url":"https://wuu.wikipedia.org/wiki/%E9%A9%AC%E5%85%B6%E9%A1%BF%E7%A4%BE%E4%BC%9A%E6%B0%91%E4%B8%BB%E8%81%94%E7%9B%9F","*":"\u9a6c\u5176\u987f\u793e\u4f1a\u6c11\u4e3b\u8054\u76df"},{"lang":"zh","url":"https://zh.wikipedia.org/wiki/%E9%A6%AC%E5%85%B6%E9%A0%93%E7%A4%BE%E6%9C%83%E6%B0%91%E4%B8%BB%E8%81%AF%E7%9B%9F","*":"\u99ac\u5176\u9813\u793e\u6703\u6c11\u4e3b\u806f\u76df"}]}}}}