{"batchcomplete":"","query":{"normalized":[{"from":"Pole_of_Freedoms","to":"Pole of Freedoms"}],"pages":{"10346448":{"pageid":10346448,"ns":0,"title":"Pole of Freedoms","langlinks":[{"lang":"ca","url":"https://ca.wikipedia.org/wiki/Pol_de_les_Llibertats","*":"Pol de les Llibertats"},{"lang":"de","url":"https://de.wikipedia.org/wiki/Polo_delle_Libert%C3%A0","*":"Polo delle Libert\u00e0"},{"lang":"es","url":"https://es.wikipedia.org/wiki/Polo_de_las_Libertades","*":"Polo de las Libertades"},{"lang":"fr","url":"https://fr.wikipedia.org/wiki/P%C3%B4le_des_libert%C3%A9s_-_P%C3%B4le_du_bon_gouvernement","*":"P\u00f4le des libert\u00e9s - P\u00f4le du bon gouvernement"},{"lang":"it","url":"https://it.wikipedia.org/wiki/Polo_delle_Libert%C3%A0","*":"Polo delle Libert\u00e0"},{"lang":"nb","url":"https://no.wikipedia.org/wiki/Polo_delle_Libert%C3%A0","*":"Polo delle Libert\u00e0"},{"lang":"ru","url":"https://ru.wikipedia.org/wiki/%D0%9F%D0%BE%D0%BB%D1%8E%D1%81_%D1%81%D0%B2%D0%BE%D0%B1%D0%BE%D0%B4","*":"\u041f\u043e\u043b\u044e\u0441 \u0441\u0432\u043e\u0431\u043e\u0434"},{"lang":"sv","url":"https://sv.wikipedia.org/wiki/Frihetens_pelare","*":"Frihetens pelare"},{"lang":"vec","url":"https://vec.wikipedia.org/wiki/Po%C5%82o_de_%C5%82e_Libart%C3%A0","*":"Po\u0142o de \u0142e Libart\u00e0"}]}}}}