{"batchcomplete":"","query":{"normalized":[{"from":"New_Liberal_Club","to":"New Liberal Club"}],"pages":{"13595023":{"pageid":13595023,"ns":0,"title":"New Liberal Club","langlinks":[{"lang":"ca","url":"https://ca.wikipedia.org/wiki/Nou_Club_Liberal_(Jap%C3%B3)","*":"Nou Club Liberal (Jap\u00f3)"},{"lang":"de","url":"https://de.wikipedia.org/wiki/Neuer_Liberaler_Klub","*":"Neuer Liberaler Klub"},{"lang":"ja","url":"https://ja.wikipedia.org/wiki/%E6%96%B0%E8%87%AA%E7%94%B1%E3%82%AF%E3%83%A9%E3%83%96","*":"\u65b0\u81ea\u7531\u30af\u30e9\u30d6"},{"lang":"zh","url":"https://zh.wikipedia.org/wiki/%E6%96%B0%E8%87%AA%E7%94%B1%E4%BF%B1%E6%A8%82%E9%83%A8","*":"\u65b0\u81ea\u7531\u4ff1\u6a02\u90e8"}]}}}}