{"batchcomplete":"","query":{"normalized":[{"from":"Swedish_Senior_Citizen_Interest_Party","to":"Swedish Senior Citizen Interest Party"}],"pages":{"447200":{"pageid":447200,"ns":0,"title":"Swedish Senior Citizen Interest Party","langlinks":[{"lang":"de","url":"https://de.wikipedia.org/wiki/Sveriges_pension%C3%A4rers_intresseparti","*":"Sveriges pension\u00e4rers intresseparti"},{"lang":"es","url":"https://es.wikipedia.org/wiki/Partido_de_los_Intereses_de_los_Jubilados_de_Suecia","*":"Partido de los Intereses de los Jubilados de Suecia"},{"lang":"id","url":"https://id.wikipedia.org/wiki/Partai_Kepentingan_Warga_Negara_Senior_Swedia","*":"Partai Kepentingan Warga Negara Senior Swedia"},{"lang":"nb","url":"https://no.wikipedia.org/wiki/SPI_V%C3%A4lf%C3%A4rden","*":"SPI V\u00e4lf\u00e4rden"},{"lang":"ru","url":"https://ru.wikipedia.org/wiki/%D0%9F%D0%B0%D1%80%D1%82%D0%B8%D1%8F_%D0%B7%D0%B0%D1%89%D0%B8%D1%82%D1%8B_%D0%B8%D0%BD%D1%82%D0%B5%D1%80%D0%B5%D1%81%D0%BE%D0%B2_%D0%BF%D0%B5%D0%BD%D1%81%D0%B8%D0%BE%D0%BD%D0%B5%D1%80%D0%BE%D0%B2","*":"\u041f\u0430\u0440\u0442\u0438\u044f \u0437\u0430\u0449\u0438\u0442\u044b \u0438\u043d\u0442\u0435\u0440\u0435\u0441\u043e\u0432 \u043f\u0435\u043d\u0441\u0438\u043e\u043d\u0435\u0440\u043e\u0432"},{"lang":"sv","url":"https://sv.wikipedia.org/wiki/SPI_V%C3%A4lf%C3%A4rden","*":"SPI V\u00e4lf\u00e4rden"}]}}}}