{"batchcomplete":"","query":{"normalized":[{"from":"Polish_Beer-Lovers'_Party","to":"Polish Beer-Lovers' Party"}],"pages":{"506545":{"pageid":506545,"ns":0,"title":"Polish Beer-Lovers' Party","langlinks":[{"lang":"ca","url":"https://ca.wikipedia.org/wiki/Partit_dels_Amants_de_la_Cervesa_de_Pol%C3%B2nia","*":"Partit dels Amants de la Cervesa de Pol\u00f2nia"},{"lang":"de","url":"https://de.wikipedia.org/wiki/Polska_Partia_Przyjaci%C3%B3%C5%82_Piwa","*":"Polska Partia Przyjaci\u00f3\u0142 Piwa"},{"lang":"es","url":"https://es.wikipedia.org/wiki/Partido_de_los_Amantes_de_la_Cerveza_de_Polonia","*":"Partido de los Amantes de la Cerveza de Polonia"},{"lang":"fr","url":"https://fr.wikipedia.org/wiki/Parti_polonais_des_amis_de_la_bi%C3%A8re","*":"Parti polonais des amis de la bi\u00e8re"},{"lang":"he","url":"https://he.wikipedia.org/wiki/%D7%9E%D7%A4%D7%9C%D7%92%D7%AA_%D7%90%D7%95%D7%94%D7%91%D7%99_%D7%94%D7%91%D7%99%D7%A8%D7%94_%D7%94%D7%A4%D7%95%D7%9C%D7%A0%D7%99%D7%AA","*":"\u05de\u05e4\u05dc\u05d2\u05ea \u05d0\u05d5\u05d4\u05d1\u05d9 \u05d4\u05d1\u05d9\u05e8\u05d4 \u05d4\u05e4\u05d5\u05dc\u05e0\u05d9\u05ea"},{"lang":"hr","url":"https://hr.wikipedia.org/wiki/Poljska_stranka_ljubitelja_piva","*":"Poljska stranka ljubitelja piva"},{"lang":"hu","url":"https://hu.wikipedia.org/wiki/Lengyel_S%C3%B6rkedvel%C5%91k_P%C3%A1rtja","*":"Lengyel S\u00f6rkedvel\u0151k P\u00e1rtja"},{"lang":"it","url":"https://it.wikipedia.org/wiki/Partito_Polacco_degli_Amici_della_Birra","*":"Partito Polacco degli Amici della Birra"},{"lang":"ja","url":"https://ja.wikipedia.org/wiki/%E3%83%93%E3%83%BC%E3%83%AB%E6%84%9B%E5%A5%BD%E8%80%85%E5%85%9A_(%E3%83%9D%E3%83%BC%E3%83%A9%E3%83%B3%E3%83%89)","*":"\u30d3\u30fc\u30eb\u611b\u597d\u8005\u515a (\u30dd\u30fc\u30e9\u30f3\u30c9)"},{"lang":"lmo","url":"https://lmo.wikipedia.org/wiki/Partii_di_Amant_de_la_Birra_polacch","*":"Partii di Amant de la Birra polacch"},{"lang":"nl","url":"https://nl.wikipedia.org/wiki/Polska_Partia_Przyjaci%C3%B3%C5%82_Piwa","*":"Polska Partia Przyjaci\u00f3\u0142 Piwa"},{"lang":"nn","url":"https://nn.wikipedia.org/wiki/Partiet_polske_%C3%B8lvener","*":"Partiet polske \u00f8lvener"},{"lang":"pl","url":"https://pl.wikipedia.org/wiki/Polska_Partia_Przyjaci%C3%B3%C5%82_Piwa","*":"Polska Partia Przyjaci\u00f3\u0142 Piwa"},{"lang":"ru","url":"https://ru.wikipedia.org/wiki/%D0%9F%D0%BE%D0%BB%D1%8C%D1%81%D0%BA%D0%B0%D1%8F_%D0%BF%D0%B0%D1%80%D1%82%D0%B8%D1%8F_%D0%BB%D1%8E%D0%B1%D0%B8%D1%82%D0%B5%D0%BB%D0%B5%D0%B9_%D0%BF%D0%B8%D0%B2%D0%B0","*":"\u041f\u043e\u043b\u044c\u0441\u043a\u0430\u044f \u043f\u0430\u0440\u0442\u0438\u044f \u043b\u044e\u0431\u0438\u0442\u0435\u043b\u0435\u0439 \u043f\u0438\u0432\u0430"},{"lang":"sv","url":"https://sv.wikipedia.org/wiki/Polska_%C3%B6lv%C3%A4nners_parti","*":"Polska \u00f6lv\u00e4nners parti"}]}}}}