{"batchcomplete":"","query":{"normalized":[{"from":"Yemenite_Association","to":"Yemenite Association"}],"pages":{"8031608":{"pageid":8031608,"ns":0,"title":"Yemenite Association","langlinks":[{"lang":"ar","url":"https://ar.wikipedia.org/wiki/%D8%AC%D9%85%D8%B9%D9%8A%D8%A9_%D8%A7%D9%84%D9%8A%D9%85%D9%86%D9%8A%D9%8A%D9%86","*":"\u062c\u0645\u0639\u064a\u0629 \u0627\u0644\u064a\u0645\u0646\u064a\u064a\u0646"},{"lang":"ca","url":"https://ca.wikipedia.org/wiki/Associaci%C3%B3_Iemenita","*":"Associaci\u00f3 Iemenita"},{"lang":"cs","url":"https://cs.wikipedia.org/wiki/Jemenitsk%C3%A9_sdru%C5%BEen%C3%AD","*":"Jemenitsk\u00e9 sdru\u017een\u00ed"},{"lang":"de","url":"https://de.wikipedia.org/wiki/Hitachdut_HaTeimanim_beJisra%E2%80%99el","*":"Hitachdut HaTeimanim beJisra\u2019el"},{"lang":"he","url":"https://he.wikipedia.org/wiki/%D7%94%D7%AA%D7%90%D7%97%D7%93%D7%95%D7%AA_%D7%94%D7%AA%D7%99%D7%9E%D7%A0%D7%99%D7%9D_%D7%91%D7%99%D7%A9%D7%A8%D7%90%D7%9C","*":"\u05d4\u05ea\u05d0\u05d7\u05d3\u05d5\u05ea \u05d4\u05ea\u05d9\u05de\u05e0\u05d9\u05dd \u05d1\u05d9\u05e9\u05e8\u05d0\u05dc"},{"lang":"pl","url":"https://pl.wikipedia.org/wiki/Zwi%C4%85zek_Jeme%C5%84ski","*":"Zwi\u0105zek Jeme\u0144ski"},{"lang":"ru","url":"https://ru.wikipedia.org/wiki/%D0%90%D1%81%D1%81%D0%BE%D1%86%D0%B8%D0%B0%D1%86%D0%B8%D1%8F_%D0%B9%D0%B5%D0%BC%D0%B5%D0%BD%D1%86%D0%B5%D0%B2_%D0%B2_%D0%98%D0%B7%D1%80%D0%B0%D0%B8%D0%BB%D0%B5","*":"\u0410\u0441\u0441\u043e\u0446\u0438\u0430\u0446\u0438\u044f \u0439\u0435\u043c\u0435\u043d\u0446\u0435\u0432 \u0432 \u0418\u0437\u0440\u0430\u0438\u043b\u0435"}]}}}}