{"batchcomplete":"","query":{"pages":{"229968":{"pageid":229968,"ns":0,"title":"Ecolo","langlinks":[{"lang":"bg","url":"https://bg.wikipedia.org/wiki/%D0%95%D0%BA%D0%BE%D0%BB%D0%BE","*":"\u0415\u043a\u043e\u043b\u043e"},{"lang":"br","url":"https://br.wikipedia.org/wiki/Ecolo","*":"Ecolo"},{"lang":"ca","url":"https://ca.wikipedia.org/wiki/Ecolo","*":"Ecolo"},{"lang":"cs","url":"https://cs.wikipedia.org/wiki/Ecolo","*":"Ecolo"},{"lang":"da","url":"https://da.wikipedia.org/wiki/Ecolo","*":"Ecolo"},{"lang":"de","url":"https://de.wikipedia.org/wiki/Ecolo","*":"Ecolo"},{"lang":"el","url":"https://el.wikipedia.org/wiki/%CE%9F%CE%B9%CE%BA%CE%BF%CE%BB%CF%8C%CE%B3%CE%BF%CE%B9_(%CE%92%CE%AD%CE%BB%CE%B3%CE%B9%CE%BF)","*":"\u039f\u03b9\u03ba\u03bf\u03bb\u03cc\u03b3\u03bf\u03b9 (\u0392\u03ad\u03bb\u03b3\u03b9\u03bf)"},{"lang":"eo","url":"https://eo.wikipedia.org/wiki/Ecolo","*":"Ecolo"},{"lang":"es","url":"https://es.wikipedia.org/wiki/Ecolo","*":"Ecolo"},{"lang":"fr","url":"https://fr.wikipedia.org/wiki/Ecolo","*":"Ecolo"},{"lang":"it","url":"https://it.wikipedia.org/wiki/Ecolo","*":"Ecolo"},{"lang":"ja","url":"https://ja.wikipedia.org/wiki/%E3%82%A8%E3%82%B3%E3%83%AD","*":"\u30a8\u30b3\u30ed"},{"lang":"ko","url":"https://ko.wikipedia.org/wiki/%EC%83%9D%ED%83%9C%EB%8B%B9_(%EB%B2%A8%EA%B8%B0%EC%97%90)","*":"\uc0dd\ud0dc\ub2f9 (\ubca8\uae30\uc5d0)"},{"lang":"lb","url":"https://lb.wikipedia.org/wiki/Ecolo","*":"Ecolo"},{"lang":"nl","url":"https://nl.wikipedia.org/wiki/Ecolo","*":"Ecolo"},{"lang":"nb","url":"https://no.wikipedia.org/wiki/Ecolo","*":"Ecolo"},{"lang":"pl","url":"https://pl.wikipedia.org/wiki/Ecolo","*":"Ecolo"},{"lang":"pt","url":"https://pt.wikipedia.org/wiki/Ecolo","*":"Ecolo"},{"lang":"ro","url":"https://ro.wikipedia.org/wiki/Ecolo","*":"Ecolo"},{"lang":"ru","url":"https://ru.wikipedia.org/wiki/%D0%AD%D0%BA%D0%BE%D0%BB%D0%BE","*":"\u042d\u043a\u043e\u043b\u043e"},{"lang":"sv","url":"https://sv.wikipedia.org/wiki/Ecolo","*":"Ecolo"},{"lang":"uk","url":"https://uk.wikipedia.org/wiki/%D0%95%D0%BA%D0%BE%D0%BB%D0%BE","*":"\u0415\u043a\u043e\u043b\u043e"},{"lang":"wa","url":"https://wa.wikipedia.org/wiki/Ecolo","*":"Ecolo"},{"lang":"zh","url":"https://zh.wikipedia.org/wiki/%E7%94%9F%E6%85%8B_(%E6%AF%94%E5%88%A9%E6%99%82)","*":"\u751f\u614b (\u6bd4\u5229\u6642)"}]}}}}