{"batchcomplete":"","query":{"normalized":[{"from":"Democratic_Party_\u2013_demokraci.pl","to":"Democratic Party \u2013 demokraci.pl"}],"pages":{"65530":{"pageid":65530,"ns":0,"title":"Democratic Party \u2013 demokraci.pl","langlinks":[{"lang":"ca","url":"https://ca.wikipedia.org/wiki/Partit_Democr%C3%A0tic_(Pol%C3%B2nia)","*":"Partit Democr\u00e0tic (Pol\u00f2nia)"},{"lang":"da","url":"https://da.wikipedia.org/wiki/Demokratiske_Parti_%E2%80%93_demokraci.pl","*":"Demokratiske Parti \u2013 demokraci.pl"},{"lang":"de","url":"https://de.wikipedia.org/wiki/Partia_Demokratyczna_%E2%80%93_demokraci.pl","*":"Partia Demokratyczna \u2013 demokraci.pl"},{"lang":"eo","url":"https://eo.wikipedia.org/wiki/Demokrata_Partio_-_demokraci.pl","*":"Demokrata Partio - demokraci.pl"},{"lang":"es","url":"https://es.wikipedia.org/wiki/Partido_Democr%C3%A1tico_(Polonia)","*":"Partido Democr\u00e1tico (Polonia)"},{"lang":"et","url":"https://et.wikipedia.org/wiki/Demokraatlik_Partei_(Poola)","*":"Demokraatlik Partei (Poola)"},{"lang":"fr","url":"https://fr.wikipedia.org/wiki/Parti_d%C3%A9mocrate_-_demokraci.pl","*":"Parti d\u00e9mocrate - demokraci.pl"},{"lang":"it","url":"https://it.wikipedia.org/wiki/Partito_Democratico_(Polonia)","*":"Partito Democratico (Polonia)"},{"lang":"ja","url":"https://ja.wikipedia.org/wiki/%E6%B0%91%E4%B8%BB%E5%85%9A_(%E3%83%9D%E3%83%BC%E3%83%A9%E3%83%B3%E3%83%89)","*":"\u6c11\u4e3b\u515a (\u30dd\u30fc\u30e9\u30f3\u30c9)"},{"lang":"lv","url":"https://lv.wikipedia.org/wiki/Demokr%C4%81tisk%C4%81_partija_%E2%80%94_demokr%C4%81ti.pl","*":"Demokr\u0101tisk\u0101 partija \u2014 demokr\u0101ti.pl"},{"lang":"nl","url":"https://nl.wikipedia.org/wiki/Partia_Demokratyczna_-_demokraci.pl","*":"Partia Demokratyczna - demokraci.pl"},{"lang":"nb","url":"https://no.wikipedia.org/wiki/Partia_Demokratyczna_%E2%80%93_demokraci.pl","*":"Partia Demokratyczna \u2013 demokraci.pl"},{"lang":"pl","url":"https://pl.wikipedia.org/wiki/Partia_Demokratyczna_%E2%80%93_demokraci.pl","*":"Partia Demokratyczna \u2013 demokraci.pl"},{"lang":"sv","url":"https://sv.wikipedia.org/wiki/Partia_Demokratyczna_%E2%80%93_demokraci.pl","*":"Partia Demokratyczna \u2013 demokraci.pl"}]}}}}