{"batchcomplete":"","query":{"normalized":[{"from":"Croatian_Bloc_(political_party)","to":"Croatian Bloc (political party)"}],"pages":{"1834739":{"pageid":1834739,"ns":0,"title":"Croatian Bloc (political party)","langlinks":[{"lang":"ca","url":"https://ca.wikipedia.org/wiki/Bloc_Croat","*":"Bloc Croat"},{"lang":"fa","url":"https://fa.wikipedia.org/wiki/%D8%A8%D9%84%D9%88%DA%A9_%DA%A9%D8%B1%D9%88%D8%A7%D8%B3%DB%8C","*":"\u0628\u0644\u0648\u06a9 \u06a9\u0631\u0648\u0627\u0633\u06cc"},{"lang":"hr","url":"https://hr.wikipedia.org/wiki/Hrvatski_blok_(2002.)","*":"Hrvatski blok (2002.)"},{"lang":"nl","url":"https://nl.wikipedia.org/wiki/Kroatisch_Blok","*":"Kroatisch Blok"},{"lang":"sh","url":"https://sh.wikipedia.org/wiki/Hrvatski_blok","*":"Hrvatski blok"}]}}}}