{"batchcomplete":"","query":{"normalized":[{"from":"Green_Party_(Slovakia)","to":"Green Party (Slovakia)"}],"pages":{"1973981":{"pageid":1973981,"ns":0,"title":"Green Party (Slovakia)","langlinks":[{"lang":"cs","url":"https://cs.wikipedia.org/wiki/Strana_zelen%C3%BDch_(Slovensko)","*":"Strana zelen\u00fdch (Slovensko)"},{"lang":"eo","url":"https://eo.wikipedia.org/wiki/Partio_Verda_(Slovakio)","*":"Partio Verda (Slovakio)"},{"lang":"fr","url":"https://fr.wikipedia.org/wiki/Parti_vert_(Slovaquie)","*":"Parti vert (Slovaquie)"},{"lang":"hu","url":"https://hu.wikipedia.org/wiki/Z%C3%B6ld_P%C3%A1rt_(Szlov%C3%A1kia)","*":"Z\u00f6ld P\u00e1rt (Szlov\u00e1kia)"},{"lang":"it","url":"https://it.wikipedia.org/wiki/Partito_dei_Verdi_(Slovacchia)","*":"Partito dei Verdi (Slovacchia)"},{"lang":"pl","url":"https://pl.wikipedia.org/wiki/Partia_Zielonych_(S%C5%82owacja)","*":"Partia Zielonych (S\u0142owacja)"},{"lang":"sk","url":"https://sk.wikipedia.org/wiki/Strana_zelen%C3%BDch_(Slovensko)","*":"Strana zelen\u00fdch (Slovensko)"}]}}}}