{"batchcomplete":"","query":{"normalized":[{"from":"National_Union_(Spain)","to":"National Union (Spain)"}],"pages":{"12921676":{"pageid":12921676,"ns":0,"title":"National Union (Spain)","langlinks":[{"lang":"ca","url":"https://ca.wikipedia.org/wiki/Uni%C3%B3n_Nacional","*":"Uni\u00f3n Nacional"},{"lang":"es","url":"https://es.wikipedia.org/wiki/Uni%C3%B3n_Nacional_(coalici%C3%B3n_de_1979)","*":"Uni\u00f3n Nacional (coalici\u00f3n de 1979)"},{"lang":"gl","url":"https://gl.wikipedia.org/wiki/Uni%C3%B3n_Nacional_(coalici%C3%B3n)","*":"Uni\u00f3n Nacional (coalici\u00f3n)"}]}}}}