{"batchcomplete":"","query":{"normalized":[{"from":"Communist_Party_of_Lithuania","to":"Communist Party of Lithuania"}],"pages":{"4166245":{"pageid":4166245,"ns":0,"title":"Communist Party of Lithuania","langlinks":[{"lang":"ca","url":"https://ca.wikipedia.org/wiki/Partit_Comunista_de_Litu%C3%A0nia","*":"Partit Comunista de Litu\u00e0nia"},{"lang":"de","url":"https://de.wikipedia.org/wiki/Kommunistische_Partei_Litauens","*":"Kommunistische Partei Litauens"},{"lang":"eo","url":"https://eo.wikipedia.org/wiki/Komunisma_partio_de_Litovio","*":"Komunisma partio de Litovio"},{"lang":"es","url":"https://es.wikipedia.org/wiki/Partido_Comunista_de_la_Rep%C3%BAblica_Socialista_Sovi%C3%A9tica_de_Lituania","*":"Partido Comunista de la Rep\u00fablica Socialista Sovi\u00e9tica de Lituania"},{"lang":"et","url":"https://et.wikipedia.org/wiki/Leedu_Kommunistlik_Partei","*":"Leedu Kommunistlik Partei"},{"lang":"fi","url":"https://fi.wikipedia.org/wiki/Liettuan_kommunistinen_puolue","*":"Liettuan kommunistinen puolue"},{"lang":"fr","url":"https://fr.wikipedia.org/wiki/Parti_communiste_de_Lituanie","*":"Parti communiste de Lituanie"},{"lang":"he","url":"https://he.wikipedia.org/wiki/%D7%94%D7%9E%D7%A4%D7%9C%D7%92%D7%94_%D7%94%D7%A7%D7%95%D7%9E%D7%95%D7%A0%D7%99%D7%A1%D7%98%D7%99%D7%AA_%D7%A9%D7%9C_%D7%9C%D7%99%D7%98%D7%90","*":"\u05d4\u05de\u05e4\u05dc\u05d2\u05d4 \u05d4\u05e7\u05d5\u05de\u05d5\u05e0\u05d9\u05e1\u05d8\u05d9\u05ea \u05e9\u05dc \u05dc\u05d9\u05d8\u05d0"},{"lang":"hr","url":"https://hr.wikipedia.org/wiki/Komunisti%C4%8Dka_partija_Litve","*":"Komunisti\u010dka partija Litve"},{"lang":"it","url":"https://it.wikipedia.org/wiki/Partito_Comunista_della_Lituania","*":"Partito Comunista della Lituania"},{"lang":"ja","url":"https://ja.wikipedia.org/wiki/%E3%83%AA%E3%83%88%E3%82%A2%E3%83%8B%E3%82%A2%E5%85%B1%E7%94%A3%E5%85%9A","*":"\u30ea\u30c8\u30a2\u30cb\u30a2\u5171\u7523\u515a"},{"lang":"lt","url":"https://lt.wikipedia.org/wiki/Lietuvos_komunist%C5%B3_partija","*":"Lietuvos komunist\u0173 partija"},{"lang":"nl","url":"https://nl.wikipedia.org/wiki/Litouwse_Communistische_Partij","*":"Litouwse Communistische Partij"},{"lang":"pl","url":"https://pl.wikipedia.org/wiki/Komunistyczna_Partia_Litwy","*":"Komunistyczna Partia Litwy"},{"lang":"ru","url":"https://ru.wikipedia.org/wiki/%D0%9A%D0%BE%D0%BC%D0%BC%D1%83%D0%BD%D0%B8%D1%81%D1%82%D0%B8%D1%87%D0%B5%D1%81%D0%BA%D0%B0%D1%8F_%D0%BF%D0%B0%D1%80%D1%82%D0%B8%D1%8F_%D0%9B%D0%B8%D1%82%D0%B2%D1%8B","*":"\u041a\u043e\u043c\u043c\u0443\u043d\u0438\u0441\u0442\u0438\u0447\u0435\u0441\u043a\u0430\u044f \u043f\u0430\u0440\u0442\u0438\u044f \u041b\u0438\u0442\u0432\u044b"},{"lang":"tr","url":"https://tr.wikipedia.org/wiki/Litvanya_Kom%C3%BCnist_Partisi","*":"Litvanya Kom\u00fcnist Partisi"},{"lang":"uk","url":"https://uk.wikipedia.org/wiki/%D0%9A%D0%BE%D0%BC%D1%83%D0%BD%D1%96%D1%81%D1%82%D0%B8%D1%87%D0%BD%D0%B0_%D0%BF%D0%B0%D1%80%D1%82%D1%96%D1%8F_%D0%9B%D0%B8%D1%82%D0%B2%D0%B8","*":"\u041a\u043e\u043c\u0443\u043d\u0456\u0441\u0442\u0438\u0447\u043d\u0430 \u043f\u0430\u0440\u0442\u0456\u044f \u041b\u0438\u0442\u0432\u0438"},{"lang":"zh","url":"https://zh.wikipedia.org/wiki/%E7%AB%8B%E9%99%B6%E5%AE%9B%E5%85%B1%E4%BA%A7%E5%85%9A","*":"\u7acb\u9676\u5b9b\u5171\u4ea7\u515a"}]}}}}