{"batchcomplete":"","query":{"normalized":[{"from":"Democratic_Progressive_Party","to":"Democratic Progressive Party"}],"pages":{"8845":{"pageid":8845,"ns":0,"title":"Democratic Progressive Party","langlinks":[{"lang":"ar","url":"https://ar.wikipedia.org/wiki/%D8%A7%D9%84%D8%AD%D8%B2%D8%A8_%D8%A7%D9%84%D8%AF%D9%8A%D9%85%D9%82%D8%B1%D8%A7%D8%B7%D9%8A_%D8%A7%D9%84%D8%AA%D9%82%D8%AF%D9%85%D9%8A_(%D8%AA%D8%A7%D9%8A%D9%88%D8%A7%D9%86)","*":"\u0627\u0644\u062d\u0632\u0628 \u0627\u0644\u062f\u064a\u0645\u0642\u0631\u0627\u0637\u064a \u0627\u0644\u062a\u0642\u062f\u0645\u064a (\u062a\u0627\u064a\u0648\u0627\u0646)"},{"lang":"arz","url":"https://arz.wikipedia.org/wiki/%D8%A7%D9%84%D8%AD%D8%B2%D8%A8_%D8%A7%D9%84%D8%AF%D9%8A%D9%85%D9%88%D9%82%D8%B1%D8%A7%D8%B7%D9%89_%D8%A7%D9%84%D8%AA%D9%82%D8%AF%D9%85%D9%89_%D8%A7%D9%84%D8%AA%D8%A7%D9%8A%D9%88%D8%A7%D9%86%D9%89","*":"\u0627\u0644\u062d\u0632\u0628 \u0627\u0644\u062f\u064a\u0645\u0648\u0642\u0631\u0627\u0637\u0649 \u0627\u0644\u062a\u0642\u062f\u0645\u0649 \u0627\u0644\u062a\u0627\u064a\u0648\u0627\u0646\u0649"},{"lang":"bg","url":"https://bg.wikipedia.org/wiki/%D0%94%D0%B5%D0%BC%D0%BE%D0%BA%D1%80%D0%B0%D1%82%D0%B8%D1%87%D0%B5%D1%81%D0%BA%D0%B0_%D0%BF%D1%80%D0%BE%D0%B3%D1%80%D0%B5%D1%81%D0%B8%D0%B2%D0%BD%D0%B0_%D0%BF%D0%B0%D1%80%D1%82%D0%B8%D1%8F","*":"\u0414\u0435\u043c\u043e\u043a\u0440\u0430\u0442\u0438\u0447\u0435\u0441\u043a\u0430 \u043f\u0440\u043e\u0433\u0440\u0435\u0441\u0438\u0432\u043d\u0430 \u043f\u0430\u0440\u0442\u0438\u044f"},{"lang":"ca","url":"https://ca.wikipedia.org/wiki/Partit_Progressista_Democr%C3%A0tic","*":"Partit Progressista Democr\u00e0tic"},{"lang":"cdo","url":"https://cdo.wikipedia.org/wiki/M%C3%ACng-ci%C5%8D_C%C3%A9ng-bu%C3%B4-d%C5%8Dng","*":"M\u00ecng-ci\u014d C\u00e9ng-bu\u00f4-d\u014dng"},{"lang":"cs","url":"https://cs.wikipedia.org/wiki/Demokratick%C3%A1_pokrokov%C3%A1_strana_(%C4%8C%C3%ADnsk%C3%A1_republika)","*":"Demokratick\u00e1 pokrokov\u00e1 strana (\u010c\u00ednsk\u00e1 republika)"},{"lang":"de","url":"https://de.wikipedia.org/wiki/Demokratische_Fortschrittspartei_(Taiwan)","*":"Demokratische Fortschrittspartei (Taiwan)"},{"lang":"el","url":"https://el.wikipedia.org/wiki/%CE%94%CE%B7%CE%BC%CE%BF%CE%BA%CF%81%CE%B1%CF%84%CE%B9%CE%BA%CF%8C_%CE%A0%CF%81%CE%BF%CE%BF%CE%B4%CE%B5%CF%85%CF%84%CE%B9%CE%BA%CF%8C_%CE%9A%CF%8C%CE%BC%CE%BC%CE%B1_(%CE%A4%CE%B1%CF%8A%CE%B2%CE%AC%CE%BD)","*":"\u0394\u03b7\u03bc\u03bf\u03ba\u03c1\u03b1\u03c4\u03b9\u03ba\u03cc \u03a0\u03c1\u03bf\u03bf\u03b4\u03b5\u03c5\u03c4\u03b9\u03ba\u03cc \u039a\u03cc\u03bc\u03bc\u03b1 (\u03a4\u03b1\u03ca\u03b2\u03ac\u03bd)"},{"lang":"eo","url":"https://eo.wikipedia.org/wiki/Demokratia_Progresema_Partio","*":"Demokratia Progresema Partio"},{"lang":"es","url":"https://es.wikipedia.org/wiki/Partido_Progresista_Democr%C3%A1tico_(Rep%C3%BAblica_de_China)","*":"Partido Progresista Democr\u00e1tico (Rep\u00fablica de China)"},{"lang":"fa","url":"https://fa.wikipedia.org/wiki/%D8%AD%D8%B2%D8%A8_%D9%BE%DB%8C%D8%B4%D8%B1%D9%88%DB%8C_%D8%AF%D9%85%D9%88%DA%A9%D8%B1%D8%A7%D8%AA","*":"\u062d\u0632\u0628 \u067e\u06cc\u0634\u0631\u0648\u06cc \u062f\u0645\u0648\u06a9\u0631\u0627\u062a"},{"lang":"fi","url":"https://fi.wikipedia.org/wiki/Demokraattinen_edistyspuolue","*":"Demokraattinen edistyspuolue"},{"lang":"fr","url":"https://fr.wikipedia.org/wiki/Parti_d%C3%A9mocrate_progressiste_(Ta%C3%AFwan)","*":"Parti d\u00e9mocrate progressiste (Ta\u00efwan)"},{"lang":"hak","url":"https://hak.wikipedia.org/wiki/M%C3%ACn-ch%C3%BA_Chin-phu-t%C3%B3ng","*":"M\u00ecn-ch\u00fa Chin-phu-t\u00f3ng"},{"lang":"hu","url":"https://hu.wikipedia.org/wiki/Demokratikus_Progressz%C3%ADv_P%C3%A1rt","*":"Demokratikus Progressz\u00edv P\u00e1rt"},{"lang":"id","url":"https://id.wikipedia.org/wiki/Partai_Progresif_Demokrat","*":"Partai Progresif Demokrat"},{"lang":"is","url":"https://is.wikipedia.org/wiki/L%C3%BD%C3%B0r%C3%A6%C3%B0islegi_framfaraflokkurinn","*":"L\u00fd\u00f0r\u00e6\u00f0islegi framfaraflokkurinn"},{"lang":"it","url":"https://it.wikipedia.org/wiki/Partito_Progressista_Democratico_(Taiwan)","*":"Partito Progressista Democratico (Taiwan)"},{"lang":"ja","url":"https://ja.wikipedia.org/wiki/%E6%B0%91%E4%B8%BB%E9%80%B2%E6%AD%A9%E5%85%9A","*":"\u6c11\u4e3b\u9032\u6b69\u515a"},{"lang":"ko","url":"https://ko.wikipedia.org/wiki/%EB%AF%BC%EC%A3%BC%EC%A7%84%EB%B3%B4%EB%8B%B9","*":"\ubbfc\uc8fc\uc9c4\ubcf4\ub2f9"},{"lang":"lt","url":"https://lt.wikipedia.org/wiki/Demokratin%C4%97_pa%C5%BEangos_partija","*":"Demokratin\u0117 pa\u017eangos partija"},{"lang":"ms","url":"https://ms.wikipedia.org/wiki/Parti_Progresif_Demokratik","*":"Parti Progresif Demokratik"},{"lang":"my","url":"https://my.wikipedia.org/wiki/%E1%80%92%E1%80%AE%E1%80%99%E1%80%AD%E1%80%AF%E1%80%80%E1%80%9B%E1%80%80%E1%80%BA%E1%80%90%E1%80%85%E1%80%BA%E1%80%90%E1%80%AD%E1%80%AF%E1%80%B8%E1%80%90%E1%80%80%E1%80%BA%E1%80%9B%E1%80%B1%E1%80%B8%E1%80%95%E1%80%AB%E1%80%90%E1%80%AE","*":"\u1012\u102e\u1019\u102d\u102f\u1000\u101b\u1000\u103a\u1010\u1005\u103a\u1010\u102d\u102f\u1038\u1010\u1000\u103a\u101b\u1031\u1038\u1015\u102b\u1010\u102e"},{"lang":"nl","url":"https://nl.wikipedia.org/wiki/Democratische_Progressieve_Partij","*":"Democratische Progressieve Partij"},{"lang":"nb","url":"https://no.wikipedia.org/wiki/Det_demokratiske_framskrittsparti","*":"Det demokratiske framskrittsparti"},{"lang":"pl","url":"https://pl.wikipedia.org/wiki/Demokratyczna_Partia_Post%C4%99powa","*":"Demokratyczna Partia Post\u0119powa"},{"lang":"pnb","url":"https://pnb.wikipedia.org/wiki/%DA%88%DB%8C%D9%85%D9%88_%DA%A9%D8%B1%DB%8C%D9%B9%DA%A9_%D9%BE%D8%B1%D9%88%DA%AF%D8%B1%DB%8C%D8%B3%D9%88_%D9%BE%D8%A7%D8%B1%D9%B9%DB%8C","*":"\u0688\u06cc\u0645\u0648 \u06a9\u0631\u06cc\u0679\u06a9 \u067e\u0631\u0648\u06af\u0631\u06cc\u0633\u0648 \u067e\u0627\u0631\u0679\u06cc"},{"lang":"pt","url":"https://pt.wikipedia.org/wiki/Partido_Democr%C3%A1tico_Progressista","*":"Partido Democr\u00e1tico Progressista"},{"lang":"ru","url":"https://ru.wikipedia.org/wiki/%D0%94%D0%B5%D0%BC%D0%BE%D0%BA%D1%80%D0%B0%D1%82%D0%B8%D1%87%D0%B5%D1%81%D0%BA%D0%B0%D1%8F_%D0%BF%D1%80%D0%BE%D0%B3%D1%80%D0%B5%D1%81%D1%81%D0%B8%D0%B2%D0%BD%D0%B0%D1%8F_%D0%BF%D0%B0%D1%80%D1%82%D0%B8%D1%8F","*":"\u0414\u0435\u043c\u043e\u043a\u0440\u0430\u0442\u0438\u0447\u0435\u0441\u043a\u0430\u044f \u043f\u0440\u043e\u0433\u0440\u0435\u0441\u0441\u0438\u0432\u043d\u0430\u044f \u043f\u0430\u0440\u0442\u0438\u044f"},{"lang":"sh","url":"https://sh.wikipedia.org/wiki/Demokratska_progresivna_partija","*":"Demokratska progresivna partija"},{"lang":"simple","url":"https://simple.wikipedia.org/wiki/Democratic_Progressive_Party","*":"Democratic Progressive Party"},{"lang":"sk","url":"https://sk.wikipedia.org/wiki/Demokratick%C3%A1_pokrokov%C3%A1_strana","*":"Demokratick\u00e1 pokrokov\u00e1 strana"},{"lang":"sv","url":"https://sv.wikipedia.org/wiki/Demokratiska_framstegspartiet","*":"Demokratiska framstegspartiet"},{"lang":"th","url":"https://th.wikipedia.org/wiki/%E0%B8%9E%E0%B8%A3%E0%B8%A3%E0%B8%84%E0%B8%9B%E0%B8%A3%E0%B8%B0%E0%B8%8A%E0%B8%B2%E0%B8%98%E0%B8%B4%E0%B8%9B%E0%B9%84%E0%B8%95%E0%B8%A2%E0%B8%81%E0%B9%89%E0%B8%B2%E0%B8%A7%E0%B8%AB%E0%B8%99%E0%B9%89%E0%B8%B2_(%E0%B9%84%E0%B8%95%E0%B9%89%E0%B8%AB%E0%B8%A7%E0%B8%B1%E0%B8%99)","*":"\u0e1e\u0e23\u0e23\u0e04\u0e1b\u0e23\u0e30\u0e0a\u0e32\u0e18\u0e34\u0e1b\u0e44\u0e15\u0e22\u0e01\u0e49\u0e32\u0e27\u0e2b\u0e19\u0e49\u0e32 (\u0e44\u0e15\u0e49\u0e2b\u0e27\u0e31\u0e19)"},{"lang":"tr","url":"https://tr.wikipedia.org/wiki/Demokratik_%C4%B0lerici_Parti","*":"Demokratik \u0130lerici Parti"},{"lang":"uk","url":"https://uk.wikipedia.org/wiki/%D0%94%D0%B5%D0%BC%D0%BE%D0%BA%D1%80%D0%B0%D1%82%D0%B8%D1%87%D0%BD%D0%B0_%D0%BF%D1%80%D0%BE%D0%B3%D1%80%D0%B5%D1%81%D0%B8%D0%B2%D0%BD%D0%B0_%D0%BF%D0%B0%D1%80%D1%82%D1%96%D1%8F","*":"\u0414\u0435\u043c\u043e\u043a\u0440\u0430\u0442\u0438\u0447\u043d\u0430 \u043f\u0440\u043e\u0433\u0440\u0435\u0441\u0438\u0432\u043d\u0430 \u043f\u0430\u0440\u0442\u0456\u044f"},{"lang":"ur","url":"https://ur.wikipedia.org/wiki/%DA%88%DB%8C%D9%85%D9%88_%DA%A9%D8%B1%DB%8C%D9%B9%DA%A9_%D9%BE%D8%B1%D9%88%DA%AF%D8%B1%DB%8C%D8%B3%D9%88_%D9%BE%D8%A7%D8%B1%D9%B9%DB%8C","*":"\u0688\u06cc\u0645\u0648 \u06a9\u0631\u06cc\u0679\u06a9 \u067e\u0631\u0648\u06af\u0631\u06cc\u0633\u0648 \u067e\u0627\u0631\u0679\u06cc"},{"lang":"vi","url":"https://vi.wikipedia.org/wiki/%C4%90%E1%BA%A3ng_D%C3%A2n_ch%E1%BB%A7_Ti%E1%BA%BFn_b%E1%BB%99_(%C4%90%C3%A0i_Loan)","*":"\u0110\u1ea3ng D\u00e2n ch\u1ee7 Ti\u1ebfn b\u1ed9 (\u0110\u00e0i Loan)"},{"lang":"wuu","url":"https://wuu.wikipedia.org/wiki/%E6%B0%91%E4%B8%BB%E8%BF%9B%E6%AD%A5%E5%85%9A","*":"\u6c11\u4e3b\u8fdb\u6b65\u515a"},{"lang":"za","url":"https://za.wikipedia.org/wiki/Minzcuj_Cinbudangj","*":"Minzcuj Cinbudangj"},{"lang":"zh","url":"https://zh.wikipedia.org/wiki/%E6%B0%91%E4%B8%BB%E9%80%B2%E6%AD%A5%E9%BB%A8","*":"\u6c11\u4e3b\u9032\u6b65\u9ee8"},{"lang":"zh-min-nan","url":"https://zh-min-nan.wikipedia.org/wiki/B%C3%AEn-ch%C3%BA_Ch%C3%ACn-p%C5%8D%CD%98_T%C3%B3ng","*":"B\u00een-ch\u00fa Ch\u00ecn-p\u014d\u0358 T\u00f3ng"},{"lang":"zh-yue","url":"https://zh-yue.wikipedia.org/wiki/%E6%B0%91%E4%B8%BB%E9%80%B2%E6%AD%A5%E9%BB%A8","*":"\u6c11\u4e3b\u9032\u6b65\u9ee8"}]}}}}