{"batchcomplete":"","query":{"normalized":[{"from":"Hungarian_Justice_and_Life_Party","to":"Hungarian Justice and Life Party"}],"pages":{"1868223":{"pageid":1868223,"ns":0,"title":"Hungarian Justice and Life Party","langlinks":[{"lang":"bg","url":"https://bg.wikipedia.org/wiki/%D0%9F%D0%B0%D1%80%D1%82%D0%B8%D1%8F_%D0%BD%D0%B0_%D1%83%D0%BD%D0%B3%D0%B0%D1%80%D1%81%D0%BA%D0%B0_%D0%B8%D1%81%D1%82%D0%B8%D0%BD%D0%B0_%D0%B8_%D0%B6%D0%B8%D0%B2%D0%BE%D1%82","*":"\u041f\u0430\u0440\u0442\u0438\u044f \u043d\u0430 \u0443\u043d\u0433\u0430\u0440\u0441\u043a\u0430 \u0438\u0441\u0442\u0438\u043d\u0430 \u0438 \u0436\u0438\u0432\u043e\u0442"},{"lang":"ca","url":"https://ca.wikipedia.org/wiki/Partit_Hongar%C3%A8s_de_Just%C3%ADcia_i_Vida","*":"Partit Hongar\u00e8s de Just\u00edcia i Vida"},{"lang":"cs","url":"https://cs.wikipedia.org/wiki/Strana_ma%C4%8Farsk%C3%A9_spravedlnosti_a_%C5%BEivota","*":"Strana ma\u010farsk\u00e9 spravedlnosti a \u017eivota"},{"lang":"de","url":"https://de.wikipedia.org/wiki/Magyar_Igazs%C3%A1g_%C3%A9s_%C3%89let_P%C3%A1rtja","*":"Magyar Igazs\u00e1g \u00e9s \u00c9let P\u00e1rtja"},{"lang":"es","url":"https://es.wikipedia.org/wiki/Partido_H%C3%BAngaro_de_la_Justicia_y_la_Vida","*":"Partido H\u00fangaro de la Justicia y la Vida"},{"lang":"fi","url":"https://fi.wikipedia.org/wiki/Oikeus_ja_el%C3%A4m%C3%A4_-puolue","*":"Oikeus ja el\u00e4m\u00e4 -puolue"},{"lang":"fr","url":"https://fr.wikipedia.org/wiki/Parti_hongrois_de_la_justice_et_de_la_vie","*":"Parti hongrois de la justice et de la vie"},{"lang":"hu","url":"https://hu.wikipedia.org/wiki/Magyar_Igazs%C3%A1g_%C3%A9s_%C3%89let_P%C3%A1rtja","*":"Magyar Igazs\u00e1g \u00e9s \u00c9let P\u00e1rtja"},{"lang":"it","url":"https://it.wikipedia.org/wiki/Partito_Ungherese_Giustizia_e_Vita","*":"Partito Ungherese Giustizia e Vita"},{"lang":"ko","url":"https://ko.wikipedia.org/wiki/%ED%97%9D%EA%B0%80%EB%A6%AC_%EC%A0%95%EC%9D%98%EC%99%80_%EC%82%B6%EC%9D%98_%EB%8B%B9","*":"\ud5dd\uac00\ub9ac \uc815\uc758\uc640 \uc0b6\uc758 \ub2f9"},{"lang":"nl","url":"https://nl.wikipedia.org/wiki/Hongaarse_Partij_voor_Gerechtigheid_en_Leven","*":"Hongaarse Partij voor Gerechtigheid en Leven"},{"lang":"pl","url":"https://pl.wikipedia.org/wiki/W%C4%99gierska_Partia_Sprawiedliwo%C5%9Bci_i_%C5%BBycia","*":"W\u0119gierska Partia Sprawiedliwo\u015bci i \u017bycia"},{"lang":"ro","url":"https://ro.wikipedia.org/wiki/Partidul_Maghiar_al_Drept%C4%83%C8%9Bii_%C8%99i_Vie%C8%9Bii","*":"Partidul Maghiar al Drept\u0103\u021bii \u0219i Vie\u021bii"},{"lang":"sr","url":"https://sr.wikipedia.org/wiki/%D0%9C%D0%B0%D1%92%D0%B0%D1%80%D1%81%D0%BA%D0%B0_%D1%81%D1%82%D1%80%D0%B0%D0%BD%D0%BA%D0%B0_%D0%BF%D1%80%D0%B0%D0%B2%D0%B0_%D0%B8_%D0%B6%D0%B8%D0%B2%D0%BE%D1%82%D0%B0","*":"\u041c\u0430\u0452\u0430\u0440\u0441\u043a\u0430 \u0441\u0442\u0440\u0430\u043d\u043a\u0430 \u043f\u0440\u0430\u0432\u0430 \u0438 \u0436\u0438\u0432\u043e\u0442\u0430"},{"lang":"sv","url":"https://sv.wikipedia.org/wiki/MI%C3%89P","*":"MI\u00c9P"}]}}}}