{"batchcomplete":"","query":{"normalized":[{"from":"Independent_Democratic_Union","to":"Independent Democratic Union"}],"pages":{"526689":{"pageid":526689,"ns":0,"title":"Independent Democratic Union","langlinks":[{"lang":"ca","url":"https://ca.wikipedia.org/wiki/Uni%C3%B3_Dem%C3%B2crata_Independent","*":"Uni\u00f3 Dem\u00f2crata Independent"},{"lang":"de","url":"https://de.wikipedia.org/wiki/Uni%C3%B3n_Dem%C3%B3crata_Independiente","*":"Uni\u00f3n Dem\u00f3crata Independiente"},{"lang":"es","url":"https://es.wikipedia.org/wiki/Uni%C3%B3n_Dem%C3%B3crata_Independiente","*":"Uni\u00f3n Dem\u00f3crata Independiente"},{"lang":"fr","url":"https://fr.wikipedia.org/wiki/Union_d%C3%A9mocrate_ind%C3%A9pendante","*":"Union d\u00e9mocrate ind\u00e9pendante"},{"lang":"gl","url":"https://gl.wikipedia.org/wiki/Uni%C3%B3n_Dem%C3%B3crata_Independente","*":"Uni\u00f3n Dem\u00f3crata Independente"},{"lang":"it","url":"https://it.wikipedia.org/wiki/Unione_Democratica_Indipendente","*":"Unione Democratica Indipendente"},{"lang":"ja","url":"https://ja.wikipedia.org/wiki/%E7%8B%AC%E7%AB%8B%E6%B0%91%E4%B8%BB%E9%80%A3%E5%90%88","*":"\u72ec\u7acb\u6c11\u4e3b\u9023\u5408"},{"lang":"ko","url":"https://ko.wikipedia.org/wiki/%EB%8F%85%EB%A6%BD%EB%AF%BC%EC%A3%BC%EC%97%B0%ED%95%A9","*":"\ub3c5\ub9bd\ubbfc\uc8fc\uc5f0\ud569"},{"lang":"ne","url":"https://ne.wikipedia.org/wiki/%E0%A4%B8%E0%A5%8D%E0%A4%B5%E0%A4%A4%E0%A4%A8%E0%A5%8D%E0%A4%A4%E0%A5%8D%E0%A4%B0_%E0%A4%AA%E0%A5%8D%E0%A4%B0%E0%A4%9C%E0%A4%BE%E0%A4%A4%E0%A4%BE%E0%A4%A8%E0%A5%8D%E0%A4%A4%E0%A5%8D%E0%A4%B0%E0%A4%BF%E0%A4%95_%E0%A4%B8%E0%A4%99%E0%A5%8D%E0%A4%98,_%E0%A4%9A%E0%A4%BF%E0%A4%B2%E0%A5%80","*":"\u0938\u094d\u0935\u0924\u0928\u094d\u0924\u094d\u0930 \u092a\u094d\u0930\u091c\u093e\u0924\u093e\u0928\u094d\u0924\u094d\u0930\u093f\u0915 \u0938\u0919\u094d\u0918, \u091a\u093f\u0932\u0940"},{"lang":"nl","url":"https://nl.wikipedia.org/wiki/Onafhankelijke_Democratische_Unie","*":"Onafhankelijke Democratische Unie"},{"lang":"pms","url":"https://pms.wikipedia.org/wiki/Uni%C3%B3n_Dem%C3%B3crata_Independiente","*":"Uni\u00f3n Dem\u00f3crata Independiente"},{"lang":"pt","url":"https://pt.wikipedia.org/wiki/Uni%C3%A3o_Democr%C3%A1tica_Independente","*":"Uni\u00e3o Democr\u00e1tica Independente"},{"lang":"ro","url":"https://ro.wikipedia.org/wiki/Uniunea_Democrat%C4%83_Independent%C4%83","*":"Uniunea Democrat\u0103 Independent\u0103"},{"lang":"ru","url":"https://ru.wikipedia.org/wiki/%D0%9D%D0%B5%D0%B7%D0%B0%D0%B2%D0%B8%D1%81%D0%B8%D0%BC%D1%8B%D0%B9_%D0%B4%D0%B5%D0%BC%D0%BE%D0%BA%D1%80%D0%B0%D1%82%D0%B8%D1%87%D0%B5%D1%81%D0%BA%D0%B8%D0%B9_%D1%81%D0%BE%D1%8E%D0%B7","*":"\u041d\u0435\u0437\u0430\u0432\u0438\u0441\u0438\u043c\u044b\u0439 \u0434\u0435\u043c\u043e\u043a\u0440\u0430\u0442\u0438\u0447\u0435\u0441\u043a\u0438\u0439 \u0441\u043e\u044e\u0437"},{"lang":"simple","url":"https://simple.wikipedia.org/wiki/Independent_Democratic_Union","*":"Independent Democratic Union"},{"lang":"sv","url":"https://sv.wikipedia.org/wiki/Uni%C3%B3n_Dem%C3%B3crata_Independiente","*":"Uni\u00f3n Dem\u00f3crata Independiente"}]}}}}