{"batchcomplete":"","query":{"normalized":[{"from":"Democratic_Society_Party","to":"Democratic Society Party"}],"pages":{"4410984":{"pageid":4410984,"ns":0,"title":"Democratic Society Party","langlinks":[{"lang":"ar","url":"https://ar.wikipedia.org/wiki/%D8%AD%D8%B2%D8%A8_%D8%A7%D9%84%D9%85%D8%AC%D8%AA%D9%85%D8%B9_%D8%A7%D9%84%D8%AF%D9%8A%D9%85%D9%82%D8%B1%D8%A7%D8%B7%D9%8A","*":"\u062d\u0632\u0628 \u0627\u0644\u0645\u062c\u062a\u0645\u0639 \u0627\u0644\u062f\u064a\u0645\u0642\u0631\u0627\u0637\u064a"},{"lang":"bg","url":"https://bg.wikipedia.org/wiki/%D0%9F%D0%B0%D1%80%D1%82%D0%B8%D1%8F_%D0%B7%D0%B0_%D0%B4%D0%B5%D0%BC%D0%BE%D0%BA%D1%80%D0%B0%D1%82%D0%B8%D1%87%D0%BD%D0%BE_%D0%BE%D0%B1%D1%89%D0%B5%D1%81%D1%82%D0%B2%D0%BE","*":"\u041f\u0430\u0440\u0442\u0438\u044f \u0437\u0430 \u0434\u0435\u043c\u043e\u043a\u0440\u0430\u0442\u0438\u0447\u043d\u043e \u043e\u0431\u0449\u0435\u0441\u0442\u0432\u043e"},{"lang":"ca","url":"https://ca.wikipedia.org/wiki/Partit_de_la_Societat_Democr%C3%A0tica","*":"Partit de la Societat Democr\u00e0tica"},{"lang":"ckb","url":"https://ckb.wikipedia.org/wiki/%D9%BE%D8%A7%D8%B1%D8%AA%DB%8C_%DA%A9%DB%86%D9%85%DB%95%DA%B5%DA%AF%D8%A7%DB%8C_%D8%AF%DB%8C%D9%85%D9%88%DA%A9%D8%B1%D8%A7%D8%AA%DB%8C","*":"\u067e\u0627\u0631\u062a\u06cc \u06a9\u06c6\u0645\u06d5\u06b5\u06af\u0627\u06cc \u062f\u06cc\u0645\u0648\u06a9\u0631\u0627\u062a\u06cc"},{"lang":"de","url":"https://de.wikipedia.org/wiki/Demokratik_Toplum_Partisi","*":"Demokratik Toplum Partisi"},{"lang":"diq","url":"https://diq.wikipedia.org/wiki/Partiya_Cemaet%C3%AA_Demokratiki","*":"Partiya Cemaet\u00ea Demokratiki"},{"lang":"es","url":"https://es.wikipedia.org/wiki/Partido_de_la_Sociedad_Democr%C3%A1tica","*":"Partido de la Sociedad Democr\u00e1tica"},{"lang":"eu","url":"https://eu.wikipedia.org/wiki/Gizarte_Demokratikoaren_Alderdia","*":"Gizarte Demokratikoaren Alderdia"},{"lang":"fa","url":"https://fa.wikipedia.org/wiki/%D8%AD%D8%B2%D8%A8_%D8%AC%D8%A7%D9%85%D8%B9%D9%87_%D8%AF%D9%85%D9%88%DA%A9%D8%B1%D8%A7%D8%AA%DB%8C%DA%A9","*":"\u062d\u0632\u0628 \u062c\u0627\u0645\u0639\u0647 \u062f\u0645\u0648\u06a9\u0631\u0627\u062a\u06cc\u06a9"},{"lang":"fr","url":"https://fr.wikipedia.org/wiki/Parti_de_la_soci%C3%A9t%C3%A9_d%C3%A9mocratique_(Turquie)","*":"Parti de la soci\u00e9t\u00e9 d\u00e9mocratique (Turquie)"},{"lang":"he","url":"https://he.wikipedia.org/wiki/%D7%9E%D7%A4%D7%9C%D7%92%D7%AA_%D7%94%D7%97%D7%91%D7%A8%D7%94_%D7%94%D7%93%D7%9E%D7%95%D7%A7%D7%A8%D7%98%D7%99%D7%AA","*":"\u05de\u05e4\u05dc\u05d2\u05ea \u05d4\u05d7\u05d1\u05e8\u05d4 \u05d4\u05d3\u05de\u05d5\u05e7\u05e8\u05d8\u05d9\u05ea"},{"lang":"it","url":"https://it.wikipedia.org/wiki/Partito_della_Societ%C3%A0_Democratica","*":"Partito della Societ\u00e0 Democratica"},{"lang":"ku","url":"https://ku.wikipedia.org/wiki/Partiya_Civaka_Demokrat%C3%AEk","*":"Partiya Civaka Demokrat\u00eek"},{"lang":"nl","url":"https://nl.wikipedia.org/wiki/Democratische_Samenlevingpartij","*":"Democratische Samenlevingpartij"},{"lang":"nb","url":"https://no.wikipedia.org/wiki/Demokratik_Toplum_Partisi","*":"Demokratik Toplum Partisi"},{"lang":"ru","url":"https://ru.wikipedia.org/wiki/%D0%9F%D0%B0%D1%80%D1%82%D0%B8%D1%8F_%D0%B4%D0%B5%D0%BC%D0%BE%D0%BA%D1%80%D0%B0%D1%82%D0%B8%D1%87%D0%B5%D1%81%D0%BA%D0%BE%D0%B3%D0%BE_%D0%BE%D0%B1%D1%89%D0%B5%D1%81%D1%82%D0%B2%D0%B0","*":"\u041f\u0430\u0440\u0442\u0438\u044f \u0434\u0435\u043c\u043e\u043a\u0440\u0430\u0442\u0438\u0447\u0435\u0441\u043a\u043e\u0433\u043e \u043e\u0431\u0449\u0435\u0441\u0442\u0432\u0430"},{"lang":"tr","url":"https://tr.wikipedia.org/wiki/Demokratik_Toplum_Partisi","*":"Demokratik Toplum Partisi"}]}}}}