{"batchcomplete":"","query":{"normalized":[{"from":"Nationalist_Movement_Party","to":"Nationalist Movement Party"}],"pages":{"1984948":{"pageid":1984948,"ns":0,"title":"Nationalist Movement Party","langlinks":[{"lang":"ar","url":"https://ar.wikipedia.org/wiki/%D8%AD%D8%B2%D8%A8_%D8%A7%D9%84%D8%AD%D8%B1%D9%83%D8%A9_%D8%A7%D9%84%D9%82%D9%88%D9%85%D9%8A%D8%A9","*":"\u062d\u0632\u0628 \u0627\u0644\u062d\u0631\u0643\u0629 \u0627\u0644\u0642\u0648\u0645\u064a\u0629"},{"lang":"arz","url":"https://arz.wikipedia.org/wiki/%D8%AD%D8%B2%D8%A8_%D8%A7%D9%84%D8%AD%D8%B1%D9%83%D9%87_%D8%A7%D9%84%D9%82%D9%88%D9%85%D9%8A%D9%87","*":"\u062d\u0632\u0628 \u0627\u0644\u062d\u0631\u0643\u0647 \u0627\u0644\u0642\u0648\u0645\u064a\u0647"},{"lang":"az","url":"https://az.wikipedia.org/wiki/Milliy%C9%99t%C3%A7i_H%C9%99r%C9%99kat_Partiyas%C4%B1_(T%C3%BCrkiy%C9%99)","*":"Milliy\u0259t\u00e7i H\u0259r\u0259kat Partiyas\u0131 (T\u00fcrkiy\u0259)"},{"lang":"bar","url":"https://bar.wikipedia.org/wiki/Partei_vo_da_Nationalistischn_Bewegung","*":"Partei vo da Nationalistischn Bewegung"},{"lang":"be","url":"https://be.wikipedia.org/wiki/%D0%9F%D0%B0%D1%80%D1%82%D1%8B%D1%8F_%D0%BD%D0%B0%D1%86%D1%8B%D1%8F%D0%BD%D0%B0%D0%BB%D1%96%D1%81%D1%82%D1%8B%D1%87%D0%BD%D0%B0%D0%B3%D0%B0_%D1%80%D1%83%D1%85%D1%83","*":"\u041f\u0430\u0440\u0442\u044b\u044f \u043d\u0430\u0446\u044b\u044f\u043d\u0430\u043b\u0456\u0441\u0442\u044b\u0447\u043d\u0430\u0433\u0430 \u0440\u0443\u0445\u0443"},{"lang":"bg","url":"https://bg.wikipedia.org/wiki/%D0%9F%D0%B0%D1%80%D1%82%D0%B8%D1%8F_%D0%BD%D0%B0_%D0%BD%D0%B0%D1%86%D0%B8%D0%BE%D0%BD%D0%B0%D0%BB%D0%B8%D1%81%D1%82%D0%B8%D1%87%D0%B5%D1%81%D0%BA%D0%BE%D1%82%D0%BE_%D0%B4%D0%B5%D0%B9%D1%81%D1%82%D0%B2%D0%B8%D0%B5_(%D0%A2%D1%83%D1%80%D1%86%D0%B8%D1%8F)","*":"\u041f\u0430\u0440\u0442\u0438\u044f \u043d\u0430 \u043d\u0430\u0446\u0438\u043e\u043d\u0430\u043b\u0438\u0441\u0442\u0438\u0447\u0435\u0441\u043a\u043e\u0442\u043e \u0434\u0435\u0439\u0441\u0442\u0432\u0438\u0435 (\u0422\u0443\u0440\u0446\u0438\u044f)"},{"lang":"ca","url":"https://ca.wikipedia.org/wiki/Partit_del_Moviment_Nacionalista","*":"Partit del Moviment Nacionalista"},{"lang":"ckb","url":"https://ckb.wikipedia.org/wiki/%D9%BE%D8%A7%D8%B1%D8%AA%DB%8C_%D8%A8%D8%B2%D9%88%D9%88%D8%AA%D9%86%DB%95%D9%88%DB%95%DB%8C_%D9%86%D8%A7%D8%B3%DB%8C%DB%86%D9%86%D8%A7%D9%84%DB%8C%D8%B3%D8%AA","*":"\u067e\u0627\u0631\u062a\u06cc \u0628\u0632\u0648\u0648\u062a\u0646\u06d5\u0648\u06d5\u06cc \u0646\u0627\u0633\u06cc\u06c6\u0646\u0627\u0644\u06cc\u0633\u062a"},{"lang":"cs","url":"https://cs.wikipedia.org/wiki/Nacion%C3%A1ln%C4%9B_%C4%8Dinn%C3%A1_strana","*":"Nacion\u00e1ln\u011b \u010dinn\u00e1 strana"},{"lang":"de","url":"https://de.wikipedia.org/wiki/Milliyet%C3%A7i_Hareket_Partisi","*":"Milliyet\u00e7i Hareket Partisi"},{"lang":"diq","url":"https://diq.wikipedia.org/wiki/Partiya_Hereket%C3%AA_Nasyonalisti","*":"Partiya Hereket\u00ea Nasyonalisti"},{"lang":"el","url":"https://el.wikipedia.org/wiki/%CE%9A%CF%8C%CE%BC%CE%BC%CE%B1_%CE%95%CE%B8%CE%BD%CE%B9%CE%BA%CE%B9%CF%83%CF%84%CE%B9%CE%BA%CE%BF%CF%8D_%CE%9A%CE%B9%CE%BD%CE%AE%CE%BC%CE%B1%CF%84%CE%BF%CF%82","*":"\u039a\u03cc\u03bc\u03bc\u03b1 \u0395\u03b8\u03bd\u03b9\u03ba\u03b9\u03c3\u03c4\u03b9\u03ba\u03bf\u03cd \u039a\u03b9\u03bd\u03ae\u03bc\u03b1\u03c4\u03bf\u03c2"},{"lang":"es","url":"https://es.wikipedia.org/wiki/Partido_de_Acci%C3%B3n_Nacionalista","*":"Partido de Acci\u00f3n Nacionalista"},{"lang":"fa","url":"https://fa.wikipedia.org/wiki/%D8%AD%D8%B2%D8%A8_%D8%AD%D8%B1%DA%A9%D8%AA_%D9%85%D9%84%DB%8C","*":"\u062d\u0632\u0628 \u062d\u0631\u06a9\u062a \u0645\u0644\u06cc"},{"lang":"fi","url":"https://fi.wikipedia.org/wiki/Kansallismielinen_toimintapuolue","*":"Kansallismielinen toimintapuolue"},{"lang":"fr","url":"https://fr.wikipedia.org/wiki/Parti_d%27action_nationaliste","*":"Parti d'action nationaliste"},{"lang":"he","url":"https://he.wikipedia.org/wiki/%D7%9E%D7%A4%D7%9C%D7%92%D7%AA_%D7%94%D7%AA%D7%A0%D7%95%D7%A2%D7%94_%D7%94%D7%9C%D7%90%D7%95%D7%9E%D7%99%D7%AA","*":"\u05de\u05e4\u05dc\u05d2\u05ea \u05d4\u05ea\u05e0\u05d5\u05e2\u05d4 \u05d4\u05dc\u05d0\u05d5\u05de\u05d9\u05ea"},{"lang":"hu","url":"https://hu.wikipedia.org/wiki/Nemzeti_Mozgalom_P%C3%A1rtja","*":"Nemzeti Mozgalom P\u00e1rtja"},{"lang":"hy","url":"https://hy.wikipedia.org/wiki/%D4%B1%D5%A6%D5%A3%D5%A1%D5%B5%D5%B6%D5%A1%D5%AF%D5%A1%D5%B6_%D5%B7%D5%A1%D6%80%D5%AA%D5%B4%D5%A1%D5%B6_%D5%AF%D5%B8%D6%82%D5%BD%D5%A1%D5%AF%D6%81%D5%B8%D6%82%D5%A9%D5%B5%D5%B8%D6%82%D5%B6","*":"\u0531\u0566\u0563\u0561\u0575\u0576\u0561\u056f\u0561\u0576 \u0577\u0561\u0580\u056a\u0574\u0561\u0576 \u056f\u0578\u0582\u057d\u0561\u056f\u0581\u0578\u0582\u0569\u0575\u0578\u0582\u0576"},{"lang":"id","url":"https://id.wikipedia.org/wiki/Partai_Gerakan_Nasionalis","*":"Partai Gerakan Nasionalis"},{"lang":"it","url":"https://it.wikipedia.org/wiki/Partito_del_Movimento_Nazionalista","*":"Partito del Movimento Nazionalista"},{"lang":"ja","url":"https://ja.wikipedia.org/wiki/%E6%B0%91%E6%97%8F%E4%B8%BB%E7%BE%A9%E8%80%85%E8%A1%8C%E5%8B%95%E5%85%9A","*":"\u6c11\u65cf\u4e3b\u7fa9\u8005\u884c\u52d5\u515a"},{"lang":"ka","url":"https://ka.wikipedia.org/wiki/%E1%83%9C%E1%83%90%E1%83%AA%E1%83%98%E1%83%9D%E1%83%9C%E1%83%90%E1%83%9A%E1%83%98%E1%83%A1%E1%83%A2%E1%83%A3%E1%83%A0%E1%83%98_%E1%83%9B%E1%83%9D%E1%83%AB%E1%83%A0%E1%83%90%E1%83%9D%E1%83%91%E1%83%98%E1%83%A1_%E1%83%9E%E1%83%90%E1%83%A0%E1%83%A2%E1%83%98%E1%83%90_(%E1%83%97%E1%83%A3%E1%83%A0%E1%83%A5%E1%83%94%E1%83%97%E1%83%98)","*":"\u10dc\u10d0\u10ea\u10d8\u10dd\u10dc\u10d0\u10da\u10d8\u10e1\u10e2\u10e3\u10e0\u10d8 \u10db\u10dd\u10eb\u10e0\u10d0\u10dd\u10d1\u10d8\u10e1 \u10de\u10d0\u10e0\u10e2\u10d8\u10d0 (\u10d7\u10e3\u10e0\u10e5\u10d4\u10d7\u10d8)"},{"lang":"ko","url":"https://ko.wikipedia.org/wiki/%EB%AF%BC%EC%A1%B1%EC%A3%BC%EC%9D%98%EC%9E%90_%EC%9A%B4%EB%8F%99%EB%8B%B9","*":"\ubbfc\uc871\uc8fc\uc758\uc790 \uc6b4\ub3d9\ub2f9"},{"lang":"ku","url":"https://ku.wikipedia.org/wiki/Partiya_Tevgera_Netewepar%C3%AAz","*":"Partiya Tevgera Netewepar\u00eaz"},{"lang":"lv","url":"https://lv.wikipedia.org/wiki/Nacion%C4%81listu_kust%C4%ABbas_partija","*":"Nacion\u0101listu kust\u012bbas partija"},{"lang":"mzn","url":"https://mzn.wikipedia.org/wiki/%D9%85%D9%84%DB%8C_%D8%AD%D8%B1%DA%A9%D8%AA_%D8%AD%D8%B2%D8%A8","*":"\u0645\u0644\u06cc \u062d\u0631\u06a9\u062a \u062d\u0632\u0628"},{"lang":"nl","url":"https://nl.wikipedia.org/wiki/Partij_van_de_Nationalistische_Beweging","*":"Partij van de Nationalistische Beweging"},{"lang":"pl","url":"https://pl.wikipedia.org/wiki/Partia_Narodowego_Dzia%C5%82ania","*":"Partia Narodowego Dzia\u0142ania"},{"lang":"pt","url":"https://pt.wikipedia.org/wiki/Partido_de_A%C3%A7%C3%A3o_Nacionalista","*":"Partido de A\u00e7\u00e3o Nacionalista"},{"lang":"ru","url":"https://ru.wikipedia.org/wiki/%D0%9F%D0%B0%D1%80%D1%82%D0%B8%D1%8F_%D0%BD%D0%B0%D1%86%D0%B8%D0%BE%D0%BD%D0%B0%D0%BB%D0%B8%D1%81%D1%82%D0%B8%D1%87%D0%B5%D1%81%D0%BA%D0%BE%D0%B3%D0%BE_%D0%B4%D0%B2%D0%B8%D0%B6%D0%B5%D0%BD%D0%B8%D1%8F","*":"\u041f\u0430\u0440\u0442\u0438\u044f \u043d\u0430\u0446\u0438\u043e\u043d\u0430\u043b\u0438\u0441\u0442\u0438\u0447\u0435\u0441\u043a\u043e\u0433\u043e \u0434\u0432\u0438\u0436\u0435\u043d\u0438\u044f"},{"lang":"simple","url":"https://simple.wikipedia.org/wiki/Nationalist_Movement_Party","*":"Nationalist Movement Party"},{"lang":"sv","url":"https://sv.wikipedia.org/wiki/Nationella_aktionspartiet_(Turkiet)","*":"Nationella aktionspartiet (Turkiet)"},{"lang":"tr","url":"https://tr.wikipedia.org/wiki/Milliyet%C3%A7i_Hareket_Partisi","*":"Milliyet\u00e7i Hareket Partisi"},{"lang":"tt","url":"https://tt.wikipedia.org/wiki/%D0%9C%D0%B8%D0%BB%D0%BB%D3%99%D1%82%D1%87%D0%B5_%D1%85%D3%99%D1%80%D3%99%D0%BA%D3%99%D1%82_%D1%84%D0%B8%D1%80%D0%BA%D0%B0%D1%81%D0%B5","*":"\u041c\u0438\u043b\u043b\u04d9\u0442\u0447\u0435 \u0445\u04d9\u0440\u04d9\u043a\u04d9\u0442 \u0444\u0438\u0440\u043a\u0430\u0441\u0435"},{"lang":"ug","url":"https://ug.wikipedia.org/wiki/%D9%85%D9%89%D9%84%D9%84%DB%95%D8%AA%DA%86%D9%89_%DA%BE%DB%95%D8%B1%D9%83%DB%95%D8%AA_%D9%BE%D8%A7%D8%B1%D8%AA%D9%89%D9%8A%D9%89%D8%B3%D9%89","*":"\u0645\u0649\u0644\u0644\u06d5\u062a\u0686\u0649 \u06be\u06d5\u0631\u0643\u06d5\u062a \u067e\u0627\u0631\u062a\u0649\u064a\u0649\u0633\u0649"},{"lang":"uk","url":"https://uk.wikipedia.org/wiki/%D0%9F%D0%B0%D1%80%D1%82%D1%96%D1%8F_%D0%BD%D0%B0%D1%86%D1%96%D0%BE%D0%BD%D0%B0%D0%BB%D1%96%D1%81%D1%82%D0%B8%D1%87%D0%BD%D0%BE%D0%B3%D0%BE_%D1%80%D1%83%D1%85%D1%83","*":"\u041f\u0430\u0440\u0442\u0456\u044f \u043d\u0430\u0446\u0456\u043e\u043d\u0430\u043b\u0456\u0441\u0442\u0438\u0447\u043d\u043e\u0433\u043e \u0440\u0443\u0445\u0443"},{"lang":"ur","url":"https://ur.wikipedia.org/wiki/%D9%86%DB%8C%D8%B4%D9%86%D9%84%D8%B3%D9%B9_%D9%85%D9%88%D9%88%D9%85%D9%86%D9%B9_%D9%BE%D8%A7%D8%B1%D9%B9%DB%8C","*":"\u0646\u06cc\u0634\u0646\u0644\u0633\u0679 \u0645\u0648\u0648\u0645\u0646\u0679 \u067e\u0627\u0631\u0679\u06cc"},{"lang":"zh","url":"https://zh.wikipedia.org/wiki/%E6%B0%91%E6%97%8F%E4%B8%BB%E4%B9%89%E8%A1%8C%E5%8A%A8%E5%85%9A","*":"\u6c11\u65cf\u4e3b\u4e49\u884c\u52a8\u515a"}]}}}}