{"batchcomplete":"","query":{"normalized":[{"from":"Confederation_of_Independent_Poland","to":"Confederation of Independent Poland"}],"pages":{"9683914":{"pageid":9683914,"ns":0,"title":"Confederation of Independent Poland","langlinks":[{"lang":"ca","url":"https://ca.wikipedia.org/wiki/Confederaci%C3%B3_per_una_Pol%C3%B2nia_Independent","*":"Confederaci\u00f3 per una Pol\u00f2nia Independent"},{"lang":"de","url":"https://de.wikipedia.org/wiki/Konfederacja_Polski_Niepodleg%C5%82ej","*":"Konfederacja Polski Niepodleg\u0142ej"},{"lang":"eo","url":"https://eo.wikipedia.org/wiki/Konfederacio_de_Sendependa_Pollando","*":"Konfederacio de Sendependa Pollando"},{"lang":"es","url":"https://es.wikipedia.org/wiki/Confederaci%C3%B3n_de_Polonia_Independiente","*":"Confederaci\u00f3n de Polonia Independiente"},{"lang":"it","url":"https://it.wikipedia.org/wiki/Confederazione_della_Polonia_Indipendente","*":"Confederazione della Polonia Indipendente"},{"lang":"nl","url":"https://nl.wikipedia.org/wiki/Konfederacja_Polski_Niepodleg%C5%82ej","*":"Konfederacja Polski Niepodleg\u0142ej"},{"lang":"pl","url":"https://pl.wikipedia.org/wiki/Konfederacja_Polski_Niepodleg%C5%82ej","*":"Konfederacja Polski Niepodleg\u0142ej"},{"lang":"ru","url":"https://ru.wikipedia.org/wiki/%D0%9A%D0%BE%D0%BD%D1%84%D0%B5%D0%B4%D0%B5%D1%80%D0%B0%D1%86%D0%B8%D1%8F_%D0%BD%D0%B5%D0%B7%D0%B0%D0%B2%D0%B8%D1%81%D0%B8%D0%BC%D0%BE%D0%B9_%D0%9F%D0%BE%D0%BB%D1%8C%D1%88%D0%B8","*":"\u041a\u043e\u043d\u0444\u0435\u0434\u0435\u0440\u0430\u0446\u0438\u044f \u043d\u0435\u0437\u0430\u0432\u0438\u0441\u0438\u043c\u043e\u0439 \u041f\u043e\u043b\u044c\u0448\u0438"}]}}}}