{"batchcomplete":"","query":{"normalized":[{"from":"Fighting_Democratic_Movement","to":"Fighting Democratic Movement"}],"pages":{"1850602":{"pageid":1850602,"ns":0,"title":"Fighting Democratic Movement","langlinks":[{"lang":"ca","url":"https://ca.wikipedia.org/wiki/Moviment_Democr%C3%A0tic_Combatent","*":"Moviment Democr\u00e0tic Combatent"},{"lang":"el","url":"https://el.wikipedia.org/wiki/%CE%91%CE%B3%CF%89%CE%BD%CE%B9%CF%83%CF%84%CE%B9%CE%BA%CF%8C_%CE%94%CE%B7%CE%BC%CE%BF%CE%BA%CF%81%CE%B1%CF%84%CE%B9%CE%BA%CF%8C_%CE%9A%CE%AF%CE%BD%CE%B7%CE%BC%CE%B1","*":"\u0391\u03b3\u03c9\u03bd\u03b9\u03c3\u03c4\u03b9\u03ba\u03cc \u0394\u03b7\u03bc\u03bf\u03ba\u03c1\u03b1\u03c4\u03b9\u03ba\u03cc \u039a\u03af\u03bd\u03b7\u03bc\u03b1"},{"lang":"fr","url":"https://fr.wikipedia.org/wiki/Mouvement_d%C3%A9mocrate_combattant","*":"Mouvement d\u00e9mocrate combattant"},{"lang":"tr","url":"https://tr.wikipedia.org/wiki/Sava%C5%9Fan_Demokratlar_Hareketi","*":"Sava\u015fan Demokratlar Hareketi"}]}}}}