{"batchcomplete":"","query":{"normalized":[{"from":"Forza_Italia","to":"Forza Italia"}],"pages":{"385677":{"pageid":385677,"ns":0,"title":"Forza Italia","langlinks":[{"lang":"ar","url":"https://ar.wikipedia.org/wiki/%D9%81%D9%88%D8%B1%D8%B2%D8%A7_%D8%A5%D9%8A%D8%B7%D8%A7%D9%84%D9%8A%D8%A7","*":"\u0641\u0648\u0631\u0632\u0627 \u0625\u064a\u0637\u0627\u0644\u064a\u0627"},{"lang":"arz","url":"https://arz.wikipedia.org/wiki/%D9%81%D9%88%D8%B1%D8%B2%D8%A7_%D8%A7%D9%8A%D8%B7%D8%A7%D9%84%D9%8A%D8%A7","*":"\u0641\u0648\u0631\u0632\u0627 \u0627\u064a\u0637\u0627\u0644\u064a\u0627"},{"lang":"br","url":"https://br.wikipedia.org/wiki/Forza_Italia","*":"Forza Italia"},{"lang":"ca","url":"https://ca.wikipedia.org/wiki/For%C3%A7a_It%C3%A0lia","*":"For\u00e7a It\u00e0lia"},{"lang":"cs","url":"https://cs.wikipedia.org/wiki/Forza_Italia_(1994)","*":"Forza Italia (1994)"},{"lang":"da","url":"https://da.wikipedia.org/wiki/Forza_Italia","*":"Forza Italia"},{"lang":"de","url":"https://de.wikipedia.org/wiki/Forza_Italia","*":"Forza Italia"},{"lang":"eo","url":"https://eo.wikipedia.org/wiki/Forza_Italia","*":"Forza Italia"},{"lang":"es","url":"https://es.wikipedia.org/wiki/Forza_Italia_(1994)","*":"Forza Italia (1994)"},{"lang":"fa","url":"https://fa.wikipedia.org/wiki/%D9%81%D9%88%D8%B1%D8%B2%D8%A7_%D8%A7%DB%8C%D8%AA%D8%A7%D9%84%DB%8C%D8%A7","*":"\u0641\u0648\u0631\u0632\u0627 \u0627\u06cc\u062a\u0627\u0644\u06cc\u0627"},{"lang":"fi","url":"https://fi.wikipedia.org/wiki/Forza_Italia","*":"Forza Italia"},{"lang":"fr","url":"https://fr.wikipedia.org/wiki/Forza_Italia_(1994)","*":"Forza Italia (1994)"},{"lang":"ga","url":"https://ga.wikipedia.org/wiki/Forza_Italia","*":"Forza Italia"},{"lang":"hr","url":"https://hr.wikipedia.org/wiki/Forza_Italia","*":"Forza Italia"},{"lang":"hu","url":"https://hu.wikipedia.org/wiki/Forza_Italia","*":"Forza Italia"},{"lang":"it","url":"https://it.wikipedia.org/wiki/Forza_Italia_(1994)","*":"Forza Italia (1994)"},{"lang":"ja","url":"https://ja.wikipedia.org/wiki/%E3%83%95%E3%82%A9%E3%83%AB%E3%83%84%E3%82%A1%E3%83%BB%E3%82%A4%E3%82%BF%E3%83%AA%E3%82%A2","*":"\u30d5\u30a9\u30eb\u30c4\u30a1\u30fb\u30a4\u30bf\u30ea\u30a2"},{"lang":"ko","url":"https://ko.wikipedia.org/wiki/%ED%8F%AC%EB%A5%B4%EC%B0%A8_%EC%9D%B4%ED%83%88%EB%A6%AC%EC%95%84","*":"\ud3ec\ub974\ucc28 \uc774\ud0c8\ub9ac\uc544"},{"lang":"la","url":"https://la.wikipedia.org/wiki/Forza_Italia","*":"Forza Italia"},{"lang":"lb","url":"https://lb.wikipedia.org/wiki/Forza_Italia","*":"Forza Italia"},{"lang":"lmo","url":"https://lmo.wikipedia.org/wiki/Forza_Italia_(1994)","*":"Forza Italia (1994)"},{"lang":"nap","url":"https://nap.wikipedia.org/wiki/Forza_Italia","*":"Forza Italia"},{"lang":"nl","url":"https://nl.wikipedia.org/wiki/Forza_Italia","*":"Forza Italia"},{"lang":"nn","url":"https://nn.wikipedia.org/wiki/Forza_Italia","*":"Forza Italia"},{"lang":"nb","url":"https://no.wikipedia.org/wiki/Forza_Italia","*":"Forza Italia"},{"lang":"pl","url":"https://pl.wikipedia.org/wiki/Forza_Italia","*":"Forza Italia"},{"lang":"pms","url":"https://pms.wikipedia.org/wiki/Forza_Italia","*":"Forza Italia"},{"lang":"ru","url":"https://ru.wikipedia.org/wiki/%D0%92%D0%BF%D0%B5%D1%80%D1%91%D0%B4,_%D0%98%D1%82%D0%B0%D0%BB%D0%B8%D1%8F","*":"\u0412\u043f\u0435\u0440\u0451\u0434, \u0418\u0442\u0430\u043b\u0438\u044f"},{"lang":"scn","url":"https://scn.wikipedia.org/wiki/Forza_Italia","*":"Forza Italia"},{"lang":"sh","url":"https://sh.wikipedia.org/wiki/Naprijed_Italija","*":"Naprijed Italija"},{"lang":"sq","url":"https://sq.wikipedia.org/wiki/Forza_Italia","*":"Forza Italia"},{"lang":"sr","url":"https://sr.wikipedia.org/wiki/%D0%9D%D0%B0%D0%BF%D1%80%D0%B5%D0%B4_%D0%98%D1%82%D0%B0%D0%BB%D0%B8%D1%98%D0%BE","*":"\u041d\u0430\u043f\u0440\u0435\u0434 \u0418\u0442\u0430\u043b\u0438\u0458\u043e"},{"lang":"sv","url":"https://sv.wikipedia.org/wiki/Forza_Italia","*":"Forza Italia"},{"lang":"tr","url":"https://tr.wikipedia.org/wiki/Forza_Italia","*":"Forza Italia"},{"lang":"uk","url":"https://uk.wikipedia.org/wiki/%D0%92%D0%BF%D0%B5%D1%80%D0%B5%D0%B4,_%D0%86%D1%82%D0%B0%D0%BB%D1%96%D1%94","*":"\u0412\u043f\u0435\u0440\u0435\u0434, \u0406\u0442\u0430\u043b\u0456\u0454"},{"lang":"vec","url":"https://vec.wikipedia.org/wiki/Forsa_Ita%C5%82ia","*":"Forsa Ita\u0142ia"},{"lang":"zh","url":"https://zh.wikipedia.org/wiki/%E6%84%8F%E5%A4%A7%E5%88%A9%E5%8A%9B%E9%87%8F%E9%BB%A8","*":"\u610f\u5927\u5229\u529b\u91cf\u9ee8"}]}}}}