{"batchcomplete":"","query":{"normalized":[{"from":"National_Centre_of_Independents_and_Peasants","to":"National Centre of Independents and Peasants"}],"pages":{"30863436":{"pageid":30863436,"ns":0,"title":"National Centre of Independents and Peasants","langlinks":[{"lang":"ca","url":"https://ca.wikipedia.org/wiki/Centre_Nacional_d%27Independents_i_Agraris","*":"Centre Nacional d'Independents i Agraris"},{"lang":"de","url":"https://de.wikipedia.org/wiki/Centre_national_des_ind%C3%A9pendants_et_paysans","*":"Centre national des ind\u00e9pendants et paysans"},{"lang":"eo","url":"https://eo.wikipedia.org/wiki/Nacia_Centro_de_Sendependuloj_kaj_Kamparanoj","*":"Nacia Centro de Sendependuloj kaj Kamparanoj"},{"lang":"es","url":"https://es.wikipedia.org/wiki/Centro_Nacional_de_Independientes_y_Campesinos","*":"Centro Nacional de Independientes y Campesinos"},{"lang":"fr","url":"https://fr.wikipedia.org/wiki/Centre_national_des_ind%C3%A9pendants_et_paysans","*":"Centre national des ind\u00e9pendants et paysans"},{"lang":"he","url":"https://he.wikipedia.org/wiki/%D7%94%D7%9E%D7%A8%D7%9B%D7%96_%D7%94%D7%9C%D7%90%D7%95%D7%9E%D7%99_%D7%A9%D7%9C_%D7%94%D7%A2%D7%A6%D7%9E%D7%90%D7%99%D7%9D_%D7%95%D7%94%D7%90%D7%99%D7%9B%D7%A8%D7%99%D7%9D","*":"\u05d4\u05de\u05e8\u05db\u05d6 \u05d4\u05dc\u05d0\u05d5\u05de\u05d9 \u05e9\u05dc \u05d4\u05e2\u05e6\u05de\u05d0\u05d9\u05dd \u05d5\u05d4\u05d0\u05d9\u05db\u05e8\u05d9\u05dd"},{"lang":"it","url":"https://it.wikipedia.org/wiki/Centro_Nazionale_degli_Indipendenti_e_dei_Contadini","*":"Centro Nazionale degli Indipendenti e dei Contadini"},{"lang":"ko","url":"https://ko.wikipedia.org/wiki/%EC%86%8C%EC%83%81%EA%B3%B5%EC%9D%B8%EA%B3%BC_%EB%86%8D%EB%AF%BC%EC%9D%98_%EA%B5%AD%EB%AF%BC%EC%A4%91%EC%8B%AC","*":"\uc18c\uc0c1\uacf5\uc778\uacfc \ub18d\ubbfc\uc758 \uad6d\ubbfc\uc911\uc2ec"},{"lang":"nl","url":"https://nl.wikipedia.org/wiki/Centre_national_des_ind%C3%A9pendants_et_paysans","*":"Centre national des ind\u00e9pendants et paysans"},{"lang":"pl","url":"https://pl.wikipedia.org/wiki/Narodowe_Centrum_Niezale%C5%BCnych_i_Ch%C5%82op%C3%B3w","*":"Narodowe Centrum Niezale\u017cnych i Ch\u0142op\u00f3w"},{"lang":"simple","url":"https://simple.wikipedia.org/wiki/National_Centre_of_Independents_and_Peasants","*":"National Centre of Independents and Peasants"}]}}}}