{"batchcomplete":"","query":{"normalized":[{"from":"Inkatha_Freedom_Party","to":"Inkatha Freedom Party"}],"pages":{"383326":{"pageid":383326,"ns":0,"title":"Inkatha Freedom Party","langlinks":[{"lang":"af","url":"https://af.wikipedia.org/wiki/Inkatha-Vryheidsparty","*":"Inkatha-Vryheidsparty"},{"lang":"ca","url":"https://ca.wikipedia.org/wiki/Partit_Inkatha_per_la_Llibertat","*":"Partit Inkatha per la Llibertat"},{"lang":"de","url":"https://de.wikipedia.org/wiki/Inkatha_Freedom_Party","*":"Inkatha Freedom Party"},{"lang":"es","url":"https://es.wikipedia.org/wiki/Inkatha","*":"Inkatha"},{"lang":"fi","url":"https://fi.wikipedia.org/wiki/Inkatha-vapauspuolue","*":"Inkatha-vapauspuolue"},{"lang":"fr","url":"https://fr.wikipedia.org/wiki/Parti_Inkatha_de_la_libert%C3%A9","*":"Parti Inkatha de la libert\u00e9"},{"lang":"id","url":"https://id.wikipedia.org/wiki/Partai_Kebebasan_Inkatha","*":"Partai Kebebasan Inkatha"},{"lang":"it","url":"https://it.wikipedia.org/wiki/Partito_della_Libert%C3%A0_Inkata","*":"Partito della Libert\u00e0 Inkata"},{"lang":"ja","url":"https://ja.wikipedia.org/wiki/%E3%82%A4%E3%83%B3%E3%82%AB%E3%82%BF%E8%87%AA%E7%94%B1%E5%85%9A","*":"\u30a4\u30f3\u30ab\u30bf\u81ea\u7531\u515a"},{"lang":"nl","url":"https://nl.wikipedia.org/wiki/Inkatha_Vrijheidspartij","*":"Inkatha Vrijheidspartij"},{"lang":"nb","url":"https://no.wikipedia.org/wiki/Inkatha_Freedom_Party","*":"Inkatha Freedom Party"},{"lang":"pl","url":"https://pl.wikipedia.org/wiki/Partia_Wolno%C5%9Bci_Inkatha","*":"Partia Wolno\u015bci Inkatha"},{"lang":"pt","url":"https://pt.wikipedia.org/wiki/Partido_da_Liberdade_Inkatha","*":"Partido da Liberdade Inkatha"},{"lang":"ru","url":"https://ru.wikipedia.org/wiki/%D0%9F%D0%B0%D1%80%D1%82%D0%B8%D1%8F_%D1%81%D0%B2%D0%BE%D0%B1%D0%BE%D0%B4%D1%8B_%D0%98%D0%BD%D0%BA%D0%B0%D1%82%D0%B0","*":"\u041f\u0430\u0440\u0442\u0438\u044f \u0441\u0432\u043e\u0431\u043e\u0434\u044b \u0418\u043d\u043a\u0430\u0442\u0430"},{"lang":"simple","url":"https://simple.wikipedia.org/wiki/Inkatha_Freedom_Party","*":"Inkatha Freedom Party"},{"lang":"sk","url":"https://sk.wikipedia.org/wiki/Strana_slobody_Inkatha","*":"Strana slobody Inkatha"},{"lang":"sv","url":"https://sv.wikipedia.org/wiki/Inkatha_Freedom_Party","*":"Inkatha Freedom Party"},{"lang":"sw","url":"https://sw.wikipedia.org/wiki/Inkatha_Freedom_Party","*":"Inkatha Freedom Party"},{"lang":"zh","url":"https://zh.wikipedia.org/wiki/%E5%9B%A0%E5%8D%A1%E5%A1%94%E8%87%AA%E7%94%B1%E5%85%9A","*":"\u56e0\u5361\u5854\u81ea\u7531\u515a"},{"lang":"zu","url":"https://zu.wikipedia.org/wiki/Inkatha_Freedom_Party","*":"Inkatha Freedom Party"}]}}}}