{"batchcomplete":"","query":{"normalized":[{"from":"National_Republican_Movement","to":"National Republican Movement"}],"pages":{"324025":{"pageid":324025,"ns":0,"title":"National Republican Movement","langlinks":[{"lang":"ca","url":"https://ca.wikipedia.org/wiki/Moviment_Nacional_Republic%C3%A0","*":"Moviment Nacional Republic\u00e0"},{"lang":"de","url":"https://de.wikipedia.org/wiki/Mouvement_national_r%C3%A9publicain","*":"Mouvement national r\u00e9publicain"},{"lang":"eo","url":"https://eo.wikipedia.org/wiki/Nacia_Respublikana_Movado_(Francio)","*":"Nacia Respublikana Movado (Francio)"},{"lang":"es","url":"https://es.wikipedia.org/wiki/Movimiento_Nacional_Republicano","*":"Movimiento Nacional Republicano"},{"lang":"eu","url":"https://eu.wikipedia.org/wiki/Mugimendu_Nazional_Errepublikarra","*":"Mugimendu Nazional Errepublikarra"},{"lang":"fr","url":"https://fr.wikipedia.org/wiki/Mouvement_national_r%C3%A9publicain","*":"Mouvement national r\u00e9publicain"},{"lang":"it","url":"https://it.wikipedia.org/wiki/Movimento_Nazionale_Repubblicano","*":"Movimento Nazionale Repubblicano"},{"lang":"ja","url":"https://ja.wikipedia.org/wiki/%E5%85%B1%E5%92%8C%E5%9B%BD%E9%81%8B%E5%8B%95","*":"\u5171\u548c\u56fd\u904b\u52d5"},{"lang":"lt","url":"https://lt.wikipedia.org/wiki/Nacionalinis_respublikon%C5%B3_jud%C4%97jimas","*":"Nacionalinis respublikon\u0173 jud\u0117jimas"},{"lang":"nl","url":"https://nl.wikipedia.org/wiki/Mouvement_national_r%C3%A9publicain","*":"Mouvement national r\u00e9publicain"},{"lang":"pl","url":"https://pl.wikipedia.org/wiki/Narodowy_Ruch_Republika%C5%84ski","*":"Narodowy Ruch Republika\u0144ski"},{"lang":"pt","url":"https://pt.wikipedia.org/wiki/Movimento_Nacional_Republicano_(Fran%C3%A7a)","*":"Movimento Nacional Republicano (Fran\u00e7a)"},{"lang":"ru","url":"https://ru.wikipedia.org/wiki/%D0%9D%D0%B0%D1%86%D0%B8%D0%BE%D0%BD%D0%B0%D0%BB%D1%8C%D0%BD%D0%BE%D0%B5_%D1%80%D0%B5%D1%81%D0%BF%D1%83%D0%B1%D0%BB%D0%B8%D0%BA%D0%B0%D0%BD%D1%81%D0%BA%D0%BE%D0%B5_%D0%B4%D0%B2%D0%B8%D0%B6%D0%B5%D0%BD%D0%B8%D0%B5","*":"\u041d\u0430\u0446\u0438\u043e\u043d\u0430\u043b\u044c\u043d\u043e\u0435 \u0440\u0435\u0441\u043f\u0443\u0431\u043b\u0438\u043a\u0430\u043d\u0441\u043a\u043e\u0435 \u0434\u0432\u0438\u0436\u0435\u043d\u0438\u0435"},{"lang":"sv","url":"https://sv.wikipedia.org/wiki/Mouvement_National_R%C3%A9publicain","*":"Mouvement National R\u00e9publicain"}]}}}}