{"batchcomplete":"","query":{"normalized":[{"from":"Nicaraguan_Liberal_Alliance","to":"Nicaraguan Liberal Alliance"}],"pages":{"6303218":{"pageid":6303218,"ns":0,"title":"Nicaraguan Liberal Alliance","langlinks":[{"lang":"es","url":"https://es.wikipedia.org/wiki/Alianza_Liberal_Nicarag%C3%BCense","*":"Alianza Liberal Nicarag\u00fcense"},{"lang":"fr","url":"https://fr.wikipedia.org/wiki/Alliance_lib%C3%A9rale_nicaraguayenne","*":"Alliance lib\u00e9rale nicaraguayenne"},{"lang":"pl","url":"https://pl.wikipedia.org/wiki/Alianza_Liberal_Nicarag%C3%BCense","*":"Alianza Liberal Nicarag\u00fcense"}]}}}}