{"batchcomplete":"","query":{"normalized":[{"from":"Liberal_and_Country_League","to":"Liberal and Country League"}],"pages":{"959285":{"pageid":959285,"ns":0,"title":"Liberal and Country League","langlinks":[{"lang":"ar","url":"https://ar.wikipedia.org/wiki/%D8%AA%D8%AD%D8%A7%D9%84%D9%81_%D8%A7%D9%84%D9%84%D9%8A%D8%A8%D8%B1%D8%A7%D9%84%D9%8A%D8%A9_%D9%88%D8%A7%D9%84%D8%B1%D9%8A%D9%81%D9%8A","*":"\u062a\u062d\u0627\u0644\u0641 \u0627\u0644\u0644\u064a\u0628\u0631\u0627\u0644\u064a\u0629 \u0648\u0627\u0644\u0631\u064a\u0641\u064a"},{"lang":"fr","url":"https://fr.wikipedia.org/wiki/Ligue_lib%C3%A9rale_et_rurale","*":"Ligue lib\u00e9rale et rurale"}]}}}}