{"batchcomplete":"","query":{"normalized":[{"from":"Europe_of_the_Peoples\u2013Greens","to":"Europe of the Peoples\u2013Greens"}],"pages":{"23169180":{"pageid":23169180,"ns":0,"title":"Europe of the Peoples\u2013Greens","langlinks":[{"lang":"ast","url":"https://ast.wikipedia.org/wiki/Europa_de_los_Pueblos_Verdes","*":"Europa de los Pueblos Verdes"},{"lang":"es","url":"https://es.wikipedia.org/wiki/Europa_de_los_Pueblos_-_Verdes","*":"Europa de los Pueblos - Verdes"},{"lang":"eu","url":"https://eu.wikipedia.org/wiki/Independentistak_eta_ezkertiarrak","*":"Independentistak eta ezkertiarrak"},{"lang":"fr","url":"https://fr.wikipedia.org/wiki/Europe_des_Peuples_-_les_Verts","*":"Europe des Peuples - les Verts"},{"lang":"nl","url":"https://nl.wikipedia.org/wiki/Europa_de_los_Pueblos-Los_Verdes","*":"Europa de los Pueblos-Los Verdes"},{"lang":"pt","url":"https://pt.wikipedia.org/wiki/Europa_dos_Povos_-_Verdes","*":"Europa dos Povos - Verdes"},{"lang":"sv","url":"https://sv.wikipedia.org/wiki/Europa_de_los_Pueblos","*":"Europa de los Pueblos"}]}}}}