{"batchcomplete":"","query":{"normalized":[{"from":"German_Social_Union_(East_Germany)","to":"German Social Union (East Germany)"}],"pages":{"11711282":{"pageid":11711282,"ns":0,"title":"German Social Union (East Germany)","langlinks":[{"lang":"ar","url":"https://ar.wikipedia.org/wiki/%D8%A7%D9%84%D8%A7%D8%AA%D8%AD%D8%A7%D8%AF_%D8%A7%D9%84%D8%A7%D8%AC%D8%AA%D9%85%D8%A7%D8%B9%D9%8A_%D8%A7%D9%84%D8%A3%D9%84%D9%85%D8%A7%D9%86%D9%8A_(%D8%A3%D9%84%D9%85%D8%A7%D9%86%D9%8A%D8%A7_%D8%A7%D9%84%D8%B4%D8%B1%D9%82%D9%8A%D8%A9)","*":"\u0627\u0644\u0627\u062a\u062d\u0627\u062f \u0627\u0644\u0627\u062c\u062a\u0645\u0627\u0639\u064a \u0627\u0644\u0623\u0644\u0645\u0627\u0646\u064a (\u0623\u0644\u0645\u0627\u0646\u064a\u0627 \u0627\u0644\u0634\u0631\u0642\u064a\u0629)"},{"lang":"arz","url":"https://arz.wikipedia.org/wiki/%D8%A7%D9%84%D8%A7%D8%AA%D8%AD%D8%A7%D8%AF_%D8%A7%D9%84%D8%A7%D8%AC%D8%AA%D9%85%D8%A7%D8%B9%D9%89_%D8%A7%D9%84%D8%A7%D9%84%D9%85%D8%A7%D9%86%D9%89_(%D8%A7%D9%84%D9%85%D8%A7%D9%86%D9%8A%D8%A7_%D8%A7%D9%84%D8%B4%D8%B1%D9%82%D9%8A%D9%87)","*":"\u0627\u0644\u0627\u062a\u062d\u0627\u062f \u0627\u0644\u0627\u062c\u062a\u0645\u0627\u0639\u0649 \u0627\u0644\u0627\u0644\u0645\u0627\u0646\u0649 (\u0627\u0644\u0645\u0627\u0646\u064a\u0627 \u0627\u0644\u0634\u0631\u0642\u064a\u0647)"},{"lang":"de","url":"https://de.wikipedia.org/wiki/Deutsche_Soziale_Union","*":"Deutsche Soziale Union"},{"lang":"es","url":"https://es.wikipedia.org/wiki/Uni%C3%B3n_Social_Alemana","*":"Uni\u00f3n Social Alemana"},{"lang":"fr","url":"https://fr.wikipedia.org/wiki/Union_sociale_allemande","*":"Union sociale allemande"},{"lang":"id","url":"https://id.wikipedia.org/wiki/Persatuan_Sosial_Jerman_(Jerman_Timur)","*":"Persatuan Sosial Jerman (Jerman Timur)"},{"lang":"ja","url":"https://ja.wikipedia.org/wiki/%E3%83%89%E3%82%A4%E3%83%84%E7%A4%BE%E4%BC%9A%E5%90%8C%E7%9B%9F","*":"\u30c9\u30a4\u30c4\u793e\u4f1a\u540c\u76df"},{"lang":"nl","url":"https://nl.wikipedia.org/wiki/Deutsche_Soziale_Union","*":"Deutsche Soziale Union"},{"lang":"nb","url":"https://no.wikipedia.org/wiki/Deutsche_Soziale_Union","*":"Deutsche Soziale Union"},{"lang":"ru","url":"https://ru.wikipedia.org/wiki/%D0%9D%D0%B5%D0%BC%D0%B5%D1%86%D0%BA%D0%B8%D0%B9_%D1%81%D0%BE%D1%86%D0%B8%D0%B0%D0%BB%D1%8C%D0%BD%D1%8B%D0%B9_%D1%81%D0%BE%D1%8E%D0%B7","*":"\u041d\u0435\u043c\u0435\u0446\u043a\u0438\u0439 \u0441\u043e\u0446\u0438\u0430\u043b\u044c\u043d\u044b\u0439 \u0441\u043e\u044e\u0437"},{"lang":"sv","url":"https://sv.wikipedia.org/wiki/Deutsche_Soziale_Union","*":"Deutsche Soziale Union"}]}}}}