{"batchcomplete":"","query":{"normalized":[{"from":"Republican_Movement_(Switzerland)","to":"Republican Movement (Switzerland)"}],"pages":{"36930635":{"pageid":36930635,"ns":0,"title":"Republican Movement (Switzerland)","langlinks":[{"lang":"de","url":"https://de.wikipedia.org/wiki/Republikanische_Bewegung","*":"Republikanische Bewegung"},{"lang":"ru","url":"https://ru.wikipedia.org/wiki/%D0%A0%D0%B5%D1%81%D0%BF%D1%83%D0%B1%D0%BB%D0%B8%D0%BA%D0%B0%D0%BD%D1%81%D0%BA%D0%BE%D0%B5_%D0%B4%D0%B2%D0%B8%D0%B6%D0%B5%D0%BD%D0%B8%D0%B5_(%D0%A8%D0%B2%D0%B5%D0%B9%D1%86%D0%B0%D1%80%D0%B8%D1%8F)","*":"\u0420\u0435\u0441\u043f\u0443\u0431\u043b\u0438\u043a\u0430\u043d\u0441\u043a\u043e\u0435 \u0434\u0432\u0438\u0436\u0435\u043d\u0438\u0435 (\u0428\u0432\u0435\u0439\u0446\u0430\u0440\u0438\u044f)"}]}}}}