{"batchcomplete":"","query":{"normalized":[{"from":"Independent_Greeks","to":"Independent Greeks"}],"pages":{"34976838":{"pageid":34976838,"ns":0,"title":"Independent Greeks","langlinks":[{"lang":"ar","url":"https://ar.wikipedia.org/wiki/%D8%A7%D9%84%D9%8A%D9%88%D9%86%D8%A7%D9%86%D9%8A%D9%88%D9%86_%D8%A7%D9%84%D9%85%D8%B3%D8%AA%D9%82%D9%84%D9%88%D9%86_(%D8%AD%D8%B2%D8%A8)","*":"\u0627\u0644\u064a\u0648\u0646\u0627\u0646\u064a\u0648\u0646 \u0627\u0644\u0645\u0633\u062a\u0642\u0644\u0648\u0646 (\u062d\u0632\u0628)"},{"lang":"az","url":"https://az.wikipedia.org/wiki/M%C3%BCst%C9%99qil_Yunanlar","*":"M\u00fcst\u0259qil Yunanlar"},{"lang":"bg","url":"https://bg.wikipedia.org/wiki/%D0%9D%D0%B5%D0%B7%D0%B0%D0%B2%D0%B8%D1%81%D0%B8%D0%BC%D0%B8_%D0%B3%D1%8A%D1%80%D1%86%D0%B8","*":"\u041d\u0435\u0437\u0430\u0432\u0438\u0441\u0438\u043c\u0438 \u0433\u044a\u0440\u0446\u0438"},{"lang":"ca","url":"https://ca.wikipedia.org/wiki/Grecs_Independents","*":"Grecs Independents"},{"lang":"cs","url":"https://cs.wikipedia.org/wiki/Nez%C3%A1visl%C3%AD_%C5%98ekov%C3%A9","*":"Nez\u00e1visl\u00ed \u0158ekov\u00e9"},{"lang":"da","url":"https://da.wikipedia.org/wiki/Uafh%C3%A6ngige_gr%C3%A6kere","*":"Uafh\u00e6ngige gr\u00e6kere"},{"lang":"de","url":"https://de.wikipedia.org/wiki/Anexartiti_Ellines","*":"Anexartiti Ellines"},{"lang":"el","url":"https://el.wikipedia.org/wiki/%CE%91%CE%BD%CE%B5%CE%BE%CE%AC%CF%81%CF%84%CE%B7%CF%84%CE%BF%CE%B9_%CE%88%CE%BB%CE%BB%CE%B7%CE%BD%CE%B5%CF%82","*":"\u0391\u03bd\u03b5\u03be\u03ac\u03c1\u03c4\u03b7\u03c4\u03bf\u03b9 \u0388\u03bb\u03bb\u03b7\u03bd\u03b5\u03c2"},{"lang":"eo","url":"https://eo.wikipedia.org/wiki/Sendependaj_Grekoj","*":"Sendependaj Grekoj"},{"lang":"es","url":"https://es.wikipedia.org/wiki/Griegos_Independientes","*":"Griegos Independientes"},{"lang":"et","url":"https://et.wikipedia.org/wiki/S%C3%B5ltumatud_Kreeklased","*":"S\u00f5ltumatud Kreeklased"},{"lang":"fi","url":"https://fi.wikipedia.org/wiki/Itsen%C3%A4iset_kreikkalaiset","*":"Itsen\u00e4iset kreikkalaiset"},{"lang":"fr","url":"https://fr.wikipedia.org/wiki/Grecs_ind%C3%A9pendants","*":"Grecs ind\u00e9pendants"},{"lang":"it","url":"https://it.wikipedia.org/wiki/Greci_Indipendenti","*":"Greci Indipendenti"},{"lang":"ja","url":"https://ja.wikipedia.org/wiki/%E7%8B%AC%E7%AB%8B%E3%82%AE%E3%83%AA%E3%82%B7%E3%83%A3%E4%BA%BA","*":"\u72ec\u7acb\u30ae\u30ea\u30b7\u30e3\u4eba"},{"lang":"ko","url":"https://ko.wikipedia.org/wiki/%EB%8F%85%EB%A6%BD_%EA%B7%B8%EB%A6%AC%EC%8A%A4%EC%9D%B8","*":"\ub3c5\ub9bd \uadf8\ub9ac\uc2a4\uc778"},{"lang":"nl","url":"https://nl.wikipedia.org/wiki/Onafhankelijke_Grieken","*":"Onafhankelijke Grieken"},{"lang":"nb","url":"https://no.wikipedia.org/wiki/Uavhengige_grekere","*":"Uavhengige grekere"},{"lang":"pl","url":"https://pl.wikipedia.org/wiki/Niezale%C5%BCni_Grecy","*":"Niezale\u017cni Grecy"},{"lang":"pt","url":"https://pt.wikipedia.org/wiki/Gregos_Independentes","*":"Gregos Independentes"},{"lang":"ru","url":"https://ru.wikipedia.org/wiki/%D0%9D%D0%B5%D0%B7%D0%B0%D0%B2%D0%B8%D1%81%D0%B8%D0%BC%D1%8B%D0%B5_%D0%B3%D1%80%D0%B5%D0%BA%D0%B8","*":"\u041d\u0435\u0437\u0430\u0432\u0438\u0441\u0438\u043c\u044b\u0435 \u0433\u0440\u0435\u043a\u0438"},{"lang":"si","url":"https://si.wikipedia.org/wiki/%E0%B6%89%E0%B6%B1%E0%B7%8A%E0%B6%A9%E0%B7%92%E0%B6%B4%E0%B7%99%E0%B6%B1%E0%B7%8A%E0%B6%A9%E0%B6%B1%E0%B7%8A%E0%B6%A7%E0%B7%8A_%E0%B6%9C%E0%B7%8A%E2%80%8D%E0%B6%BB%E0%B7%93%E0%B6%9A%E0%B7%8A%E0%B7%83%E0%B7%8A","*":"\u0d89\u0db1\u0dca\u0da9\u0dd2\u0db4\u0dd9\u0db1\u0dca\u0da9\u0db1\u0dca\u0da7\u0dca \u0d9c\u0dca\u200d\u0dbb\u0dd3\u0d9a\u0dca\u0dc3\u0dca"},{"lang":"sr","url":"https://sr.wikipedia.org/wiki/%D0%9D%D0%B5%D0%B7%D0%B0%D0%B2%D0%B8%D1%81%D0%BD%D0%B8_%D0%93%D1%80%D1%86%D0%B8","*":"\u041d\u0435\u0437\u0430\u0432\u0438\u0441\u043d\u0438 \u0413\u0440\u0446\u0438"},{"lang":"sv","url":"https://sv.wikipedia.org/wiki/Oberoende_greker","*":"Oberoende greker"},{"lang":"tr","url":"https://tr.wikipedia.org/wiki/Ba%C4%9F%C4%B1ms%C4%B1z_Yunanlar","*":"Ba\u011f\u0131ms\u0131z Yunanlar"},{"lang":"uk","url":"https://uk.wikipedia.org/wiki/%D0%9D%D0%B5%D0%B7%D0%B0%D0%BB%D0%B5%D0%B6%D0%BD%D1%96_%D0%B3%D1%80%D0%B5%D0%BA%D0%B8","*":"\u041d\u0435\u0437\u0430\u043b\u0435\u0436\u043d\u0456 \u0433\u0440\u0435\u043a\u0438"},{"lang":"zh","url":"https://zh.wikipedia.org/wiki/%E7%8B%AC%E7%AB%8B%E5%B8%8C%E8%85%8A%E4%BA%BA","*":"\u72ec\u7acb\u5e0c\u814a\u4eba"}]}}}}