{"batchcomplete":"","query":{"normalized":[{"from":"The_Grays_\u2013_Gray_Panthers","to":"The Grays \u2013 Gray Panthers"}],"pages":{"30870550":{"pageid":30870550,"ns":0,"title":"The Grays \u2013 Gray Panthers","langlinks":[{"lang":"de","url":"https://de.wikipedia.org/wiki/Die_Grauen_%E2%80%93_Graue_Panther","*":"Die Grauen \u2013 Graue Panther"},{"lang":"es","url":"https://es.wikipedia.org/wiki/Die_Grauen_%E2%80%93_Graue_Panther","*":"Die Grauen \u2013 Graue Panther"},{"lang":"fa","url":"https://fa.wikipedia.org/wiki/%D8%AD%D8%B2%D8%A8_%D9%BE%D9%84%D9%86%DA%AF%E2%80%8C%D9%87%D8%A7%DB%8C_%D8%AE%D8%A7%DA%A9%D8%B3%D8%AA%D8%B1%DB%8C_%D8%A2%D9%84%D9%85%D8%A7%D9%86","*":"\u062d\u0632\u0628 \u067e\u0644\u0646\u06af\u200c\u0647\u0627\u06cc \u062e\u0627\u06a9\u0633\u062a\u0631\u06cc \u0622\u0644\u0645\u0627\u0646"},{"lang":"hu","url":"https://hu.wikipedia.org/wiki/A_Sz%C3%BCrk%C3%A9k_%E2%80%93_Sz%C3%BCrke_P%C3%A1rducok","*":"A Sz\u00fcrk\u00e9k \u2013 Sz\u00fcrke P\u00e1rducok"},{"lang":"nb","url":"https://no.wikipedia.org/wiki/Graue_Panther","*":"Graue Panther"},{"lang":"pl","url":"https://pl.wikipedia.org/wiki/Szarzy_%E2%80%93_Szare_Pantery","*":"Szarzy \u2013 Szare Pantery"},{"lang":"ru","url":"https://ru.wikipedia.org/wiki/%D0%A1%D0%B5%D1%80%D1%8B%D0%B5","*":"\u0421\u0435\u0440\u044b\u0435"}]}}}}