{"batchcomplete":"","query":{"pages":{"1035515":{"pageid":1035515,"ns":0,"title":"Herut","langlinks":[{"lang":"ar","url":"https://ar.wikipedia.org/wiki/%D8%AD%D9%8A%D8%B1%D9%88%D8%AA","*":"\u062d\u064a\u0631\u0648\u062a"},{"lang":"ca","url":"https://ca.wikipedia.org/wiki/Herut","*":"Herut"},{"lang":"cs","url":"https://cs.wikipedia.org/wiki/Cherut","*":"Cherut"},{"lang":"da","url":"https://da.wikipedia.org/wiki/Herut","*":"Herut"},{"lang":"de","url":"https://de.wikipedia.org/wiki/Cherut","*":"Cherut"},{"lang":"es","url":"https://es.wikipedia.org/wiki/Herut","*":"Herut"},{"lang":"fi","url":"https://fi.wikipedia.org/wiki/Herut","*":"Herut"},{"lang":"fr","url":"https://fr.wikipedia.org/wiki/H%C3%A9rout","*":"H\u00e9rout"},{"lang":"gl","url":"https://gl.wikipedia.org/wiki/Herut","*":"Herut"},{"lang":"he","url":"https://he.wikipedia.org/wiki/%D7%AA%D7%A0%D7%95%D7%A2%D7%AA_%D7%94%D7%97%D7%A8%D7%95%D7%AA","*":"\u05ea\u05e0\u05d5\u05e2\u05ea \u05d4\u05d7\u05e8\u05d5\u05ea"},{"lang":"it","url":"https://it.wikipedia.org/wiki/Herut","*":"Herut"},{"lang":"nl","url":"https://nl.wikipedia.org/wiki/Cheroet","*":"Cheroet"},{"lang":"pl","url":"https://pl.wikipedia.org/wiki/Herut","*":"Herut"},{"lang":"pt","url":"https://pt.wikipedia.org/wiki/Herut","*":"Herut"},{"lang":"ru","url":"https://ru.wikipedia.org/wiki/%D0%A5%D0%B5%D1%80%D1%83%D1%82","*":"\u0425\u0435\u0440\u0443\u0442"},{"lang":"simple","url":"https://simple.wikipedia.org/wiki/Herut","*":"Herut"},{"lang":"sv","url":"https://sv.wikipedia.org/wiki/Herut","*":"Herut"},{"lang":"uk","url":"https://uk.wikipedia.org/wiki/%D0%A5%D0%B5%D1%80%D1%83%D1%82","*":"\u0425\u0435\u0440\u0443\u0442"}]}}}}