{"batchcomplete":"","query":{"normalized":[{"from":"Ticino_League","to":"Ticino League"}],"pages":{"369114":{"pageid":369114,"ns":0,"title":"Ticino League","langlinks":[{"lang":"ca","url":"https://ca.wikipedia.org/wiki/Lliga_de_Ticino","*":"Lliga de Ticino"},{"lang":"de","url":"https://de.wikipedia.org/wiki/Lega_dei_Ticinesi","*":"Lega dei Ticinesi"},{"lang":"es","url":"https://es.wikipedia.org/wiki/Liga_de_Tesino","*":"Liga de Tesino"},{"lang":"fr","url":"https://fr.wikipedia.org/wiki/Ligue_des_Tessinois","*":"Ligue des Tessinois"},{"lang":"it","url":"https://it.wikipedia.org/wiki/Lega_dei_Ticinesi","*":"Lega dei Ticinesi"},{"lang":"ko","url":"https://ko.wikipedia.org/wiki/%ED%8B%B0%EC%B9%98%EB%85%B8_%EB%8F%99%EB%A7%B9","*":"\ud2f0\uce58\ub178 \ub3d9\ub9f9"},{"lang":"la","url":"https://la.wikipedia.org/wiki/Foedus_Ticinense","*":"Foedus Ticinense"},{"lang":"lmo","url":"https://lmo.wikipedia.org/wiki/Lega_di_Ticines","*":"Lega di Ticines"},{"lang":"nl","url":"https://nl.wikipedia.org/wiki/Lega_dei_Ticinesi","*":"Lega dei Ticinesi"},{"lang":"pl","url":"https://pl.wikipedia.org/wiki/Liga_Ticino","*":"Liga Ticino"},{"lang":"ru","url":"https://ru.wikipedia.org/wiki/%D0%9B%D0%B8%D0%B3%D0%B0_%D0%A2%D0%B8%D1%87%D0%B8%D0%BD%D0%BE","*":"\u041b\u0438\u0433\u0430 \u0422\u0438\u0447\u0438\u043d\u043e"},{"lang":"sv","url":"https://sv.wikipedia.org/wiki/Tessinernas_liga","*":"Tessinernas liga"}]}}}}