{"batchcomplete":"","query":{"normalized":[{"from":"Rally_of_Republican_Lefts","to":"Rally of Republican Lefts"}],"pages":{"7241826":{"pageid":7241826,"ns":0,"title":"Rally of Republican Lefts","langlinks":[{"lang":"ca","url":"https://ca.wikipedia.org/wiki/Reagrupament_d%27Esquerres_Republicanes","*":"Reagrupament d'Esquerres Republicanes"},{"lang":"es","url":"https://es.wikipedia.org/wiki/Consejo_de_los_Republicanos_de_Izquierda","*":"Consejo de los Republicanos de Izquierda"},{"lang":"fr","url":"https://fr.wikipedia.org/wiki/Rassemblement_des_gauches_r%C3%A9publicaines","*":"Rassemblement des gauches r\u00e9publicaines"},{"lang":"it","url":"https://it.wikipedia.org/wiki/Raggruppamento_delle_Sinistre_Repubblicane","*":"Raggruppamento delle Sinistre Repubblicane"},{"lang":"nl","url":"https://nl.wikipedia.org/wiki/Rassemblement_des_Gauches_R%C3%A9publicaines","*":"Rassemblement des Gauches R\u00e9publicaines"}]}}}}