{"batchcomplete":"","query":{"normalized":[{"from":"Balad_(political_party)","to":"Balad (political party)"}],"pages":{"44494596":{"pageid":44494596,"ns":0,"title":"Balad (political party)","langlinks":[{"lang":"ar","url":"https://ar.wikipedia.org/wiki/%D8%A7%D9%84%D8%AA%D8%AC%D9%85%D8%B9_%D8%A7%D9%84%D9%88%D8%B7%D9%86%D9%8A_%D8%A7%D9%84%D8%AF%D9%8A%D9%85%D9%82%D8%B1%D8%A7%D8%B7%D9%8A_(%D8%A5%D8%B3%D8%B1%D8%A7%D8%A6%D9%8A%D9%84)","*":"\u0627\u0644\u062a\u062c\u0645\u0639 \u0627\u0644\u0648\u0637\u0646\u064a \u0627\u0644\u062f\u064a\u0645\u0642\u0631\u0627\u0637\u064a (\u0625\u0633\u0631\u0627\u0626\u064a\u0644)"},{"lang":"ca","url":"https://ca.wikipedia.org/wiki/Balad","*":"Balad"},{"lang":"cs","url":"https://cs.wikipedia.org/wiki/Balad","*":"Balad"},{"lang":"de","url":"https://de.wikipedia.org/wiki/Balad_(Israel)","*":"Balad (Israel)"},{"lang":"es","url":"https://es.wikipedia.org/wiki/Balad_(partido_pol%C3%ADtico)","*":"Balad (partido pol\u00edtico)"},{"lang":"fr","url":"https://fr.wikipedia.org/wiki/Balad_(Isra%C3%ABl)","*":"Balad (Isra\u00ebl)"},{"lang":"he","url":"https://he.wikipedia.org/wiki/%D7%91%D7%A8%D7%99%D7%AA_%D7%9C%D7%90%D7%95%D7%9E%D7%99%D7%AA_%D7%93%D7%9E%D7%95%D7%A7%D7%A8%D7%98%D7%99%D7%AA","*":"\u05d1\u05e8\u05d9\u05ea \u05dc\u05d0\u05d5\u05de\u05d9\u05ea \u05d3\u05de\u05d5\u05e7\u05e8\u05d8\u05d9\u05ea"},{"lang":"id","url":"https://id.wikipedia.org/wiki/Balad_(partai_politik)","*":"Balad (partai politik)"},{"lang":"it","url":"https://it.wikipedia.org/wiki/Balad_(partito_politico)","*":"Balad (partito politico)"},{"lang":"ja","url":"https://ja.wikipedia.org/wiki/%E3%83%90%E3%83%A9%E3%83%89","*":"\u30d0\u30e9\u30c9"},{"lang":"ms","url":"https://ms.wikipedia.org/wiki/Balad_(parti_politik)","*":"Balad (parti politik)"},{"lang":"nl","url":"https://nl.wikipedia.org/wiki/Balad_(Isra%C3%ABl)","*":"Balad (Isra\u00ebl)"},{"lang":"nb","url":"https://no.wikipedia.org/wiki/Balad_(politisk_parti)","*":"Balad (politisk parti)"},{"lang":"pl","url":"https://pl.wikipedia.org/wiki/Balad_(partia)","*":"Balad (partia)"},{"lang":"pt","url":"https://pt.wikipedia.org/wiki/Balad_(partido)","*":"Balad (partido)"},{"lang":"ru","url":"https://ru.wikipedia.org/wiki/%D0%91%D0%B0%D0%BB%D0%B0%D0%B4_(%D0%BF%D0%B0%D1%80%D1%82%D0%B8%D1%8F)","*":"\u0411\u0430\u043b\u0430\u0434 (\u043f\u0430\u0440\u0442\u0438\u044f)"},{"lang":"simple","url":"https://simple.wikipedia.org/wiki/Balad","*":"Balad"},{"lang":"sv","url":"https://sv.wikipedia.org/wiki/Balad","*":"Balad"},{"lang":"tr","url":"https://tr.wikipedia.org/wiki/Balad_(siyasi_parti)","*":"Balad (siyasi parti)"},{"lang":"zh","url":"https://zh.wikipedia.org/wiki/%E6%B0%91%E6%97%8F%E6%B0%91%E4%B8%BB%E8%81%94%E7%9B%9F","*":"\u6c11\u65cf\u6c11\u4e3b\u8054\u76df"}]}}}}