{"batchcomplete":"","query":{"pages":{"85485":{"pageid":85485,"ns":0,"title":"Moledet","langlinks":[{"lang":"ca","url":"https://ca.wikipedia.org/wiki/Mol%C3%A9det","*":"Mol\u00e9det"},{"lang":"cs","url":"https://cs.wikipedia.org/wiki/Moledet","*":"Moledet"},{"lang":"de","url":"https://de.wikipedia.org/wiki/Moledet","*":"Moledet"},{"lang":"es","url":"https://es.wikipedia.org/wiki/Moledet","*":"Moledet"},{"lang":"fr","url":"https://fr.wikipedia.org/wiki/Moledet","*":"Moledet"},{"lang":"he","url":"https://he.wikipedia.org/wiki/%D7%9E%D7%95%D7%9C%D7%93%D7%AA_(%D7%9E%D7%A4%D7%9C%D7%92%D7%94)","*":"\u05de\u05d5\u05dc\u05d3\u05ea (\u05de\u05e4\u05dc\u05d2\u05d4)"},{"lang":"pl","url":"https://pl.wikipedia.org/wiki/Moledet_(partia)","*":"Moledet (partia)"},{"lang":"pt","url":"https://pt.wikipedia.org/wiki/Moledet","*":"Moledet"},{"lang":"ru","url":"https://ru.wikipedia.org/wiki/%D0%9C%D0%BE%D0%BB%D0%B5%D0%B4%D0%B5%D1%82","*":"\u041c\u043e\u043b\u0435\u0434\u0435\u0442"},{"lang":"sv","url":"https://sv.wikipedia.org/wiki/Moledet","*":"Moledet"}]}}}}