{"batchcomplete":"","query":{"normalized":[{"from":"National_Unity_of_Hope","to":"National Unity of Hope"}],"pages":{"721148":{"pageid":721148,"ns":0,"title":"National Unity of Hope","langlinks":[{"lang":"bg","url":"https://bg.wikipedia.org/wiki/%D0%9D%D0%B0%D1%86%D0%B8%D0%BE%D0%BD%D0%B0%D0%BB%D0%BD%D0%BE_%D0%BE%D0%B1%D0%B5%D0%B4%D0%B8%D0%BD%D0%B5%D0%BD%D0%B8%D0%B5_%D0%BD%D0%B0_%D0%BD%D0%B0%D0%B4%D0%B5%D0%B6%D0%B4%D0%B0%D1%82%D0%B0","*":"\u041d\u0430\u0446\u0438\u043e\u043d\u0430\u043b\u043d\u043e \u043e\u0431\u0435\u0434\u0438\u043d\u0435\u043d\u0438\u0435 \u043d\u0430 \u043d\u0430\u0434\u0435\u0436\u0434\u0430\u0442\u0430"},{"lang":"de","url":"https://de.wikipedia.org/wiki/Unidad_Nacional_de_la_Esperanza","*":"Unidad Nacional de la Esperanza"},{"lang":"es","url":"https://es.wikipedia.org/wiki/Unidad_Nacional_de_la_Esperanza","*":"Unidad Nacional de la Esperanza"},{"lang":"fr","url":"https://fr.wikipedia.org/wiki/Union_nationale_de_l%27esp%C3%A9rance","*":"Union nationale de l'esp\u00e9rance"},{"lang":"it","url":"https://it.wikipedia.org/wiki/Unit%C3%A0_Nazionale_della_Speranza","*":"Unit\u00e0 Nazionale della Speranza"},{"lang":"nl","url":"https://nl.wikipedia.org/wiki/Nationale_Eenheid_van_de_Hoop","*":"Nationale Eenheid van de Hoop"},{"lang":"pt","url":"https://pt.wikipedia.org/wiki/Unidade_Nacional_da_Esperan%C3%A7a","*":"Unidade Nacional da Esperan\u00e7a"},{"lang":"ru","url":"https://ru.wikipedia.org/wiki/%D0%9D%D0%B0%D1%86%D0%B8%D0%BE%D0%BD%D0%B0%D0%BB%D1%8C%D0%BD%D1%8B%D0%B9_%D1%81%D0%BE%D1%8E%D0%B7_%D0%BD%D0%B0%D0%B4%D0%B5%D0%B6%D0%B4%D1%8B","*":"\u041d\u0430\u0446\u0438\u043e\u043d\u0430\u043b\u044c\u043d\u044b\u0439 \u0441\u043e\u044e\u0437 \u043d\u0430\u0434\u0435\u0436\u0434\u044b"},{"lang":"sv","url":"https://sv.wikipedia.org/wiki/Hoppets_Nationella_Union","*":"Hoppets Nationella Union"},{"lang":"uk","url":"https://uk.wikipedia.org/wiki/%D0%9D%D0%B0%D1%86%D1%96%D0%BE%D0%BD%D0%B0%D0%BB%D1%8C%D0%BD%D0%B8%D0%B9_%D1%81%D0%BE%D1%8E%D0%B7_%D0%BD%D0%B0%D0%B4%D1%96%D1%97","*":"\u041d\u0430\u0446\u0456\u043e\u043d\u0430\u043b\u044c\u043d\u0438\u0439 \u0441\u043e\u044e\u0437 \u043d\u0430\u0434\u0456\u0457"},{"lang":"zh","url":"https://zh.wikipedia.org/wiki/%E5%85%A8%E5%9B%BD%E5%B8%8C%E6%9C%9B%E5%9B%A2%E7%BB%93","*":"\u5168\u56fd\u5e0c\u671b\u56e2\u7ed3"}]}}}}