{"batchcomplete":"","query":{"normalized":[{"from":"Democratic_Social_Movement","to":"Democratic Social Movement"}],"pages":{"356486":{"pageid":356486,"ns":0,"title":"Democratic Social Movement","langlinks":[{"lang":"ca","url":"https://ca.wikipedia.org/wiki/Moviment_Democr%C3%A0tic_Social","*":"Moviment Democr\u00e0tic Social"},{"lang":"de","url":"https://de.wikipedia.org/wiki/Dimokratiko_Kinoniko_Kinima","*":"Dimokratiko Kinoniko Kinima"},{"lang":"el","url":"https://el.wikipedia.org/wiki/%CE%94%CE%B7%CE%BC%CE%BF%CE%BA%CF%81%CE%B1%CF%84%CE%B9%CE%BA%CF%8C_%CE%9A%CE%BF%CE%B9%CE%BD%CF%89%CE%BD%CE%B9%CE%BA%CF%8C_%CE%9A%CE%AF%CE%BD%CE%B7%CE%BC%CE%B1","*":"\u0394\u03b7\u03bc\u03bf\u03ba\u03c1\u03b1\u03c4\u03b9\u03ba\u03cc \u039a\u03bf\u03b9\u03bd\u03c9\u03bd\u03b9\u03ba\u03cc \u039a\u03af\u03bd\u03b7\u03bc\u03b1"},{"lang":"it","url":"https://it.wikipedia.org/wiki/Movimento_Sociale_Democratico","*":"Movimento Sociale Democratico"},{"lang":"mk","url":"https://mk.wikipedia.org/wiki/%D0%94%D0%B5%D0%BC%D0%BE%D0%BA%D1%80%D0%B0%D1%82%D1%81%D0%BA%D0%BE_%D1%81%D0%BE%D1%86%D0%B8%D1%98%D0%B0%D0%BB%D0%BD%D0%BE_%D0%B4%D0%B2%D0%B8%D0%B6%D0%B5%D1%9A%D0%B5","*":"\u0414\u0435\u043c\u043e\u043a\u0440\u0430\u0442\u0441\u043a\u043e \u0441\u043e\u0446\u0438\u0458\u0430\u043b\u043d\u043e \u0434\u0432\u0438\u0436\u0435\u045a\u0435"},{"lang":"pl","url":"https://pl.wikipedia.org/wiki/Demokratyczny_Ruch_Spo%C5%82eczny","*":"Demokratyczny Ruch Spo\u0142eczny"},{"lang":"pt","url":"https://pt.wikipedia.org/wiki/Movimento_Democr%C3%A1tico_Social","*":"Movimento Democr\u00e1tico Social"},{"lang":"ru","url":"https://ru.wikipedia.org/wiki/%D0%94%D0%B5%D0%BC%D0%BE%D0%BA%D1%80%D0%B0%D1%82%D0%B8%D1%87%D0%B5%D1%81%D0%BA%D0%BE%D0%B5_%D1%81%D0%BE%D1%86%D0%B8%D0%B0%D0%BB%D1%8C%D0%BD%D0%BE%D0%B5_%D0%B4%D0%B2%D0%B8%D0%B6%D0%B5%D0%BD%D0%B8%D0%B5","*":"\u0414\u0435\u043c\u043e\u043a\u0440\u0430\u0442\u0438\u0447\u0435\u0441\u043a\u043e\u0435 \u0441\u043e\u0446\u0438\u0430\u043b\u044c\u043d\u043e\u0435 \u0434\u0432\u0438\u0436\u0435\u043d\u0438\u0435"},{"lang":"sv","url":"https://sv.wikipedia.org/wiki/Demokratiska_sociala_r%C3%B6relsen","*":"Demokratiska sociala r\u00f6relsen"}]}}}}