{"batchcomplete":"","query":{"pages":{"41585618":{"pageid":41585618,"ns":0,"title":"Mapam","langlinks":[{"lang":"bg","url":"https://bg.wikipedia.org/wiki/%D0%9C%D0%B0%D0%BF%D0%B0%D0%BC","*":"\u041c\u0430\u043f\u0430\u043c"},{"lang":"ca","url":"https://ca.wikipedia.org/wiki/Mapam","*":"Mapam"},{"lang":"cs","url":"https://cs.wikipedia.org/wiki/Mapam","*":"Mapam"},{"lang":"de","url":"https://de.wikipedia.org/wiki/Mapam","*":"Mapam"},{"lang":"es","url":"https://es.wikipedia.org/wiki/Mapam","*":"Mapam"},{"lang":"fa","url":"https://fa.wikipedia.org/wiki/%D9%85%D8%A7%D9%BE%D8%A7%D9%85","*":"\u0645\u0627\u067e\u0627\u0645"},{"lang":"fr","url":"https://fr.wikipedia.org/wiki/Mapam","*":"Mapam"},{"lang":"he","url":"https://he.wikipedia.org/wiki/%D7%9E%D7%A4%22%D7%9D","*":"\u05de\u05e4\"\u05dd"},{"lang":"id","url":"https://id.wikipedia.org/wiki/Mapam","*":"Mapam"},{"lang":"it","url":"https://it.wikipedia.org/wiki/Mapam","*":"Mapam"},{"lang":"ja","url":"https://ja.wikipedia.org/wiki/%E3%83%9E%E3%83%91%E3%83%A0","*":"\u30de\u30d1\u30e0"},{"lang":"nn","url":"https://nn.wikipedia.org/wiki/Mapam","*":"Mapam"},{"lang":"pl","url":"https://pl.wikipedia.org/wiki/Mapam","*":"Mapam"},{"lang":"pt","url":"https://pt.wikipedia.org/wiki/Mapam","*":"Mapam"},{"lang":"ru","url":"https://ru.wikipedia.org/wiki/%D0%9C%D0%90%D0%9F%D0%90%D0%9C","*":"\u041c\u0410\u041f\u0410\u041c"},{"lang":"sv","url":"https://sv.wikipedia.org/wiki/Mapam","*":"Mapam"}]}}}}