{"batchcomplete":"","query":{"pages":{"404647":{"pageid":404647,"ns":0,"title":"Fidesz","langlinks":[{"lang":"af","url":"https://af.wikipedia.org/wiki/Fidesz","*":"Fidesz"},{"lang":"ar","url":"https://ar.wikipedia.org/wiki/%D9%81%D9%8A%D8%AF%D8%B3_%E2%80%93_%D8%A7%D9%84%D8%A7%D8%AA%D8%AD%D8%A7%D8%AF_%D8%A7%D9%84%D9%85%D8%AF%D9%86%D9%8A_%D8%A7%D9%84%D9%85%D8%AC%D8%B1%D9%8A","*":"\u0641\u064a\u062f\u0633 \u2013 \u0627\u0644\u0627\u062a\u062d\u0627\u062f \u0627\u0644\u0645\u062f\u0646\u064a \u0627\u0644\u0645\u062c\u0631\u064a"},{"lang":"bg","url":"https://bg.wikipedia.org/wiki/%D0%A4%D0%B8%D0%B4%D0%B5%D1%81","*":"\u0424\u0438\u0434\u0435\u0441"},{"lang":"ca","url":"https://ca.wikipedia.org/wiki/Fidesz_%E2%80%93_Uni%C3%B3_C%C3%ADvica_Hongaresa","*":"Fidesz \u2013 Uni\u00f3 C\u00edvica Hongaresa"},{"lang":"cs","url":"https://cs.wikipedia.org/wiki/Fidesz_%E2%80%93_Ma%C4%8Farsk%C3%A1_ob%C4%8Dansk%C3%A1_unie","*":"Fidesz \u2013 Ma\u010farsk\u00e1 ob\u010dansk\u00e1 unie"},{"lang":"da","url":"https://da.wikipedia.org/wiki/Fidesz","*":"Fidesz"},{"lang":"de","url":"https://de.wikipedia.org/wiki/Fidesz_%E2%80%93_Ungarischer_B%C3%BCrgerbund","*":"Fidesz \u2013 Ungarischer B\u00fcrgerbund"},{"lang":"el","url":"https://el.wikipedia.org/wiki/%CE%A6%CE%AF%CE%BD%CF%84%CE%B5%CF%82","*":"\u03a6\u03af\u03bd\u03c4\u03b5\u03c2"},{"lang":"eo","url":"https://eo.wikipedia.org/wiki/Fidesz","*":"Fidesz"},{"lang":"es","url":"https://es.wikipedia.org/wiki/Fidesz-Uni%C3%B3n_C%C3%ADvica_H%C3%BAngara","*":"Fidesz-Uni\u00f3n C\u00edvica H\u00fangara"},{"lang":"et","url":"https://et.wikipedia.org/wiki/Fidesz","*":"Fidesz"},{"lang":"fa","url":"https://fa.wikipedia.org/wiki/%D9%81%DB%8C%D8%AF%D8%B3_(%D8%AD%D8%B2%D8%A8)","*":"\u0641\u06cc\u062f\u0633 (\u062d\u0632\u0628)"},{"lang":"fi","url":"https://fi.wikipedia.org/wiki/Fidesz","*":"Fidesz"},{"lang":"fr","url":"https://fr.wikipedia.org/wiki/Fidesz","*":"Fidesz"},{"lang":"he","url":"https://he.wikipedia.org/wiki/%D7%A4%D7%99%D7%93%D7%A1","*":"\u05e4\u05d9\u05d3\u05e1"},{"lang":"hr","url":"https://hr.wikipedia.org/wiki/Fidesz","*":"Fidesz"},{"lang":"hu","url":"https://hu.wikipedia.org/wiki/Fidesz_%E2%80%93_Magyar_Polg%C3%A1ri_Sz%C3%B6vets%C3%A9g","*":"Fidesz \u2013 Magyar Polg\u00e1ri Sz\u00f6vets\u00e9g"},{"lang":"id","url":"https://id.wikipedia.org/wiki/Fidesz","*":"Fidesz"},{"lang":"it","url":"https://it.wikipedia.org/wiki/Fidesz_-_Unione_Civica_Ungherese","*":"Fidesz - Unione Civica Ungherese"},{"lang":"ja","url":"https://ja.wikipedia.org/wiki/%E3%83%95%E3%82%A3%E3%83%87%E3%82%B9%EF%BC%9D%E3%83%8F%E3%83%B3%E3%82%AC%E3%83%AA%E3%83%BC%E5%B8%82%E6%B0%91%E5%90%8C%E7%9B%9F","*":"\u30d5\u30a3\u30c7\u30b9\uff1d\u30cf\u30f3\u30ac\u30ea\u30fc\u5e02\u6c11\u540c\u76df"},{"lang":"ko","url":"https://ko.wikipedia.org/wiki/%ED%94%BC%EB%8D%B0%EC%8A%A4","*":"\ud53c\ub370\uc2a4"},{"lang":"nl","url":"https://nl.wikipedia.org/wiki/Fidesz","*":"Fidesz"},{"lang":"nn","url":"https://nn.wikipedia.org/wiki/Fidesz","*":"Fidesz"},{"lang":"nb","url":"https://no.wikipedia.org/wiki/Fidesz","*":"Fidesz"},{"lang":"pl","url":"https://pl.wikipedia.org/wiki/Fidesz","*":"Fidesz"},{"lang":"pt","url":"https://pt.wikipedia.org/wiki/Fidesz_-_Uni%C3%A3o_C%C3%ADvica_H%C3%BAngara","*":"Fidesz - Uni\u00e3o C\u00edvica H\u00fangara"},{"lang":"ro","url":"https://ro.wikipedia.org/wiki/Fidesz","*":"Fidesz"},{"lang":"ru","url":"https://ru.wikipedia.org/wiki/%D0%A4%D0%B8%D0%B4%D0%B5%D1%81_%E2%80%94_%D0%92%D0%B5%D0%BD%D0%B3%D0%B5%D1%80%D1%81%D0%BA%D0%B8%D0%B9_%D0%B3%D1%80%D0%B0%D0%B6%D0%B4%D0%B0%D0%BD%D1%81%D0%BA%D0%B8%D0%B9_%D1%81%D0%BE%D1%8E%D0%B7","*":"\u0424\u0438\u0434\u0435\u0441 \u2014 \u0412\u0435\u043d\u0433\u0435\u0440\u0441\u043a\u0438\u0439 \u0433\u0440\u0430\u0436\u0434\u0430\u043d\u0441\u043a\u0438\u0439 \u0441\u043e\u044e\u0437"},{"lang":"sh","url":"https://sh.wikipedia.org/wiki/Fidesz","*":"Fidesz"},{"lang":"simple","url":"https://simple.wikipedia.org/wiki/Fidesz","*":"Fidesz"},{"lang":"sk","url":"https://sk.wikipedia.org/wiki/Fidesz_%E2%80%93_Ma%C4%8Farsk%C3%BD_ob%C4%8Diansky_zv%C3%A4z","*":"Fidesz \u2013 Ma\u010farsk\u00fd ob\u010diansky zv\u00e4z"},{"lang":"sl","url":"https://sl.wikipedia.org/wiki/Fidesz","*":"Fidesz"},{"lang":"sr","url":"https://sr.wikipedia.org/wiki/%D0%A4%D0%B8%D0%B4%D0%B5%D1%81","*":"\u0424\u0438\u0434\u0435\u0441"},{"lang":"sv","url":"https://sv.wikipedia.org/wiki/Fidesz","*":"Fidesz"},{"lang":"tr","url":"https://tr.wikipedia.org/wiki/Fidesz_-_Macar_Yurtta%C5%9F_Birli%C4%9Fi","*":"Fidesz - Macar Yurtta\u015f Birli\u011fi"},{"lang":"uk","url":"https://uk.wikipedia.org/wiki/%D0%A4%D1%96%D0%B4%D0%B5%D1%81_%E2%80%94_%D0%A3%D0%B3%D0%BE%D1%80%D1%81%D1%8C%D0%BA%D0%B8%D0%B9_%D0%B3%D1%80%D0%BE%D0%BC%D0%B0%D0%B4%D1%8F%D0%BD%D1%81%D1%8C%D0%BA%D0%B8%D0%B9_%D1%81%D0%BE%D1%8E%D0%B7","*":"\u0424\u0456\u0434\u0435\u0441 \u2014 \u0423\u0433\u043e\u0440\u0441\u044c\u043a\u0438\u0439 \u0433\u0440\u043e\u043c\u0430\u0434\u044f\u043d\u0441\u044c\u043a\u0438\u0439 \u0441\u043e\u044e\u0437"},{"lang":"zh","url":"https://zh.wikipedia.org/wiki/%E9%9D%92%E5%B9%B4%E6%B0%91%E4%B8%BB%E4%B8%BB%E4%B9%89%E8%80%85%E8%81%94%E7%9B%9F%EF%BC%8D%E5%8C%88%E7%89%99%E5%88%A9%E5%85%AC%E6%B0%91%E8%81%94%E7%9B%9F","*":"\u9752\u5e74\u6c11\u4e3b\u4e3b\u4e49\u8005\u8054\u76df\uff0d\u5308\u7259\u5229\u516c\u6c11\u8054\u76df"}]}}}}