{"batchcomplete":"","query":{"normalized":[{"from":"Hungarian_Democratic_Forum","to":"Hungarian Democratic Forum"}],"pages":{"787769":{"pageid":787769,"ns":0,"title":"Hungarian Democratic Forum","langlinks":[{"lang":"be","url":"https://be.wikipedia.org/wiki/%D0%92%D0%B5%D0%BD%D0%B3%D0%B5%D1%80%D1%81%D0%BA%D1%96_%D0%B4%D1%8D%D0%BC%D0%B0%D0%BA%D1%80%D0%B0%D1%82%D1%8B%D1%87%D0%BD%D1%8B_%D1%84%D0%BE%D1%80%D1%83%D0%BC","*":"\u0412\u0435\u043d\u0433\u0435\u0440\u0441\u043a\u0456 \u0434\u044d\u043c\u0430\u043a\u0440\u0430\u0442\u044b\u0447\u043d\u044b \u0444\u043e\u0440\u0443\u043c"},{"lang":"bg","url":"https://bg.wikipedia.org/wiki/%D0%A3%D0%BD%D0%B3%D0%B0%D1%80%D1%81%D0%BA%D0%B8_%D0%B4%D0%B5%D0%BC%D0%BE%D0%BA%D1%80%D0%B0%D1%82%D0%B8%D1%87%D0%B5%D0%BD_%D1%84%D0%BE%D1%80%D1%83%D0%BC","*":"\u0423\u043d\u0433\u0430\u0440\u0441\u043a\u0438 \u0434\u0435\u043c\u043e\u043a\u0440\u0430\u0442\u0438\u0447\u0435\u043d \u0444\u043e\u0440\u0443\u043c"},{"lang":"ca","url":"https://ca.wikipedia.org/wiki/F%C3%B2rum_Democr%C3%A0tic_Hongar%C3%A8s","*":"F\u00f2rum Democr\u00e0tic Hongar\u00e8s"},{"lang":"cs","url":"https://cs.wikipedia.org/wiki/Ma%C4%8Farsk%C3%A9_demokratick%C3%A9_f%C3%B3rum","*":"Ma\u010farsk\u00e9 demokratick\u00e9 f\u00f3rum"},{"lang":"de","url":"https://de.wikipedia.org/wiki/Magyar_Demokrata_F%C3%B3rum","*":"Magyar Demokrata F\u00f3rum"},{"lang":"es","url":"https://es.wikipedia.org/wiki/Foro_Democr%C3%A1tico_de_Hungr%C3%ADa","*":"Foro Democr\u00e1tico de Hungr\u00eda"},{"lang":"fi","url":"https://fi.wikipedia.org/wiki/Unkarin_demokraattinen_foorumi","*":"Unkarin demokraattinen foorumi"},{"lang":"fr","url":"https://fr.wikipedia.org/wiki/Forum_d%C3%A9mocrate_hongrois","*":"Forum d\u00e9mocrate hongrois"},{"lang":"hu","url":"https://hu.wikipedia.org/wiki/Magyar_Demokrata_F%C3%B3rum","*":"Magyar Demokrata F\u00f3rum"},{"lang":"it","url":"https://it.wikipedia.org/wiki/Forum_Democratico_Ungherese","*":"Forum Democratico Ungherese"},{"lang":"ja","url":"https://ja.wikipedia.org/wiki/%E3%83%8F%E3%83%B3%E3%82%AC%E3%83%AA%E3%83%BC%E6%B0%91%E4%B8%BB%E3%83%95%E3%82%A9%E3%83%BC%E3%83%A9%E3%83%A0","*":"\u30cf\u30f3\u30ac\u30ea\u30fc\u6c11\u4e3b\u30d5\u30a9\u30fc\u30e9\u30e0"},{"lang":"nl","url":"https://nl.wikipedia.org/wiki/Hongaars_Democratisch_Forum","*":"Hongaars Democratisch Forum"},{"lang":"nb","url":"https://no.wikipedia.org/wiki/Magyar_Demokrata_F%C3%B3rum","*":"Magyar Demokrata F\u00f3rum"},{"lang":"pl","url":"https://pl.wikipedia.org/wiki/W%C4%99gierskie_Forum_Demokratyczne","*":"W\u0119gierskie Forum Demokratyczne"},{"lang":"ru","url":"https://ru.wikipedia.org/wiki/%D0%92%D0%B5%D0%BD%D0%B3%D0%B5%D1%80%D1%81%D0%BA%D0%B8%D0%B9_%D0%B4%D0%B5%D0%BC%D0%BE%D0%BA%D1%80%D0%B0%D1%82%D0%B8%D1%87%D0%B5%D1%81%D0%BA%D0%B8%D0%B9_%D1%84%D0%BE%D1%80%D1%83%D0%BC","*":"\u0412\u0435\u043d\u0433\u0435\u0440\u0441\u043a\u0438\u0439 \u0434\u0435\u043c\u043e\u043a\u0440\u0430\u0442\u0438\u0447\u0435\u0441\u043a\u0438\u0439 \u0444\u043e\u0440\u0443\u043c"},{"lang":"sk","url":"https://sk.wikipedia.org/wiki/Ma%C4%8Farsk%C3%A9_demokratick%C3%A9_f%C3%B3rum","*":"Ma\u010farsk\u00e9 demokratick\u00e9 f\u00f3rum"},{"lang":"sv","url":"https://sv.wikipedia.org/wiki/Ungerskt_demokratiskt_forum","*":"Ungerskt demokratiskt forum"},{"lang":"uk","url":"https://uk.wikipedia.org/wiki/%D0%A3%D0%B3%D0%BE%D1%80%D1%81%D1%8C%D0%BA%D0%B8%D0%B9_%D0%B4%D0%B5%D0%BC%D0%BE%D0%BA%D1%80%D0%B0%D1%82%D0%B8%D1%87%D0%BD%D0%B8%D0%B9_%D1%84%D0%BE%D1%80%D1%83%D0%BC","*":"\u0423\u0433\u043e\u0440\u0441\u044c\u043a\u0438\u0439 \u0434\u0435\u043c\u043e\u043a\u0440\u0430\u0442\u0438\u0447\u043d\u0438\u0439 \u0444\u043e\u0440\u0443\u043c"},{"lang":"zh","url":"https://zh.wikipedia.org/wiki/%E5%8C%88%E7%89%99%E5%88%A9%E6%B0%91%E8%AB%96%E9%BB%A8","*":"\u5308\u7259\u5229\u6c11\u8ad6\u9ee8"}]}}}}