{"batchcomplete":"","query":{"normalized":[{"from":"Italian_People's_Party_(1994)","to":"Italian People's Party (1994)"}],"pages":{"4175884":{"pageid":4175884,"ns":0,"title":"Italian People's Party (1994)","langlinks":[{"lang":"ca","url":"https://ca.wikipedia.org/wiki/Partit_Popular_Itali%C3%A0","*":"Partit Popular Itali\u00e0"},{"lang":"cs","url":"https://cs.wikipedia.org/wiki/Italsk%C3%A1_lidov%C3%A1_strana_(1994)","*":"Italsk\u00e1 lidov\u00e1 strana (1994)"},{"lang":"de","url":"https://de.wikipedia.org/wiki/Partito_Popolare_Italiano_(1994)","*":"Partito Popolare Italiano (1994)"},{"lang":"es","url":"https://es.wikipedia.org/wiki/Partido_Popular_Italiano_(1994)","*":"Partido Popular Italiano (1994)"},{"lang":"fr","url":"https://fr.wikipedia.org/wiki/Parti_populaire_italien_(1994-2002)","*":"Parti populaire italien (1994-2002)"},{"lang":"it","url":"https://it.wikipedia.org/wiki/Partito_Popolare_Italiano_(1994)","*":"Partito Popolare Italiano (1994)"},{"lang":"ja","url":"https://ja.wikipedia.org/wiki/%E3%82%A4%E3%82%BF%E3%83%AA%E3%82%A2%E4%BA%BA%E6%B0%91%E5%85%9A_(1994-2002)","*":"\u30a4\u30bf\u30ea\u30a2\u4eba\u6c11\u515a (1994-2002)"},{"lang":"nl","url":"https://nl.wikipedia.org/wiki/Partito_Popolare_Italiano","*":"Partito Popolare Italiano"},{"lang":"nb","url":"https://no.wikipedia.org/wiki/Partito_Popolare_Italiano_(1994%E2%80%932002)","*":"Partito Popolare Italiano (1994\u20132002)"},{"lang":"pl","url":"https://pl.wikipedia.org/wiki/W%C5%82oska_Partia_Ludowa","*":"W\u0142oska Partia Ludowa"},{"lang":"pt","url":"https://pt.wikipedia.org/wiki/Partido_Popular_Italiano_(1994)","*":"Partido Popular Italiano (1994)"},{"lang":"ru","url":"https://ru.wikipedia.org/wiki/%D0%98%D1%82%D0%B0%D0%BB%D1%8C%D1%8F%D0%BD%D1%81%D0%BA%D0%B0%D1%8F_%D0%BD%D0%B0%D1%80%D0%BE%D0%B4%D0%BD%D0%B0%D1%8F_%D0%BF%D0%B0%D1%80%D1%82%D0%B8%D1%8F_(1994)","*":"\u0418\u0442\u0430\u043b\u044c\u044f\u043d\u0441\u043a\u0430\u044f \u043d\u0430\u0440\u043e\u0434\u043d\u0430\u044f \u043f\u0430\u0440\u0442\u0438\u044f (1994)"},{"lang":"scn","url":"https://scn.wikipedia.org/wiki/Partitu_Pupulari_Italianu_(1994)","*":"Partitu Pupulari Italianu (1994)"},{"lang":"sh","url":"https://sh.wikipedia.org/wiki/Italijanska_narodna_partija_(1994)","*":"Italijanska narodna partija (1994)"},{"lang":"sr","url":"https://sr.wikipedia.org/wiki/%D0%98%D1%82%D0%B0%D0%BB%D0%B8%D1%98%D0%B0%D0%BD%D1%81%D0%BA%D0%B0_%D0%BD%D0%B0%D1%80%D0%BE%D0%B4%D0%BD%D0%B0_%D1%81%D1%82%D1%80%D0%B0%D0%BD%D0%BA%D0%B0_(1994)","*":"\u0418\u0442\u0430\u043b\u0438\u0458\u0430\u043d\u0441\u043a\u0430 \u043d\u0430\u0440\u043e\u0434\u043d\u0430 \u0441\u0442\u0440\u0430\u043d\u043a\u0430 (1994)"},{"lang":"sv","url":"https://sv.wikipedia.org/wiki/Partito_Popolare_Italiano","*":"Partito Popolare Italiano"}]}}}}