{"batchcomplete":"","query":{"normalized":[{"from":"Hans-Peter_Martin's_List","to":"Hans-Peter Martin's List"}],"pages":{"8933887":{"pageid":8933887,"ns":0,"title":"Hans-Peter Martin's List","langlinks":[{"lang":"ca","url":"https://ca.wikipedia.org/wiki/Llista_del_Dr._Martin_%E2%80%93_Per_la_Democr%C3%A0cia,_el_Control_i_la_Just%C3%ADcia","*":"Llista del Dr. Martin \u2013 Per la Democr\u00e0cia, el Control i la Just\u00edcia"},{"lang":"de","url":"https://de.wikipedia.org/wiki/Liste_Dr._Martin","*":"Liste Dr. Martin"},{"lang":"fr","url":"https://fr.wikipedia.org/wiki/Liste_Hans-Peter_Martin","*":"Liste Hans-Peter Martin"},{"lang":"pl","url":"https://pl.wikipedia.org/wiki/Lista_Hansa_Petera_Martina","*":"Lista Hansa Petera Martina"},{"lang":"sv","url":"https://sv.wikipedia.org/wiki/Hans-Peter_Martins_lista","*":"Hans-Peter Martins lista"}]}}}}